knot_id_base,W_F,F_rank,F_support,stored_union_diagonal_count,F_tuple_group,F_reflection_orbit,stored_torsion_tuple_group,source_khovanov_id
08_09,2,26,16,2,0,0,1580,08_09
09_41,2,50,18,2,1,1,2643,09_41
10_043,2,74,20,2,2,2,2070,10_043
10_045,2,90,20,2,3,3,2087,10_045
10_059,2,76,20,2,4,4,1192,10_059
10_081,2,86,20,2,5,5,2072,10_081
10_106,2,76,20,2,4,4,1192,10_106
10_137,2,26,16,2,6,6,751,10_137
11a005,2,126,22,2,7,7,2649,11a005
11a044,2,118,22,2,8,8,2077,11a044
11a047,2,118,22,2,8,8,2077,11a047
11a057,2,100,22,2,9,9,3187,11a057
11a112,2,126,22,2,7,7,2649,11a112
11a231,2,100,22,2,9,9,3187,11a231
11n073,3,26,21,3,10,10,1649,11n073
11n074,3,26,21,3,10,10,1649,11n074
12a0030,2,190,24,2,11,11,3285,12a0030
12a0033,2,190,24,2,11,11,3285,12a0033
12a0122,2,172,24,2,12,12,3753,12a0122
12a0164,2,172,24,2,13,13,1227,12a0164
12a0166,2,172,24,2,13,13,1227,12a0166
12a0167,2,154,24,2,14,14,5008,12a0167
12a0182,2,172,24,2,12,12,3753,12a0182
12a0273,2,206,24,2,15,15,2667,12a0273
12a0341,2,230,24,2,16,16,2676,12a0341
12a0427,2,226,24,2,17,17,2675,12a0427
12a0435,2,226,24,2,17,17,2675,12a0435
12a0458,2,290,24,2,18,18,2768,12a0458
12a0510,2,194,24,2,19,19,2665,12a0510
12a0572,2,176,24,2,20,20,1194,12a0572
12a0627,2,230,24,2,16,16,2676,12a0627
12a0692,2,154,24,2,14,14,5008,12a0692
12a0821,2,194,24,2,19,19,2665,12a0821
12a0887,2,290,24,2,18,18,2768,12a0887
12a0890,2,206,24,2,15,15,2667,12a0890
12a0920,2,126,24,2,21,21,939,12a0920
12a0921,2,176,24,2,22,22,1226,12a0921
12a0990,2,226,24,2,17,17,2675,12a0990
12a1225,2,226,24,2,17,17,2675,12a1225
12n056,3,42,28,3,23,23,3234,12n056
12n057,3,42,28,3,23,23,3234,12n057
12n060,2,100,20,2,24,24,1691,12n060
12n061,2,100,20,2,24,24,1691,12n061
12n062,2,82,20,2,25,25,1153,12n062
12n066,2,82,20,2,25,25,1153,12n066
12n144,2,76,20,2,26,26,4287,12n144
12n360,2,50,18,2,27,27,755,12n360
12n369,2,76,20,2,4,4,1192,12n369
12n507,2,76,20,2,26,26,4287,12n507
12n605,3,42,28,3,28,28,2635,12n605
12n767,2,76,20,2,26,26,4287,12n767
12n768,2,26,17,2,29,29,3867,12n768
13a0104,2,280,26,2,30,30,1697,13a0104
13a0107,2,280,26,2,30,30,1697,13a0107
13a0136,2,392,26,2,31,31,1261,13a0136
13a0137,2,402,26,2,32,32,635,13a0137
13a0141,2,390,26,2,33,33,3443,13a0141
13a0142,2,390,26,2,33,33,3443,13a0142
13a0150,2,298,26,2,34,34,348,13a0150
13a0154,2,298,26,2,34,34,348,13a0154
13a0157,2,298,26,2,35,35,593,13a0157
13a0160,2,298,26,2,35,35,593,13a0160
13a0194,2,392,26,2,31,31,1261,13a0194
13a0196,2,402,26,2,32,32,635,13a0196
13a0199,2,392,26,2,36,36,4393,13a0199
13a0204,2,392,26,2,36,36,4393,13a0204
13a0290,2,326,26,2,37,37,2692,13a0290
13a0316,2,352,26,2,38,38,4357,13a0316
13a0336,2,326,26,2,37,37,2692,13a0336
13a0349,2,352,26,2,38,38,4357,13a0349
13a0361,2,352,26,2,39,39,1804,13a0361
13a0384,2,326,26,2,40,40,3397,13a0384
13a0395,2,352,26,2,39,39,1804,13a0395
13a0412,2,326,26,2,40,40,3397,13a0412
13a0413,2,244,26,2,41,41,1709,13a0413
13a0414,2,226,26,2,42,42,2078,13a0414
13a0471,2,374,26,2,43,43,2701,13a0471
13a0480,2,298,26,2,44,44,620,13a0480
13a0481,2,298,26,2,44,44,620,13a0481
13a0482,2,244,26,2,45,45,3756,13a0482
13a0483,2,374,26,2,43,43,2701,13a0483
13a0485,2,244,26,2,45,45,3756,13a0485
13a0518,2,368,26,2,46,46,1255,13a0518
13a0530,2,368,26,2,46,46,1255,13a0530
13a0549,2,226,26,2,47,47,3361,13a0549
13a0555,2,262,26,2,48,48,2678,13a0555
13a0556,2,226,26,2,47,47,3361,13a0556
13a0557,2,208,26,2,49,49,1700,13a0557
13a0558,2,262,26,2,50,50,2101,13a0558
13a0636,2,154,26,2,51,51,4667,13a0636
13a0637,2,244,26,2,52,52,4294,13a0637
13a0638,2,208,26,2,53,53,4310,13a0638
13a0664,2,262,26,2,48,48,2678,13a0664
13a0906,2,244,26,2,54,54,3758,13a0906
13a0916,2,244,26,2,54,54,3758,13a0916
13a0947,2,334,26,2,55,55,2683,13a0947
13a0948,2,316,26,2,56,56,3774,13a0948
13a0967,2,374,26,2,43,43,2701,13a0967
13a0994,2,190,26,2,57,57,4668,13a0994
13a0995,2,244,26,2,58,58,1702,13a0995
13a1058,2,260,26,2,59,59,4296,13a1058
13a1059,2,374,26,2,43,43,2701,13a1059
13a1114,2,372,26,2,60,60,1784,13a1114
13a1123,2,330,26,2,61,61,977,13a1123
13a1126,2,332,26,2,62,62,4325,13a1126
13a1143,2,372,26,2,60,60,1784,13a1143
13a1163,2,332,26,2,62,62,4325,13a1163
13a1231,2,208,26,2,63,63,3754,13a1231
13a1232,2,262,26,2,64,64,3301,13a1232
13a1237,2,208,26,2,63,63,3754,13a1237
13a1238,2,262,26,2,64,64,3301,13a1238
13a1316,2,316,26,2,65,65,1773,13a1316
13a1392,2,226,26,2,42,42,2078,13a1392
13a1394,2,330,26,2,61,61,977,13a1394
13a1459,2,226,26,2,66,66,2654,13a1459
13a1486,2,334,26,2,67,67,2693,13a1486
13a1604,2,316,26,2,68,68,3777,13a1604
13a1638,2,172,26,2,69,69,3188,13a1638
13a1662,2,406,26,2,70,70,2778,13a1662
13a1781,2,334,26,2,71,71,2769,13a1781
13a1813,2,316,26,2,72,72,1853,13a1813
13a1816,2,334,26,2,71,71,2769,13a1816
13a1821,2,276,26,2,73,73,2383,13a1821
13a1831,2,316,26,2,72,72,1853,13a1831
13a1990,2,348,26,2,74,74,2396,13a1990
13a1991,2,350,26,2,75,75,3381,13a1991
13a1993,2,334,26,2,76,76,2729,13a1993
13a1995,2,280,26,2,77,77,1204,13a1995
13a1996,2,316,26,2,78,78,3779,13a1996
13a2006,2,280,26,2,77,77,1204,13a2006
13a2020,2,348,26,2,74,74,2396,13a2020
13a2021,2,350,26,2,75,75,3381,13a2021
13a2022,2,316,26,2,78,78,3779,13a2022
13a2024,2,334,26,2,76,76,2729,13a2024
13a2283,2,226,26,2,79,79,2650,13a2283
13a2404,2,316,26,2,80,80,1777,13a2404
13a2407,2,334,26,2,81,81,2699,13a2407
13a2613,2,244,26,2,41,41,1709,13a2613
13a2614,2,208,26,2,49,49,1700,13a2614
13a2615,2,262,26,2,50,50,2101,13a2615
13a2616,2,154,26,2,51,51,4667,13a2616
13a2617,2,244,26,2,52,52,4294,13a2617
13a2618,2,208,26,2,53,53,4310,13a2618
13a2656,2,334,26,2,81,81,2699,13a2656
13a2720,2,244,26,2,82,82,1237,13a2720
13a2727,2,244,26,2,82,82,1237,13a2727
13a2800,2,262,26,2,83,83,3945,13a2800
13a2801,2,262,26,2,83,83,3945,13a2801
13a2802,2,334,26,2,84,84,2694,13a2802
13a2808,2,334,26,2,84,84,2694,13a2808
13a2929,2,316,26,2,80,80,1777,13a2929
13a3034,2,406,26,2,70,70,2778,13a3034
13a3035,2,190,26,2,57,57,4668,13a3035
13a3037,2,334,26,2,55,55,2683,13a3037
13a3039,2,244,26,2,58,58,1702,13a3039
13a3041,2,316,26,2,56,56,3774,13a3041
13a3043,2,334,26,2,67,67,2693,13a3043
13a3048,2,316,26,2,65,65,1773,13a3048
13a3058,2,316,26,2,68,68,3777,13a3058
13a3071,2,226,26,2,66,66,2654,13a3071
13a3072,2,172,26,2,69,69,3188,13a3072
13a3227,2,276,26,2,85,85,2303,13a3227
13a3238,2,298,26,2,86,86,974,13a3238
13a3246,2,276,26,2,85,85,2303,13a3246
13a3254,2,298,26,2,86,86,974,13a3254
13a3258,2,298,26,2,87,87,3302,13a3258
13a3271,2,276,26,2,88,88,1705,13a3271
13a3279,2,298,26,2,87,87,3302,13a3279
13a3286,2,276,26,2,88,88,1705,13a3286
13a3317,2,300,26,2,89,89,2391,13a3317
13a3320,2,300,26,2,89,89,2391,13a3320
13a3331,2,294,26,2,90,90,1041,13a3331
13a3335,2,294,26,2,90,90,1041,13a3335
13a3363,2,444,26,2,91,91,4394,13a3363
13a3365,2,444,26,2,91,91,4394,13a3365
13a3388,2,446,26,2,92,92,2788,13a3388
13a3390,2,446,26,2,92,92,2788,13a3390
13a3395,2,444,26,2,91,91,4394,13a3395
13a3396,2,444,26,2,91,91,4394,13a3396
13a3400,2,446,26,2,92,92,2788,13a3400
13a3401,2,446,26,2,92,92,2788,13a3401
13a3548,2,276,26,2,93,93,4313,13a3548
13a3549,2,226,26,2,94,94,3942,13a3549
13n0331,2,238,22,2,95,95,2689,13n0331
13n0332,3,96,31,3,96,96,206,13n0332
13n0346,2,220,22,2,97,97,1771,13n0346
13n0347,3,126,31,3,98,98,604,13n0347
13n0348,3,98,21,3,99,99,2333,13n0348
13n0351,2,170,22,2,100,100,1601,13n0351
13n0352,3,144,27,3,101,101,882,13n0352
13n0355,2,122,20,2,102,102,3338,13n0355
13n0357,2,192,22,2,103,103,817,13n0357
13n0358,3,122,31,3,104,104,1655,13n0358
13n0370,2,158,22,2,105,105,608,13n0370
13n0371,2,216,22,2,106,106,854,13n0371
13n0372,3,82,31,3,107,107,1667,13n0372
13n0373,2,158,22,2,105,105,608,13n0373
13n0374,2,216,22,2,106,106,854,13n0374
13n0375,3,82,31,3,107,107,1667,13n0375
13n0403,2,82,20,2,108,108,3921,13n0403
13n0404,2,136,22,2,109,109,508,13n0404
13n0405,3,98,27,3,110,110,2195,13n0405
13n0406,2,172,22,2,111,111,1198,13n0406
13n0407,3,78,30,3,112,112,927,13n0407
13n0415,2,82,20,2,108,108,3921,13n0415
13n0416,2,136,22,2,109,109,508,13n0416
13n0417,3,98,27,3,110,110,2195,13n0417
13n0418,2,172,22,2,111,111,1198,13n0418
13n0419,3,78,30,3,112,112,927,13n0419
13n0422,2,100,20,2,113,113,1218,13n0422
13n0423,2,100,20,2,113,113,1218,13n0423
13n0426,2,118,20,2,114,114,2158,13n0426
13n0427,2,118,20,2,114,114,2158,13n0427
13n0430,3,78,30,3,115,115,588,13n0430
13n0431,3,78,30,3,115,115,588,13n0431
13n0434,2,172,22,2,116,116,1701,13n0434
13n0435,2,172,22,2,116,116,1701,13n0435
13n0436,2,82,20,2,117,117,3273,13n0436
13n0439,2,136,22,2,118,118,780,13n0439
13n0440,3,98,27,3,119,119,1651,13n0440
13n0447,2,82,20,2,117,117,3273,13n0447
13n0448,2,136,22,2,118,118,780,13n0448
13n0449,3,98,27,3,119,119,1651,13n0449
13n0510,3,98,21,3,99,99,2333,13n0510
13n0513,2,170,22,2,100,100,1601,13n0513
13n0514,3,144,27,3,101,101,882,13n0514
13n0518,2,122,20,2,102,102,3338,13n0518
13n0520,2,192,22,2,103,103,817,13n0520
13n0521,3,122,31,3,104,104,1655,13n0521
13n0527,2,238,22,2,95,95,2689,13n0527
13n0528,3,96,31,3,96,96,206,13n0528
13n0532,2,220,22,2,97,97,1771,13n0532
13n0533,3,126,31,3,98,98,604,13n0533
13n0534,2,144,22,2,120,120,222,13n0534
13n0535,2,206,22,2,121,121,1638,13n0535
13n0536,3,92,31,3,122,122,890,13n0536
13n0549,2,144,22,2,120,120,222,13n0549
13n0550,2,206,22,2,121,121,1638,13n0550
13n0551,3,92,31,3,122,122,890,13n0551
13n0561,2,76,20,2,123,123,2260,13n0561
13n0602,2,46,18,2,124,124,145,13n0602
13n0603,2,46,18,2,124,124,145,13n0603
13n0607,2,64,18,2,125,125,841,13n0607
13n0608,2,64,18,2,125,125,841,13n0608
13n0611,3,26,22,3,126,126,766,13n0611
13n0612,3,26,22,3,126,126,766,13n0612
13n0617,2,118,22,2,127,127,3278,13n0617
13n0619,2,118,22,2,127,127,3278,13n0619
13n0791,2,126,22,2,128,128,948,13n0791
13n0794,2,176,22,2,129,129,545,13n0794
13n0795,3,74,31,3,130,130,2209,13n0795
13n0799,2,114,20,2,131,131,156,13n0799
13n0801,2,116,20,2,132,132,1222,13n0801
13n0804,2,108,20,2,133,133,1221,13n0804
13n0806,2,122,20,2,102,102,3338,13n0806
13n0823,2,70,18,2,134,134,411,13n0823
13n0824,2,88,18,2,135,135,539,13n0824
13n0827,3,50,28,3,136,136,1664,13n0827
13n0830,2,142,22,2,137,137,2652,13n0830
13n0835,3,26,21,3,138,138,2894,13n0835
13n0842,2,64,20,2,139,139,64,13n0842
13n0874,2,136,22,2,140,140,219,13n0874
13n0875,2,190,22,2,141,141,1631,13n0875
13n0876,3,76,31,3,142,142,889,13n0876
13n0881,2,116,20,2,132,132,1222,13n0881
13n0884,2,114,20,2,131,131,156,13n0884
13n0887,2,122,20,2,102,102,3338,13n0887
13n0890,2,108,20,2,133,133,1221,13n0890
13n0920,2,126,22,2,128,128,948,13n0920
13n0921,2,176,22,2,129,129,545,13n0921
13n0922,3,74,31,3,130,130,2209,13n0922
13n0949,2,136,22,2,140,140,219,13n0949
13n0950,2,190,22,2,141,141,1631,13n0950
13n0951,3,76,31,3,142,142,889,13n0951
13n0973,3,26,21,3,138,138,2894,13n0973
13n0976,2,64,20,2,139,139,64,13n0976
13n0984,2,136,22,2,143,143,1699,13n0984
13n0987,2,190,22,2,144,144,177,13n0987
13n0988,3,76,31,3,145,145,3236,13n0988
13n1022,2,126,22,2,146,146,590,13n1022
13n1025,2,176,22,2,147,147,847,13n1025
13n1026,3,74,31,3,148,148,1656,13n1026
13n1030,2,70,18,2,134,134,411,13n1030
13n1031,2,88,18,2,135,135,539,13n1031
13n1034,3,50,28,3,136,136,1664,13n1034
13n1035,2,142,22,2,137,137,2652,13n1035
13n1055,2,136,22,2,143,143,1699,13n1055
13n1056,2,190,22,2,144,144,177,13n1056
13n1057,3,76,31,3,145,145,3236,13n1057
13n1100,2,126,22,2,146,146,590,13n1100
13n1101,2,176,22,2,147,147,847,13n1101
13n1102,3,74,31,3,148,148,1656,13n1102
13n1105,3,64,30,3,149,149,5229,13n1105
13n1129,2,190,22,2,150,150,3355,13n1129
13n1130,2,190,22,2,150,150,3355,13n1130
13n1175,2,78,20,2,151,151,929,13n1175
13n1178,2,152,22,2,152,152,515,13n1178
13n1179,2,146,22,2,153,153,1593,13n1179
13n1191,2,82,22,2,154,154,3239,13n1191
13n1193,2,136,22,2,155,155,844,13n1193
13n1194,2,82,22,2,156,156,1149,13n1194
13n1196,2,82,22,2,154,154,3239,13n1196
13n1197,2,136,22,2,155,155,844,13n1197
13n1198,2,82,22,2,156,156,1149,13n1198
13n1199,3,48,23,3,157,157,450,13n1199
13n1200,2,78,20,2,151,151,929,13n1200
13n1201,2,152,22,2,152,152,515,13n1201
13n1202,2,146,22,2,153,153,1593,13n1202
13n1206,3,48,23,3,157,157,450,13n1206
13n1215,2,110,20,2,158,158,2088,13n1215
13n1221,2,102,20,2,159,159,599,13n1221
13n1249,2,110,20,2,158,158,2088,13n1249
13n1252,2,102,20,2,159,159,599,13n1252
13n1276,3,74,21,3,160,160,2259,13n1276
13n1296,3,74,21,3,160,160,2259,13n1296
13n1359,2,172,22,2,161,161,3203,13n1359
13n1360,2,172,22,2,161,161,3203,13n1360
13n1570,2,126,22,2,162,162,1589,13n1570
13n1598,2,50,18,2,27,27,755,13n1598
13n1653,3,80,26,3,163,163,877,13n1653
13n1654,2,154,22,2,164,164,4996,13n1654
13n1655,3,64,30,3,165,165,194,13n1655
13n1683,3,80,26,3,163,163,877,13n1683
13n1684,2,154,22,2,164,164,4996,13n1684
13n1685,3,64,30,3,165,165,194,13n1685
13n1693,2,76,20,2,123,123,2260,13n1693
13n1893,2,114,20,2,166,166,3979,13n1893
13n1894,2,218,22,2,167,167,4688,13n1894
13n1903,2,126,22,2,7,7,2649,13n1903
13n1992,2,76,20,2,123,123,2260,13n1992
13n2034,2,76,20,2,26,26,4287,13n2034
13n2036,2,26,17,2,29,29,3867,13n2036
13n2088,2,148,22,2,168,168,1225,13n2088
13n2098,2,114,20,2,166,166,3979,13n2098
13n2099,2,218,22,2,167,167,4688,13n2099
13n2124,2,76,20,2,123,123,2260,13n2124
13n2184,2,152,22,2,169,152,4741,13n2184
13n2185,2,240,22,2,170,169,3859,13n2185
13n2186,3,84,31,3,171,170,1672,13n2186
13n2201,3,84,31,3,171,170,1672,13n2201
13n2205,3,90,31,3,172,171,2921,13n2205
13n2228,2,152,22,2,169,152,4741,13n2228
13n2229,2,240,22,2,170,169,3859,13n2229
13n2250,3,90,31,3,172,171,2921,13n2250
13n2400,3,42,29,3,173,172,3233,13n2400
13n2401,3,42,29,3,173,172,3233,13n2401
13n2410,2,100,22,2,174,173,307,13n2410
13n2414,2,100,22,2,174,173,307,13n2414
13n2513,3,76,31,3,175,174,4285,13n2513
13n2757,3,78,30,3,176,175,2203,13n2757
13n2812,3,92,31,3,177,176,3244,13n2812
13n2885,2,82,20,2,25,25,1153,13n2885
13n2908,2,148,22,2,178,177,3194,13n2908
13n2930,3,76,31,3,179,178,1671,13n2930
13n2937,2,172,22,2,180,179,3215,13n2937
13n2955,2,172,22,2,180,179,3215,13n2955
13n2977,3,76,31,3,179,178,1671,13n2977
13n3264,3,96,30,3,181,180,4304,13n3264
13n3266,2,136,22,2,182,181,513,13n3266
13n3272,3,74,30,3,183,182,3245,13n3272
13n3390,3,64,30,3,149,149,5229,13n3390
13n3457,3,74,30,3,183,182,3245,13n3457
13n3458,2,136,22,2,182,181,513,13n3458
13n3510,3,74,30,3,184,183,1665,13n3510
13n3517,3,74,30,3,184,183,1665,13n3517
13n3571,3,42,28,3,28,28,2635,13n3571
13n3610,3,96,30,3,181,180,4304,13n3610
13n3641,3,92,31,3,177,176,3244,13n3641
13n3646,3,76,31,3,175,174,4285,13n3646
13n3658,3,78,30,3,176,175,2203,13n3658
13n3803,3,74,31,3,130,130,2209,13n3803
13n3807,2,120,20,2,185,184,541,13n3807
13n3812,3,50,23,3,186,185,2193,13n3812
13n3813,2,124,22,2,187,186,1196,13n3813
13n3822,2,120,20,2,185,184,541,13n3822
13n3830,3,74,31,3,130,130,2209,13n3830
13n3847,3,74,31,3,188,187,2920,13n3847
13n3851,3,50,23,3,186,185,2193,13n3851
13n3852,2,124,22,2,187,186,1196,13n3852
13n3865,3,74,31,3,188,187,2920,13n3865
13n3901,3,106,31,3,189,188,3317,13n3901
13n3904,3,106,31,3,189,188,3317,13n3904
13n3916,3,114,31,3,190,189,3322,13n3916
13n3919,3,114,31,3,190,189,3322,13n3919
13n3924,3,106,31,3,189,188,3317,13n3924
13n3925,3,106,31,3,189,188,3317,13n3925
13n3931,3,114,31,3,190,189,3322,13n3931
13n3932,3,114,31,3,190,189,3322,13n3932
14a00034,2,630,28,2,191,190,3549,14a00034
14a00035,2,630,28,2,191,190,3549,14a00035
14a00043,2,478,28,2,192,191,4060,14a00043
14a00048,2,478,28,2,192,191,4060,14a00048
14a00051,2,478,28,2,193,192,3447,14a00051
14a00054,2,478,28,2,193,192,3447,14a00054
14a00096,2,632,28,2,194,193,2459,14a00096
14a00103,2,632,28,2,194,193,2459,14a00103
14a00165,2,526,28,2,195,194,4062,14a00165
14a00195,2,568,28,2,196,195,2452,14a00195
14a00215,2,526,28,2,195,194,4062,14a00215
14a00228,2,568,28,2,196,195,2452,14a00228
14a00240,2,568,28,2,197,196,4818,14a00240
14a00264,2,526,28,2,198,197,3428,14a00264
14a00270,2,526,28,2,195,194,4062,14a00270
14a00275,2,568,28,2,197,196,4818,14a00275
14a00276,2,526,28,2,195,194,4062,14a00276
14a00294,2,526,28,2,198,197,3428,14a00294
14a00319,2,598,28,2,199,198,4168,14a00319
14a00328,2,478,28,2,200,199,3412,14a00328
14a00329,2,478,28,2,200,199,3412,14a00329
14a00330,2,388,28,2,201,200,3102,14a00330
14a00331,2,598,28,2,199,198,4168,14a00331
14a00333,2,388,28,2,201,200,3102,14a00333
14a00366,2,588,28,2,202,201,2533,14a00366
14a00379,2,588,28,2,202,201,2533,14a00379
14a00400,2,370,28,2,203,202,3286,14a00400
14a00408,2,370,28,2,203,202,3286,14a00408
14a00454,2,478,28,2,204,203,3422,14a00454
14a00458,2,478,28,2,204,203,3422,14a00458
14a00461,2,478,28,2,205,204,2738,14a00461
14a00464,2,478,28,2,205,204,2738,14a00464
14a00486,2,558,28,2,206,205,3470,14a00486
14a00490,2,666,28,2,207,206,661,14a00490
14a00501,2,656,28,2,208,207,1822,14a00501
14a00509,2,678,28,2,209,208,3577,14a00509
14a00516,2,548,28,2,210,209,4813,14a00516
14a00518,2,542,28,2,211,210,5427,14a00518
14a00519,2,384,28,2,212,211,5362,14a00519
14a00520,2,548,28,2,210,209,4813,14a00520
14a00533,2,420,28,2,213,212,34,14a00533
14a00534,2,572,28,2,214,213,1820,14a00534
14a00535,2,546,28,2,215,214,2710,14a00535
14a00549,2,572,28,2,214,213,1820,14a00549
14a00550,2,420,28,2,213,212,34,14a00550
14a00555,2,584,28,2,216,215,1791,14a00555
14a00585,2,678,28,2,209,208,3577,14a00585
14a00592,2,542,28,2,211,210,5427,14a00592
14a00593,2,384,28,2,212,211,5362,14a00593
14a00608,2,424,28,2,217,216,1211,14a00608
14a00617,2,424,28,2,217,216,1211,14a00617
14a00618,2,424,28,2,218,217,1706,14a00618
14a00620,2,424,28,2,218,217,1706,14a00620
14a00631,2,460,28,2,219,218,1790,14a00631
14a00635,2,460,28,2,219,218,1790,14a00635
14a00638,2,460,28,2,220,219,2400,14a00638
14a00641,2,460,28,2,220,219,2400,14a00641
14a00675,2,546,28,2,221,220,3562,14a00675
14a00684,2,666,28,2,207,206,661,14a00684
14a00687,2,656,28,2,208,207,1822,14a00687
14a00700,2,546,28,2,215,214,2710,14a00700
14a00702,2,584,28,2,216,215,1791,14a00702
14a00717,2,552,28,2,222,221,1817,14a00717
14a00718,2,398,28,2,223,222,2105,14a00718
14a00731,2,558,28,2,206,205,3470,14a00731
14a00734,2,546,28,2,221,220,3562,14a00734
14a00735,2,552,28,2,222,221,1817,14a00735
14a00736,2,398,28,2,223,222,2105,14a00736
14a00780,2,532,28,2,224,223,4364,14a00780
14a00786,2,532,28,2,224,223,4364,14a00786
14a00787,2,532,28,2,225,224,4802,14a00787
14a00789,2,532,28,2,225,224,4802,14a00789
14a00906,2,548,28,2,210,209,4813,14a00906
14a00912,2,548,28,2,210,209,4813,14a00912
14a00975,2,554,28,2,226,225,384,14a00975
14a00984,2,638,28,2,227,226,4191,14a00984
14a00985,2,638,28,2,228,227,3570,14a00985
14a00989,2,564,28,2,229,228,2529,14a00989
14a00996,2,426,28,2,230,229,4637,14a00996
14a01017,2,564,28,2,229,228,2529,14a01017
14a01031,2,420,28,2,231,230,5367,14a01031
14a01044,2,586,28,2,232,231,3567,14a01044
14a01047,2,606,28,2,233,232,5431,14a01047
14a01048,2,566,28,2,234,233,2750,14a01048
14a01070,2,420,28,2,231,230,5367,14a01070
14a01101,2,638,28,2,235,234,2816,14a01101
14a01102,2,638,28,2,228,227,3570,14a01102
14a01145,2,426,28,2,230,229,4637,14a01145
14a01166,2,586,28,2,232,231,3567,14a01166
14a01168,2,566,28,2,234,233,2750,14a01168
14a01170,2,606,28,2,233,232,5431,14a01170
14a01189,2,586,28,2,236,235,3495,14a01189
14a01233,2,638,28,2,228,227,3570,14a01233
14a01256,2,586,28,2,236,235,3495,14a01256
14a01268,2,578,28,2,237,236,3639,14a01268
14a01309,2,554,28,2,226,225,384,14a01309
14a01335,2,638,28,2,227,226,4191,14a01335
14a01362,2,578,28,2,237,236,3639,14a01362
14a01390,2,638,28,2,228,227,3570,14a01390
14a01400,2,638,28,2,235,234,2816,14a01400
14a01409,2,406,28,2,238,237,3308,14a01409
14a01410,2,280,28,2,239,238,3755,14a01410
14a01425,2,554,28,2,240,239,2716,14a01425
14a01430,2,576,28,2,241,240,1793,14a01430
14a01436,2,572,28,2,242,241,4819,14a01436
14a01437,2,572,28,2,242,241,4819,14a01437
14a01445,2,424,28,2,243,242,1213,14a01445
14a01449,2,424,28,2,243,242,1213,14a01449
14a01486,2,554,28,2,240,239,2716,14a01486
14a01487,2,576,28,2,241,240,1793,14a01487
14a01488,2,570,28,2,244,243,5283,14a01488
14a01493,2,570,28,2,244,243,5283,14a01493
14a01522,2,620,28,2,245,244,4867,14a01522
14a01526,2,730,28,2,246,245,3556,14a01526
14a01532,2,620,28,2,245,244,4867,14a01532
14a01537,2,688,28,2,247,246,4403,14a01537
14a01631,2,478,28,2,248,247,3407,14a01631
14a01644,2,478,28,2,248,247,3407,14a01644
14a01660,2,478,28,2,249,248,3388,14a01660
14a01681,2,476,28,2,250,249,1870,14a01681
14a01724,2,478,28,2,249,248,3388,14a01724
14a01744,2,460,28,2,251,250,2503,14a01744
14a01745,2,460,28,2,251,250,2503,14a01745
14a01746,2,478,28,2,252,251,2715,14a01746
14a01747,2,366,28,2,253,252,4626,14a01747
14a01753,2,478,28,2,252,251,2715,14a01753
14a01767,2,514,28,2,254,253,3537,14a01767
14a01789,2,366,28,2,253,252,4626,14a01789
14a01818,2,476,28,2,250,249,1870,14a01818
14a01860,2,514,28,2,254,253,3537,14a01860
14a01874,2,514,28,2,255,254,1123,14a01874
14a01887,2,424,28,2,256,255,1256,14a01887
14a01895,2,590,28,2,257,256,3542,14a01895
14a01903,2,476,28,2,258,257,2514,14a01903
14a01908,2,460,28,2,259,258,2445,14a01908
14a01920,2,424,28,2,256,255,1256,14a01920
14a01931,2,590,28,2,257,256,3542,14a01931
14a01941,2,514,28,2,255,254,1123,14a01941
14a01964,2,460,28,2,259,258,2445,14a01964
14a01977,2,460,28,2,260,259,1834,14a01977
14a01983,2,460,28,2,260,259,1834,14a01983
14a01992,2,476,28,2,258,257,2514,14a01992
14a01994,2,532,28,2,261,260,1899,14a01994
14a01995,2,550,28,2,262,261,2810,14a01995
14a01997,2,388,28,2,263,262,3788,14a01997
14a02000,2,352,28,2,264,263,1247,14a02000
14a02001,2,442,28,2,265,264,3445,14a02001
14a02002,2,370,28,2,266,265,5016,14a02002
14a02004,2,352,28,2,267,266,4781,14a02004
14a02005,2,316,28,2,268,267,4722,14a02005
14a02006,2,532,28,2,261,260,1899,14a02006
14a02007,2,550,28,2,262,261,2810,14a02007
14a02059,2,476,28,2,269,268,4337,14a02059
14a02083,2,514,28,2,270,269,5263,14a02083
14a02101,2,476,28,2,269,268,4337,14a02101
14a02113,2,514,28,2,270,269,5263,14a02113
14a02122,2,514,28,2,271,270,3448,14a02122
14a02145,2,476,28,2,272,271,4795,14a02145
14a02156,2,514,28,2,271,270,3448,14a02156
14a02172,2,476,28,2,272,271,4795,14a02172
14a02205,2,622,28,2,273,272,3473,14a02205
14a02209,2,752,28,2,274,273,4925,14a02209
14a02215,2,622,28,2,273,272,3473,14a02215
14a02220,2,714,28,2,275,274,4237,14a02220
14a02231,2,730,28,2,246,245,3556,14a02231
14a02232,2,688,28,2,247,246,4403,14a02232
14a02245,2,532,28,2,276,275,4770,14a02245
14a02253,2,582,28,2,277,276,4073,14a02253
14a02254,2,532,28,2,276,275,4770,14a02254
14a02255,2,742,28,2,278,277,3590,14a02255
14a02256,2,582,28,2,277,276,4073,14a02256
14a02259,2,532,28,2,279,278,4340,14a02259
14a02260,2,742,28,2,278,277,3590,14a02260
14a02262,2,532,28,2,279,278,4340,14a02262
14a02284,2,538,28,2,280,279,1080,14a02284
14a02286,2,484,28,2,281,280,3793,14a02286
14a02319,2,596,28,2,282,281,1883,14a02319
14a02327,2,484,28,2,281,280,3793,14a02327
14a02328,2,598,28,2,283,282,5421,14a02328
14a02329,2,406,28,2,284,283,2685,14a02329
14a02330,2,596,28,2,282,281,1883,14a02330
14a02332,2,406,28,2,284,283,2685,14a02332
14a02333,2,598,28,2,283,282,5421,14a02333
14a02369,2,544,28,2,285,284,40,14a02369
14a02387,2,538,28,2,280,279,1080,14a02387
14a02394,2,544,28,2,285,284,40,14a02394
14a02399,2,406,28,2,286,285,3409,14a02399
14a02438,2,406,28,2,287,286,2733,14a02438
14a02439,2,280,28,2,288,287,2380,14a02439
14a02445,2,442,28,2,289,288,2704,14a02445
14a02446,2,424,28,2,290,289,1779,14a02446
14a02447,2,298,28,2,291,290,1018,14a02447
14a02448,2,388,28,2,292,291,1308,14a02448
14a02449,2,244,28,2,293,292,5451,14a02449
14a02450,2,370,28,2,294,293,5410,14a02450
14a02451,2,406,28,2,286,285,3409,14a02451
14a02452,2,280,28,2,288,287,2380,14a02452
14a02453,2,334,28,2,295,294,2102,14a02453
14a02454,2,262,28,2,296,295,5405,14a02454
14a02455,2,406,28,2,287,286,2733,14a02455
14a02456,2,406,28,2,287,286,2733,14a02456
14a02457,2,352,28,2,297,296,5457,14a02457
14a02481,2,524,28,2,298,297,4339,14a02481
14a02490,2,424,28,2,299,298,1764,14a02490
14a02491,2,424,28,2,299,298,1764,14a02491
14a02492,2,334,28,2,300,299,5003,14a02492
14a02493,2,524,28,2,298,297,4339,14a02493
14a02495,2,334,28,2,300,299,5003,14a02495
14a02528,2,514,28,2,301,300,2708,14a02528
14a02537,2,514,28,2,301,300,2708,14a02537
14a02553,2,352,28,2,267,266,4781,14a02553
14a02567,2,550,28,2,302,301,4069,14a02567
14a02573,2,550,28,2,302,301,4069,14a02573
14a02574,2,550,28,2,303,302,3457,14a02574
14a02576,2,550,28,2,303,302,3457,14a02576
14a02595,2,752,28,2,274,273,4925,14a02595
14a02596,2,714,28,2,275,274,4237,14a02596
14a02609,2,550,28,2,304,303,3539,14a02609
14a02617,2,580,28,2,305,304,4402,14a02617
14a02618,2,550,28,2,304,303,3539,14a02618
14a02619,2,740,28,2,306,305,4884,14a02619
14a02620,2,580,28,2,305,304,4402,14a02620
14a02623,2,550,28,2,307,306,4155,14a02623
14a02624,2,740,28,2,306,305,4884,14a02624
14a02626,2,550,28,2,307,306,4155,14a02626
14a02629,2,742,28,2,278,277,3590,14a02629
14a02630,2,742,28,2,278,277,3590,14a02630
14a02663,2,740,28,2,306,305,4884,14a02663
14a02664,2,740,28,2,306,305,4884,14a02664
14a03058,2,442,28,2,289,288,2704,14a03058
14a03108,2,424,28,2,308,307,4765,14a03108
14a03113,2,424,28,2,308,307,4765,14a03113
14a03203,2,442,28,2,265,264,3445,14a03203
14a03275,2,334,28,2,309,308,4559,14a03275
14a03277,2,334,28,2,309,308,4559,14a03277
14a03400,2,388,28,2,310,309,2314,14a03400
14a03402,2,532,28,2,311,310,4344,14a03402
14a03403,2,406,28,2,312,311,2702,14a03403
14a03405,2,334,28,2,313,312,5004,14a03405
14a03407,2,550,28,2,314,313,3437,14a03407
14a03408,2,532,28,2,311,310,4344,14a03408
14a03409,2,550,28,2,314,313,3437,14a03409
14a03412,2,406,28,2,315,314,2659,14a03412
14a03416,2,406,28,2,315,314,2659,14a03416
14a03419,2,474,28,2,316,315,5256,14a03419
14a03423,2,352,28,2,317,316,203,14a03423
14a03432,2,406,28,2,312,311,2702,14a03432
14a03433,2,388,28,2,310,309,2314,14a03433
14a03434,2,532,28,2,311,310,4344,14a03434
14a03435,2,334,28,2,313,312,5004,14a03435
14a03436,2,550,28,2,314,313,3437,14a03436
14a03437,2,532,28,2,311,310,4344,14a03437
14a03438,2,550,28,2,314,313,3437,14a03438
14a03439,2,474,28,2,316,315,5256,14a03439
14a03539,2,492,28,2,318,317,4329,14a03539
14a03632,2,736,28,2,319,318,1912,14a03632
14a03636,2,626,28,2,320,319,3554,14a03636
14a03730,2,352,28,2,321,320,5455,14a03730
14a03732,2,406,28,2,322,321,3304,14a03732
14a03734,2,514,28,2,323,322,5414,14a03734
14a03735,2,460,28,2,324,323,3786,14a03735
14a04013,2,410,28,2,325,324,3385,14a04013
14a04041,2,516,28,2,326,325,245,14a04041
14a04046,2,506,28,2,327,326,5424,14a04046
14a04072,2,654,28,2,328,327,3571,14a04072
14a04140,2,506,28,2,327,326,5424,14a04140
14a04147,2,496,28,2,329,328,2322,14a04147
14a04264,2,494,28,2,330,329,3415,14a04264
14a04297,2,434,28,2,331,330,3403,14a04297
14a04354,2,442,28,2,332,331,2714,14a04354
14a04355,2,496,28,2,333,332,1809,14a04355
14a04362,2,298,28,2,334,333,5000,14a04362
14a04363,2,388,28,2,335,334,4729,14a04363
14a04364,2,442,28,2,332,331,2714,14a04364
14a04365,2,496,28,2,333,332,1809,14a04365
14a04367,2,350,28,2,336,335,3357,14a04367
14a04433,2,492,28,2,318,317,4329,14a04433
14a04493,2,388,28,2,337,336,2395,14a04493
14a04495,2,496,28,2,338,337,4812,14a04495
14a04652,2,550,28,2,339,338,3493,14a04652
14a04724,2,736,28,2,319,318,1912,14a04724
14a04871,2,494,28,2,330,329,3415,14a04871
14a04901,2,464,28,2,340,339,2318,14a04901
14a04904,2,462,28,2,341,340,5252,14a04904
14a04939,2,496,28,2,329,328,2322,14a04939
14a04998,2,516,28,2,326,325,245,14a04998
14a05013,2,496,28,2,342,341,4362,14a05013
14a05077,2,462,28,2,341,340,5252,14a05077
14a05146,2,622,28,2,343,342,3640,14a05146
14a05147,2,676,28,2,344,343,4415,14a05147
14a05236,2,370,28,2,345,344,1044,14a05236
14a05238,2,532,28,2,346,345,4396,14a05238
14a05239,2,370,28,2,345,344,1044,14a05239
14a05240,2,280,28,2,347,346,5452,14a05240
14a05241,2,334,28,2,348,347,5408,14a05241
14a05242,2,424,28,2,349,348,4328,14a05242
14a05281,2,298,28,2,334,333,5000,14a05281
14a05282,2,388,28,2,335,334,4729,14a05282
14a05334,2,496,28,2,350,349,1317,14a05334
14a05335,2,532,28,2,351,350,4363,14a05335
14a05336,2,460,28,2,352,351,2513,14a05336
14a05337,2,514,28,2,353,352,5425,14a05337
14a05338,2,442,28,2,354,353,2109,14a05338
14a05340,2,622,28,2,355,354,3568,14a05340
14a05456,2,622,28,2,356,355,3552,14a05456
14a05585,2,496,28,2,342,341,4362,14a05585
14a05606,2,352,28,2,264,263,1247,14a05606
14a05620,2,406,28,2,238,237,3308,14a05620
14a05696,2,280,28,2,239,238,3755,14a05696
14a05698,2,464,28,2,340,339,2318,14a05698
14a05731,2,528,28,2,357,356,37,14a05731
14a05748,2,334,28,2,358,357,5009,14a05748
14a05825,2,316,28,2,359,358,1243,14a05825
14a05827,2,550,28,2,360,359,3536,14a05827
14a05828,2,316,28,2,359,358,1243,14a05828
14a05890,2,626,28,2,320,319,3554,14a05890
14a06002,2,626,28,2,320,319,3554,14a06002
14a06093,2,460,28,2,361,360,3792,14a06093
14a06198,2,622,28,2,362,361,2800,14a06198
14a06434,2,698,28,2,363,362,3641,14a06434
14a06468,2,570,28,2,364,363,2777,14a06468
14a06620,2,570,28,2,364,363,2777,14a06620
14a06955,2,506,28,2,365,364,3530,14a06955
14a06965,2,350,28,2,336,335,3357,14a06965
14a07042,2,578,28,2,366,365,3540,14a07042
14a07137,2,540,28,2,367,366,4397,14a07137
14a07190,2,622,28,2,368,367,3576,14a07190
14a07193,2,388,28,2,369,368,2321,14a07193
14a07194,2,370,28,2,370,369,2658,14a07194
14a07196,2,338,28,2,371,370,2082,14a07196
14a07199,2,532,28,2,372,371,1872,14a07199
14a07200,2,550,28,2,373,372,2790,14a07200
14a07202,2,532,28,2,372,371,1872,14a07202
14a07205,2,622,28,2,374,373,2811,14a07205
14a07207,2,532,28,2,375,374,1880,14a07207
14a07209,2,514,28,2,376,375,382,14a07209
14a07210,2,460,28,2,377,376,3790,14a07210
14a07213,2,624,28,2,378,377,4903,14a07213
14a07215,2,406,28,2,379,378,354,14a07215
14a07216,2,388,28,2,369,368,2321,14a07216
14a07217,2,550,28,2,380,379,2795,14a07217
14a07218,2,370,28,2,370,369,2658,14a07218
14a07219,2,526,28,2,381,380,3456,14a07219
14a07220,2,602,28,2,382,381,5290,14a07220
14a07247,2,622,28,2,368,367,3576,14a07247
14a07249,2,550,28,2,373,372,2790,14a07249
14a07258,2,496,28,2,383,382,1286,14a07258
14a07260,2,526,28,2,381,380,3456,14a07260
14a07262,2,550,28,2,384,383,3468,14a07262
14a07263,2,496,28,2,383,382,1286,14a07263
14a07264,2,460,28,2,385,384,2447,14a07264
14a07269,2,338,28,2,371,370,2082,14a07269
14a07270,2,550,28,2,380,379,2795,14a07270
14a07271,2,622,28,2,374,373,2811,14a07271
14a07272,2,532,28,2,375,374,1880,14a07272
14a07273,2,550,28,2,384,383,3468,14a07273
14a07274,2,460,28,2,385,384,2447,14a07274
14a07275,2,460,28,2,377,376,3790,14a07275
14a07276,2,514,28,2,376,375,382,14a07276
14a07277,2,602,28,2,382,381,5290,14a07277
14a07279,2,624,28,2,378,377,4903,14a07279
14a07393,2,506,28,2,365,364,3530,14a07393
14a07399,2,570,28,2,386,385,5289,14a07399
14a07446,2,560,28,2,387,386,4871,14a07446
14a07449,2,570,28,2,386,385,5289,14a07449
14a07477,2,560,28,2,387,386,4871,14a07477
14a07478,2,452,28,2,388,387,5138,14a07478
14a07482,2,626,28,2,320,319,3554,14a07482
14a07527,2,532,28,2,389,388,4771,14a07527
14a07538,2,586,28,2,390,389,3541,14a07538
14a07598,2,532,28,2,389,388,4771,14a07598
14a07672,2,532,28,2,391,390,4351,14a07672
14a07698,2,406,28,2,379,378,354,14a07698
14a07726,2,532,28,2,391,390,4351,14a07726
14a07892,2,532,28,2,351,350,4363,14a07892
14a08016,2,518,28,2,392,391,4061,14a08016
14a08017,2,516,28,2,393,392,4796,14a08017
14a08023,2,532,28,2,394,393,4361,14a08023
14a08066,2,452,28,2,388,387,5138,14a08066
14a08096,2,438,28,2,395,394,4628,14a08096
14a08106,2,518,28,2,392,391,4061,14a08106
14a08107,2,516,28,2,393,392,4796,14a08107
14a08115,2,438,28,2,395,394,4628,14a08115
14a08321,2,532,28,2,394,393,4361,14a08321
14a08415,2,514,28,2,396,395,5417,14a08415
14a08424,2,532,28,2,397,396,4799,14a08424
14a08484,2,532,28,2,397,396,4799,14a08484
14a08571,2,550,28,2,339,338,3493,14a08571
14a08662,2,442,28,2,398,397,3404,14a08662
14a08727,2,496,28,2,399,398,4841,14a08727
14a08767,2,834,28,2,400,399,3655,14a08767
14a08811,2,496,28,2,401,400,4860,14a08811
14a08829,2,550,28,2,402,401,4072,14a08829
14a08872,2,730,28,2,403,402,3642,14a08872
14a08943,2,786,28,2,404,403,3646,14a08943
14a08963,2,794,28,2,405,404,3647,14a08963
14a09021,2,442,28,2,406,405,4148,14a09021
14a09022,2,746,28,2,407,406,3643,14a09022
14a09027,2,550,28,2,402,401,4072,14a09027
14a09180,2,540,28,2,408,366,2429,14a09180
14a09203,2,550,28,2,409,407,3458,14a09203
14a09309,2,528,28,2,357,356,37,14a09309
14a09313,2,626,28,2,410,408,3565,14a09313
14a09402,2,550,28,2,409,407,3458,14a09402
14a09676,2,388,28,2,263,262,3788,14a09676
14a09677,2,532,28,2,261,260,1899,14a09677
14a09678,2,550,28,2,262,261,2810,14a09678
14a09679,2,532,28,2,261,260,1899,14a09679
14a09680,2,550,28,2,262,261,2810,14a09680
14a09682,2,424,28,2,290,289,1779,14a09682
14a09683,2,334,28,2,295,294,2102,14a09683
14a09684,2,370,28,2,266,265,5016,14a09684
14a09685,2,298,28,2,291,290,1018,14a09685
14a09686,2,388,28,2,292,291,1308,14a09686
14a09687,2,406,28,2,287,286,2733,14a09687
14a09688,2,316,28,2,268,267,4722,14a09688
14a09692,2,244,28,2,293,292,5451,14a09692
14a09693,2,370,28,2,294,293,5410,14a09693
14a09694,2,352,28,2,297,296,5457,14a09694
14a09695,2,262,28,2,296,295,5405,14a09695
14a09707,2,468,28,2,411,409,3801,14a09707
14a09711,2,468,28,2,411,409,3801,14a09711
14a09793,2,622,28,2,412,410,2815,14a09793
14a09800,2,496,28,2,401,400,4860,14a09800
14a09878,2,540,28,2,408,366,2429,14a09878
14a10011,2,540,28,2,367,366,4397,14a10011
14a10115,2,370,28,2,413,411,373,14a10115
14a10120,2,504,28,2,414,412,1318,14a10120
14a10156,2,370,28,2,413,411,373,14a10156
14a10163,2,482,28,2,415,413,657,14a10163
14a10170,2,504,28,2,414,412,1318,14a10170
14a10185,2,482,28,2,415,413,657,14a10185
14a10395,2,424,28,2,349,348,4328,14a10395
14a10405,2,424,28,2,416,414,4358,14a10405
14a10406,2,488,28,2,417,415,1284,14a10406
14a10407,2,376,28,2,418,416,5347,14a10407
14a10408,2,496,28,2,419,417,2399,14a10408
14a10410,2,424,28,2,416,414,4358,14a10410
14a10411,2,450,28,2,420,418,2110,14a10411
14a10412,2,496,28,2,419,417,2399,14a10412
14a10413,2,388,28,2,421,419,1260,14a10413
14a10414,2,334,28,2,422,420,3958,14a10414
14a10415,2,406,28,2,423,421,3383,14a10415
14a10417,2,334,28,2,422,420,3958,14a10417
14a10434,2,376,28,2,418,416,5347,14a10434
14a10435,2,406,28,2,423,421,3383,14a10435
14a10437,2,496,28,2,424,422,1265,14a10437
14a10439,2,632,28,2,425,423,4873,14a10439
14a10440,2,388,28,2,421,419,1260,14a10440
14a10443,2,514,28,2,426,424,383,14a10443
14a10451,2,514,28,2,426,424,383,14a10451
14a10452,2,496,28,2,424,422,1265,14a10452
14a10453,2,450,28,2,420,418,2110,14a10453
14a10455,2,488,28,2,417,415,1284,14a10455
14a10456,2,632,28,2,425,423,4873,14a10456
14a10853,2,524,28,2,427,425,249,14a10853
14a10854,2,446,28,2,428,426,3405,14a10854
14a10861,2,586,28,2,390,389,3541,14a10861
14a10984,2,426,28,2,429,427,967,14a10984
14a11183,2,406,28,2,322,321,3304,14a11183
14a11322,2,460,28,2,430,428,240,14a11322
14a11365,2,442,28,2,406,405,4148,14a11365
14a11366,2,622,28,2,412,410,2815,14a11366
14a11456,2,426,28,2,429,427,967,14a11456
14a11544,2,524,28,2,427,425,249,14a11544
14a11553,2,460,28,2,430,428,240,14a11553
14a11581,2,460,28,2,431,429,1710,14a11581
14a11603,2,516,28,2,432,430,2423,14a11603
14a11617,2,426,28,2,433,431,595,14a11617
14a11649,2,516,28,2,432,430,2423,14a11649
14a11666,2,460,28,2,431,429,1710,14a11666
14a11687,2,426,28,2,433,431,595,14a11687
14a11695,2,622,28,2,343,342,3640,14a11695
14a11715,2,352,28,2,321,320,5455,14a11715
14a11716,2,388,28,2,337,336,2395,14a11716
14a11726,2,352,28,2,317,316,203,14a11726
14a11728,2,532,28,2,346,345,4396,14a11728
14a11740,2,334,28,2,358,357,5009,14a11740
14a11749,2,550,28,2,360,359,3536,14a11749
14a11770,2,514,28,2,353,352,5425,14a11770
14a11793,2,622,28,2,434,432,3553,14a11793
14a11847,2,496,28,2,350,349,1317,14a11847
14a11849,2,460,28,2,352,351,2513,14a11849
14a11982,2,622,28,2,362,361,2800,14a11982
14a11983,2,622,28,2,356,355,3552,14a11983
14a11984,2,622,28,2,355,354,3568,14a11984
14a11985,2,442,28,2,354,353,2109,14a11985
14a11986,2,514,28,2,323,322,5414,14a11986
14a11987,2,280,28,2,347,346,5452,14a11987
14a11988,2,334,28,2,348,347,5408,14a11988
14a11992,2,496,28,2,338,337,4812,14a11992
14a11993,2,460,28,2,324,323,3786,14a11993
14a11994,2,460,28,2,361,360,3792,14a11994
14a11996,2,676,28,2,344,343,4415,14a11996
14a12028,2,514,28,2,396,395,5417,14a12028
14a12325,2,622,28,2,434,432,3553,14a12325
14a12333,2,334,28,2,435,433,344,14a12333
14a12334,2,334,28,2,435,433,344,14a12334
14a12335,2,480,28,2,436,434,1264,14a12335
14a12336,2,208,28,2,437,435,503,14a12336
14a12337,2,208,28,2,437,435,503,14a12337
14a12344,2,480,28,2,436,434,1264,14a12344
14a12413,2,866,28,2,438,436,3657,14a12413
14a12414,2,522,28,2,439,437,1071,14a12414
14a12471,2,522,28,2,439,437,1071,14a12471
14a12524,2,496,28,2,399,398,4841,14a12524
14a12807,2,390,28,2,440,438,3306,14a12807
14a12815,2,486,28,2,441,439,3424,14a12815
14a12816,2,468,28,2,442,440,242,14a12816
14a12817,2,338,28,2,443,441,340,14a12817
14a12830,2,486,28,2,441,439,3424,14a12830
14a12833,2,468,28,2,442,440,242,14a12833
14a12834,2,338,28,2,443,441,340,14a12834
14a12868,2,458,28,2,444,442,4058,14a12868
14a12869,2,324,28,2,445,443,3729,14a12869
14a12875,2,390,28,2,440,438,3306,14a12875
14a12876,2,458,28,2,444,442,4058,14a12876
14a12877,2,324,28,2,445,443,3729,14a12877
14a12934,2,438,28,2,446,444,1066,14a12934
14a12936,2,438,28,2,446,444,1066,14a12936
14a12948,2,444,28,2,447,445,3115,14a12948
14a12949,2,540,28,2,448,446,1792,14a12949
14a12954,2,380,28,2,449,447,29,14a12954
14a12961,2,374,28,2,450,448,341,14a12961
14a12976,2,374,28,2,450,448,341,14a12976
14a12988,2,540,28,2,451,449,3122,14a12988
14a13009,2,380,28,2,449,447,29,14a13009
14a13055,2,444,28,2,447,445,3115,14a13055
14a13061,2,540,28,2,448,446,1792,14a13061
14a13087,2,540,28,2,451,449,3122,14a13087
14a13109,2,698,28,2,363,362,3641,14a13109
14a13117,2,720,28,2,452,450,4437,14a13117
14a13122,2,662,28,2,453,451,2817,14a13122
14a13124,2,662,28,2,453,451,2817,14a13124
14a13186,2,320,28,2,454,452,28,14a13186
14a13207,2,320,28,2,454,452,28,14a13207
14a13269,2,746,28,2,407,406,3643,14a13269
14a13274,2,660,28,2,455,453,4874,14a13274
14a13276,2,660,28,2,455,453,4874,14a13276
14a13315,2,436,28,2,456,454,1781,14a13315
14a13317,2,382,28,2,457,455,2047,14a13317
14a13342,2,382,28,2,457,455,2047,14a13342
14a13343,2,484,28,2,458,456,275,14a13343
14a13344,2,484,28,2,458,456,275,14a13344
14a13361,2,430,28,2,459,457,4630,14a13361
14a13374,2,436,28,2,456,454,1781,14a13374
14a13378,2,430,28,2,459,457,4630,14a13378
14a13431,2,440,28,2,460,458,1248,14a13431
14a13433,2,440,28,2,460,458,1248,14a13433
14a13434,2,270,28,2,461,459,1596,14a13434
14a13436,2,270,28,2,461,459,1596,14a13436
14a13439,2,622,28,2,462,460,4188,14a13439
14a13440,2,676,28,2,463,461,1328,14a13440
14a13442,2,622,28,2,462,460,4188,14a13442
14a13444,2,676,28,2,463,461,1328,14a13444
14a13473,2,450,28,2,464,462,5413,14a13473
14a13475,2,450,28,2,464,462,5413,14a13475
14a13476,2,284,28,2,465,463,5343,14a13476
14a13478,2,284,28,2,465,463,5343,14a13478
14a13481,2,604,28,2,466,464,3822,14a13481
14a13482,2,694,28,2,467,465,5433,14a13482
14a13484,2,604,28,2,466,464,3822,14a13484
14a13486,2,694,28,2,467,465,5433,14a13486
14a13489,2,698,28,2,363,362,3641,14a13489
14a13490,2,720,28,2,452,450,4437,14a13490
14a13506,2,746,28,2,407,406,3643,14a13506
14a13519,2,662,28,2,453,451,2817,14a13519
14a13523,2,662,28,2,453,451,2817,14a13523
14a13533,2,660,28,2,455,453,4874,14a13533
14a13537,2,660,28,2,455,453,4874,14a13537
14a13793,2,664,28,2,468,466,1324,14a13793
14a14043,2,690,28,2,469,467,3612,14a14043
14a14044,2,644,28,2,470,468,291,14a14044
14a14266,2,664,28,2,468,466,1324,14a14266
14a14413,2,926,28,2,471,469,3661,14a14413
14a14667,2,644,28,2,470,468,291,14a14667
14a14671,2,690,28,2,469,467,3612,14a14671
14a14918,2,866,28,2,438,436,3657,14a14918
14a15338,2,866,28,2,438,436,3657,14a15338
14a15366,2,602,28,2,472,470,3546,14a15366
14a15965,2,926,28,2,471,469,3661,14a15965
14a16076,2,434,28,2,331,330,3403,14a16076
14a16078,2,602,28,2,472,470,3546,14a16078
14a16084,2,578,28,2,366,365,3540,14a16084
14a17030,2,786,28,2,404,403,3646,14a17030
14a17080,2,834,28,2,400,399,3655,14a17080
14a17265,2,618,28,2,473,471,3563,14a17265
14a17275,2,618,28,2,473,471,3563,14a17275
14a17531,2,686,28,2,474,472,3579,14a17531
14a17564,2,866,28,2,438,436,3657,14a17564
14a17680,2,686,28,2,474,472,3579,14a17680
14a17779,2,626,28,2,410,408,3565,14a17779
14a17995,2,794,28,2,405,404,3647,14a17995
14a18163,2,746,28,2,407,406,3643,14a18163
14a18187,2,730,28,2,403,402,3642,14a18187
14a18601,2,390,28,2,475,473,3380,14a18601
14a18617,2,786,28,2,404,403,3646,14a18617
14a18638,2,446,28,2,428,426,3405,14a18638
14a18680,2,442,28,2,398,397,3404,14a18680
14a18988,2,446,28,2,428,426,3405,14a18988
14a19258,2,654,28,2,328,327,3571,14a19258
14a19303,2,390,28,2,475,473,3380,14a19303
14a19342,2,410,28,2,325,324,3385,14a19342
14n00036,3,84,22,3,476,474,758,14n00036
14n00133,3,186,23,3,477,475,2617,14n00133
14n00136,2,258,24,2,478,476,4134,14n00136
14n00149,2,226,22,2,479,477,1634,14n00149
14n00152,2,296,24,2,480,478,4855,14n00152
14n00157,2,236,22,2,481,479,1849,14n00157
14n00158,2,206,22,2,482,480,4676,14n00158
14n00164,2,270,22,2,483,481,2767,14n00164
14n00165,2,252,22,2,484,482,3843,14n00165
14n00179,2,282,24,2,485,483,2122,14n00179
14n00180,2,340,24,2,486,484,1861,14n00180
14n00181,3,138,34,3,487,485,4525,14n00181
14n00182,2,282,24,2,485,483,2122,14n00182
14n00183,2,340,24,2,486,484,1861,14n00183
14n00184,3,138,34,3,487,485,4525,14n00184
14n00212,2,154,22,2,488,486,1160,14n00212
14n00213,2,208,24,2,489,487,5108,14n00213
14n00214,3,150,33,3,490,488,956,14n00214
14n00215,2,280,24,2,491,489,1344,14n00215
14n00216,3,130,33,3,492,490,2214,14n00216
14n00225,2,154,22,2,488,486,1160,14n00225
14n00226,2,208,24,2,489,487,5108,14n00226
14n00227,3,150,33,3,490,488,956,14n00227
14n00228,2,280,24,2,491,489,1344,14n00228
14n00229,3,130,33,3,492,490,2214,14n00229
14n00232,2,172,22,2,493,491,3770,14n00232
14n00233,2,172,22,2,493,491,3770,14n00233
14n00236,2,190,22,2,494,492,2671,14n00236
14n00237,2,190,22,2,494,492,2671,14n00237
14n00240,3,130,33,3,495,493,2922,14n00240
14n00241,3,130,33,3,495,493,2922,14n00241
14n00244,2,280,24,2,496,494,856,14n00244
14n00245,2,280,24,2,496,494,856,14n00245
14n00246,2,154,22,2,497,495,1595,14n00246
14n00249,2,208,24,2,498,496,4751,14n00249
14n00250,3,150,33,3,499,497,1455,14n00250
14n00257,2,154,22,2,497,495,1595,14n00257
14n00258,2,208,24,2,498,496,4751,14n00258
14n00259,3,150,33,3,499,497,1455,14n00259
14n00336,2,236,22,2,481,479,1849,14n00336
14n00337,2,206,22,2,482,480,4676,14n00337
14n00344,2,270,22,2,483,481,2767,14n00344
14n00345,2,252,22,2,484,482,3843,14n00345
14n00350,3,186,23,3,477,475,2617,14n00350
14n00353,2,258,24,2,478,476,4134,14n00353
14n00357,2,226,22,2,479,477,1634,14n00357
14n00360,2,296,24,2,480,478,4855,14n00360
14n00364,2,260,24,2,500,498,3208,14n00364
14n00365,2,322,24,2,501,499,1059,14n00365
14n00366,3,148,34,3,502,500,5091,14n00366
14n00386,2,260,24,2,500,498,3208,14n00386
14n00387,2,322,24,2,501,499,1059,14n00387
14n00388,3,148,34,3,502,500,5091,14n00388
14n00418,2,82,20,2,503,501,2071,14n00418
14n00421,2,82,20,2,503,501,2071,14n00421
14n00425,2,100,20,2,504,502,791,14n00425
14n00426,2,100,20,2,504,502,791,14n00426
14n00429,3,42,29,3,505,503,4476,14n00429
14n00430,3,42,29,3,505,503,4476,14n00430
14n00435,2,190,24,2,506,504,2091,14n00435
14n00437,2,190,24,2,506,504,2091,14n00437
14n00630,2,226,24,2,507,505,1609,14n00630
14n00633,2,276,24,2,508,506,2389,14n00633
14n00634,3,122,34,3,509,507,3913,14n00634
14n00638,2,190,22,2,510,508,2672,14n00638
14n00640,2,192,22,2,103,103,817,14n00640
14n00643,2,180,22,2,511,509,3771,14n00643
14n00645,2,202,22,2,512,510,1626,14n00645
14n00670,2,122,20,2,513,511,1592,14n00670
14n00671,2,140,20,2,514,512,1339,14n00671
14n00674,3,82,31,3,515,513,3869,14n00674
14n00677,2,230,24,2,16,16,2676,14n00677
14n00682,3,42,28,3,516,514,2062,14n00682
14n00689,2,100,22,2,517,515,3003,14n00689
14n00732,2,244,24,2,518,516,3204,14n00732
14n00733,2,298,24,2,519,517,1051,14n00733
14n00734,3,124,34,3,520,518,5060,14n00734
14n00739,2,192,22,2,103,103,817,14n00739
14n00742,2,190,22,2,510,508,2672,14n00742
14n00745,2,202,22,2,512,510,1626,14n00745
14n00748,2,180,22,2,511,509,3771,14n00748
14n00778,2,226,24,2,507,505,1609,14n00778
14n00779,2,276,24,2,508,506,2389,14n00779
14n00780,3,122,34,3,509,507,3913,14n00780
14n00809,2,244,24,2,518,516,3204,14n00809
14n00810,2,298,24,2,519,517,1051,14n00810
14n00811,3,124,34,3,520,518,5060,14n00811
14n00838,3,42,28,3,516,514,2062,14n00838
14n00841,2,100,22,2,517,515,3003,14n00841
14n00849,2,244,24,2,521,519,818,14n00849
14n00852,2,298,24,2,522,520,3396,14n00852
14n00853,3,124,34,3,523,521,2991,14n00853
14n00887,2,226,24,2,524,522,2094,14n00887
14n00890,2,276,24,2,525,523,1758,14n00890
14n00891,3,122,34,3,526,524,4523,14n00891
14n00895,2,122,20,2,513,511,1592,14n00895
14n00896,2,140,20,2,514,512,1339,14n00896
14n00899,3,82,31,3,515,513,3869,14n00899
14n00900,2,230,24,2,16,16,2676,14n00900
14n00907,2,196,22,2,527,525,2626,14n00907
14n00911,2,276,24,2,508,506,2389,14n00911
14n00927,2,244,24,2,521,519,818,14n00927
14n00928,2,298,24,2,522,520,3396,14n00928
14n00929,3,124,34,3,523,521,2991,14n00929
14n00930,2,276,24,2,508,506,2389,14n00930
14n00981,2,226,24,2,524,522,2094,14n00981
14n00982,2,276,24,2,525,523,1758,14n00982
14n00983,3,122,34,3,526,524,4523,14n00983
14n01031,2,154,22,2,488,486,1160,14n01031
14n01034,2,228,24,2,528,526,2382,14n01034
14n01035,2,218,24,2,529,527,4017,14n01035
14n01047,2,154,24,2,530,528,2073,14n01047
14n01049,2,208,24,2,531,529,4719,14n01049
14n01050,2,118,24,2,532,530,1442,14n01050
14n01052,2,154,24,2,530,528,2073,14n01052
14n01053,2,208,24,2,531,529,4719,14n01053
14n01054,2,118,24,2,532,530,1442,14n01054
14n01055,3,82,25,3,533,531,1577,14n01055
14n01056,2,154,22,2,488,486,1160,14n01056
14n01057,2,228,24,2,528,526,2382,14n01057
14n01058,2,218,24,2,529,527,4017,14n01058
14n01062,3,82,25,3,533,531,1577,14n01062
14n01071,2,182,22,2,534,532,2670,14n01071
14n01077,2,170,22,2,100,100,1601,14n01077
14n01105,2,182,22,2,534,532,2670,14n01105
14n01108,2,170,22,2,100,100,1601,14n01108
14n01132,3,146,23,3,535,533,2612,14n01132
14n01156,3,146,23,3,535,533,2612,14n01156
14n01281,2,282,24,2,536,534,173,14n01281
14n01282,2,192,24,2,537,535,3190,14n01282
14n01307,2,272,24,2,538,536,536,14n01307
14n01308,2,218,24,2,539,537,2080,14n01308
14n01315,3,116,30,3,540,538,1220,14n01315
14n01318,2,140,20,2,541,539,1341,14n01318
14n01324,3,102,31,3,542,540,596,14n01324
14n01327,2,174,20,2,543,541,2165,14n01327
14n01366,2,118,22,2,544,542,909,14n01366
14n01369,3,80,25,3,545,543,1977,14n01369
14n01370,3,78,30,3,546,544,332,14n01370
14n01373,2,208,24,2,547,545,816,14n01373
14n01374,2,154,24,2,548,546,1583,14n01374
14n01377,2,118,20,2,549,547,2852,14n01377
14n01378,2,226,24,2,550,522,3369,14n01378
14n01379,2,244,24,2,551,548,3810,14n01379
14n01380,3,106,33,3,552,549,1674,14n01380
14n01393,2,118,22,2,544,542,909,14n01393
14n01394,3,80,25,3,545,543,1977,14n01394
14n01395,3,78,30,3,546,544,332,14n01395
14n01396,2,208,24,2,547,545,816,14n01396
14n01397,2,154,24,2,548,546,1583,14n01397
14n01398,2,118,20,2,549,547,2852,14n01398
14n01399,2,226,24,2,550,522,3369,14n01399
14n01400,2,244,24,2,551,548,3810,14n01400
14n01401,3,106,33,3,552,549,1674,14n01401
14n01409,3,106,33,3,553,550,2246,14n01409
14n01410,3,106,33,3,553,550,2246,14n01410
14n01413,2,244,24,2,554,551,3212,14n01413
14n01414,2,244,24,2,554,551,3212,14n01414
14n01415,2,118,22,2,555,552,1404,14n01415
14n01416,2,208,24,2,556,553,531,14n01416
14n01417,2,154,24,2,557,554,2064,14n01417
14n01418,2,226,24,2,558,555,4009,14n01418
14n01428,2,118,22,2,555,552,1404,14n01428
14n01429,2,208,24,2,556,553,531,14n01429
14n01430,2,154,24,2,557,554,2064,14n01430
14n01431,2,226,24,2,558,555,4009,14n01431
14n01482,3,116,30,3,540,538,1220,14n01482
14n01485,2,140,20,2,541,539,1341,14n01485
14n01494,3,102,31,3,542,540,596,14n01494
14n01497,2,174,20,2,543,541,2165,14n01497
14n01504,2,282,24,2,536,534,173,14n01504
14n01505,2,192,24,2,537,535,3190,14n01505
14n01513,2,272,24,2,538,536,536,14n01513
14n01514,2,218,24,2,539,537,2080,14n01514
14n01551,2,182,22,2,559,556,968,14n01551
14n01552,2,126,20,2,560,557,2118,14n01552
14n01554,3,160,33,3,561,558,189,14n01554
14n01555,2,222,20,2,562,559,2187,14n01555
14n01576,2,194,22,2,563,560,4015,14n01576
14n01577,2,312,24,2,564,561,831,14n01577
14n01578,3,210,34,3,565,562,2220,14n01578
14n01623,3,170,23,3,566,563,2496,14n01623
14n01624,2,290,24,2,567,564,2104,14n01624
14n01625,3,232,33,3,568,565,888,14n01625
14n01631,2,372,24,2,569,566,1875,14n01631
14n01632,3,198,34,3,570,567,1022,14n01632
14n01638,2,390,24,2,571,568,3446,14n01638
14n01639,3,168,34,3,572,569,259,14n01639
14n01669,2,150,20,2,573,570,2160,14n01669
14n01671,2,222,20,2,562,559,2187,14n01671
14n01691,2,204,24,2,574,571,263,14n01691
14n01692,2,290,24,2,575,572,2163,14n01692
14n01693,3,120,33,3,576,573,915,14n01693
14n01697,2,246,24,2,577,574,11,14n01697
14n01698,2,320,24,2,578,575,3860,14n01698
14n01699,3,120,34,3,579,576,205,14n01699
14n01700,2,200,24,2,580,577,26,14n01700
14n01701,2,246,24,2,581,578,3673,14n01701
14n01702,3,94,32,3,582,579,331,14n01702
14n01703,2,204,24,2,574,571,263,14n01703
14n01704,2,290,24,2,575,572,2163,14n01704
14n01705,3,120,33,3,576,573,915,14n01705
14n01752,2,100,20,2,583,580,809,14n01752
14n01753,2,100,20,2,583,580,809,14n01753
14n01760,2,172,22,2,584,581,2295,14n01760
14n01761,2,172,22,2,584,581,2295,14n01761
14n01762,3,102,24,3,585,582,5341,14n01762
14n01763,2,174,24,2,586,583,46,14n01763
14n01764,3,172,29,3,587,584,4463,14n01764
14n01765,2,266,24,2,588,585,347,14n01765
14n01766,3,114,33,3,589,586,2986,14n01766
14n01767,2,230,23,2,590,587,80,14n01767
14n01768,2,192,22,2,591,588,321,14n01768
14n01769,2,180,22,2,592,589,2362,14n01769
14n01770,2,278,24,2,593,590,2127,14n01770
14n01771,3,164,34,3,594,591,898,14n01771
14n01772,2,306,24,2,595,592,3442,14n01772
14n01773,3,184,33,3,596,593,261,14n01773
14n01774,2,230,23,2,590,587,80,14n01774
14n01775,2,192,22,2,591,588,321,14n01775
14n01776,3,104,28,3,597,594,1486,14n01776
14n01834,2,180,22,2,592,589,2362,14n01834
14n01835,2,278,24,2,593,590,2127,14n01835
14n01836,3,164,34,3,594,591,898,14n01836
14n01837,2,306,24,2,595,592,3442,14n01837
14n01838,3,184,33,3,596,593,261,14n01838
14n01839,3,102,24,3,585,582,5341,14n01839
14n01840,2,174,24,2,586,583,46,14n01840
14n01841,3,172,29,3,587,584,4463,14n01841
14n01842,2,266,24,2,588,585,347,14n01842
14n01843,3,114,33,3,589,586,2986,14n01843
14n01853,3,114,26,3,598,595,2338,14n01853
14n01925,2,150,20,2,573,570,2160,14n01925
14n01945,2,246,24,2,577,574,11,14n01945
14n01946,2,320,24,2,578,575,3860,14n01946
14n01947,3,120,34,3,579,576,205,14n01947
14n01948,2,200,24,2,580,577,26,14n01948
14n01949,2,246,24,2,581,578,3673,14n01949
14n01950,3,94,32,3,582,579,331,14n01950
14n02007,3,82,25,3,599,596,2984,14n02007
14n02032,3,82,25,3,599,596,2984,14n02032
14n02033,3,82,26,3,600,597,2263,14n02033
14n02035,3,82,26,3,600,597,2263,14n02035
14n02039,3,106,33,3,601,598,2969,14n02039
14n02042,3,106,33,3,601,598,2969,14n02042
14n02132,2,126,20,2,560,557,2118,14n02132
14n02139,2,182,22,2,559,556,968,14n02139
14n02148,2,218,24,2,602,599,964,14n02148
14n02149,2,300,24,2,603,600,868,14n02149
14n02150,3,110,34,3,604,601,2224,14n02150
14n02180,2,194,22,2,563,560,4015,14n02180
14n02181,2,312,24,2,564,561,831,14n02181
14n02182,3,210,34,3,565,562,2220,14n02182
14n02188,3,170,23,3,566,563,2496,14n02188
14n02189,2,290,24,2,567,564,2104,14n02189
14n02190,3,232,33,3,568,565,888,14n02190
14n02221,2,372,24,2,569,566,1875,14n02221
14n02222,3,198,34,3,570,567,1022,14n02222
14n02233,2,390,24,2,571,568,3446,14n02233
14n02234,3,168,34,3,572,569,259,14n02234
14n02249,3,104,28,3,597,594,1486,14n02249
14n02257,3,114,26,3,598,595,2338,14n02257
14n02294,2,176,22,2,605,602,2361,14n02294
14n02295,2,270,24,2,606,603,169,14n02295
14n02296,3,156,34,3,607,604,3877,14n02296
14n02297,2,102,22,2,608,605,2028,14n02297
14n02298,2,176,24,2,609,606,311,14n02298
14n02299,3,138,29,3,610,607,3687,14n02299
14n02361,3,160,33,3,561,558,189,14n02361
14n02372,2,218,24,2,602,599,964,14n02372
14n02373,2,300,24,2,603,600,868,14n02373
14n02374,3,110,34,3,604,601,2224,14n02374
14n02375,2,176,22,2,605,602,2361,14n02375
14n02376,2,270,24,2,606,603,169,14n02376
14n02377,3,156,34,3,607,604,3877,14n02377
14n02378,2,102,22,2,608,605,2028,14n02378
14n02379,2,176,24,2,609,606,311,14n02379
14n02380,3,138,29,3,610,607,3687,14n02380
14n02414,3,170,35,3,611,608,3917,14n02414
14n02415,2,176,24,2,612,609,5102,14n02415
14n02420,3,192,35,3,613,610,4740,14n02420
14n02421,3,170,35,3,611,608,3917,14n02421
14n02422,2,126,22,2,614,611,3933,14n02422
14n02423,3,192,35,3,613,610,4740,14n02423
14n02450,2,126,24,2,615,612,5233,14n02450
14n02451,2,176,24,2,616,613,5070,14n02451
14n02453,3,124,34,3,617,614,4703,14n02453
14n02457,3,124,34,3,617,614,4703,14n02457
14n02458,2,76,21,2,618,615,5059,14n02458
14n02459,2,26,18,2,619,616,4956,14n02459
14n02472,2,280,24,2,620,617,1759,14n02472
14n02473,2,280,24,2,620,617,1759,14n02473
14n02517,2,62,18,2,621,618,330,14n02517
14n02520,2,96,20,2,622,619,790,14n02520
14n02527,3,58,25,3,623,620,1181,14n02527
14n02531,2,198,24,2,624,621,3292,14n02531
14n02784,2,62,18,2,621,618,330,14n02784
14n02787,2,96,20,2,622,619,790,14n02787
14n02790,3,58,25,3,623,620,1181,14n02790
14n02793,2,198,24,2,624,621,3292,14n02793
14n02819,3,112,23,3,625,622,214,14n02819
14n02820,2,164,22,2,626,623,1231,14n02820
14n02821,2,162,22,2,627,624,364,14n02821
14n02822,2,218,24,2,628,625,2093,14n02822
14n02823,2,224,24,2,629,626,518,14n02823
14n02824,2,170,22,2,630,627,3360,14n02824
14n02825,2,156,22,2,631,628,1736,14n02825
14n02843,3,112,23,3,625,622,214,14n02843
14n02844,2,164,22,2,626,623,1231,14n02844
14n02845,2,162,22,2,627,624,364,14n02845
14n02846,2,218,24,2,628,625,2093,14n02846
14n02847,2,224,24,2,629,626,518,14n02847
14n02848,2,170,22,2,630,627,3360,14n02848
14n02849,2,156,22,2,631,628,1736,14n02849
14n02926,3,66,30,3,632,629,2232,14n02926
14n02927,2,90,20,2,633,630,3968,14n02927
14n02928,2,104,20,2,634,631,308,14n02928
14n02929,3,82,25,3,635,632,2194,14n02929
14n02932,3,88,26,3,636,633,878,14n02932
14n02933,3,66,26,3,637,634,2985,14n02933
14n02935,2,146,21,2,638,635,68,14n02935
14n02936,2,168,22,2,639,636,570,14n02936
14n03061,3,114,30,3,640,637,2205,14n03061
14n03062,2,138,21,2,641,638,76,14n03062
14n03063,3,70,30,3,642,639,905,14n03063
14n03064,2,140,20,2,643,640,1732,14n03064
14n03065,3,96,31,3,96,96,206,14n03065
14n03070,2,244,22,2,644,641,3229,14n03070
14n03071,2,132,20,2,645,642,851,14n03071
14n03072,2,174,22,2,646,643,1644,14n03072
14n03074,2,146,22,2,647,644,3993,14n03074
14n03076,3,152,27,3,648,645,883,14n03076
14n03100,2,176,22,2,129,129,545,14n03100
14n03110,2,128,22,2,649,646,2348,14n03110
14n03133,2,168,22,2,650,647,814,14n03133
14n03138,2,176,22,2,651,648,2368,14n03138
14n03139,3,88,31,3,652,649,892,14n03139
14n03158,2,114,22,2,653,650,4548,14n03158
14n03160,3,42,28,3,654,651,2919,14n03160
14n03161,2,144,22,2,655,652,313,14n03161
14n03172,2,246,24,2,656,653,621,14n03172
14n03177,2,344,24,2,657,654,1358,14n03177
14n03178,3,146,34,3,658,655,1679,14n03178
14n03183,2,246,24,2,659,656,1038,14n03183
14n03186,2,344,24,2,660,657,863,14n03186
14n03187,3,146,34,3,661,658,2247,14n03187
14n03234,2,242,24,2,662,659,339,14n03234
14n03235,2,288,24,2,663,660,4948,14n03235
14n03236,3,136,32,3,664,661,25,14n03236
14n03240,2,176,22,2,665,662,319,14n03240
14n03318,2,104,20,2,634,631,308,14n03318
14n03319,2,90,20,2,633,630,3968,14n03319
14n03328,2,146,21,2,638,635,68,14n03328
14n03329,3,66,26,3,637,634,2985,14n03329
14n03344,2,176,22,2,129,129,545,14n03344
14n03369,2,236,24,2,666,663,27,14n03369
14n03370,2,282,24,2,667,664,3674,14n03370
14n03371,3,130,32,3,668,665,333,14n03371
14n03406,2,190,23,2,669,666,78,14n03406
14n03407,2,190,23,2,669,666,78,14n03407
14n03418,2,226,24,2,670,667,970,14n03418
14n03421,2,316,24,2,671,668,869,14n03421
14n03422,3,126,34,3,672,669,2228,14n03422
14n03439,3,98,21,3,99,99,2333,14n03439
14n03443,2,278,24,2,673,670,13,14n03443
14n03444,2,360,24,2,674,671,3861,14n03444
14n03445,3,128,34,3,675,672,210,14n03445
14n03446,3,98,21,3,99,99,2333,14n03446
14n03448,2,174,22,2,676,673,1505,14n03448
14n03449,2,272,24,2,677,674,533,14n03449
14n03450,3,170,34,3,678,675,2933,14n03450
14n03462,3,70,30,3,642,639,905,14n03462
14n03463,2,140,20,2,643,640,1732,14n03463
14n03464,2,138,21,2,641,638,76,14n03464
14n03465,3,88,26,3,636,633,878,14n03465
14n03468,3,82,25,3,635,632,2194,14n03468
14n03469,2,146,22,2,647,644,3993,14n03469
14n03470,2,132,20,2,645,642,851,14n03470
14n03471,2,174,22,2,646,643,1644,14n03471
14n03510,3,66,30,3,632,629,2232,14n03510
14n03513,2,168,22,2,639,636,570,14n03513
14n03563,3,96,31,3,96,96,206,14n03563
14n03564,3,114,30,3,640,637,2205,14n03564
14n03567,3,152,27,3,648,645,883,14n03567
14n03568,2,244,22,2,644,641,3229,14n03568
14n03574,2,236,24,2,666,663,27,14n03574
14n03575,2,282,24,2,667,664,3674,14n03575
14n03576,3,130,32,3,668,665,333,14n03576
14n03616,2,246,24,2,679,676,1517,14n03616
14n03617,2,344,24,2,680,677,568,14n03617
14n03618,3,146,34,3,681,678,2973,14n03618
14n03620,2,246,24,2,659,656,1038,14n03620
14n03625,2,344,24,2,660,657,863,14n03625
14n03626,3,146,34,3,661,658,2247,14n03626
14n03695,2,128,22,2,649,646,2348,14n03695
14n03773,2,242,24,2,662,659,339,14n03773
14n03774,2,168,22,2,650,647,814,14n03774
14n03775,2,288,24,2,663,660,4948,14n03775
14n03776,3,136,32,3,664,661,25,14n03776
14n03777,2,176,22,2,651,648,2368,14n03777
14n03789,2,118,22,2,682,679,1168,14n03789
14n03823,2,226,24,2,670,667,970,14n03823
14n03824,2,316,24,2,671,668,869,14n03824
14n03825,3,126,34,3,672,669,2228,14n03825
14n03829,2,174,22,2,676,673,1505,14n03829
14n03830,2,272,24,2,677,674,533,14n03830
14n03831,3,170,34,3,678,675,2933,14n03831
14n03835,2,278,24,2,673,670,13,14n03835
14n03836,2,360,24,2,674,671,3861,14n03836
14n03837,3,128,34,3,675,672,210,14n03837
14n03857,2,190,22,2,683,680,1179,14n03857
14n03858,2,190,22,2,683,680,1179,14n03858
14n03872,2,226,24,2,684,681,1030,14n03872
14n03873,2,316,24,2,685,682,857,14n03873
14n03874,3,126,34,3,686,683,2242,14n03874
14n03877,2,118,22,2,682,679,1168,14n03877
14n04015,2,246,24,2,659,656,1038,14n04015
14n04016,2,344,24,2,660,657,863,14n04016
14n04017,3,146,34,3,661,658,2247,14n04017
14n04075,2,226,24,2,684,681,1030,14n04075
14n04076,2,316,24,2,685,682,857,14n04076
14n04077,3,126,34,3,686,683,2242,14n04077
14n04104,2,148,20,2,687,684,874,14n04104
14n04105,2,130,20,2,688,685,362,14n04105
14n04108,2,202,22,2,689,686,3391,14n04108
14n04109,3,108,31,3,690,687,1695,14n04109
14n04128,3,42,28,3,654,651,2919,14n04128
14n04133,2,144,22,2,655,652,313,14n04133
14n04206,3,88,31,3,652,649,892,14n04206
14n04209,2,114,22,2,653,650,4548,14n04209
14n04219,2,130,20,2,688,685,362,14n04219
14n04220,2,148,20,2,687,684,874,14n04220
14n04223,3,108,31,3,690,687,1695,14n04223
14n04224,2,202,22,2,689,686,3391,14n04224
14n04256,2,246,24,2,656,653,621,14n04256
14n04257,2,344,24,2,657,654,1358,14n04257
14n04258,3,146,34,3,658,655,1679,14n04258
14n04386,2,176,22,2,665,662,319,14n04386
14n04407,2,334,24,2,691,688,3384,14n04407
14n04408,3,168,32,3,692,689,1388,14n04408
14n04411,3,168,32,3,693,689,4743,14n04411
14n04412,2,334,24,2,694,688,2188,14n04412
14n04444,2,316,24,2,695,690,2398,14n04444
14n04445,3,146,33,3,696,691,2236,14n04445
14n04448,3,146,33,3,697,691,3983,14n04448
14n04449,2,316,24,2,698,690,3227,14n04449
14n04454,2,246,24,2,659,656,1038,14n04454
14n04455,2,344,24,2,660,657,863,14n04455
14n04456,3,146,34,3,661,658,2247,14n04456
14n04457,2,334,24,2,691,688,3384,14n04457
14n04458,3,168,32,3,692,689,1388,14n04458
14n04461,3,168,32,3,693,689,4743,14n04461
14n04462,2,334,24,2,694,688,2188,14n04462
14n04478,2,316,24,2,695,690,2398,14n04478
14n04479,3,146,33,3,696,691,2236,14n04479
14n04482,3,146,33,3,697,691,3983,14n04482
14n04483,2,316,24,2,698,690,3227,14n04483
14n04485,2,246,24,2,679,676,1517,14n04485
14n04486,2,344,24,2,680,677,568,14n04486
14n04487,3,146,34,3,681,678,2973,14n04487
14n04515,3,114,33,3,699,692,3235,14n04515
14n04544,3,162,33,3,700,693,2218,14n04544
14n04549,3,154,34,3,701,694,3249,14n04549
14n04553,2,356,24,2,702,695,4327,14n04553
14n04554,3,150,33,3,703,696,955,14n04554
14n04556,2,342,24,2,704,697,3408,14n04556
14n04557,3,212,33,3,705,698,1749,14n04557
14n04561,3,146,34,3,706,678,3327,14n04561
14n04562,3,146,34,3,706,678,3327,14n04562
14n04577,3,114,33,3,707,699,3870,14n04577
14n04578,2,262,24,2,708,700,2657,14n04578
14n04579,3,132,32,3,709,701,2284,14n04579
14n04583,3,114,33,3,707,699,3870,14n04583
14n04584,2,262,24,2,708,700,2657,14n04584
14n04585,3,132,32,3,709,701,2284,14n04585
14n04586,3,114,33,3,699,692,3235,14n04586
14n04608,2,356,24,2,702,695,4327,14n04608
14n04609,3,150,33,3,703,696,955,14n04609
14n04611,2,342,24,2,704,697,3408,14n04611
14n04612,3,212,33,3,705,698,1749,14n04612
14n04613,3,162,33,3,700,693,2218,14n04613
14n04616,3,154,34,3,701,694,3249,14n04616
14n04619,3,140,34,3,710,702,2265,14n04619
14n04625,3,140,34,3,710,702,2265,14n04625
14n04653,2,190,22,2,711,703,4004,14n04653
14n04654,2,190,22,2,711,703,4004,14n04654
14n04655,3,170,35,3,611,608,3917,14n04655
14n04657,2,240,24,2,712,704,5121,14n04657
14n04658,2,392,24,2,713,705,1867,14n04658
14n04659,3,192,35,3,613,610,4740,14n04659
14n04664,2,392,24,2,713,705,1867,14n04664
14n04665,2,240,24,2,712,704,5121,14n04665
14n04683,2,172,24,2,714,706,2345,14n04683
14n04684,2,172,24,2,714,706,2345,14n04684
14n04863,2,118,24,2,715,707,938,14n04863
14n04864,2,208,24,2,716,708,845,14n04864
14n04865,2,154,24,2,717,709,1591,14n04865
14n04884,2,118,24,2,715,707,938,14n04884
14n04885,2,208,24,2,716,708,845,14n04885
14n04886,2,154,24,2,717,709,1591,14n04886
14n04925,2,118,22,2,718,710,954,14n04925
14n04926,2,154,22,2,719,711,363,14n04926
14n04927,2,154,22,2,719,711,363,14n04927
14n04930,2,172,22,2,720,712,1340,14n04930
14n04931,2,172,22,2,720,712,1340,14n04931
14n04932,2,208,24,2,721,713,793,14n04932
14n04933,3,170,29,3,722,714,2198,14n04933
14n04934,3,132,32,3,723,715,1726,14n04934
14n04935,3,132,32,3,723,715,1726,14n04935
14n04938,2,226,24,2,724,716,3951,14n04938
14n04939,2,226,24,2,724,716,3951,14n04939
14n04963,2,196,24,2,725,717,1741,14n04963
14n04998,3,114,31,3,726,718,3931,14n04998
14n04999,3,114,31,3,726,718,3931,14n04999
14n05002,2,298,24,2,727,719,174,14n05002
14n05003,2,298,24,2,727,719,174,14n05003
14n05085,2,118,22,2,718,710,954,14n05085
14n05086,2,208,24,2,721,713,793,14n05086
14n05087,3,170,29,3,722,714,2198,14n05087
14n05119,2,208,22,2,728,720,36,14n05119
14n05120,2,136,20,2,729,721,323,14n05120
14n05121,2,118,20,2,730,722,1004,14n05121
14n05122,2,190,22,2,731,723,2856,14n05122
14n05125,2,262,24,2,732,724,651,14n05125
14n05127,3,98,31,3,733,725,3008,14n05127
14n05165,2,118,22,2,734,726,1448,14n05165
14n05166,2,208,24,2,735,727,516,14n05166
14n05167,3,170,29,3,736,728,2901,14n05167
14n05168,2,226,24,2,737,729,3300,14n05168
14n05169,3,132,32,3,738,730,2342,14n05169
14n05172,2,182,24,2,739,731,336,14n05172
14n05173,2,228,24,2,740,732,4947,14n05173
14n05174,3,76,32,3,741,733,24,14n05174
14n05190,2,118,22,2,734,726,1448,14n05190
14n05191,2,208,24,2,735,727,516,14n05191
14n05192,3,170,29,3,736,728,2901,14n05192
14n05193,2,226,24,2,737,729,3300,14n05193
14n05194,3,132,32,3,738,730,2342,14n05194
14n05281,2,196,24,2,725,717,1741,14n05281
14n05300,2,182,24,2,739,731,336,14n05300
14n05301,2,228,24,2,740,732,4947,14n05301
14n05302,3,76,32,3,741,733,24,14n05302
14n05463,3,82,26,3,742,734,2944,14n05463
14n05492,2,244,24,2,743,735,1704,14n05492
14n05493,3,96,32,3,744,736,199,14n05493
14n05494,2,136,20,2,729,721,323,14n05494
14n05495,2,208,22,2,728,720,36,14n05495
14n05496,2,190,22,2,731,723,2856,14n05496
14n05497,2,118,20,2,730,722,1004,14n05497
14n05498,3,114,32,3,745,737,2912,14n05498
14n05499,2,298,24,2,746,738,448,14n05499
14n05500,3,152,28,3,747,739,879,14n05500
14n05501,2,262,24,2,732,724,651,14n05501
14n05502,3,98,31,3,733,725,3008,14n05502
14n05515,3,82,26,3,742,734,2944,14n05515
14n05614,2,244,24,2,743,735,1704,14n05614
14n05615,3,114,32,3,745,737,2912,14n05615
14n05616,3,96,32,3,744,736,199,14n05616
14n05617,2,298,24,2,746,738,448,14n05617
14n05620,3,152,28,3,747,739,879,14n05620
14n05631,3,114,32,3,748,740,3927,14n05631
14n05632,3,114,32,3,748,740,3927,14n05632
14n05633,3,152,27,3,749,741,1381,14n05633
14n05634,3,114,32,3,748,740,3927,14n05634
14n05635,3,152,27,3,749,741,1381,14n05635
14n05646,2,244,24,2,750,742,3219,14n05646
14n05647,2,244,24,2,750,742,3219,14n05647
14n05654,2,244,24,2,750,742,3219,14n05654
14n05667,3,130,33,3,751,743,3243,14n05667
14n05670,3,186,33,3,752,744,2207,14n05670
14n05679,3,130,33,3,751,743,3243,14n05679
14n05682,3,186,33,3,752,744,2207,14n05682
14n05684,2,172,24,2,753,745,4712,14n05684
14n05685,2,172,24,2,753,745,4712,14n05685
14n05728,3,122,34,3,509,507,3913,14n05728
14n05732,2,200,22,2,754,746,4750,14n05732
14n05740,3,82,30,3,755,747,3254,14n05740
14n05743,2,212,24,2,756,748,4293,14n05743
14n05747,2,82,22,2,757,749,752,14n05747
14n05756,3,124,34,3,758,750,2264,14n05756
14n05760,2,200,22,2,754,746,4750,14n05760
14n05774,3,122,34,3,509,507,3913,14n05774
14n05780,3,124,34,3,758,750,2264,14n05780
14n05786,2,82,22,2,757,749,752,14n05786
14n05798,3,122,34,3,759,751,3259,14n05798
14n05802,3,82,30,3,755,747,3254,14n05802
14n05803,2,212,24,2,756,748,4293,14n05803
14n05817,3,122,34,3,759,751,3259,14n05817
14n05822,3,194,35,3,760,752,3994,14n05822
14n05827,3,170,35,3,761,753,2998,14n05827
14n05828,3,194,35,3,760,752,3994,14n05828
14n05830,3,170,35,3,761,753,2998,14n05830
14n05850,2,172,22,2,762,754,2622,14n05850
14n05851,2,172,22,2,762,754,2622,14n05851
14n05852,3,194,35,3,760,752,3994,14n05852
14n05854,2,202,22,2,763,755,1173,14n05854
14n05855,2,370,24,2,764,756,5036,14n05855
14n05856,3,170,35,3,761,753,2998,14n05856
14n05861,2,370,24,2,764,756,5036,14n05861
14n05862,2,202,22,2,763,755,1173,14n05862
14n05867,3,170,35,3,611,608,3917,14n05867
14n05868,3,192,35,3,613,610,4740,14n05868
14n05874,3,186,34,3,765,757,3987,14n05874
14n05878,3,186,34,3,765,757,3987,14n05878
14n05960,2,154,20,2,766,758,166,14n05960
14n05962,2,172,20,2,767,759,1377,14n05962
14n05966,3,132,31,3,768,760,1230,14n05966
14n05968,2,226,22,2,769,761,4043,14n05968
14n05970,2,130,22,2,770,762,3279,14n05970
14n05971,2,172,22,2,771,763,1966,14n05971
14n05972,2,232,24,2,772,764,1300,14n05972
14n05973,2,178,24,2,773,765,1151,14n05973
14n05974,2,244,24,2,774,766,1302,14n05974
14n05979,3,96,25,3,775,767,715,14n05979
14n06048,3,96,25,3,775,767,715,14n06048
14n06049,2,178,24,2,773,765,1151,14n06049
14n06050,2,232,24,2,772,764,1300,14n06050
14n06051,2,142,22,2,776,768,10,14n06051
14n06052,2,256,24,2,777,769,3813,14n06052
14n06053,2,202,24,2,778,770,51,14n06053
14n06054,2,142,22,2,776,768,10,14n06054
14n06055,2,256,24,2,777,769,3813,14n06055
14n06056,2,202,24,2,778,770,51,14n06056
14n06125,2,154,21,2,779,771,84,14n06125
14n06128,3,98,27,3,780,772,3928,14n06128
14n06137,3,106,25,3,781,773,5339,14n06137
14n06173,2,130,22,2,770,762,3279,14n06173
14n06174,2,172,22,2,771,763,1966,14n06174
14n06175,2,244,24,2,774,766,1302,14n06175
14n06180,2,154,20,2,766,758,166,14n06180
14n06181,2,172,20,2,767,759,1377,14n06181
14n06184,3,132,31,3,768,760,1230,14n06184
14n06185,2,226,22,2,769,761,4043,14n06185
14n06196,3,106,25,3,781,773,5339,14n06196
14n06197,2,154,21,2,779,771,84,14n06197
14n06198,3,98,27,3,780,772,3928,14n06198
14n06221,2,190,24,2,782,774,912,14n06221
14n06222,3,152,27,3,783,775,1980,14n06222
14n06223,3,114,32,3,784,776,1654,14n06223
14n06298,2,190,24,2,782,774,912,14n06298
14n06299,3,152,27,3,783,775,1980,14n06299
14n06300,3,114,32,3,784,776,1654,14n06300
14n06309,2,172,22,2,785,777,1739,14n06309
14n06322,2,172,22,2,785,777,1739,14n06322
14n06370,3,194,35,3,760,752,3994,14n06370
14n06371,3,170,35,3,761,753,2998,14n06371
14n06379,3,178,34,3,786,778,3976,14n06379
14n06383,3,178,34,3,786,778,3976,14n06383
14n06385,3,186,34,3,765,757,3987,14n06385
14n06388,3,186,34,3,765,757,3987,14n06388
14n06404,2,262,24,2,787,779,2121,14n06404
14n06405,2,262,24,2,787,779,2121,14n06405
14n06407,3,178,34,3,786,778,3976,14n06407
14n06410,3,178,34,3,786,778,3976,14n06410
14n06524,3,58,29,3,788,780,3698,14n06524
14n06531,3,58,28,3,789,781,2641,14n06531
14n06577,2,82,20,2,790,782,757,14n06577
14n06761,3,74,30,3,791,783,2642,14n06761
14n06945,3,58,29,3,792,784,1184,14n06945
14n06965,2,126,22,2,162,162,1589,14n06965
14n07205,3,96,32,3,793,785,4704,14n07205
14n07206,3,96,32,3,793,785,4704,14n07206
14n07209,2,154,24,2,794,786,1443,14n07209
14n07210,2,154,24,2,794,786,1443,14n07210
14n07212,3,76,32,3,795,787,4477,14n07212
14n07213,3,76,32,3,795,787,4477,14n07213
14n07216,2,244,24,2,796,788,1744,14n07216
14n07217,2,244,24,2,796,788,1744,14n07217
14n07218,2,208,24,2,797,789,815,14n07218
14n07223,2,208,24,2,797,789,815,14n07223
14n07280,2,148,22,2,178,177,3194,14n07280
14n07381,2,118,22,2,798,790,762,14n07381
14n07384,2,118,22,2,798,790,762,14n07384
14n07506,2,134,22,2,799,791,1454,14n07506
14n07559,2,134,22,2,799,791,1454,14n07559
14n07565,3,90,33,3,800,792,2644,14n07565
14n07566,2,190,24,2,801,793,962,14n07566
14n07567,2,208,24,2,802,794,4311,14n07567
14n07575,3,168,32,3,803,795,887,14n07575
14n07576,2,334,24,2,804,796,2700,14n07576
14n07577,3,130,33,3,805,797,2293,14n07577
14n07580,3,90,33,3,806,798,2222,14n07580
14n07586,2,154,23,2,807,799,73,14n07586
14n07592,3,146,33,3,808,800,1668,14n07592
14n07593,2,316,24,2,809,801,1782,14n07593
14n07594,3,186,33,3,810,802,3362,14n07594
14n07597,3,168,32,3,803,795,887,14n07597
14n07598,2,334,24,2,804,796,2700,14n07598
14n07599,3,130,33,3,805,797,2293,14n07599
14n07602,3,146,33,3,808,800,1668,14n07602
14n07603,2,316,24,2,809,801,1782,14n07603
14n07604,3,186,33,3,810,802,3362,14n07604
14n07617,3,114,32,3,811,803,2204,14n07617
14n07618,2,244,24,2,812,804,1203,14n07618
14n07628,3,114,32,3,811,803,2204,14n07628
14n07629,2,244,24,2,812,804,1203,14n07629
14n07630,3,98,27,3,780,772,3928,14n07630
14n07632,3,114,32,3,784,776,1654,14n07632
14n07636,2,168,22,2,813,805,2621,14n07636
14n07637,3,190,29,3,814,806,2903,14n07637
14n07638,2,284,25,2,815,807,5505,14n07638
14n07639,3,122,34,3,816,808,1434,14n07639
14n07648,3,110,25,3,817,809,5529,14n07648
14n07649,2,226,24,2,818,810,592,14n07649
14n07650,3,96,32,3,819,811,5230,14n07650
14n07671,3,90,33,3,806,798,2222,14n07671
14n07672,2,208,24,2,802,794,4311,14n07672
14n07673,2,190,24,2,801,793,962,14n07673
14n07674,3,90,33,3,800,792,2644,14n07674
14n07675,3,168,32,3,803,795,887,14n07675
14n07676,2,334,24,2,804,796,2700,14n07676
14n07677,3,130,33,3,805,797,2293,14n07677
14n07678,2,154,23,2,807,799,73,14n07678
14n07679,3,146,33,3,808,800,1668,14n07679
14n07680,2,316,24,2,809,801,1782,14n07680
14n07681,3,186,33,3,810,802,3362,14n07681
14n07682,3,168,32,3,803,795,887,14n07682
14n07683,2,334,24,2,804,796,2700,14n07683
14n07684,3,130,33,3,805,797,2293,14n07684
14n07685,3,146,33,3,808,800,1668,14n07685
14n07686,2,316,24,2,809,801,1782,14n07686
14n07687,3,186,33,3,810,802,3362,14n07687
14n07688,2,168,22,2,813,805,2621,14n07688
14n07689,3,190,29,3,814,806,2903,14n07689
14n07690,2,284,25,2,815,807,5505,14n07690
14n07691,3,122,34,3,816,808,1434,14n07691
14n08091,2,50,19,2,820,812,303,14n08091
14n08131,3,42,28,3,821,813,3868,14n08131
14n08165,2,170,24,2,822,814,3946,14n08165
14n08212,2,26,16,2,0,0,1580,14n08212
14n08218,2,126,22,2,614,611,3933,14n08218
14n08225,3,130,23,3,823,815,3062,14n08225
14n08226,2,336,24,2,824,816,3854,14n08226
14n08273,3,42,28,3,825,817,1581,14n08273
14n08307,2,126,22,2,128,128,948,14n08307
14n08309,2,176,24,2,20,20,1194,14n08309
14n08547,2,140,22,2,826,818,2233,14n08547
14n08553,2,148,22,2,827,819,5098,14n08553
14n08554,2,50,18,2,1,1,2643,14n08554
14n08573,2,246,24,2,828,820,3372,14n08573
14n08644,3,142,31,3,829,821,5052,14n08644
14n08659,2,82,20,2,25,25,1153,14n08659
14n08778,2,126,24,2,21,21,939,14n08778
14n08780,2,176,24,2,22,22,1226,14n08780
14n08782,2,76,20,2,123,123,2260,14n08782
14n08809,2,148,22,2,830,822,3071,14n08809
14n08951,3,110,27,3,831,823,2648,14n08951
14n08954,2,184,22,2,832,824,848,14n08954
14n09023,3,162,35,3,833,825,3925,14n09023
14n09135,3,172,27,3,834,826,4465,14n09135
14n09149,2,266,24,2,835,827,4046,14n09149
14n09473,2,288,24,2,836,828,4784,14n09473
14n09663,2,126,22,2,128,128,948,14n09663
14n09766,2,226,24,2,837,829,1031,14n09766
14n09773,3,162,35,3,833,825,3925,14n09773
14n09829,3,82,30,3,755,747,3254,14n09829
14n10002,3,126,34,3,838,830,3266,14n10002
14n10110,3,74,30,3,791,783,2642,14n10110
14n10426,2,290,24,2,839,831,4139,14n10426
14n10502,2,186,24,2,840,832,4003,14n10502
14n10503,3,118,33,3,841,833,3264,14n10503
14n10504,2,362,24,2,842,834,2888,14n10504
14n10668,3,90,33,3,843,835,2241,14n10668
14n10669,3,90,33,3,843,835,2241,14n10669
14n10678,2,226,24,2,844,836,1620,14n10678
14n10682,2,226,24,2,844,836,1620,14n10682
14n10685,2,126,22,2,614,611,3933,14n10685
14n10806,3,130,23,3,823,815,3062,14n10806
14n10807,2,336,24,2,824,816,3854,14n10807
14n10997,3,106,33,3,845,837,1673,14n10997
14n10999,2,82,20,2,846,838,496,14n10999
14n11004,2,154,22,2,847,839,3287,14n11004
14n11005,2,226,24,2,848,840,5013,14n11005
14n11063,3,162,35,3,833,825,3925,14n11063
14n11244,2,86,20,2,5,5,2072,14n11244
14n11364,3,134,27,3,849,841,2896,14n11364
14n11365,2,208,24,2,850,842,4292,14n11365
14n11428,2,148,22,2,827,819,5098,14n11428
14n11429,2,50,18,2,1,1,2643,14n11429
14n11432,2,246,24,2,828,820,3372,14n11432
14n11437,2,78,20,2,851,843,756,14n11437
14n11520,3,90,31,3,852,844,2963,14n11520
14n11588,2,126,22,2,614,611,3933,14n11588
14n11616,2,176,24,2,612,609,5102,14n11616
14n11619,2,174,23,2,853,845,5404,14n11619
14n11639,2,186,24,2,840,832,4003,14n11639
14n11640,2,362,24,2,842,834,2888,14n11640
14n11641,3,118,33,3,841,833,3264,14n11641
14n11679,3,112,34,3,854,846,4489,14n11679
14n11680,3,162,35,3,833,825,3925,14n11680
14n11740,3,126,34,3,838,830,3266,14n11740
14n11742,2,126,20,2,560,557,2118,14n11742
14n11800,2,136,22,2,855,847,468,14n11800
14n11801,2,136,22,2,855,847,468,14n11801
14n11981,3,112,34,3,854,846,4489,14n11981
14n11995,2,26,16,2,856,6,2634,14n11995
14n12031,2,148,22,2,857,848,514,14n12031
14n12045,2,76,21,2,618,615,5059,14n12045
14n12099,2,244,24,2,858,849,3202,14n12099
14n12101,3,158,34,3,859,850,2324,14n12101
14n12103,2,244,24,2,860,851,1754,14n12103
14n12143,2,140,22,2,826,818,2233,14n12143
14n12187,2,206,20,2,861,852,2178,14n12187
14n12272,3,130,32,3,862,853,3972,14n12272
14n12346,3,112,33,3,863,854,4481,14n12346
14n12349,3,142,34,3,864,855,3324,14n12349
14n12396,2,164,24,2,865,856,4291,14n12396
14n12492,3,140,34,3,866,857,3253,14n12492
14n12705,2,226,24,2,867,858,1604,14n12705
14n12819,2,74,20,2,2,2,2070,14n12819
14n13015,2,196,22,2,868,859,2373,14n13015
14n13017,3,124,31,3,869,860,3864,14n13017
14n13072,3,42,28,3,821,813,3868,14n13072
14n13143,3,70,31,3,870,861,4691,14n13143
14n13281,3,150,32,3,871,862,2914,14n13281
14n13284,3,124,33,3,872,863,3897,14n13284
14n13363,2,110,22,2,873,864,1441,14n13363
14n13380,3,164,33,3,874,865,3887,14n13380
14n13394,2,214,22,2,875,866,3364,14n13394
14n13396,3,142,27,3,876,867,2906,14n13396
14n13437,2,196,22,2,868,859,2373,14n13437
14n13439,3,124,31,3,869,860,3864,14n13439
14n13580,2,214,22,2,875,866,3364,14n13580
14n13581,3,142,27,3,876,867,2906,14n13581
14n14086,3,146,34,3,681,678,2973,14n14086
14n14119,3,164,33,3,877,868,1842,14n14119
14n14122,2,154,22,2,878,869,1172,14n14122
14n14123,3,98,27,3,879,870,2196,14n14123
14n14134,3,98,32,3,880,871,3232,14n14134
14n14139,2,262,24,2,881,872,2176,14n14139
14n14148,2,82,20,2,882,873,2086,14n14148
14n14149,2,82,22,2,883,874,753,14n14149
14n14150,2,82,20,2,882,873,2086,14n14150
14n14151,2,82,22,2,883,874,753,14n14151
14n14153,3,96,32,3,884,875,188,14n14153
14n14154,2,228,24,2,885,876,3757,14n14154
14n14155,3,106,32,3,886,877,9,14n14155
14n14162,2,100,22,2,887,878,2056,14n14162
14n14165,2,118,22,2,888,879,1154,14n14165
14n14169,2,100,22,2,887,878,2056,14n14169
14n14177,3,142,34,3,889,880,2249,14n14177
14n14192,2,154,22,2,890,881,4282,14n14192
14n14196,2,172,22,2,891,882,569,14n14196
14n14203,2,284,24,2,892,883,2390,14n14203
14n14204,2,318,24,2,893,884,2167,14n14204
14n14205,3,122,34,3,894,885,3898,14n14205
14n14208,3,120,26,3,895,886,5521,14n14208
14n14209,3,124,33,3,896,887,4479,14n14209
14n14210,2,256,24,2,897,888,819,14n14210
14n14212,2,226,24,2,898,889,1614,14n14212
14n14213,2,226,24,2,898,889,1614,14n14213
14n14215,3,98,32,3,880,871,3232,14n14215
14n14220,2,262,24,2,881,872,2176,14n14220
14n14222,2,226,24,2,899,889,4007,14n14222
14n14224,3,124,33,3,896,887,4479,14n14224
14n14225,2,256,24,2,897,888,819,14n14225
14n14226,2,346,24,2,900,890,5043,14n14226
14n14227,2,222,24,2,901,891,1508,14n14227
14n14228,2,260,24,2,902,892,3205,14n14228
14n14286,3,164,33,3,877,868,1842,14n14286
14n14287,3,98,27,3,879,870,2196,14n14287
14n14288,2,154,22,2,878,869,1172,14n14288
14n14292,2,118,22,2,888,879,1154,14n14292
14n14313,3,106,33,3,903,893,3908,14n14313
14n14315,2,346,24,2,900,890,5043,14n14315
14n14318,3,124,33,3,904,894,1717,14n14318
14n14319,3,106,33,3,903,893,3908,14n14319
14n14322,3,150,32,3,905,895,2664,14n14322
14n14327,3,96,32,3,884,875,188,14n14327
14n14328,2,228,24,2,885,876,3757,14n14328
14n14329,3,106,32,3,886,877,9,14n14329
14n14330,3,142,34,3,889,880,2249,14n14330
14n14331,3,124,33,3,904,894,1717,14n14331
14n14332,3,150,32,3,905,895,2664,14n14332
14n14333,2,172,22,2,891,882,569,14n14333
14n14334,2,154,22,2,890,881,4282,14n14334
14n14335,2,222,24,2,901,891,1508,14n14335
14n14336,2,260,24,2,902,892,3205,14n14336
14n14340,2,284,24,2,892,883,2390,14n14340
14n14341,2,318,24,2,893,884,2167,14n14341
14n14342,3,122,34,3,894,885,3898,14n14342
14n14497,2,148,22,2,857,848,514,14n14497
14n14577,3,124,32,3,906,896,3876,14n14577
14n14589,2,206,24,2,907,897,1497,14n14589
14n14590,2,258,24,2,908,898,2120,14n14590
14n14654,2,252,24,2,909,899,2364,14n14654
14n14655,2,296,24,2,910,900,1345,14n14655
14n14656,3,116,34,3,911,901,4695,14n14656
14n14662,2,206,24,2,907,897,1497,14n14662
14n14663,2,258,24,2,908,898,2120,14n14663
14n14684,2,252,24,2,909,899,2364,14n14684
14n14685,2,296,24,2,910,900,1345,14n14685
14n14686,3,116,34,3,911,901,4695,14n14686
14n14687,2,192,24,2,912,902,1729,14n14687
14n14688,2,140,24,2,913,903,2611,14n14688
14n14780,3,116,27,3,914,904,3863,14n14780
14n14786,2,208,24,2,915,905,5079,14n14786
14n14787,2,172,22,2,916,906,1232,14n14787
14n14788,3,146,33,3,917,907,3332,14n14788
14n14793,2,154,22,2,918,908,1600,14n14793
14n14799,2,50,19,2,820,812,303,14n14799
14n14893,3,116,27,3,914,904,3863,14n14893
14n14894,2,208,24,2,915,905,5079,14n14894
14n14895,2,172,22,2,916,906,1232,14n14895
14n14896,3,146,33,3,917,907,3332,14n14896
14n14897,2,154,22,2,918,908,1600,14n14897
14n15013,3,98,31,3,919,909,3001,14n15013
14n15014,3,116,27,3,920,910,4462,14n15014
14n15017,2,208,24,2,921,911,4725,14n15017
14n15018,3,146,33,3,922,912,3980,14n15018
14n15021,2,154,22,2,923,913,1162,14n15021
14n15068,3,120,26,3,895,886,5521,14n15068
14n15087,3,98,31,3,919,909,3001,14n15087
14n15088,3,116,27,3,920,910,4462,14n15088
14n15089,2,208,24,2,921,911,4725,14n15089
14n15090,3,146,33,3,922,912,3980,14n15090
14n15091,2,154,22,2,923,913,1162,14n15091
14n15139,3,42,28,3,825,817,1581,14n15139
14n15185,2,298,24,2,924,914,623,14n15185
14n15186,2,298,24,2,924,914,623,14n15186
14n15227,2,226,24,2,899,889,4007,14n15227
14n15228,2,226,24,2,898,889,1614,14n15228
14n15247,3,106,32,3,925,915,1677,14n15247
14n15382,2,126,22,2,926,916,5402,14n15382
14n15420,2,208,24,2,850,842,4292,14n15420
14n15421,3,134,27,3,849,841,2896,14n15421
14n15489,3,42,24,3,927,917,497,14n15489
14n15630,3,128,33,3,928,918,5067,14n15630
14n15681,3,42,23,3,929,919,3683,14n15681
14n15694,2,192,24,2,912,902,1729,14n15694
14n15695,2,140,24,2,913,903,2611,14n15695
14n15727,2,218,24,2,930,920,2666,14n15727
14n15728,2,174,24,2,931,921,1625,14n15728
14n15729,3,82,33,3,932,922,4469,14n15729
14n15756,2,218,24,2,930,920,2666,14n15756
14n15757,2,174,24,2,931,921,1625,14n15757
14n15758,3,82,33,3,932,922,4469,14n15758
14n15975,3,128,33,3,928,918,5067,14n15975
14n16057,2,134,22,2,933,923,910,14n16057
14n16103,3,126,32,3,934,924,598,14n16103
14n16107,2,244,24,2,935,925,3806,14n16107
14n16114,3,128,33,3,936,926,4710,14n16114
14n16164,2,126,24,2,615,612,5233,14n16164
14n16166,2,176,24,2,616,613,5070,14n16166
14n16168,3,128,33,3,936,926,4710,14n16168
14n16358,2,126,22,2,926,916,5402,14n16358
14n16455,3,148,33,3,937,927,1728,14n16455
14n16457,2,226,24,2,938,928,5033,14n16457
14n16547,3,122,33,3,939,929,2255,14n16547
14n16624,2,90,20,2,3,3,2087,14n16624
14n16632,2,226,24,2,867,858,1604,14n16632
14n16669,3,122,33,3,939,929,2255,14n16669
14n16798,3,146,34,3,706,678,3327,14n16798
14n17078,2,154,22,2,847,839,3287,14n17078
14n17080,3,124,33,3,872,863,3897,14n17080
14n17184,3,130,33,3,751,743,3243,14n17184
14n17185,3,186,33,3,752,744,2207,14n17185
14n17186,3,130,33,3,751,743,3243,14n17186
14n17187,3,186,33,3,752,744,2207,14n17187
14n17306,2,82,20,2,790,782,757,14n17306
14n17410,2,244,24,2,940,930,3200,14n17410
14n17480,2,174,23,2,853,845,5404,14n17480
14n17500,3,138,33,3,941,931,3963,14n17500
14n17502,2,244,24,2,942,932,3207,14n17502
14n17527,2,226,24,2,938,928,5033,14n17527
14n17661,3,146,34,3,706,678,3327,14n17661
14n17686,3,70,31,3,870,861,4691,14n17686
14n17770,2,134,22,2,933,923,910,14n17770
14n17860,3,146,34,3,681,678,2973,14n17860
14n17939,2,208,24,2,943,933,811,14n17939
14n17941,3,162,33,3,944,934,606,14n17941
14n17942,2,196,24,2,945,935,3021,14n17942
14n17945,2,208,24,2,943,933,811,14n17945
14n17946,2,196,24,2,945,935,3021,14n17946
14n17952,2,118,24,2,946,936,1152,14n17952
14n17961,2,118,24,2,946,936,1152,14n17961
14n17986,2,172,22,2,947,937,2625,14n17986
14n17994,2,252,24,2,948,938,2387,14n17994
14n17997,2,290,24,2,949,939,2128,14n17997
14n17998,3,156,33,3,950,940,3886,14n17998
14n18005,3,126,32,3,951,941,5055,14n18005
14n18012,3,126,32,3,951,941,5055,14n18012
14n18013,2,172,22,2,947,937,2625,14n18013
14n18015,3,162,33,3,944,934,606,14n18015
14n18016,2,252,24,2,948,938,2387,14n18016
14n18017,2,290,24,2,949,939,2128,14n18017
14n18018,3,156,33,3,950,940,3886,14n18018
14n18025,2,276,24,2,952,942,1775,14n18025
14n18134,2,244,24,2,940,930,3200,14n18134
14n18524,2,178,24,2,953,943,327,14n18524
14n18537,2,244,24,2,954,548,1755,14n18537
14n18711,2,244,24,2,942,932,3207,14n18711
14n18715,3,138,33,3,941,931,3963,14n18715
14n18803,2,126,22,2,955,944,1449,14n18803
14n18807,2,178,24,2,953,943,327,14n18807
14n18821,2,126,22,2,955,944,1449,14n18821
14n18823,2,244,24,2,858,849,3202,14n18823
14n18853,3,110,25,3,817,809,5529,14n18853
14n18854,3,96,32,3,819,811,5230,14n18854
14n18855,2,226,24,2,818,810,592,14n18855
14n18858,3,142,31,3,829,821,5052,14n18858
14n18863,2,184,22,2,832,824,848,14n18863
14n18865,3,110,27,3,831,823,2648,14n18865
14n18872,2,164,24,2,865,856,4291,14n18872
14n18877,3,172,27,3,834,826,4465,14n18877
14n18882,2,196,22,2,868,859,2373,14n18882
14n18884,3,124,31,3,869,860,3864,14n18884
14n18887,2,110,22,2,873,864,1441,14n18887
14n18888,2,214,22,2,875,866,3364,14n18888
14n18890,3,142,27,3,876,867,2906,14n18890
14n18899,2,196,22,2,868,859,2373,14n18899
14n18900,3,124,31,3,869,860,3864,14n18900
14n18902,2,214,22,2,875,866,3364,14n18902
14n18903,3,142,27,3,876,867,2906,14n18903
14n18947,3,138,33,3,956,945,1714,14n18947
14n19018,2,110,22,2,957,946,754,14n19018
14n19098,3,90,31,3,852,844,2963,14n19098
14n19101,2,226,24,2,848,840,5013,14n19101
14n19115,2,266,24,2,835,827,4046,14n19115
14n19250,2,288,24,2,836,828,4784,14n19250
14n19384,3,164,33,3,874,865,3887,14n19384
14n19385,2,82,20,2,846,838,496,14n19385
14n19386,3,140,34,3,866,857,3253,14n19386
14n19387,2,244,24,2,860,851,1754,14n19387
14n19388,3,142,34,3,864,855,3324,14n19388
14n19389,3,112,33,3,863,854,4481,14n19389
14n19390,3,106,33,3,845,837,1673,14n19390
14n19391,3,150,32,3,871,862,2914,14n19391
14n19392,3,158,34,3,859,850,2324,14n19392
14n19458,3,126,32,3,934,924,598,14n19458
14n19459,2,244,24,2,935,925,3806,14n19459
14n19733,3,138,33,3,956,945,1714,14n19733
14n19744,3,142,33,3,958,947,600,14n19744
14n19758,3,142,33,3,958,947,600,14n19758
14n19932,3,148,33,3,937,927,1728,14n19932
14n20027,2,244,24,2,954,548,1755,14n20027
14n20115,3,110,33,3,959,948,107,14n20115
14n20141,3,146,33,3,960,949,5326,14n20141
14n20142,3,124,27,3,961,950,5221,14n20142
14n20174,3,146,33,3,960,949,5326,14n20174
14n20175,3,124,27,3,961,950,5221,14n20175
14n20267,3,110,33,3,959,948,107,14n20267
14n20270,3,186,33,3,962,951,2239,14n20270
14n20286,3,186,33,3,962,951,2239,14n20286
14n20364,3,72,23,3,963,952,4,14n20364
14n20365,2,132,20,2,964,953,1964,14n20365
14n20370,2,190,22,2,965,954,969,14n20370
14n20371,2,134,20,2,966,955,2663,14n20371
14n20372,2,144,22,2,967,956,509,14n20372
14n20379,3,146,34,3,968,957,3711,14n20379
14n20386,3,166,27,3,969,958,4264,14n20386
14n20396,2,132,20,2,964,953,1964,14n20396
14n20397,3,72,23,3,963,952,4,14n20397
14n20402,3,160,27,3,970,959,5222,14n20402
14n20414,2,144,22,2,967,956,509,14n20414
14n20415,2,134,20,2,966,955,2663,14n20415
14n20433,2,190,22,2,965,954,969,14n20433
14n20434,3,160,27,3,970,959,5222,14n20434
14n20449,3,146,34,3,661,658,2247,14n20449
14n20469,3,166,27,3,969,958,4264,14n20469
14n20517,3,146,34,3,968,957,3711,14n20517
14n20550,3,146,34,3,661,658,2247,14n20550
14n20558,3,234,34,3,971,960,4129,14n20558
14n20571,3,234,34,3,971,960,4129,14n20571
14n20585,3,164,34,3,972,961,5094,14n20585
14n20586,3,164,34,3,972,961,5094,14n20586
14n20609,2,244,24,2,973,962,2305,14n20609
14n20610,2,244,24,2,973,962,2305,14n20610
14n20628,3,106,27,3,974,963,4262,14n20628
14n20654,3,106,27,3,974,963,4262,14n20654
14n20700,3,156,34,3,975,964,1721,14n20700
14n20701,3,156,34,3,975,964,1721,14n20701
14n20740,3,134,27,3,976,965,3690,14n20740
14n20742,2,208,22,2,977,966,571,14n20742
14n20786,3,134,27,3,976,965,3690,14n20786
14n20787,2,208,22,2,977,966,571,14n20787
14n20837,3,208,34,3,978,967,4385,14n20837
14n20838,3,152,34,3,979,968,5465,14n20838
14n20840,3,208,34,3,978,967,4385,14n20840
14n20841,3,152,34,3,979,968,5465,14n20841
14n20870,3,154,34,3,980,969,2976,14n20870
14n20871,3,214,34,3,981,970,648,14n20871
14n20873,3,154,34,3,980,969,2976,14n20873
14n20874,3,214,34,3,981,970,648,14n20874
14n20890,3,164,34,3,972,961,5094,14n20890
14n20894,3,164,34,3,972,961,5094,14n20894
14n20899,3,156,34,3,975,964,1721,14n20899
14n20903,3,156,34,3,975,964,1721,14n20903
14n20908,3,186,33,3,962,951,2239,14n20908
14n20917,3,186,33,3,962,951,2239,14n20917
14n20922,3,234,34,3,971,960,4129,14n20922
14n20928,3,234,34,3,971,960,4129,14n20928
14n21260,2,290,24,2,839,831,4139,14n21260
14n21678,3,114,31,3,982,971,3969,14n21678
14n21996,3,114,31,3,982,971,3969,14n21996
14n22037,3,194,33,3,983,972,3515,14n22037
14n22147,2,148,22,2,827,819,5098,14n22147
14n22150,2,50,20,2,984,973,4963,14n22150
14n22185,4,26,23,4,985,974,2911,14n22185
14n22203,3,68,29,3,986,975,1406,14n22203
14n22225,3,124,32,3,906,896,3876,14n22225
14n22227,3,84,29,3,987,976,3892,14n22227
14n22485,3,84,29,3,987,976,3892,14n22485
14n22589,4,26,23,4,988,977,2897,14n22589
14n22590,3,68,29,3,986,975,1406,14n22590
14n22785,2,126,24,2,615,612,5233,14n22785
14n22786,2,176,24,2,616,613,5070,14n22786
14n22787,2,76,21,2,618,615,5059,14n22787
14n22789,2,26,18,2,619,616,4956,14n22789
14n23057,3,194,33,3,983,972,3515,14n23057
14n23114,3,106,32,3,925,915,1677,14n23114
14n23118,3,90,31,3,989,978,1670,14n23118
14n23325,3,98,32,3,990,979,1676,14n23325
14n24240,2,76,21,2,618,615,5059,14n24240
14n24246,2,26,18,2,619,616,4956,14n24246
14n25511,2,170,24,2,822,814,3946,14n25511
14n26065,2,206,20,2,861,852,2178,14n26065
14n26223,2,126,20,2,560,557,2118,14n26223
14n26594,3,124,32,3,991,980,899,14n26594
14n27107,2,126,20,2,560,557,2118,14n27107
14n27191,2,226,24,2,992,981,5243,14n27191
15a00023,2,766,30,2,993,982,4101,15a00023
15a00028,2,766,30,2,993,982,4101,15a00028
15a00031,2,766,30,2,994,983,4635,15a00031
15a00034,2,766,30,2,994,983,4635,15a00034
15a00089,2,884,30,2,995,984,2559,15a00089
15a00091,2,878,30,2,996,985,1092,15a00091
15a00092,2,624,30,2,997,986,1267,15a00092
15a00093,2,884,30,2,995,984,2559,15a00093
15a00107,2,672,30,2,998,987,5371,15a00107
15a00108,2,920,30,2,999,988,2562,15a00108
15a00123,2,920,30,2,999,988,2562,15a00123
15a00124,2,672,30,2,998,987,5371,15a00124
15a00169,2,878,30,2,996,985,1092,15a00169
15a00170,2,624,30,2,997,986,1267,15a00170
15a00185,2,676,30,2,1000,989,3169,15a00185
15a00195,2,676,30,2,1000,989,3169,15a00195
15a00196,2,676,30,2,1001,990,2536,15a00196
15a00199,2,676,30,2,1001,990,2536,15a00199
15a00210,2,748,30,2,1002,991,5150,15a00210
15a00215,2,748,30,2,1002,991,5150,15a00215
15a00218,2,748,30,2,1003,992,4832,15a00218
15a00221,2,748,30,2,1003,992,4832,15a00221
15a00255,2,882,30,2,1004,993,4105,15a00255
15a00302,2,888,30,2,1005,994,5197,15a00302
15a00303,2,638,30,2,1006,995,4992,15a00303
15a00321,2,882,30,2,1004,993,4105,15a00321
15a00322,2,888,30,2,1005,994,5197,15a00322
15a00323,2,638,30,2,1006,995,4992,15a00323
15a00413,2,876,30,2,1007,996,2558,15a00413
15a00419,2,876,30,2,1007,996,2558,15a00419
15a00486,2,886,30,2,1008,997,4657,15a00486
15a00498,2,1030,30,2,1009,998,3607,15a00498
15a00499,2,1030,30,2,1010,999,4216,15a00499
15a00503,2,920,30,2,1011,1000,1891,15a00503
15a00510,2,694,30,2,1012,1001,378,15a00510
15a00532,2,920,30,2,1011,1000,1891,15a00532
15a00549,2,684,30,2,1013,1002,1271,15a00549
15a00563,2,946,30,2,1014,1003,4123,15a00563
15a00566,2,982,30,2,1015,1004,1113,15a00566
15a00567,2,910,30,2,1016,1005,4659,15a00567
15a00590,2,684,30,2,1013,1002,1271,15a00590
15a00622,2,1030,30,2,1017,1006,4661,15a00622
15a00623,2,1030,30,2,1010,999,4216,15a00623
15a00666,2,694,30,2,1012,1001,378,15a00666
15a00689,2,946,30,2,1014,1003,4123,15a00689
15a00691,2,910,30,2,1016,1005,4659,15a00691
15a00693,2,982,30,2,1015,1004,1113,15a00693
15a00715,2,946,30,2,1018,1007,4215,15a00715
15a00763,2,1030,30,2,1010,999,4216,15a00763
15a00786,2,946,30,2,1018,1007,4215,15a00786
15a00801,2,942,30,2,1019,1008,1095,15a00801
15a00842,2,886,30,2,1008,997,4657,15a00842
15a00868,2,1030,30,2,1009,998,3607,15a00868
15a00899,2,942,30,2,1019,1008,1095,15a00899
15a00901,2,826,30,2,1020,1009,1091,15a00901
15a00930,2,1030,30,2,1010,999,4216,15a00930
15a00940,2,1030,30,2,1017,1006,4661,15a00940
15a01027,2,766,30,2,1021,1010,4173,15a01027
15a01040,2,766,30,2,1021,1010,4173,15a01040
15a01056,2,766,30,2,1022,1011,4118,15a01056
15a01078,2,776,30,2,1023,1012,2437,15a01078
15a01122,2,766,30,2,1022,1011,4118,15a01122
15a01142,2,748,30,2,1024,1013,4822,15a01142
15a01143,2,748,30,2,1024,1013,4822,15a01143
15a01144,2,766,30,2,1025,1014,4642,15a01144
15a01145,2,594,30,2,1026,1015,376,15a01145
15a01151,2,766,30,2,1025,1014,4642,15a01151
15a01166,2,838,30,2,1027,1016,1086,15a01166
15a01188,2,594,30,2,1026,1015,376,15a01188
15a01217,2,776,30,2,1023,1012,2437,15a01217
15a01260,2,838,30,2,1027,1016,1086,15a01260
15a01274,2,838,30,2,1028,1017,3482,15a01274
15a01288,2,676,30,2,1029,1018,3124,15a01288
15a01296,2,958,30,2,1030,1019,4208,15a01296
15a01304,2,776,30,2,1031,1020,1796,15a01304
15a01309,2,748,30,2,1032,1021,4808,15a01309
15a01320,2,776,30,2,1023,1012,2437,15a01320
15a01324,2,676,30,2,1029,1018,3124,15a01324
15a01335,2,958,30,2,1030,1019,4208,15a01335
15a01345,2,838,30,2,1028,1017,3482,15a01345
15a01347,2,776,30,2,1023,1012,2437,15a01347
15a01369,2,748,30,2,1032,1021,4808,15a01369
15a01383,2,748,30,2,1033,1022,5131,15a01383
15a01389,2,748,30,2,1033,1022,5131,15a01389
15a01398,2,776,30,2,1031,1020,1796,15a01398
15a01416,2,748,30,2,1033,1022,5131,15a01416
15a01442,2,862,30,2,1034,1023,3584,15a01442
15a01444,2,772,30,2,1035,1024,3749,15a01444
15a01477,2,968,30,2,1036,1025,2564,15a01477
15a01485,2,772,30,2,1035,1024,3749,15a01485
15a01486,2,958,30,2,1037,1026,1137,15a01486
15a01487,2,658,30,2,1038,1027,1531,15a01487
15a01488,2,968,30,2,1036,1025,2564,15a01488
15a01490,2,658,30,2,1038,1027,1531,15a01490
15a01491,2,958,30,2,1037,1026,1137,15a01491
15a01527,2,868,30,2,1039,1028,5378,15a01527
15a01545,2,862,30,2,1034,1023,3584,15a01545
15a01552,2,868,30,2,1039,1028,5378,15a01552
15a01557,2,658,30,2,1040,1029,986,15a01557
15a01599,2,658,30,2,1041,1030,1475,15a01599
15a01600,2,460,30,2,1042,1031,1698,15a01600
15a01613,2,658,30,2,1040,1029,986,15a01613
15a01614,2,460,30,2,1042,1031,1698,15a01614
15a01617,2,658,30,2,1041,1030,1475,15a01617
15a01618,2,658,30,2,1041,1030,1475,15a01618
15a01663,2,688,30,2,1043,1032,5160,15a01663
15a01664,2,904,30,2,1044,1033,1917,15a01664
15a01679,2,904,30,2,1044,1033,1917,15a01679
15a01680,2,688,30,2,1043,1032,5160,15a01680
15a01714,2,712,30,2,1045,1034,5187,15a01714
15a01723,2,712,30,2,1045,1034,5187,15a01723
15a01724,2,712,30,2,1046,1035,4876,15a01724
15a01726,2,712,30,2,1046,1035,4876,15a01726
15a01806,2,986,30,2,1047,1036,666,15a01806
15a01807,2,986,30,2,1047,1036,666,15a01807
15a01815,2,766,30,2,1048,1037,4108,15a01815
15a01819,2,766,30,2,1048,1037,4108,15a01819
15a01822,2,766,30,2,1049,1038,3506,15a01822
15a01825,2,766,30,2,1049,1038,3506,15a01825
15a01854,2,768,30,2,1050,1039,1290,15a01854
15a01864,2,996,30,2,1051,1040,288,15a01864
15a01867,2,804,30,2,1052,1041,2491,15a01867
15a01870,2,996,30,2,1051,1040,288,15a01870
15a01872,2,818,30,2,1053,1042,1543,15a01872
15a01885,2,706,30,2,1054,1043,3453,15a01885
15a01890,2,1004,30,2,1055,1044,5217,15a01890
15a01891,2,700,30,2,1056,1045,3137,15a01891
15a01892,2,858,30,2,1057,1046,3613,15a01892
15a01893,2,922,30,2,1058,1047,3511,15a01893
15a01894,2,846,30,2,1059,1048,4662,15a01894
15a01895,2,922,30,2,1058,1047,3511,15a01895
15a01896,2,912,30,2,1060,1049,4905,15a01896
15a01897,2,646,30,2,1061,1050,4638,15a01897
15a01900,2,706,30,2,1054,1043,3453,15a01900
15a01903,2,1040,30,2,1062,1051,2577,15a01903
15a01904,2,1002,30,2,1063,1052,3622,15a01904
15a01911,2,800,30,2,1064,1053,285,15a01911
15a01913,2,886,30,2,1065,1054,1138,15a01913
15a01914,2,820,30,2,1066,1055,494,15a01914
15a01929,2,800,30,2,1064,1053,285,15a01929
15a01949,2,542,30,2,1067,1056,351,15a01949
15a01950,2,826,30,2,1068,1057,645,15a01950
15a01963,2,826,30,2,1020,1009,1091,15a01963
15a01968,2,814,30,2,1069,1058,4199,15a01968
15a01983,2,814,30,2,1069,1058,4199,15a01983
15a01985,2,846,30,2,1070,1059,1111,15a01985
15a01988,2,826,30,2,1068,1057,645,15a01988
15a01994,2,892,30,2,1071,1060,287,15a01994
15a01995,2,846,30,2,1070,1059,1111,15a01995
15a02004,2,960,30,2,1072,1061,1895,15a02004
15a02015,2,826,30,2,1020,1009,1091,15a02015
15a02028,2,892,30,2,1071,1060,287,15a02028
15a02030,2,542,30,2,1067,1056,351,15a02030
15a02040,2,582,30,2,1073,1062,1479,15a02040
15a02041,2,892,30,2,1074,1063,1841,15a02041
15a02059,2,922,30,2,1075,1064,3486,15a02059
15a02065,2,826,30,2,1068,1057,645,15a02065
15a02070,2,700,30,2,1076,1065,1268,15a02070
15a02071,2,826,30,2,1020,1009,1091,15a02071
15a02076,2,892,30,2,1074,1063,1841,15a02076
15a02092,2,766,30,2,1077,1066,637,15a02092
15a02094,2,826,30,2,1068,1057,645,15a02094
15a02144,2,912,30,2,1060,1049,4905,15a02144
15a02145,2,646,30,2,1061,1050,4638,15a02145
15a02146,2,1004,30,2,1055,1044,5217,15a02146
15a02147,2,846,30,2,1059,1048,4662,15a02147
15a02148,2,700,30,2,1056,1045,3137,15a02148
15a02149,2,858,30,2,1057,1046,3613,15a02149
15a02159,2,640,30,2,1078,1067,284,15a02159
15a02168,2,766,30,2,1079,1068,4095,15a02168
15a02169,2,766,30,2,1079,1068,4095,15a02169
15a02171,2,762,30,2,1080,1069,662,15a02171
15a02172,2,640,30,2,1078,1067,284,15a02172
15a02173,2,970,30,2,1081,1070,1140,15a02173
15a02174,2,762,30,2,1080,1069,662,15a02174
15a02183,2,766,30,2,1082,1071,3497,15a02183
15a02184,2,766,30,2,1082,1071,3497,15a02184
15a02185,2,640,30,2,1083,1072,491,15a02185
15a02186,2,970,30,2,1081,1070,1140,15a02186
15a02188,2,640,30,2,1083,1072,491,15a02188
15a02192,2,748,30,2,1084,1073,3142,15a02192
15a02193,2,656,30,2,1085,1074,1288,15a02193
15a02194,2,574,30,2,1086,1075,352,15a02194
15a02195,2,838,30,2,1087,1076,3485,15a02195
15a02196,2,748,30,2,1084,1073,3142,15a02196
15a02197,2,534,30,2,1088,1077,981,15a02197
15a02200,2,732,30,2,1089,1078,257,15a02200
15a02209,2,656,30,2,1085,1074,1288,15a02209
15a02210,2,708,30,2,1090,1079,251,15a02210
15a02213,2,930,30,2,1091,1080,1114,15a02213
15a02214,2,838,30,2,1087,1076,3485,15a02214
15a02217,2,732,30,2,1089,1078,257,15a02217
15a02222,2,574,30,2,1086,1075,352,15a02222
15a02223,2,458,30,2,1092,1081,349,15a02223
15a02226,2,956,30,2,1093,1082,2575,15a02226
15a02228,2,458,30,2,1092,1081,349,15a02228
15a02230,2,550,30,2,1094,1083,350,15a02230
15a02232,2,534,30,2,1088,1077,981,15a02232
15a02239,2,666,30,2,1095,1084,1480,15a02239
15a02240,2,956,30,2,1093,1082,2575,15a02240
15a02251,2,550,30,2,1094,1083,350,15a02251
15a02260,2,550,30,2,1096,1085,594,15a02260
15a02267,2,550,30,2,1096,1085,594,15a02267
15a02282,2,666,30,2,1097,1086,640,15a02282
15a02283,2,866,30,2,1098,1087,4210,15a02283
15a02298,2,866,30,2,1098,1087,4210,15a02298
15a02299,2,666,30,2,1097,1086,640,15a02299
15a02364,2,820,30,2,1099,1088,4380,15a02364
15a02368,2,956,30,2,1093,1082,2575,15a02368
15a02369,2,970,30,2,1081,1070,1140,15a02369
15a02378,2,970,30,2,1081,1070,1140,15a02378
15a02379,2,820,30,2,1099,1088,4380,15a02379
15a02380,2,956,30,2,1093,1082,2575,15a02380
15a02390,2,624,30,2,1100,1089,250,15a02390
15a02393,2,964,30,2,1101,1090,289,15a02393
15a02397,2,964,30,2,1101,1090,289,15a02397
15a02398,2,930,30,2,1091,1080,1114,15a02398
15a02419,2,694,30,2,1102,1091,3439,15a02419
15a02428,2,694,30,2,1102,1091,3439,15a02428
15a02429,2,694,30,2,1103,1092,4042,15a02429
15a02431,2,694,30,2,1103,1092,4042,15a02431
15a02437,2,700,30,2,1104,1093,5192,15a02437
15a02502,2,1040,30,2,1062,1051,2577,15a02502
15a02503,2,886,30,2,1065,1054,1138,15a02503
15a02510,2,1002,30,2,1063,1052,3622,15a02510
15a02511,2,820,30,2,1066,1055,494,15a02511
15a02512,2,700,30,2,1076,1065,1268,15a02512
15a02517,2,766,30,2,1077,1066,637,15a02517
15a02520,2,826,30,2,1020,1009,1091,15a02520
15a02521,2,892,30,2,1071,1060,287,15a02521
15a02525,2,892,30,2,1074,1063,1841,15a02525
15a02527,2,826,30,2,1068,1057,645,15a02527
15a02569,2,826,30,2,1020,1009,1091,15a02569
15a02587,2,826,30,2,1068,1057,645,15a02587
15a02592,2,892,30,2,1071,1060,287,15a02592
15a02595,2,892,30,2,1074,1063,1841,15a02595
15a02609,2,1026,30,2,1105,1094,3626,15a02609
15a02610,2,706,30,2,1106,1095,5291,15a02610
15a02611,2,860,30,2,1107,1096,5195,15a02611
15a02612,2,900,30,2,1108,1097,5215,15a02612
15a02613,2,872,30,2,1109,1098,4426,15a02613
15a02639,2,986,30,2,1047,1036,666,15a02639
15a02643,2,996,30,2,1051,1040,288,15a02643
15a02656,2,960,30,2,1072,1061,1895,15a02656
15a02660,2,922,30,2,1075,1064,3486,15a02660
15a02690,2,986,30,2,1047,1036,666,15a02690
15a02695,2,996,30,2,1051,1040,288,15a02695
15a02698,2,768,30,2,1050,1039,1290,15a02698
15a02700,2,818,30,2,1053,1042,1543,15a02700
15a02728,2,900,30,2,1108,1097,5215,15a02728
15a02729,2,910,30,2,1110,1099,4211,15a02729
15a02730,2,656,30,2,1111,1100,4398,15a02730
15a02731,2,910,30,2,1110,1099,4211,15a02731
15a02732,2,656,30,2,1111,1100,4398,15a02732
15a02743,2,804,30,2,1052,1041,2491,15a02743
15a02746,2,766,30,2,1048,1037,4108,15a02746
15a02754,2,766,30,2,1049,1038,3506,15a02754
15a02768,2,766,30,2,1048,1037,4108,15a02768
15a02772,2,766,30,2,1049,1038,3506,15a02772
15a02784,2,700,30,2,1104,1093,5192,15a02784
15a02787,2,1026,30,2,1105,1094,3626,15a02787
15a02788,2,872,30,2,1109,1098,4426,15a02788
15a02789,2,706,30,2,1106,1095,5291,15a02789
15a02790,2,860,30,2,1107,1096,5195,15a02790
15a02818,2,910,30,2,1112,1101,4213,15a02818
15a02822,2,910,30,2,1112,1101,4213,15a02822
15a02825,2,910,30,2,1113,1102,3624,15a02825
15a02828,2,910,30,2,1113,1102,3624,15a02828
15a02901,2,762,30,2,1114,1103,2761,15a02901
15a02902,2,1010,30,2,1115,1104,5436,15a02902
15a02909,2,1010,30,2,1115,1104,5436,15a02909
15a02911,2,762,30,2,1114,1103,2761,15a02911
15a02912,2,910,30,2,1116,1105,3603,15a02912
15a02918,2,910,30,2,1116,1105,3603,15a02918
15a02923,2,910,30,2,1117,1106,4185,15a02923
15a02927,2,910,30,2,1117,1106,4185,15a02927
15a02956,2,1088,30,2,1118,1107,4917,15a02956
15a02962,2,1038,30,2,1119,1108,1141,15a02962
15a02990,2,784,30,2,1120,1109,1294,15a02990
15a02999,2,784,30,2,1120,1109,1294,15a02999
15a03002,2,784,30,2,1121,1110,1798,15a03002
15a03006,2,784,30,2,1121,1110,1798,15a03006
15a03064,2,1038,30,2,1119,1108,1141,15a03064
15a03070,2,1088,30,2,1118,1107,4917,15a03070
15a03092,2,838,30,2,1122,1111,4200,15a03092
15a03106,2,844,30,2,1123,1112,1827,15a03106
15a03176,2,766,30,2,1124,1113,5269,15a03176
15a03187,2,824,30,2,1125,1114,4824,15a03187
15a03206,2,824,30,2,1125,1114,4824,15a03206
15a03234,2,748,30,2,1126,1115,2538,15a03234
15a03238,2,748,30,2,1126,1115,2538,15a03238
15a03241,2,748,30,2,1127,1116,1904,15a03241
15a03244,2,748,30,2,1127,1116,1904,15a03244
15a03251,2,998,30,2,1128,1117,671,15a03251
15a03252,2,998,30,2,1128,1117,671,15a03252
15a03253,2,984,30,2,1129,1118,294,15a03253
15a03254,2,984,30,2,1129,1118,294,15a03254
15a03300,2,766,30,2,1124,1113,5269,15a03300
15a03301,2,922,30,2,1058,1047,3511,15a03301
15a03308,2,798,30,2,1130,1119,5286,15a03308
15a03309,2,798,30,2,1130,1119,5286,15a03309
15a03328,2,922,30,2,1058,1047,3511,15a03328
15a03406,2,844,30,2,1123,1112,1827,15a03406
15a03407,2,838,30,2,1122,1111,4200,15a03407
15a03498,2,1054,30,2,1131,1120,4228,15a03498
15a03570,2,976,30,2,1132,1121,2578,15a03570
15a03574,2,792,30,2,1133,1122,4844,15a03574
15a03575,2,766,30,2,1134,1123,4645,15a03575
15a03579,2,792,30,2,1133,1122,4844,15a03579
15a03580,2,766,30,2,1134,1123,4645,15a03580
15a03583,2,806,30,2,1135,1124,4177,15a03583
15a03613,2,856,30,2,1136,1125,286,15a03613
15a03614,2,940,30,2,1137,1126,1926,15a03614
15a03644,2,764,30,2,1138,1127,5211,15a03644
15a03645,2,522,30,2,1139,1128,4993,15a03645
15a03665,2,1000,30,2,1140,1129,1939,15a03665
15a03708,2,976,30,2,1141,1130,4912,15a03708
15a03714,2,806,30,2,1135,1124,4177,15a03714
15a03730,2,898,30,2,1142,1131,3619,15a03730
15a03737,2,1066,30,2,1143,1132,3623,15a03737
15a03752,2,1054,30,2,1144,1133,3631,15a03752
15a03753,2,832,30,2,1145,1134,1828,15a03753
15a03781,2,820,30,2,1146,1135,5204,15a03781
15a03782,2,832,30,2,1145,1134,1828,15a03782
15a03787,2,940,30,2,1147,1136,5216,15a03787
15a03788,2,860,30,2,1148,1137,5210,15a03788
15a03789,2,1012,30,2,1149,1138,1945,15a03789
15a03797,2,976,30,2,1141,1130,4912,15a03797
15a03832,2,638,30,2,1150,1139,4089,15a03832
15a03836,2,1054,30,2,1144,1133,3631,15a03836
15a03837,2,1054,30,2,1144,1133,3631,15a03837
15a03863,2,532,30,2,1151,1140,244,15a03863
15a03864,2,658,30,2,1152,1141,386,15a03864
15a03880,2,532,30,2,1151,1140,244,15a03880
15a03881,2,658,30,2,1152,1141,386,15a03881
15a03885,2,532,30,2,1153,1142,473,15a03885
15a03886,2,658,30,2,1154,1143,636,15a03886
15a03892,2,532,30,2,1153,1142,473,15a03892
15a03893,2,658,30,2,1154,1143,636,15a03893
15a03924,2,1054,30,2,1131,1120,4228,15a03924
15a03951,2,716,30,2,1155,1144,256,15a03951
15a03973,2,884,30,2,1156,1145,1916,15a03973
15a04021,2,716,30,2,1155,1144,256,15a04021
15a04038,2,738,30,2,1157,1146,4655,15a04038
15a04045,2,564,30,2,1158,1147,5448,15a04045
15a04076,2,764,30,2,1138,1127,5211,15a04076
15a04077,2,522,30,2,1139,1128,4993,15a04077
15a04111,2,784,30,2,1159,1148,1289,15a04111
15a04114,2,738,30,2,1157,1146,4655,15a04114
15a04123,2,1042,30,2,1160,1149,4257,15a04123
15a04134,2,820,30,2,1146,1135,5204,15a04134
15a04140,2,1012,30,2,1149,1138,1945,15a04140
15a04141,2,780,30,2,1161,1150,4379,15a04141
15a04143,2,940,30,2,1147,1136,5216,15a04143
15a04147,2,976,30,2,1141,1130,4912,15a04147
15a04161,2,622,30,2,1162,1151,1081,15a04161
15a04165,2,622,30,2,1162,1151,1081,15a04165
15a04168,2,622,30,2,1163,1152,1533,15a04168
15a04171,2,622,30,2,1163,1152,1533,15a04171
15a04189,2,820,30,2,1164,1153,1840,15a04189
15a04190,2,586,30,2,1165,1154,5262,15a04190
15a04191,2,820,30,2,1166,1155,5169,15a04191
15a04196,2,780,30,2,1161,1150,4379,15a04196
15a04229,2,784,30,2,1159,1148,1289,15a04229
15a04230,2,898,30,2,1142,1131,3619,15a04230
15a04291,2,1054,30,2,1167,1156,3659,15a04291
15a04308,2,976,30,2,1141,1130,4912,15a04308
15a04353,2,976,30,2,1132,1121,2578,15a04353
15a04367,2,856,30,2,1136,1125,286,15a04367
15a04427,2,564,30,2,1158,1147,5448,15a04427
15a04450,2,1054,30,2,1144,1133,3631,15a04450
15a04453,2,638,30,2,1150,1139,4089,15a04453
15a04457,2,808,30,2,1168,1157,5205,15a04457
15a04460,2,820,30,2,1164,1153,1840,15a04460
15a04461,2,586,30,2,1165,1154,5262,15a04461
15a04462,2,820,30,2,1166,1155,5169,15a04462
15a04466,2,860,30,2,1148,1137,5210,15a04466
15a04497,2,808,30,2,1168,1157,5205,15a04497
15a04505,2,586,30,2,1169,1158,1535,15a04505
15a04506,2,820,30,2,1170,1159,1936,15a04506
15a04508,2,792,30,2,1171,1160,2590,15a04508
15a04574,2,638,30,2,1172,1161,3452,15a04574
15a04578,2,1054,30,2,1173,1162,4253,15a04578
15a04597,2,1066,30,2,1143,1132,3623,15a04597
15a04618,2,858,30,2,1174,1163,1107,15a04618
15a04619,2,800,30,2,1175,1164,1826,15a04619
15a04705,2,976,30,2,1141,1130,4912,15a04705
15a04758,2,976,30,2,1132,1121,2578,15a04758
15a04789,2,638,30,2,1172,1161,3452,15a04789
15a04811,2,586,30,2,1169,1158,1535,15a04811
15a04812,2,820,30,2,1170,1159,1936,15a04812
15a04826,2,638,30,2,1172,1161,3452,15a04826
15a04831,2,976,30,2,1132,1121,2578,15a04831
15a04841,2,834,30,2,1176,1165,1132,15a04841
15a04842,2,620,30,2,1177,1166,1319,15a04842
15a04877,2,1054,30,2,1173,1162,4253,15a04877
15a04887,2,1042,30,2,1160,1149,4257,15a04887
15a04912,2,1000,30,2,1140,1129,1939,15a04912
15a04934,2,764,30,2,1178,1167,5212,15a04934
15a04982,2,940,30,2,1137,1126,1926,15a04982
15a04989,2,884,30,2,1156,1145,1916,15a04989
15a04991,2,770,30,2,1179,1168,5293,15a04991
15a04992,2,796,30,2,1180,1169,5194,15a04992
15a04994,2,1054,30,2,1167,1156,3659,15a04994
15a05040,2,1054,30,2,1173,1162,4253,15a05040
15a05044,2,1054,30,2,1173,1162,4253,15a05044
15a05049,2,638,30,2,1172,1161,3452,15a05049
15a05057,2,976,30,2,1132,1121,2578,15a05057
15a05079,2,792,30,2,1171,1160,2590,15a05079
15a05112,2,834,30,2,1176,1165,1132,15a05112
15a05113,2,620,30,2,1177,1166,1319,15a05113
15a05132,2,764,30,2,1178,1167,5212,15a05132
15a05149,2,976,30,2,1132,1121,2578,15a05149
15a05177,2,770,30,2,1179,1168,5293,15a05177
15a05178,2,796,30,2,1180,1169,5194,15a05178
15a05196,2,976,30,2,1141,1130,4912,15a05196
15a05221,2,640,30,2,1181,1170,5511,15a05221
15a05223,2,712,30,2,1182,1171,1837,15a05223
15a05225,2,532,30,2,1183,1172,5509,15a05225
15a05226,2,658,30,2,1184,1173,5483,15a05226
15a05227,2,370,30,2,1185,1174,1476,15a05227
15a05228,2,604,30,2,1186,1175,1835,15a05228
15a05229,2,568,30,2,1187,1176,1713,15a05229
15a05230,2,334,30,2,1188,1177,2079,15a05230
15a05231,2,640,30,2,1181,1170,5511,15a05231
15a05250,2,676,30,2,1189,1178,4806,15a05250
15a05254,2,676,30,2,1189,1178,4806,15a05254
15a05256,2,676,30,2,1190,1179,4372,15a05256
15a05259,2,676,30,2,1190,1179,4372,15a05259
15a05291,2,930,30,2,1191,1180,3492,15a05291
15a05300,2,798,30,2,1192,1181,5420,15a05300
15a05302,2,804,30,2,1193,1182,5532,15a05302
15a05303,2,578,30,2,1194,1183,5527,15a05303
15a05304,2,798,30,2,1192,1181,5420,15a05304
15a05317,2,590,30,2,1195,1184,357,15a05317
15a05318,2,822,30,2,1196,1185,3487,15a05318
15a05333,2,822,30,2,1196,1185,3487,15a05333
15a05334,2,590,30,2,1195,1184,357,15a05334
15a05341,2,752,30,2,1197,1186,4350,15a05341
15a05347,2,810,30,2,1198,1187,3441,15a05347
15a05368,2,804,30,2,1193,1182,5532,15a05368
15a05369,2,578,30,2,1194,1183,5527,15a05369
15a05384,2,586,30,2,1199,1188,2660,15a05384
15a05393,2,586,30,2,1199,1188,2660,15a05393
15a05394,2,586,30,2,1200,1189,3299,15a05394
15a05396,2,586,30,2,1200,1189,3299,15a05396
15a05407,2,694,30,2,1201,1190,3474,15a05407
15a05411,2,694,30,2,1201,1190,3474,15a05411
15a05444,2,800,30,2,1202,1191,4885,15a05444
15a05458,2,752,30,2,1197,1186,4350,15a05458
15a05460,2,810,30,2,1198,1187,3441,15a05460
15a05462,2,930,30,2,1191,1180,3492,15a05462
15a05481,2,794,30,2,1203,1192,3481,15a05481
15a05482,2,564,30,2,1204,1193,3795,15a05482
15a05495,2,800,30,2,1202,1191,4885,15a05495
15a05496,2,794,30,2,1203,1192,3481,15a05496
15a05497,2,564,30,2,1204,1193,3795,15a05497
15a05518,2,892,30,2,1205,1194,4840,15a05518
15a05522,2,892,30,2,1205,1194,4840,15a05522
15a05524,2,892,30,2,1206,1195,5153,15a05524
15a05527,2,892,30,2,1206,1195,5153,15a05527
15a05557,2,910,30,2,1112,1101,4213,15a05557
15a05561,2,910,30,2,1112,1101,4213,15a05561
15a05563,2,910,30,2,1113,1102,3624,15a05563
15a05566,2,910,30,2,1113,1102,3624,15a05566
15a05586,2,822,30,2,1207,1196,4178,15a05586
15a05591,2,1192,30,2,1208,1197,4937,15a05591
15a05592,2,1234,30,2,1209,1198,4254,15a05592
15a05615,2,822,30,2,1207,1196,4178,15a05615
15a05630,2,1100,30,2,1210,1199,5208,15a05630
15a05636,2,1100,30,2,1210,1199,5208,15a05636
15a05761,2,772,30,2,1211,1200,2475,15a05761
15a05789,2,826,30,2,1212,1201,1130,15a05789
15a05805,2,676,30,2,1213,1202,4348,15a05805
15a05814,2,1014,30,2,1214,1203,3606,15a05814
15a05880,2,676,30,2,1213,1202,4348,15a05880
15a05913,2,892,30,2,1215,1204,292,15a05913
15a05919,2,892,30,2,1215,1204,292,15a05919
15a05927,2,730,30,2,1216,1205,5267,15a05927
15a05933,2,730,30,2,1216,1205,5267,15a05933
15a05942,2,826,30,2,1212,1201,1130,15a05942
15a05950,2,842,30,2,1217,1206,4221,15a05950
15a06008,2,878,30,2,1218,1207,4203,15a06008
15a06017,2,772,30,2,1211,1200,2475,15a06017
15a06030,2,826,30,2,1212,1201,1130,15a06030
15a06034,2,826,30,2,1219,1208,663,15a06034
15a06044,2,730,30,2,1220,1209,3454,15a06044
15a06047,2,1014,30,2,1214,1203,3606,15a06047
15a06055,2,676,30,2,1213,1202,4348,15a06055
15a06058,2,676,30,2,1221,1210,4801,15a06058
15a06060,2,878,30,2,1218,1207,4203,15a06060
15a06065,2,892,30,2,1222,1211,1937,15a06065
15a06066,2,826,30,2,1212,1201,1130,15a06066
15a06068,2,892,30,2,1222,1211,1937,15a06068
15a06075,2,712,30,2,1223,1212,4843,15a06075
15a06076,2,842,30,2,1217,1206,4221,15a06076
15a06078,2,712,30,2,1223,1212,4843,15a06078
15a06079,2,676,30,2,1213,1202,4348,15a06079
15a06081,2,730,30,2,1220,1209,3454,15a06081
15a06084,2,676,30,2,1221,1210,4801,15a06084
15a06130,2,826,30,2,1219,1208,663,15a06130
15a06163,2,712,30,2,1224,1213,5149,15a06163
15a06181,2,712,30,2,1224,1213,5149,15a06181
15a06183,2,880,30,2,1225,1214,1890,15a06183
15a06264,2,640,30,2,1226,1215,281,15a06264
15a06265,2,640,30,2,1226,1215,281,15a06265
15a06328,2,932,30,2,1227,1216,3186,15a06328
15a06329,2,932,30,2,1228,1217,2593,15a06329
15a06342,2,712,30,2,1224,1213,5149,15a06342
15a06343,2,880,30,2,1225,1214,1890,15a06343
15a06394,2,640,30,2,1229,1218,488,15a06394
15a06395,2,640,30,2,1229,1218,488,15a06395
15a06396,2,550,30,2,1230,1219,630,15a06396
15a06397,2,550,30,2,1230,1219,630,15a06397
15a06483,2,712,30,2,1231,1220,4833,15a06483
15a06486,2,558,30,2,1232,1221,4994,15a06486
15a06499,2,712,30,2,1231,1220,4833,15a06499
15a06529,2,856,30,2,1233,1222,2592,15a06529
15a06536,2,830,30,2,1234,1223,4120,15a06536
15a06539,2,852,30,2,1235,1224,5213,15a06539
15a06540,2,860,30,2,1236,1225,1913,15a06540
15a06546,2,576,30,2,1237,1226,4359,15a06546
15a06574,2,766,30,2,1238,1227,4174,15a06574
15a06576,2,666,30,2,1097,1086,640,15a06576
15a06589,2,666,30,2,1097,1086,640,15a06589
15a06602,2,694,30,2,1239,1228,4654,15a06602
15a06605,2,558,30,2,1232,1221,4994,15a06605
15a06639,2,810,30,2,1240,1229,5304,15a06639
15a06644,2,932,30,2,1241,1230,1954,15a06644
15a06645,2,932,30,2,1228,1217,2593,15a06645
15a06669,2,626,30,2,1242,1231,4167,15a06669
15a06692,2,730,30,2,1243,1232,2746,15a06692
15a06706,2,830,30,2,1234,1223,4120,15a06706
15a06731,2,964,30,2,1244,1233,293,15a06731
15a06752,2,766,30,2,1238,1227,4174,15a06752
15a06842,2,504,30,2,1245,1234,5447,15a06842
15a06875,2,856,30,2,1233,1222,2592,15a06875
15a06881,2,810,30,2,1240,1229,5304,15a06881
15a06889,2,860,30,2,1236,1225,1913,15a06889
15a06891,2,852,30,2,1235,1224,5213,15a06891
15a06897,2,596,30,2,1246,1235,5155,15a06897
15a06921,2,856,30,2,1247,1236,2567,15a06921
15a06955,2,766,30,2,1248,1237,3573,15a06955
15a06972,2,964,30,2,1244,1233,293,15a06972
15a06975,2,850,30,2,1249,1238,1094,15a06975
15a06979,2,620,30,2,1250,1239,1259,15a06979
15a06983,2,676,30,2,1251,1240,5190,15a06983
15a07022,2,596,30,2,1246,1235,5155,15a07022
15a07051,2,932,30,2,1228,1217,2593,15a07051
15a07054,2,504,30,2,1245,1234,5447,15a07054
15a07064,2,694,30,2,1239,1228,4654,15a07064
15a07068,2,576,30,2,1237,1226,4359,15a07068
15a07101,2,766,30,2,1248,1237,3573,15a07101
15a07134,2,850,30,2,1249,1238,1094,15a07134
15a07138,2,620,30,2,1250,1239,1259,15a07138
15a07157,2,626,30,2,1242,1231,4167,15a07157
15a07209,2,722,30,2,1252,1241,3611,15a07209
15a07223,2,1008,30,2,1253,1242,1928,15a07223
15a07273,2,856,30,2,1247,1236,2567,15a07273
15a07283,2,676,30,2,1251,1240,5190,15a07283
15a07301,2,596,30,2,1254,1243,39,15a07301
15a07311,2,554,30,2,1255,1244,3312,15a07311
15a07395,2,730,30,2,1243,1232,2746,15a07395
15a07400,2,676,30,2,1256,1245,3176,15a07400
15a07419,2,1008,30,2,1253,1242,1928,15a07419
15a07464,2,694,30,2,1257,1246,3545,15a07464
15a07511,2,626,30,2,1258,1247,4651,15a07511
15a07519,2,932,30,2,1227,1216,3186,15a07519
15a07524,2,694,30,2,1259,1248,4096,15a07524
15a07528,2,584,30,2,1260,1249,4332,15a07528
15a07537,2,722,30,2,1252,1241,3611,15a07537
15a07551,2,596,30,2,1254,1243,39,15a07551
15a07577,2,694,30,2,1257,1246,3545,15a07577
15a07598,2,554,30,2,1255,1244,3312,15a07598
15a07622,2,676,30,2,1256,1245,3176,15a07622
15a07651,2,584,30,2,1260,1249,4332,15a07651
15a07657,2,694,30,2,1259,1248,4096,15a07657
15a07717,2,694,30,2,1261,1250,3498,15a07717
15a07728,2,932,30,2,1228,1217,2593,15a07728
15a07733,2,694,30,2,1261,1250,3498,15a07733
15a07760,2,932,30,2,1241,1230,1954,15a07760
15a07763,2,694,30,2,1261,1250,3498,15a07763
15a07783,2,626,30,2,1258,1247,4651,15a07783
15a07788,2,586,30,2,1262,1251,5281,15a07788
15a07790,2,730,30,2,1263,1252,4236,15a07790
15a07791,2,784,30,2,1264,1253,4924,15a07791
15a07792,2,730,30,2,1263,1252,4236,15a07792
15a07795,2,676,30,2,1265,1254,1836,15a07795
15a07796,2,820,30,2,1266,1255,1947,15a07796
15a07797,2,802,30,2,1267,1256,5305,15a07797
15a07798,2,784,30,2,1268,1257,4847,15a07798
15a07799,2,766,30,2,1269,1258,5490,15a07799
15a07802,2,604,30,2,1270,1259,2430,15a07802
15a07803,2,442,30,2,1271,1260,2682,15a07803
15a07804,2,784,30,2,1272,1261,5203,15a07804
15a07805,2,838,30,2,1273,1262,2838,15a07805
15a07806,2,424,30,2,1274,1263,3113,15a07806
15a07807,2,478,30,2,1275,1264,3406,15a07807
15a07808,2,784,30,2,1264,1253,4924,15a07808
15a07810,2,658,30,2,1276,1265,3459,15a07810
15a07811,2,406,30,2,1277,1266,1477,15a07811
15a07812,2,424,30,2,1278,1267,1703,15a07812
15a07813,2,568,30,2,1279,1268,1811,15a07813
15a07814,2,478,30,2,1280,1269,2107,15a07814
15a07816,2,694,30,2,1261,1250,3498,15a07816
15a07817,2,802,30,2,1267,1256,5305,15a07817
15a07818,2,820,30,2,1266,1255,1947,15a07818
15a07819,2,1000,30,2,1281,1270,4940,15a07819
15a07888,2,766,30,2,1282,1271,5419,15a07888
15a07894,2,766,30,2,1282,1271,5419,15a07894
15a07952,2,776,30,2,1283,1272,1293,15a07952
15a07960,2,932,30,2,1284,1273,5200,15a07960
15a07961,2,932,30,2,1285,1274,4897,15a07961
15a07965,2,862,30,2,1286,1275,4204,15a07965
15a07972,2,648,30,2,1287,1276,5369,15a07972
15a07993,2,862,30,2,1286,1275,4204,15a07993
15a08005,2,638,30,2,1288,1277,5528,15a08005
15a08017,2,856,30,2,1289,1278,4894,15a08017
15a08020,2,900,30,2,1290,1279,5533,15a08020
15a08021,2,812,30,2,1291,1280,4382,15a08021
15a08042,2,638,30,2,1288,1277,5528,15a08042
15a08073,2,932,30,2,1292,1281,4431,15a08073
15a08074,2,932,30,2,1285,1274,4897,15a08074
15a08114,2,648,30,2,1287,1276,5369,15a08114
15a08135,2,856,30,2,1289,1278,4894,15a08135
15a08137,2,812,30,2,1291,1280,4382,15a08137
15a08139,2,900,30,2,1290,1279,5533,15a08139
15a08154,2,856,30,2,1293,1282,4849,15a08154
15a08195,2,932,30,2,1285,1274,4897,15a08195
15a08216,2,856,30,2,1293,1282,4849,15a08216
15a08226,2,880,30,2,1294,1283,4926,15a08226
15a08264,2,776,30,2,1283,1272,1293,15a08264
15a08289,2,932,30,2,1284,1273,5200,15a08289
15a08315,2,880,30,2,1294,1283,4926,15a08315
15a08342,2,932,30,2,1285,1274,4897,15a08342
15a08352,2,932,30,2,1292,1281,4431,15a08352
15a08405,2,892,30,2,1205,1194,4840,15a08405
15a08409,2,892,30,2,1205,1194,4840,15a08409
15a08410,2,892,30,2,1206,1195,5153,15a08410
15a08429,2,820,30,2,1295,1284,4834,15a08429
15a08433,2,1170,30,2,1296,1285,4246,15a08433
15a08434,2,1208,30,2,1297,1286,4938,15a08434
15a08456,2,820,30,2,1295,1284,4834,15a08456
15a08470,2,1102,30,2,1298,1287,3634,15a08470
15a08476,2,1102,30,2,1298,1287,3634,15a08476
15a08505,2,1192,30,2,1208,1197,4937,15a08505
15a08521,2,1234,30,2,1209,1198,4254,15a08521
15a08524,2,1100,30,2,1210,1199,5208,15a08524
15a08528,2,1100,30,2,1210,1199,5208,15a08528
15a08545,2,810,30,2,1299,1288,5481,15a08545
15a08546,2,936,30,2,1300,1289,2542,15a08546
15a08554,2,936,30,2,1300,1289,2542,15a08554
15a08555,2,962,30,2,1301,1290,3558,15a08555
15a08558,2,962,30,2,1301,1290,3558,15a08558
15a08559,2,860,30,2,1302,1291,5164,15a08559
15a08561,2,734,30,2,1303,1292,2797,15a08561
15a08564,2,910,30,2,1304,1293,3596,15a08564
15a08566,2,734,30,2,1303,1292,2797,15a08566
15a08574,2,910,30,2,1304,1293,3596,15a08574
15a08577,2,810,30,2,1299,1288,5481,15a08577
15a08579,2,860,30,2,1302,1291,5164,15a08579
15a08582,2,910,30,2,1305,1294,4180,15a08582
15a08591,2,910,30,2,1305,1294,4180,15a08591
15a08615,2,708,30,2,1090,1079,251,15a08615
15a08617,2,582,30,2,1073,1062,1479,15a08617
15a08621,2,666,30,2,1095,1084,1480,15a08621
15a08623,2,624,30,2,1100,1089,250,15a08623
15a08684,2,1006,30,2,1306,1295,2841,15a08684
15a08688,2,850,30,2,1249,1238,1094,15a08688
15a08704,2,844,30,2,1307,1296,3177,15a08704
15a08771,2,640,30,2,1308,1297,4334,15a08771
15a08772,2,760,30,2,1309,1298,2472,15a08772
15a08782,2,604,30,2,1310,1299,5085,15a08782
15a08793,2,604,30,2,1310,1299,5085,15a08793
15a08796,2,532,30,2,1311,1300,487,15a08796
15a08797,2,532,30,2,1311,1300,487,15a08797
15a08799,2,862,30,2,1312,1301,1136,15a08799
15a08800,2,370,30,2,1313,1302,4999,15a08800
15a08801,2,640,30,2,1308,1297,4334,15a08801
15a08803,2,604,30,2,1314,1303,4734,15a08803
15a08804,2,370,30,2,1313,1302,4999,15a08804
15a08816,2,604,30,2,1314,1303,4734,15a08816
15a08833,2,734,30,2,1315,1304,2757,15a08833
15a08867,2,748,30,2,1316,1305,2519,15a08867
15a08869,2,862,30,2,1312,1301,1136,15a08869
15a08870,2,658,30,2,1317,1306,634,15a08870
15a08872,2,604,30,2,1318,1307,4814,15a08872
15a08876,2,760,30,2,1309,1298,2472,15a08876
15a08877,2,734,30,2,1315,1304,2757,15a08877
15a08895,2,658,30,2,1317,1306,634,15a08895
15a08906,2,604,30,2,1318,1307,4814,15a08906
15a08907,2,748,30,2,1316,1305,2519,15a08907
15a08964,2,748,30,2,1319,1308,2520,15a08964
15a08965,2,658,30,2,1320,1309,391,15a08965
15a08966,2,658,30,2,1320,1309,391,15a08966
15a08967,2,670,30,2,1321,1310,4579,15a08967
15a08968,2,854,30,2,1322,1311,4113,15a08968
15a08969,2,670,30,2,1321,1310,4579,15a08969
15a08982,2,658,30,2,1323,1312,639,15a08982
15a08983,2,658,30,2,1323,1312,639,15a08983
15a08984,2,854,30,2,1322,1311,4113,15a08984
15a09052,2,818,30,2,1324,1313,4197,15a09052
15a09068,2,748,30,2,1319,1308,2520,15a09068
15a09100,2,622,30,2,1325,1314,1563,15a09100
15a09101,2,622,30,2,1325,1314,1563,15a09101
15a09103,2,748,30,2,1326,1315,1887,15a09103
15a09104,2,568,30,2,1327,1316,4797,15a09104
15a09105,2,818,30,2,1324,1313,4197,15a09105
15a09107,2,568,30,2,1327,1316,4797,15a09107
15a09122,2,748,30,2,1326,1315,1887,15a09122
15a09159,2,850,30,2,1249,1238,1094,15a09159
15a09182,2,742,30,2,1328,1317,2758,15a09182
15a09185,2,854,30,2,1322,1311,4113,15a09185
15a09195,2,728,30,2,1329,1318,2462,15a09195
15a09252,2,854,30,2,1322,1311,4113,15a09252
15a09296,2,680,30,2,1330,1319,5159,15a09296
15a09308,2,638,30,2,1150,1139,4089,15a09308
15a09315,2,886,30,2,1331,1320,664,15a09315
15a09369,2,638,30,2,1150,1139,4089,15a09369
15a09379,2,844,30,2,1307,1296,3177,15a09379
15a09391,2,638,30,2,1172,1161,3452,15a09391
15a09416,2,812,30,2,1332,1321,2552,15a09416
15a09422,2,742,30,2,1328,1317,2758,15a09422
15a09423,2,728,30,2,1329,1318,2462,15a09423
15a09426,2,886,30,2,1331,1320,664,15a09426
15a09427,2,638,30,2,1172,1161,3452,15a09427
15a09439,2,622,30,2,1333,1322,1565,15a09439
15a09442,2,568,30,2,1334,1323,5184,15a09442
15a09464,2,326,30,2,1335,1324,3289,15a09464
15a09468,2,638,30,2,1172,1161,3452,15a09468
15a09488,2,748,30,2,1336,1022,1935,15a09488
15a09489,2,812,30,2,1332,1321,2552,15a09489
15a09492,2,748,30,2,1336,1022,1935,15a09492
15a09498,2,680,30,2,1330,1319,5159,15a09498
15a09503,2,326,30,2,1335,1324,3289,15a09503
15a09506,2,638,30,2,1172,1161,3452,15a09506
15a09571,2,622,30,2,1333,1322,1565,15a09571
15a09591,2,1006,30,2,1306,1295,2841,15a09591
15a09595,2,622,30,2,1337,1325,1125,15a09595
15a09600,2,622,30,2,1337,1325,1125,15a09600
15a09601,2,568,30,2,1338,1326,4862,15a09601
15a09602,2,334,30,2,1339,1327,4615,15a09602
15a09621,2,802,30,2,1340,1328,3578,15a09621
15a09622,2,640,30,2,1341,1329,2530,15a09622
15a09625,2,622,30,2,1342,1330,4156,15a09625
15a09626,2,676,30,2,1343,1331,4865,15a09626
15a09628,2,640,30,2,1344,1332,4365,15a09628
15a09633,2,496,30,2,1345,1333,4390,15a09633
15a09635,2,568,30,2,1334,1323,5184,15a09635
15a09636,2,820,30,2,1346,1334,4430,15a09636
15a09637,2,514,30,2,1347,1335,5261,15a09637
15a09638,2,604,30,2,1348,1336,5156,15a09638
15a09639,2,568,30,2,1349,1337,4395,15a09639
15a09640,2,388,30,2,1350,1338,3092,15a09640
15a09641,2,514,30,2,1351,1339,3533,15a09641
15a09642,2,298,30,2,1352,1340,1464,15a09642
15a09643,2,532,30,2,1353,1341,1810,15a09643
15a09644,2,640,30,2,1354,1342,1813,15a09644
15a09645,2,514,30,2,1355,1343,2111,15a09645
15a09646,2,838,30,2,1356,1344,3618,15a09646
15a09647,2,604,30,2,1357,1345,4370,15a09647
15a09648,2,442,30,2,1358,1346,4052,15a09648
15a09649,2,658,30,2,1359,1030,5292,15a09649
15a09650,2,568,30,2,1338,1326,4862,15a09650
15a09651,2,478,30,2,1360,1347,4036,15a09651
15a09652,2,334,30,2,1339,1327,4615,15a09652
15a09653,2,406,30,2,1361,1348,2103,15a09653
15a09654,2,568,30,2,1338,1326,4862,15a09654
15a09655,2,838,30,2,1356,1344,3618,15a09655
15a09656,2,604,30,2,1357,1345,4370,15a09656
15a09729,2,676,30,2,1362,1349,4803,15a09729
15a09742,2,676,30,2,1362,1349,4803,15a09742
15a09758,2,676,30,2,1363,1350,4772,15a09758
15a09779,2,726,30,2,1364,1351,3555,15a09779
15a09821,2,676,30,2,1363,1350,4772,15a09821
15a09841,2,694,30,2,1365,1352,4158,15a09841
15a09842,2,694,30,2,1365,1352,4158,15a09842
15a09843,2,676,30,2,1366,1353,4354,15a09843
15a09844,2,548,30,2,1367,1354,5366,15a09844
15a09850,2,676,30,2,1366,1353,4354,15a09850
15a09864,2,784,30,2,1368,1355,4883,15a09864
15a09886,2,548,30,2,1367,1354,5366,15a09886
15a09913,2,726,30,2,1364,1351,3555,15a09913
15a09950,2,784,30,2,1368,1355,4883,15a09950
15a09963,2,784,30,2,1369,1356,2551,15a09963
15a09976,2,586,30,2,1370,1357,2709,15a09976
15a09984,2,884,30,2,1371,984,4889,15a09984
15a09992,2,726,30,2,1372,1358,4172,15a09992
15a10007,2,586,30,2,1370,1357,2709,15a10007
15a10015,2,884,30,2,1371,984,4889,15a10015
15a10025,2,784,30,2,1369,1356,2551,15a10025
15a10047,2,694,30,2,1259,1248,4096,15a10047
15a10059,2,694,30,2,1261,1250,3498,15a10059
15a10071,2,726,30,2,1372,1358,4172,15a10071
15a10104,2,800,30,2,1373,1359,5373,15a10104
15a10105,2,1032,30,2,1374,1360,2571,15a10105
15a10112,2,1032,30,2,1374,1360,2571,15a10112
15a10114,2,800,30,2,1373,1359,5373,15a10114
15a10115,2,892,30,2,1375,1361,5167,15a10115
15a10121,2,892,30,2,1375,1361,5167,15a10121
15a10126,2,892,30,2,1376,1362,4850,15a10126
15a10130,2,892,30,2,1376,1362,4850,15a10130
15a10175,2,1170,30,2,1296,1285,4246,15a10175
15a10191,2,1208,30,2,1297,1286,4938,15a10191
15a10194,2,1102,30,2,1298,1287,3634,15a10194
15a10198,2,1102,30,2,1298,1287,3634,15a10198
15a10215,2,832,30,2,1377,1363,1909,15a10215
15a10216,2,946,30,2,1378,1364,5434,15a10216
15a10224,2,946,30,2,1378,1364,5434,15a10224
15a10225,2,1000,30,2,1379,1365,5214,15a10225
15a10228,2,1000,30,2,1379,1365,5214,15a10228
15a10229,2,862,30,2,1380,1366,3592,15a10229
15a10231,2,748,30,2,1381,1367,5370,15a10231
15a10234,2,892,30,2,1382,1368,5189,15a10234
15a10236,2,748,30,2,1381,1367,5370,15a10236
15a10244,2,892,30,2,1382,1368,5189,15a10244
15a10247,2,832,30,2,1377,1363,1909,15a10247
15a10249,2,862,30,2,1380,1366,3592,15a10249
15a10252,2,892,30,2,1383,1369,4891,15a10252
15a10261,2,892,30,2,1383,1369,4891,15a10261
15a10292,2,746,30,2,1384,1370,5484,15a10292
15a10294,2,746,30,2,1384,1370,5484,15a10294
15a10295,2,468,30,2,1385,1371,5446,15a10295
15a10296,2,468,30,2,1385,1371,5446,15a10296
15a10299,2,1012,30,2,1386,1372,4432,15a10299
15a10300,2,1150,30,2,1387,1373,5492,15a10300
15a10302,2,1012,30,2,1386,1372,4432,15a10302
15a10303,2,1150,30,2,1387,1373,5492,15a10303
15a10351,2,800,30,2,1175,1164,1826,15a10351
15a10357,2,790,30,2,1388,1374,2802,15a10357
15a10369,2,858,30,2,1174,1163,1107,15a10369
15a10407,2,790,30,2,1388,1374,2802,15a10407
15a10408,2,940,30,2,1389,1375,5206,15a10408
15a10409,2,940,30,2,1389,1375,5206,15a10409
15a10482,2,208,30,2,1390,1376,5380,15a10482
15a10483,2,406,30,2,1391,1377,5237,15a10483
15a10484,2,586,30,2,1392,1378,5265,15a10484
15a10485,2,568,30,2,1393,1379,5088,15a10485
15a10486,2,334,30,2,1394,1380,5246,15a10486
15a10487,2,496,30,2,1395,1381,5140,15a10487
15a10488,2,388,30,2,1396,1382,5081,15a10488
15a10489,2,514,30,2,1397,1383,5279,15a10489
15a10490,2,316,30,2,1398,1384,5115,15a10490
15a10510,2,760,30,2,1399,1385,2466,15a10510
15a10512,2,670,30,2,1400,1386,5026,15a10512
15a10545,2,894,30,2,1401,1387,3595,15a10545
15a10553,2,670,30,2,1400,1386,5026,15a10553
15a10554,2,844,30,2,1402,1388,5530,15a10554
15a10555,2,604,30,2,1403,1389,4342,15a10555
15a10556,2,894,30,2,1401,1387,3595,15a10556
15a10558,2,604,30,2,1403,1389,4342,15a10558
15a10559,2,844,30,2,1402,1388,5530,15a10559
15a10595,2,754,30,2,1404,1390,388,15a10595
15a10613,2,760,30,2,1399,1385,2466,15a10613
15a10620,2,754,30,2,1404,1390,388,15a10620
15a10625,2,604,30,2,1405,1391,4805,15a10625
15a10662,2,604,30,2,1357,1345,4370,15a10662
15a10663,2,442,30,2,1358,1346,4052,15a10663
15a10674,2,604,30,2,1405,1391,4805,15a10674
15a10677,2,604,30,2,1357,1345,4370,15a10677
15a10701,2,1134,30,2,1406,1392,1142,15a10701
15a10707,2,1064,30,2,1407,1393,4914,15a10707
15a10762,2,736,30,2,1408,1394,1795,15a10762
15a10764,2,736,30,2,1408,1394,1795,15a10764
15a10765,2,454,30,2,1409,1395,2097,15a10765
15a10766,2,454,30,2,1409,1395,2097,15a10766
15a10769,2,1030,30,2,1410,1396,4664,15a10769
15a10770,2,1132,30,2,1411,1397,1946,15a10770
15a10772,2,1030,30,2,1410,1396,4664,15a10772
15a10773,2,1132,30,2,1411,1397,1946,15a10773
15a10790,2,838,30,2,1412,1398,4653,15a10790
15a10799,2,838,30,2,1412,1398,4653,15a10799
15a10802,2,838,30,2,1413,1399,4201,15a10802
15a10806,2,838,30,2,1413,1399,4201,15a10806
15a10857,2,1064,30,2,1407,1393,4914,15a10857
15a10863,2,1134,30,2,1406,1392,1142,15a10863
15a11031,2,802,30,2,1340,1328,3578,15a11031
15a11180,2,928,30,2,1414,1400,1918,15a11180
15a11181,2,928,30,2,1414,1400,1918,15a11181
15a11188,2,712,30,2,1415,1401,2463,15a11188
15a11192,2,712,30,2,1415,1401,2463,15a11192
15a11193,2,712,30,2,1182,1171,1837,15a11193
15a11228,2,934,30,2,1416,1402,1108,15a11228
15a11232,2,934,30,2,1416,1402,1108,15a11232
15a11426,2,870,30,2,1417,1403,1093,15a11426
15a11428,2,848,30,2,1418,1404,4420,15a11428
15a11447,2,678,30,2,1419,1405,3463,15a11447
15a11696,2,870,30,2,1417,1403,1093,15a11696
15a11697,2,848,30,2,1418,1404,4420,15a11697
15a11706,2,678,30,2,1419,1405,3463,15a11706
15a11808,2,776,30,2,1420,1406,2467,15a11808
15a11831,2,838,30,2,1421,1407,1101,15a11831
15a11849,2,776,30,2,1420,1406,2467,15a11849
15a11861,2,838,30,2,1421,1407,1101,15a11861
15a11868,2,838,30,2,1422,1408,3503,15a11868
15a11890,2,776,30,2,1423,1409,1823,15a11890
15a11900,2,838,30,2,1422,1408,3503,15a11900
15a11914,2,776,30,2,1423,1409,1823,15a11914
15a12139,2,802,30,2,1424,1410,4160,15a12139
15a12147,2,802,30,2,1424,1410,4160,15a12147
15a12544,2,896,30,2,1425,1411,2560,15a12544
15a12553,2,712,30,2,1426,1412,1819,15a12553
15a12554,2,712,30,2,1426,1412,1819,15a12554
15a12555,2,586,30,2,1427,1413,1529,15a12555
15a12556,2,896,30,2,1425,1411,2560,15a12556
15a12558,2,586,30,2,1427,1413,1529,15a12558
15a12587,2,882,30,2,1428,1414,1134,15a12587
15a12595,2,624,30,2,1429,1415,3042,15a12595
15a12596,2,882,30,2,1428,1414,1134,15a12596
15a12631,2,676,30,2,1343,1331,4865,15a12631
15a12749,2,712,30,2,1430,1416,3126,15a12749
15a12753,2,712,30,2,1430,1416,3126,15a12753
15a12802,2,514,30,2,1431,1417,1459,15a12802
15a12803,2,604,30,2,1432,1418,1765,15a12803
15a12807,2,514,30,2,1431,1417,1459,15a12807
15a12809,2,604,30,2,1432,1418,1765,15a12809
15a12896,2,640,30,2,1341,1329,2530,15a12896
15a12925,2,582,30,2,1433,1419,16,15a12925
15a13278,2,1000,30,2,1434,1420,1933,15a13278
15a13281,2,1000,30,2,1434,1420,1933,15a13281
15a13282,2,1000,30,2,1435,1421,2544,15a13282
15a13284,2,1000,30,2,1435,1421,2544,15a13284
15a13304,2,658,30,2,1436,1422,992,15a13304
15a13306,2,640,30,2,1437,1423,253,15a13306
15a13307,2,550,30,2,1438,1424,356,15a13307
15a13308,2,784,30,2,1439,1425,1291,15a13308
15a13309,2,532,30,2,1440,1426,243,15a13309
15a13310,2,658,30,2,1441,1427,387,15a13310
15a13311,2,370,30,2,1442,1428,5001,15a13311
15a13312,2,604,30,2,1443,1429,4737,15a13312
15a13313,2,568,30,2,1444,1430,4817,15a13313
15a13315,2,604,30,2,1445,1431,4345,15a13315
15a13317,2,640,30,2,1437,1423,253,15a13317
15a13318,2,838,30,2,1446,1432,4112,15a13318
15a13320,2,586,30,2,1447,1433,983,15a13320
15a13328,2,1000,30,2,1448,1434,1896,15a13328
15a13329,2,568,30,2,1449,1435,1217,15a13329
15a13330,2,784,30,2,1450,1436,4838,15a13330
15a13331,2,730,30,2,1451,1437,2725,15a13331
15a13332,2,676,30,2,1452,1438,254,15a13332
15a13333,2,406,30,2,1453,1439,5006,15a13333
15a13334,2,568,30,2,1454,1440,4735,15a13334
15a13337,2,766,30,2,1455,1441,390,15a13337
15a13338,2,802,30,2,1456,1442,1088,15a13338
15a13339,2,820,30,2,1457,1443,4836,15a13339
15a13341,2,784,30,2,1450,1436,4838,15a13341
15a13342,2,568,30,2,1449,1435,1217,15a13342
15a13343,2,424,30,2,1458,1444,3760,15a13343
15a13345,2,820,30,2,1457,1443,4836,15a13345
15a13346,2,784,30,2,1459,1445,1799,15a13346
15a13347,2,514,30,2,1460,1446,355,15a13347
15a13349,2,730,30,2,1451,1437,2725,15a13349
15a13351,2,802,30,2,1456,1442,1088,15a13351
15a13353,2,784,30,2,1459,1445,1799,15a13353
15a13355,2,730,30,2,1461,1447,4640,15a13355
15a13357,2,1034,30,2,1462,1448,5430,15a13357
15a13358,2,768,30,2,1463,1449,4881,15a13358
15a13360,2,664,30,2,1464,1450,5508,15a13360
15a13362,2,1056,30,2,1465,1451,5202,15a13362
15a13363,2,1034,30,2,1462,1448,5430,15a13363
15a13364,2,1056,30,2,1465,1451,5202,15a13364
15a13376,2,838,30,2,1466,1452,3490,15a13376
15a13377,2,568,30,2,1467,1453,1216,15a13377
15a13379,2,658,30,2,1040,1029,986,15a13379
15a13384,2,838,30,2,1466,1452,3490,15a13384
15a13385,2,820,30,2,1468,1454,2481,15a13385
15a13386,2,568,30,2,1467,1453,1216,15a13386
15a13388,2,514,30,2,1469,1455,913,15a13388
15a13398,2,568,30,2,1444,1430,4817,15a13398
15a13399,2,604,30,2,1445,1431,4345,15a13399
15a13400,2,658,30,2,1436,1422,992,15a13400
15a13401,2,838,30,2,1466,1452,3490,15a13401
15a13402,2,838,30,2,1466,1452,3490,15a13402
15a13403,2,820,30,2,1468,1454,2481,15a13403
15a13409,2,676,30,2,1452,1438,254,15a13409
15a13410,2,514,30,2,1460,1446,355,15a13410
15a13411,2,1000,30,2,1448,1434,1896,15a13411
15a13412,2,586,30,2,1447,1433,983,15a13412
15a13413,2,730,30,2,1451,1437,2725,15a13413
15a13414,2,424,30,2,1458,1444,3760,15a13414
15a13415,2,784,30,2,1459,1445,1799,15a13415
15a13416,2,820,30,2,1457,1443,4836,15a13416
15a13417,2,766,30,2,1455,1441,390,15a13417
15a13418,2,802,30,2,1456,1442,1088,15a13418
15a13419,2,730,30,2,1451,1437,2725,15a13419
15a13420,2,802,30,2,1456,1442,1088,15a13420
15a13421,2,784,30,2,1459,1445,1799,15a13421
15a13422,2,406,30,2,1453,1439,5006,15a13422
15a13423,2,568,30,2,1454,1440,4735,15a13423
15a13424,2,784,30,2,1439,1425,1291,15a13424
15a13425,2,820,30,2,1457,1443,4836,15a13425
15a13426,2,838,30,2,1446,1432,4112,15a13426
15a13427,2,768,30,2,1463,1449,4881,15a13427
15a13428,2,730,30,2,1461,1447,4640,15a13428
15a13429,2,1034,30,2,1462,1448,5430,15a13429
15a13430,2,664,30,2,1464,1450,5508,15a13430
15a13431,2,1056,30,2,1465,1451,5202,15a13431
15a13432,2,1034,30,2,1462,1448,5430,15a13432
15a13433,2,1056,30,2,1465,1451,5202,15a13433
15a13434,2,550,30,2,1438,1424,356,15a13434
15a13435,2,640,30,2,1437,1423,253,15a13435
15a13436,2,532,30,2,1440,1426,243,15a13436
15a13437,2,658,30,2,1441,1427,387,15a13437
15a13438,2,370,30,2,1442,1428,5001,15a13438
15a13439,2,604,30,2,1443,1429,4737,15a13439
15a13440,2,640,30,2,1437,1423,253,15a13440
15a13497,2,692,30,2,1470,1456,4820,15a13497
15a13498,2,866,30,2,1471,1457,4647,15a13498
15a13503,2,692,30,2,1470,1456,4820,15a13503
15a13504,2,866,30,2,1471,1457,4647,15a13504
15a13602,2,690,30,2,1472,1458,5284,15a13602
15a13603,2,876,30,2,1473,1459,5198,15a13603
15a13620,2,690,30,2,1472,1458,5284,15a13620
15a13621,2,876,30,2,1473,1459,5198,15a13621
15a13632,2,730,30,2,1474,1460,2727,15a13632
15a13634,2,568,30,2,1475,1461,2401,15a13634
15a13635,2,766,30,2,1476,1462,2801,15a13635
15a13636,2,514,30,2,1477,1463,5011,15a13636
15a13637,2,748,30,2,1478,1464,4807,15a13637
15a13701,2,892,30,2,1479,1465,4895,15a13701
15a13760,2,610,30,2,1480,1466,2707,15a13760
15a13779,2,866,30,2,1098,1087,4210,15a13779
15a13790,2,676,30,2,1481,1467,2432,15a13790
15a13792,2,964,30,2,1482,1468,4424,15a13792
15a13794,2,622,30,2,1483,1469,5024,15a13794
15a13796,2,982,30,2,1484,1470,3589,15a13796
15a13797,2,964,30,2,1482,1468,4424,15a13797
15a13799,2,982,30,2,1484,1470,3589,15a13799
15a13949,2,550,30,2,1485,1471,3311,15a13949
15a13950,2,424,30,2,1486,1472,3762,15a13950
15a13951,2,640,30,2,1487,1473,5510,15a13951
15a13953,2,640,30,2,1488,1474,4347,15a13953
15a13954,2,658,30,2,1489,1475,3433,15a13954
15a13955,2,694,30,2,1490,1476,4081,15a13955
15a13956,2,604,30,2,1491,1477,3799,15a13956
15a14168,2,744,30,2,1492,1478,2471,15a14168
15a14170,2,750,30,2,1493,1479,2760,15a14170
15a14198,2,730,30,2,1494,1480,2747,15a14198
15a14203,2,730,30,2,1494,1480,2747,15a14203
15a14204,2,730,30,2,1495,1481,3436,15a14204
15a14206,2,730,30,2,1495,1481,3436,15a14206
15a14376,2,442,30,2,1496,1482,3297,15a14376
15a14377,2,532,30,2,1497,1483,3787,15a14377
15a14378,2,532,30,2,1498,1484,5507,15a14378
15a14379,2,658,30,2,1499,1485,5480,15a14379
15a14380,2,820,30,2,1500,1486,4835,15a14380
15a14382,2,280,30,2,1501,1487,5382,15a14382
15a14383,2,478,30,2,1502,1488,5238,15a14383
15a14384,2,370,30,2,1503,1489,1466,15a14384
15a14385,2,604,30,2,1504,1490,1812,15a14385
15a14386,2,514,30,2,1505,1491,5253,15a14386
15a14387,2,568,30,2,1506,1492,1711,15a14387
15a14397,2,676,30,2,1507,1493,3141,15a14397
15a14495,2,640,30,2,1344,1332,4365,15a14495
15a14553,2,866,30,2,1098,1087,4210,15a14553
15a14563,2,1216,30,2,1508,1494,2599,15a14563
15a14568,2,744,30,2,1492,1478,2471,15a14568
15a14569,2,750,30,2,1493,1479,2760,15a14569
15a14586,2,932,30,2,1509,1273,1925,15a14586
15a14606,2,932,30,2,1509,1273,1925,15a14606
15a14672,2,766,30,2,1510,1495,393,15a14672
15a14677,2,766,30,2,1510,1495,393,15a14677
15a14678,2,766,30,2,1511,1496,643,15a14678
15a14680,2,766,30,2,1511,1496,643,15a14680
15a14688,2,802,30,2,1512,1497,1104,15a14688
15a14691,2,802,30,2,1512,1497,1104,15a14691
15a14693,2,802,30,2,1513,1498,1542,15a14693
15a14695,2,802,30,2,1513,1498,1542,15a14695
15a14837,2,784,30,2,1268,1257,4847,15a14837
15a14856,2,688,30,2,1514,1499,255,15a14856
15a14885,2,872,30,2,1515,1500,1832,15a14885
15a14901,2,624,30,2,1516,1501,4343,15a14901
15a14902,2,870,30,2,1517,1502,4111,15a14902
15a14930,2,676,30,2,1481,1467,2432,15a14930
15a14931,2,964,30,2,1482,1468,4424,15a14931
15a14932,2,622,30,2,1483,1469,5024,15a14932
15a14933,2,982,30,2,1484,1470,3589,15a14933
15a14934,2,964,30,2,1482,1468,4424,15a14934
15a14935,2,982,30,2,1484,1470,3589,15a14935
15a15219,2,746,30,2,1518,1503,3477,15a15219
15a15220,2,740,30,2,1519,1504,3146,15a15220
15a15242,2,872,30,2,1515,1500,1832,15a15242
15a15243,2,618,30,2,1520,1505,1530,15a15243
15a15244,2,868,30,2,1521,1506,1914,15a15244
15a15262,2,624,30,2,1516,1501,4343,15a15262
15a15263,2,870,30,2,1517,1502,4111,15a15263
15a15329,2,782,30,2,1522,1507,1000,15a15329
15a15350,2,760,30,2,1523,1508,4376,15a15350
15a15386,2,892,30,2,1524,1509,4428,15a15386
15a15406,2,676,30,2,1507,1493,3141,15a15406
15a15470,2,930,30,2,1525,1510,1112,15a15470
15a15518,2,618,30,2,1520,1505,1530,15a15518
15a15519,2,868,30,2,1521,1506,1914,15a15519
15a15532,2,818,30,2,1526,1511,3484,15a15532
15a15535,2,804,30,2,1527,1512,3152,15a15535
15a15536,2,754,30,2,1528,1513,3467,15a15536
15a15547,2,694,30,2,1529,1514,3461,15a15547
15a15548,2,872,30,2,1530,1515,3149,15a15548
15a15554,2,688,30,2,1531,1516,3136,15a15554
15a15555,2,870,30,2,1532,1517,3614,15a15555
15a15561,2,508,30,2,1533,1518,737,15a15561
15a15562,2,810,30,2,1534,1519,1105,15a15562
15a15563,2,702,30,2,1535,1520,985,15a15563
15a15567,2,514,30,2,1536,1521,5250,15a15567
15a15568,2,812,30,2,1537,1522,5162,15a15568
15a15569,2,680,30,2,1538,1523,5191,15a15569
15a15574,2,818,30,2,1526,1511,3484,15a15574
15a15575,2,804,30,2,1527,1512,3152,15a15575
15a15602,2,688,30,2,1514,1499,255,15a15602
15a15621,2,930,30,2,1525,1510,1112,15a15621
15a15666,2,746,30,2,1518,1503,3477,15a15666
15a15667,2,740,30,2,1519,1504,3146,15a15667
15a15669,2,704,30,2,1539,1524,4830,15a15669
15a15785,2,754,30,2,1528,1513,3467,15a15785
15a15831,2,804,30,2,1527,1512,3152,15a15831
15a15832,2,688,30,2,1531,1516,3136,15a15832
15a15833,2,870,30,2,1532,1517,3614,15a15833
15a15834,2,514,30,2,1536,1521,5250,15a15834
15a15835,2,812,30,2,1537,1522,5162,15a15835
15a15836,2,680,30,2,1538,1523,5191,15a15836
15a15837,2,804,30,2,1527,1512,3152,15a15837
15a15858,2,766,30,2,1540,1525,998,15a15858
15a15876,2,814,30,2,1541,1526,1001,15a15876
15a15879,2,838,30,2,1542,1527,4646,15a15879
15a15881,2,704,30,2,1539,1524,4830,15a15881
15a16022,2,672,30,2,1543,1528,1274,15a16022
15a16023,2,698,30,2,1544,1529,641,15a16023
15a16075,2,672,30,2,1543,1528,1274,15a16075
15a16077,2,698,30,2,1544,1529,641,15a16077
15a16180,2,616,30,2,1545,1530,1789,15a16180
15a16301,2,576,30,2,1546,1531,4341,15a16301
15a16303,2,726,30,2,1547,1532,4097,15a16303
15a16363,2,622,30,2,1548,1533,5266,15a16363
15a16364,2,784,30,2,1549,1534,5168,15a16364
15a16408,2,576,30,2,1546,1531,4341,15a16408
15a16410,2,726,30,2,1547,1532,4097,15a16410
15a16442,2,622,30,2,1548,1533,5266,15a16442
15a16443,2,784,30,2,1549,1534,5168,15a16443
15a16458,2,622,30,2,1550,1535,3451,15a16458
15a16459,2,784,30,2,1551,1536,3151,15a16459
15a16500,2,576,30,2,1552,1537,4798,15a16500
15a16502,2,726,30,2,1553,1538,4639,15a16502
15a16531,2,622,30,2,1550,1535,3451,15a16531
15a16532,2,784,30,2,1551,1536,3151,15a16532
15a16572,2,576,30,2,1552,1537,4798,15a16572
15a16574,2,726,30,2,1553,1538,4639,15a16574
15a16575,2,1036,30,2,1554,1539,4918,15a16575
15a16576,2,856,30,2,1555,1540,2573,15a16576
15a16577,2,442,30,2,1556,1541,3307,15a16577
15a16578,2,388,30,2,1557,1542,3761,15a16578
15a16579,2,532,30,2,1558,1543,3045,15a16579
15a16580,2,514,30,2,1559,1544,3310,15a16580
15a16581,2,640,30,2,1560,1545,4352,15a16581
15a16582,2,730,30,2,1561,1546,3476,15a16582
15a16583,2,928,30,2,1562,1547,4901,15a16583
15a16584,2,766,30,2,1563,1548,4193,15a16584
15a16585,2,748,30,2,1564,1549,4875,15a16585
15a16680,2,892,30,2,1479,1465,4895,15a16680
15a16749,2,610,30,2,1480,1466,2707,15a16749
15a16942,2,676,30,2,1565,1550,4826,15a16942
15a16943,2,730,30,2,1566,1551,3496,15a16943
15a16953,2,766,30,2,1567,1552,3502,15a16953
15a16954,2,838,30,2,1568,1553,3504,15a16954
15a16955,2,676,30,2,1565,1550,4826,15a16955
15a16956,2,730,30,2,1566,1551,3496,15a16956
15a16957,2,478,30,2,1569,1554,5249,15a16957
15a16958,2,532,30,2,1570,1555,3116,15a16958
15a17363,2,658,30,2,1571,1556,1075,15a17363
15a17365,2,730,30,2,1572,1557,5273,15a17365
15a17366,2,838,30,2,1573,1558,3508,15a17366
15a17824,2,694,30,2,1574,1559,5271,15a17824
15a17825,2,784,30,2,1575,1560,1839,15a17825
15a17826,2,946,30,2,1576,1561,5491,15a17826
15a17827,2,730,30,2,1577,1562,3501,15a17827
15a17828,2,586,30,2,1578,1563,1538,15a17828
15a17829,2,676,30,2,1579,1564,1818,15a17829
15a18206,2,892,30,2,1580,1565,2482,15a18206
15a18265,2,910,30,2,1581,1566,4217,15a18265
15a18266,2,784,30,2,1582,1567,1824,15a18266
15a18267,2,874,30,2,1583,1568,3597,15a18267
15a18289,2,714,30,2,1584,1569,2055,15a18289
15a18298,2,740,30,2,1585,1570,5193,15a18298
15a18412,2,616,30,2,1545,1530,1789,15a18412
15a18422,2,1100,30,2,1586,1571,2596,15a18422
15a18423,2,1038,30,2,1587,1572,1575,15a18423
15a18425,2,1122,30,2,1588,1573,4220,15a18425
15a18426,2,1064,30,2,1589,1574,4899,15a18426
15a18428,2,620,30,2,1590,1575,748,15a18428
15a18429,2,806,30,2,1591,1576,3575,15a18429
15a18434,2,642,30,2,1592,1577,5254,15a18434
15a18435,2,816,30,2,1593,1578,3144,15a18435
15a18439,2,1100,30,2,1586,1571,2596,15a18439
15a18440,2,1038,30,2,1587,1572,1575,15a18440
15a18441,2,1122,30,2,1588,1573,4220,15a18441
15a18442,2,1064,30,2,1589,1574,4899,15a18442
15a18468,2,1054,30,2,1594,1579,3630,15a18468
15a18469,2,1048,30,2,1595,1580,3183,15a18469
15a18476,2,752,30,2,1596,1581,2465,15a18476
15a18478,2,750,30,2,1597,1582,4099,15a18478
15a18480,2,1108,30,2,1598,1583,2589,15a18480
15a18481,2,1114,30,2,1599,1584,4230,15a18481
15a18482,2,1108,30,2,1598,1583,2589,15a18482
15a18483,2,1054,30,2,1594,1579,3630,15a18483
15a18486,2,1046,30,2,1600,1585,1573,15a18486
15a18487,2,1114,30,2,1599,1584,4230,15a18487
15a18488,2,1048,30,2,1595,1580,3183,15a18488
15a18490,2,1056,30,2,1601,1586,4909,15a18490
15a18491,2,566,30,2,1602,1587,2042,15a18491
15a18493,2,576,30,2,1603,1588,4335,15a18493
15a18495,2,1348,30,2,1604,1589,2600,15a18495
15a18496,2,1354,30,2,1605,1590,4256,15a18496
15a18514,2,782,30,2,1522,1507,1000,15a18514
15a18515,2,710,30,2,1606,1591,987,15a18515
15a18518,2,760,30,2,1523,1508,4376,15a18518
15a18519,2,720,30,2,1607,1592,5531,15a18519
15a18602,2,766,30,2,1540,1525,998,15a18602
15a18619,2,838,30,2,1542,1527,4646,15a18619
15a18625,2,814,30,2,1541,1526,1001,15a18625
15a18744,2,626,30,2,1608,1593,2717,15a18744
15a18763,2,676,30,2,1609,1594,4367,15a18763
15a18778,2,626,30,2,1608,1593,2717,15a18778
15a18789,2,676,30,2,1609,1594,4367,15a18789
15a18796,2,676,30,2,1610,1595,1814,15a18796
15a18816,2,626,30,2,1611,1596,3417,15a18816
15a18826,2,676,30,2,1610,1595,1814,15a18826
15a18838,2,626,30,2,1611,1596,3417,15a18838
15a18841,2,818,30,2,1526,1511,3484,15a18841
15a18842,2,694,30,2,1529,1514,3461,15a18842
15a18843,2,872,30,2,1530,1515,3149,15a18843
15a18844,2,508,30,2,1533,1518,737,15a18844
15a18845,2,810,30,2,1534,1519,1105,15a18845
15a18846,2,702,30,2,1535,1520,985,15a18846
15a18847,2,818,30,2,1526,1511,3484,15a18847
15a18850,2,1354,30,2,1605,1590,4256,15a18850
15a18851,2,642,30,2,1592,1577,5254,15a18851
15a18852,2,1114,30,2,1599,1584,4230,15a18852
15a18853,2,1048,30,2,1595,1580,3183,15a18853
15a18854,2,1122,30,2,1588,1573,4220,15a18854
15a18855,2,1064,30,2,1589,1574,4899,15a18855
15a18856,2,1122,30,2,1588,1573,4220,15a18856
15a18857,2,750,30,2,1597,1582,4099,15a18857
15a18858,2,816,30,2,1593,1578,3144,15a18858
15a18859,2,1064,30,2,1589,1574,4899,15a18859
15a18860,2,576,30,2,1603,1588,4335,15a18860
15a18861,2,1048,30,2,1595,1580,3183,15a18861
15a18862,2,1056,30,2,1601,1586,4909,15a18862
15a18863,2,1114,30,2,1599,1584,4230,15a18863
15a18871,2,1000,30,2,1612,1597,1929,15a18871
15a18873,2,1000,30,2,1612,1597,1929,15a18873
15a18874,2,892,30,2,1524,1509,4428,15a18874
15a18889,2,766,30,2,1613,1598,5429,15a18889
15a18973,2,670,30,2,1614,1599,2719,15a18973
15a18975,2,1054,30,2,1615,1600,1135,15a18975
15a18976,2,724,30,2,1616,1601,490,15a18976
15a18978,2,1036,30,2,1617,1602,1921,15a18978
15a18979,2,1054,30,2,1615,1600,1135,15a18979
15a18980,2,1036,30,2,1617,1602,1921,15a18980
15a19093,2,740,30,2,1585,1570,5193,15a19093
15a19111,2,720,30,2,1607,1592,5531,15a19111
15a19308,2,982,30,2,1618,1603,3656,15a19308
15a19363,2,892,30,2,1619,1604,3150,15a19363
15a19462,2,730,30,2,1620,1605,3390,15a19462
15a19469,2,816,30,2,1621,1606,2441,15a19469
15a19470,2,730,30,2,1620,1605,3390,15a19470
15a19471,2,1040,30,2,1622,1607,1931,15a19471
15a19472,2,816,30,2,1621,1606,2441,15a19472
15a19474,2,730,30,2,1474,1460,2727,15a19474
15a19475,2,1040,30,2,1622,1607,1931,15a19475
15a19514,2,636,30,2,1623,1608,4346,15a19514
15a19515,2,858,30,2,1624,1609,4110,15a19515
15a19526,2,676,30,2,1625,1610,489,15a19526
15a19527,2,676,30,2,1625,1610,489,15a19527
15a19528,2,406,30,2,1626,1611,5005,15a19528
15a19529,2,636,30,2,1623,1608,4346,15a19529
15a19531,2,568,30,2,1627,1612,4733,15a19531
15a19532,2,858,30,2,1624,1609,4110,15a19532
15a19534,2,406,30,2,1626,1611,5005,15a19534
15a19535,2,568,30,2,1627,1612,4733,15a19535
15a19607,2,846,30,2,1628,1613,1090,15a19607
15a19632,2,846,30,2,1628,1613,1090,15a19632
15a19672,2,712,30,2,1629,1614,2537,15a19672
15a19673,2,424,30,2,1630,1615,4783,15a19673
15a19674,2,478,30,2,1631,1616,4629,15a19674
15a19684,2,568,30,2,1632,1617,2424,15a19684
15a19685,2,712,30,2,1629,1614,2537,15a19685
15a19686,2,424,30,2,1630,1615,4783,15a19686
15a19687,2,478,30,2,1631,1616,4629,15a19687
15a19688,2,370,30,2,1633,1618,3295,15a19688
15a19689,2,460,30,2,1634,1619,3785,15a19689
15a19690,2,460,30,2,1635,1620,3038,15a19690
15a19691,2,586,30,2,1636,1621,3450,15a19691
15a19692,2,586,30,2,1637,1622,5280,15a19692
15a19693,2,640,30,2,1638,1623,4864,15a19693
15a19778,2,640,30,2,1560,1545,4352,15a19778
15a19779,2,730,30,2,1561,1546,3476,15a19779
15a19843,2,1216,30,2,1508,1494,2599,15a19843
15a19878,2,820,30,2,1639,1624,5163,15a19878
15a19887,2,820,30,2,1639,1624,5163,15a19887
15a19890,2,766,30,2,1640,1625,642,15a19890
15a19891,2,766,30,2,1640,1625,642,15a19891
15a19892,2,820,30,2,1641,1626,4845,15a19892
15a19895,2,820,30,2,1641,1626,4845,15a19895
15a19955,2,784,30,2,1642,1627,1911,15a19955
15a19965,2,838,30,2,1643,1628,3645,15a19965
15a19967,2,748,30,2,1644,1629,4413,15a19967
15a19968,2,748,30,2,1645,1021,2547,15a19968
15a19969,2,820,30,2,1646,1630,4425,15a19969
15a19970,2,784,30,2,1642,1627,1911,15a19970
15a19972,2,622,30,2,1647,1631,2742,15a19972
15a20257,2,784,30,2,1648,1632,1325,15a20257
15a20258,2,730,30,2,1649,1633,2754,15a20258
15a20259,2,802,30,2,1650,1634,1133,15a20259
15a20260,2,910,30,2,1651,1635,4242,15a20260
15a20261,2,820,30,2,1652,1636,4886,15a20261
15a20262,2,910,30,2,1653,1637,4223,15a20262
15a20263,2,1000,30,2,1654,1638,1943,15a20263
15a20264,2,928,30,2,1655,1639,1938,15a20264
15a20265,2,604,30,2,1656,1640,3171,15a20265
15a20643,2,514,30,2,1657,1641,1524,15a20643
15a20644,2,748,30,2,1658,1642,1901,15a20644
15a20860,2,802,30,2,1659,1643,1131,15a20860
15a20861,2,802,30,2,1659,1643,1131,15a20861
15a20863,2,820,30,2,1660,1644,5152,15a20863
15a20864,2,820,30,2,1660,1644,5152,15a20864
15a20873,2,820,30,2,1500,1486,4835,15a20873
15a20878,2,872,30,2,1661,1645,1915,15a20878
15a20881,2,870,30,2,1662,1646,4643,15a20881
15a20882,2,872,30,2,1661,1645,1915,15a20882
15a20884,2,870,30,2,1662,1646,4643,15a20884
15a20890,2,1058,30,2,1663,1647,3608,15a20890
15a20891,2,1044,30,2,1664,1648,3184,15a20891
15a20892,2,1112,30,2,1665,1649,2584,15a20892
15a20893,2,1110,30,2,1666,1650,4232,15a20893
15a20895,2,1112,30,2,1665,1649,2584,15a20895
15a20898,2,1110,30,2,1666,1650,4232,15a20898
15a21005,2,766,30,2,1613,1598,5429,15a21005
15a21044,2,674,30,2,1667,1651,2720,15a21044
15a21050,2,424,30,2,1486,1472,3762,15a21050
15a21051,2,674,30,2,1667,1651,2720,15a21051
15a21078,2,660,30,2,1668,1652,1270,15a21078
15a21085,2,498,30,2,1669,1653,2108,15a21085
15a21086,2,660,30,2,1668,1652,1270,15a21086
15a21101,2,478,30,2,1275,1264,3406,15a21101
15a21110,2,1348,30,2,1604,1589,2600,15a21110
15a21111,2,620,30,2,1590,1575,748,15a21111
15a21112,2,1108,30,2,1598,1583,2589,15a21112
15a21113,2,1054,30,2,1594,1579,3630,15a21113
15a21114,2,1100,30,2,1586,1571,2596,15a21114
15a21115,2,1038,30,2,1587,1572,1575,15a21115
15a21116,2,1100,30,2,1586,1571,2596,15a21116
15a21117,2,752,30,2,1596,1581,2465,15a21117
15a21118,2,806,30,2,1591,1576,3575,15a21118
15a21119,2,1038,30,2,1587,1572,1575,15a21119
15a21120,2,566,30,2,1602,1587,2042,15a21120
15a21121,2,1054,30,2,1594,1579,3630,15a21121
15a21122,2,1046,30,2,1600,1585,1573,15a21122
15a21123,2,1108,30,2,1598,1583,2589,15a21123
15a21131,2,1110,30,2,1666,1650,4232,15a21131
15a21132,2,1110,30,2,1666,1650,4232,15a21132
15a21133,2,1044,30,2,1664,1648,3184,15a21133
15a21140,2,584,30,2,1670,1654,5349,15a21140
15a21149,2,584,30,2,1670,1654,5349,15a21149
15a21196,2,784,30,2,1671,1655,2440,15a21196
15a21201,2,784,30,2,1671,1655,2440,15a21201
15a21202,2,784,30,2,1582,1567,1824,15a21202
15a21337,2,658,30,2,1276,1265,3459,15a21337
15a21339,2,714,30,2,1584,1569,2055,15a21339
15a21371,2,710,30,2,1606,1591,987,15a21371
15a21539,2,982,30,2,1672,1656,3636,15a21539
15a21688,2,784,30,2,1673,1657,1888,15a21688
15a21695,2,810,30,2,1674,1658,2803,15a21695
15a21696,2,784,30,2,1673,1657,1888,15a21696
15a21697,2,1034,30,2,1675,1659,3600,15a21697
15a21698,2,810,30,2,1674,1658,2803,15a21698
15a21701,2,1034,30,2,1675,1659,3600,15a21701
15a21723,2,514,30,2,1676,1660,629,15a21723
15a21724,2,514,30,2,1676,1660,629,15a21724
15a21759,2,624,30,2,1677,1661,1269,15a21759
15a21770,2,624,30,2,1677,1661,1269,15a21770
15a21789,2,658,30,2,1678,1662,3544,15a21789
15a21795,2,478,30,2,1679,1663,2696,15a21795
15a21796,2,658,30,2,1678,1662,3544,15a21796
15a21910,2,1040,30,2,1622,1607,1931,15a21910
15a21911,2,1040,30,2,1622,1607,1931,15a21911
15a21955,2,352,30,2,1680,1664,4297,15a21955
15a21956,2,550,30,2,1681,1665,3961,15a21956
15a21957,2,442,30,2,1682,1666,4050,15a21957
15a22005,2,568,30,2,1632,1617,2424,15a22005
15a22019,2,876,30,2,1683,1667,5199,15a22019
15a22095,2,676,30,2,1609,1594,4367,15a22095
15a22096,2,658,30,2,1684,1668,4092,15a22096
15a22097,2,694,30,2,1685,1669,4189,15a22097
15a22275,2,910,30,2,1686,1670,2832,15a22275
15a22276,2,568,30,2,1687,1671,4330,15a22276
15a22277,2,766,30,2,1688,1672,4100,15a22277
15a22406,2,1112,30,2,1665,1649,2584,15a22406
15a22409,2,1112,30,2,1665,1649,2584,15a22409
15a22410,2,1058,30,2,1663,1647,3608,15a22410
15a22551,2,456,30,2,1689,1673,4303,15a22551
15a22566,2,892,30,2,1580,1565,2482,15a22566
15a22596,2,604,30,2,1270,1259,2430,15a22596
15a22629,2,876,30,2,1683,1667,5199,15a22629
15a22682,2,560,30,2,1690,1674,1712,15a22682
15a22821,2,442,30,2,1271,1260,2682,15a22821
15a22994,2,946,30,2,1691,1675,5494,15a22994
15a22995,2,658,30,2,1692,1676,3462,15a22995
15a22996,2,604,30,2,1693,1677,3800,15a22996
15a22998,2,1036,30,2,1694,1678,4915,15a22998
15a23222,2,694,30,2,1695,1679,5285,15a23222
15a23223,2,748,30,2,1696,1680,4378,15a23223
15a23224,2,694,30,2,1697,1681,3464,15a23224
15a23229,2,568,30,2,1698,1682,3796,15a23229
15a23230,2,676,30,2,1699,1683,4872,15a23230
15a23326,2,892,30,2,1619,1604,3150,15a23326
15a23374,2,1034,30,2,1675,1659,3600,15a23374
15a23375,2,1034,30,2,1675,1659,3600,15a23375
15a23417,2,262,30,2,1700,1684,4669,15a23417
15a23418,2,424,30,2,1701,1685,4301,15a23418
15a23419,2,388,30,2,1702,1686,4323,15a23419
15a23460,2,478,30,2,1679,1663,2696,15a23460
15a23555,2,784,30,2,1703,1687,2543,15a23555
15a23556,2,838,30,2,1704,1688,2804,15a23556
15a23557,2,1036,30,2,1705,1689,4933,15a23557
15a23558,2,946,30,2,1706,1690,2833,15a23558
15a23559,2,838,30,2,1707,1691,4238,15a23559
15a23599,2,626,30,2,1708,1692,5257,15a23599
15a23600,2,876,30,2,1709,1693,5166,15a23600
15a23656,2,784,30,2,1710,1694,4406,15a23656
15a23657,2,838,30,2,1711,1695,4183,15a23657
15a23805,2,826,30,2,1712,1696,4109,15a23805
15a23902,2,626,30,2,1708,1692,5257,15a23902
15a23903,2,876,30,2,1709,1693,5166,15a23903
15a23925,2,670,30,2,1614,1599,2719,15a23925
15a23926,2,1054,30,2,1615,1600,1135,15a23926
15a23927,2,724,30,2,1616,1601,490,15a23927
15a23928,2,1036,30,2,1617,1602,1921,15a23928
15a23929,2,1054,30,2,1615,1600,1135,15a23929
15a23930,2,1036,30,2,1617,1602,1921,15a23930
15a24197,2,838,30,2,1713,1697,4194,15a24197
15a24833,2,550,30,2,1714,1698,3449,15a24833
15a24894,2,550,30,2,1714,1698,3449,15a24894
15a24930,2,644,30,2,1715,1699,3044,15a24930
15a24992,2,640,30,2,1716,1700,2528,15a24992
15a24993,2,694,30,2,1717,1701,2809,15a24993
15a25055,2,828,30,2,1718,1702,2554,15a25055
15a25142,2,640,30,2,1719,1703,280,15a25142
15a25175,2,568,30,2,1720,1704,4391,15a25175
15a25176,2,766,30,2,1721,1705,4175,15a25176
15a25217,2,706,30,2,1722,1706,1083,15a25217
15a25220,2,830,30,2,1723,1707,3581,15a25220
15a25303,2,658,30,2,1724,1708,3543,15a25303
15a25304,2,604,30,2,1725,1709,3168,15a25304
15a25318,2,514,30,2,1726,1710,1558,15a25318
15a25319,2,748,30,2,1727,1711,1952,15a25319
15a25331,2,568,30,2,1720,1704,4391,15a25331
15a25332,2,766,30,2,1721,1705,4175,15a25332
15a25339,2,640,30,2,1716,1700,2528,15a25339
15a25340,2,694,30,2,1717,1701,2809,15a25340
15a25343,2,764,30,2,1728,1712,2548,15a25343
15a25344,2,702,30,2,1729,1713,1567,15a25344
15a25362,2,644,30,2,1715,1699,3044,15a25362
15a25363,2,926,30,2,1730,1714,4181,15a25363
15a25364,2,876,30,2,1731,1715,4869,15a25364
15a25434,2,514,30,2,1726,1710,1558,15a25434
15a25435,2,748,30,2,1727,1711,1952,15a25435
15a25467,2,640,30,2,1719,1703,280,15a25467
15a25494,2,658,30,2,1724,1708,3543,15a25494
15a25495,2,604,30,2,1725,1709,3168,15a25495
15a25496,2,882,30,2,1732,1716,4239,15a25496
15a25497,2,824,30,2,1733,1717,3185,15a25497
15a25764,2,1080,30,2,1734,1718,2594,15a25764
15a25774,2,764,30,2,1728,1712,2548,15a25774
15a25847,2,926,30,2,1730,1714,4181,15a25847
15a25848,2,876,30,2,1731,1715,4869,15a25848
15a25875,2,1058,30,2,1735,1719,3650,15a25875
15a25921,2,794,30,2,1736,1720,2799,15a25921
15a25922,2,1080,30,2,1734,1718,2594,15a25922
15a25932,2,828,30,2,1718,1702,2554,15a25932
15a25949,2,706,30,2,1722,1706,1083,15a25949
15a25950,2,830,30,2,1723,1707,3581,15a25950
15a25970,2,702,30,2,1729,1713,1567,15a25970
15a26121,2,816,30,2,1737,1721,1889,15a26121
15a26122,2,1058,30,2,1735,1719,3650,15a26122
15a26135,2,794,30,2,1736,1720,2799,15a26135
15a26286,2,816,30,2,1737,1721,1889,15a26286
15a26295,2,882,30,2,1732,1716,4239,15a26295
15a26346,2,824,30,2,1733,1717,3185,15a26346
15a26898,2,676,30,2,1265,1254,1836,15a26898
15a27384,2,976,30,2,1738,1722,2570,15a27384
15a27418,2,826,30,2,1739,1723,4198,15a27418
15a27443,2,826,30,2,1739,1723,4198,15a27443
15a27502,2,834,30,2,1740,1724,5438,15a27502
15a27525,2,976,30,2,1738,1722,2570,15a27525
15a27648,2,578,30,2,1741,1725,2048,15a27648
15a27649,2,812,30,2,1742,1726,2540,15a27649
15a27650,2,584,30,2,1743,1727,4767,15a27650
15a27651,2,814,30,2,1744,1728,4636,15a27651
15a27652,2,784,30,2,1745,1729,4407,15a27652
15a27653,2,838,30,2,1746,1730,4209,15a27653
15a27656,2,568,30,2,1747,1731,2446,15a27656
15a27657,2,766,30,2,1748,1732,2835,15a27657
15a27658,2,910,30,2,1749,1733,4225,15a27658
15a27661,2,658,30,2,1750,1734,995,15a27661
15a27662,2,460,30,2,1751,1735,1209,15a27662
15a27663,2,514,30,2,1752,1736,5019,15a27663
15a27664,2,748,30,2,1753,1737,4831,15a27664
15a27665,2,910,30,2,1754,1738,2837,15a27665
15a27666,2,874,30,2,1755,1739,3594,15a27666
15a27668,2,562,30,2,1756,1740,982,15a27668
15a27669,2,738,30,2,1757,1741,2726,15a27669
15a27670,2,448,30,2,1758,1742,3764,15a27670
15a27671,2,776,30,2,1759,1743,1800,15a27671
15a27672,2,738,30,2,1757,1741,2726,15a27672
15a27673,2,776,30,2,1759,1743,1800,15a27673
15a27676,2,634,30,2,1760,1744,5479,15a27676
15a27677,2,698,30,2,1761,1745,4076,15a27677
15a27678,2,696,30,2,1762,1746,3125,15a27678
15a27679,2,692,30,2,1763,1747,3746,15a27679
15a27680,2,702,30,2,1764,1748,3435,15a27680
15a27681,2,784,30,2,1745,1729,4407,15a27681
15a27683,2,442,30,2,1765,1749,3298,15a27683
15a27685,2,532,30,2,1766,1750,3794,15a27685
15a27687,2,838,30,2,1746,1730,4209,15a27687
15a27690,2,1152,30,2,1767,1751,5220,15a27690
15a27692,2,766,30,2,1768,1752,3505,15a27692
15a27693,2,982,30,2,1769,1753,3627,15a27693
15a27694,2,676,30,2,1770,1754,2485,15a27694
15a27695,2,730,30,2,1771,1755,1102,15a27695
15a27696,2,658,30,2,1772,1756,2744,15a27696
15a27700,2,694,30,2,1773,1757,2736,15a27700
15a27704,2,586,30,2,1774,1758,993,15a27704
15a27705,2,532,30,2,1775,1759,1214,15a27705
15a27706,2,820,30,2,1776,1760,2490,15a27706
15a27707,2,694,30,2,1777,1761,1099,15a27707
15a27708,2,1000,30,2,1778,1762,4928,15a27708
15a27709,2,910,30,2,1779,1763,2836,15a27709
15a27710,2,928,30,2,1780,1764,4907,15a27710
15a27711,2,730,30,2,1781,1765,4192,15a27711
15a27712,2,568,30,2,1782,1766,1215,15a27712
15a27713,2,820,30,2,1783,1767,1892,15a27713
15a27714,2,802,30,2,1784,1768,5288,15a27714
15a27715,2,748,30,2,1785,1769,2474,15a27715
15a27716,2,604,30,2,1786,1770,3798,15a27716
15a27718,2,838,30,2,1787,1771,3488,15a27718
15a27719,2,910,30,2,1788,1772,2823,15a27719
15a27720,2,706,30,2,1789,1773,4644,15a27720
15a27721,2,700,30,2,1790,1774,4821,15a27721
15a27723,2,946,30,2,1791,1775,407,15a27723
15a27724,2,586,30,2,1774,1758,993,15a27724
15a27725,2,694,30,2,1777,1761,1099,15a27725
15a27727,2,532,30,2,1775,1759,1214,15a27727
15a27728,2,586,30,2,1792,1776,5023,15a27728
15a27729,2,784,30,2,1793,1777,4882,15a27729
15a27730,2,676,30,2,1794,1778,4828,15a27730
15a27731,2,766,30,2,1795,1779,2798,15a27731
15a27732,2,748,30,2,1796,1780,1874,15a27732
15a27766,2,1026,30,2,1797,1781,4243,15a27766
15a27767,2,1064,30,2,1798,1782,4934,15a27767
15a27776,2,766,30,2,1795,1779,2798,15a27776
15a27780,2,1026,30,2,1797,1781,4243,15a27780
15a27782,2,910,30,2,1754,1738,2837,15a27782
15a27783,2,820,30,2,1776,1760,2490,15a27783
15a27784,2,838,30,2,1799,1783,3616,15a27784
15a27786,2,568,30,2,1782,1766,1215,15a27786
15a27787,2,748,30,2,1785,1769,2474,15a27787
15a27788,2,748,30,2,1800,1784,4377,15a27788
15a27789,2,838,30,2,1787,1771,3488,15a27789
15a27791,2,1184,30,2,1801,1785,4941,15a27791
15a27793,2,994,30,2,1802,1786,4249,15a27793
15a27795,2,1004,30,2,1803,1787,1942,15a27795
15a27796,2,906,30,2,1804,1788,5300,15a27796
15a27799,2,658,30,2,1750,1734,995,15a27799
15a27800,2,730,30,2,1771,1755,1102,15a27800
15a27801,2,460,30,2,1751,1735,1209,15a27801
15a27802,2,838,30,2,1805,1789,3601,15a27802
15a27805,2,776,30,2,1806,1790,1829,15a27805
15a27806,2,706,30,2,1789,1773,4644,15a27806
15a27807,2,1048,30,2,1807,1791,4936,15a27807
15a27808,2,700,30,2,1790,1774,4821,15a27808
15a27827,2,838,30,2,1799,1783,3616,15a27827
15a27828,2,748,30,2,1808,1792,2493,15a27828
15a27829,2,838,30,2,1805,1789,3601,15a27829
15a27831,2,748,30,2,1800,1784,4377,15a27831
15a27838,2,748,30,2,1796,1780,1874,15a27838
15a27840,2,1152,30,2,1767,1751,5220,15a27840
15a27842,2,1064,30,2,1798,1782,4934,15a27842
15a27844,2,982,30,2,1809,1793,3605,15a27844
15a27849,2,766,30,2,1768,1752,3505,15a27849
15a27850,2,934,30,2,1810,1794,3625,15a27850
15a27853,2,562,30,2,1756,1740,982,15a27853
15a27854,2,738,30,2,1757,1741,2726,15a27854
15a27855,2,448,30,2,1758,1742,3764,15a27855
15a27856,2,776,30,2,1759,1743,1800,15a27856
15a27857,2,738,30,2,1757,1741,2726,15a27857
15a27858,2,776,30,2,1759,1743,1800,15a27858
15a27861,2,634,30,2,1760,1744,5479,15a27861
15a27862,2,698,30,2,1761,1745,4076,15a27862
15a27863,2,692,30,2,1763,1747,3746,15a27863
15a27864,2,696,30,2,1762,1746,3125,15a27864
15a27865,2,702,30,2,1764,1748,3435,15a27865
15a27866,2,784,30,2,1793,1777,4882,15a27866
15a27867,2,784,30,2,1811,1795,1830,15a27867
15a27868,2,1000,30,2,1778,1762,4928,15a27868
15a27869,2,910,30,2,1779,1763,2836,15a27869
15a27870,2,730,30,2,1781,1765,4192,15a27870
15a27871,2,586,30,2,1792,1776,5023,15a27871
15a27872,2,676,30,2,1794,1778,4828,15a27872
15a27873,2,658,30,2,1812,1796,3460,15a27873
15a27874,2,604,30,2,1813,1797,3139,15a27874
15a27876,2,838,30,2,1814,1798,4122,15a27876
15a27877,2,910,30,2,1749,1733,4225,15a27877
15a27878,2,802,30,2,1815,1799,1109,15a27878
15a27879,2,838,30,2,1814,1798,4122,15a27879
15a27880,2,640,30,2,1816,1800,252,15a27880
15a27883,2,802,30,2,1784,1768,5288,15a27883
15a27884,2,874,30,2,1755,1739,3594,15a27884
15a27885,2,928,30,2,1780,1764,4907,15a27885
15a27888,2,676,30,2,1770,1754,2485,15a27888
15a27889,2,658,30,2,1772,1756,2744,15a27889
15a27890,2,748,30,2,1808,1792,2493,15a27890
15a27892,2,820,30,2,1783,1767,1892,15a27892
15a27893,2,604,30,2,1786,1770,3798,15a27893
15a27895,2,694,30,2,1773,1757,2736,15a27895
15a27896,2,910,30,2,1788,1772,2823,15a27896
15a27899,2,1032,30,2,1817,1801,5209,15a27899
15a27900,2,934,30,2,1810,1794,3625,15a27900
15a27901,2,842,30,2,1818,1802,4663,15a27901
15a27903,2,928,30,2,1819,1803,1932,15a27903
15a27904,2,1036,30,2,1820,1804,1955,15a27904
15a27905,2,442,30,2,1765,1749,3298,15a27905
15a27906,2,532,30,2,1766,1750,3794,15a27906
15a27908,2,928,30,2,1819,1803,1932,15a27908
15a27909,2,578,30,2,1741,1725,2048,15a27909
15a27910,2,812,30,2,1742,1726,2540,15a27910
15a27911,2,584,30,2,1743,1727,4767,15a27911
15a27912,2,814,30,2,1744,1728,4636,15a27912
15a27913,2,946,30,2,1791,1775,407,15a27913
15a27915,2,514,30,2,1752,1736,5019,15a27915
15a27916,2,748,30,2,1753,1737,4831,15a27916
15a27917,2,658,30,2,1812,1796,3460,15a27917
15a27918,2,568,30,2,1747,1731,2446,15a27918
15a27919,2,766,30,2,1748,1732,2835,15a27919
15a27920,2,784,30,2,1811,1795,1830,15a27920
15a27921,2,604,30,2,1813,1797,3139,15a27921
15a27922,2,802,30,2,1815,1799,1109,15a27922
15a27924,2,640,30,2,1816,1800,252,15a27924
15a27925,2,1048,30,2,1807,1791,4936,15a27925
15a27926,2,1184,30,2,1801,1785,4941,15a27926
15a27927,2,994,30,2,1802,1786,4249,15a27927
15a27928,2,1032,30,2,1817,1801,5209,15a27928
15a27929,2,842,30,2,1818,1802,4663,15a27929
15a27930,2,906,30,2,1804,1788,5300,15a27930
15a27931,2,982,30,2,1769,1753,3627,15a27931
15a27932,2,1004,30,2,1803,1787,1942,15a27932
15a27933,2,1036,30,2,1820,1804,1955,15a27933
15a27934,2,982,30,2,1809,1793,3605,15a27934
15a27949,2,602,30,2,1821,1805,3316,15a27949
15a27960,2,602,30,2,1821,1805,3316,15a27960
15a28034,2,568,30,2,1822,1806,4317,15a28034
15a28035,2,514,30,2,1823,1807,5010,15a28035
15a28036,2,784,30,2,1824,1808,4392,15a28036
15a28037,2,640,30,2,1825,1809,2428,15a28037
15a28038,2,658,30,2,1826,1810,3430,15a28038
15a28039,2,856,30,2,1827,1811,4408,15a28039
15a28099,2,776,30,2,1828,1812,2476,15a28099
15a28100,2,720,30,2,1829,1813,4355,15a28100
15a28149,2,280,30,2,1830,1814,5381,15a28149
15a28150,2,442,30,2,1831,1815,3296,15a28150
15a28153,2,586,30,2,1832,1816,5264,15a28153
15a28155,2,640,30,2,1833,1817,4336,15a28155
15a28156,2,694,30,2,1834,1818,3440,15a28156
15a28157,2,568,30,2,1835,1819,3775,15a28157
15a28271,2,478,30,2,1836,1820,5239,15a28271
15a28276,2,658,30,2,1837,1821,3418,15a28276
15a28277,2,676,30,2,1838,1822,4353,15a28277
15a28278,2,658,30,2,1839,1823,4080,15a28278
15a28337,2,688,30,2,1840,1824,2433,15a28337
15a28338,2,806,30,2,1841,1825,2821,15a28338
15a28351,2,698,30,2,1842,1826,2722,15a28351
15a28427,2,874,30,2,1843,1827,3557,15a28427
15a28432,2,984,30,2,1844,1828,2565,15a28432
15a28469,2,682,30,2,1845,1829,1532,15a28469
15a28470,2,804,30,2,1846,1830,1907,15a28470
15a28471,2,962,30,2,1847,1831,4224,15a28471
15a28476,2,688,30,2,1840,1824,2433,15a28476
15a28477,2,806,30,2,1841,1825,2821,15a28477
15a28493,2,648,30,2,1848,1832,739,15a28493
15a28497,2,904,30,2,1849,1833,2478,15a28497
15a28501,2,674,30,2,1850,1834,5270,15a28501
15a28546,2,682,30,2,1845,1829,1532,15a28546
15a28547,2,804,30,2,1846,1830,1907,15a28547
15a28645,2,1030,30,2,1851,1835,665,15a28645
15a28683,2,730,30,2,1852,1836,4176,15a28683
15a28684,2,784,30,2,1853,1837,4880,15a28684
15a28685,2,1000,30,2,1854,1838,4927,15a28685
15a28686,2,694,30,2,1855,1839,2752,15a28686
15a28687,2,604,30,2,1856,1840,3803,15a28687
15a28688,2,928,30,2,1857,1841,4896,15a28688
15a28713,2,910,30,2,1858,1842,4186,15a28713
15a28718,2,786,30,2,1859,1843,5482,15a28718
15a28719,2,986,30,2,1860,1844,3561,15a28719
15a28726,2,774,30,2,1861,1845,4107,15a28726
15a28777,2,766,30,2,1862,1846,3483,15a28777
15a28778,2,460,30,2,1863,1847,4302,15a28778
15a28779,2,406,30,2,1864,1848,1471,15a28779
15a28780,2,568,30,2,1865,1849,1788,15a28780
15a28890,2,730,30,2,1866,1850,5272,15a28890
15a28891,2,820,30,2,1867,1851,1908,15a28891
15a28892,2,802,30,2,1868,1852,5296,15a28892
15a28894,2,766,30,2,1869,1853,5488,15a28894
15a28948,2,910,30,2,1858,1842,4186,15a28948
15a28949,2,986,30,2,1860,1844,3561,15a28949
15a29056,2,786,30,2,1859,1843,5482,15a29056
15a29101,2,772,30,2,1870,1854,2488,15a29101
15a29223,2,424,30,2,1871,1855,3037,15a29223
15a29225,2,676,30,2,1872,1856,2438,15a29225
15a29226,2,658,30,2,1873,1857,2718,15a29226
15a29249,2,910,30,2,1874,1858,3604,15a29249
15a29259,2,716,30,2,1875,1859,4373,15a29259
15a29260,2,778,30,2,1876,1860,4102,15a29260
15a29295,2,694,30,2,1877,1861,5258,15a29295
15a29296,2,298,30,2,1878,1862,4670,15a29296
15a29326,2,586,30,2,1774,1758,993,15a29326
15a29327,2,532,30,2,1775,1759,1214,15a29327
15a29330,2,776,30,2,1806,1790,1829,15a29330
15a29416,2,910,30,2,1874,1858,3604,15a29416
15a29420,2,776,30,2,1828,1812,2476,15a29420
15a29421,2,720,30,2,1829,1813,4355,15a29421
15a29456,2,876,30,2,1879,1863,3178,15a29456
15a29471,2,778,30,2,1880,1864,5485,15a29471
15a29477,2,774,30,2,1861,1845,4107,15a29477
15a29491,2,876,30,2,1879,1863,3178,15a29491
15a29519,2,772,30,2,1870,1854,2488,15a29519
15a29520,2,716,30,2,1875,1859,4373,15a29520
15a29521,2,778,30,2,1876,1860,4102,15a29521
15a29522,2,888,30,2,1881,1865,4904,15a29522
15a29536,2,842,30,2,1882,1866,3489,15a29536
15a29585,2,550,30,2,1883,1867,3314,15a29585
15a29587,2,586,30,2,1884,1868,5022,15a29587
15a29588,2,676,30,2,1885,1869,4804,15a29588
15a29648,2,586,30,2,1886,1870,5020,15a29648
15a29649,2,730,30,2,1887,1871,3466,15a29649
15a29682,2,838,30,2,1888,1872,1106,15a29682
15a29683,2,842,30,2,1882,1866,3489,15a29683
15a29735,2,1026,30,2,1889,1873,4219,15a29735
15a29736,2,718,30,2,1890,1874,2745,15a29736
15a29737,2,1028,30,2,1891,1875,1930,15a29737
15a29738,2,784,30,2,1892,1876,1295,15a29738
15a29806,2,726,30,2,1893,1877,2723,15a29806
15a29819,2,778,30,2,1894,1878,3480,15a29819
15a29835,2,926,30,2,1895,1879,4206,15a29835
15a29841,2,778,30,2,1880,1864,5485,15a29841
15a29846,2,846,30,2,1628,1613,1090,15a29846
15a29847,2,848,30,2,1896,1880,4837,15a29847
15a29858,2,774,30,2,1897,1881,3500,15a29858
15a29859,2,712,30,2,1898,1882,3140,15a29859
15a29863,2,718,30,2,1890,1874,2745,15a29863
15a29864,2,1028,30,2,1891,1875,1930,15a29864
15a29865,2,1026,30,2,1889,1873,4219,15a29865
15a29866,2,784,30,2,1892,1876,1295,15a29866
15a29875,2,838,30,2,1888,1872,1106,15a29875
15a29966,2,910,30,2,1899,1883,2829,15a29966
15a30053,2,594,30,2,1900,1884,3315,15a30053
15a30062,2,838,30,2,1901,1885,3507,15a30062
15a30091,2,926,30,2,1895,1879,4206,15a30091
15a30111,2,848,30,2,1896,1880,4837,15a30111
15a30116,2,1022,30,2,1902,1886,3629,15a30116
15a30117,2,710,30,2,1903,1887,1540,15a30117
15a30118,2,1020,30,2,1904,1888,2581,15a30118
15a30120,2,784,30,2,1905,1889,1801,15a30120
15a30159,2,788,30,2,1906,1890,1797,15a30159
15a30164,2,776,30,2,1806,1790,1829,15a30164
15a30165,2,708,30,2,1907,1891,3145,15a30165
15a30177,2,772,30,2,1211,1200,2475,15a30177
15a30182,2,770,30,2,1908,1892,5295,15a30182
15a30201,2,726,30,2,1893,1877,2723,15a30201
15a30220,2,1020,30,2,1904,1888,2581,15a30220
15a30221,2,1022,30,2,1902,1886,3629,15a30221
15a30222,2,710,30,2,1903,1887,1540,15a30222
15a30223,2,784,30,2,1905,1889,1801,15a30223
15a30228,2,834,30,2,1909,1893,1110,15a30228
15a30235,2,838,30,2,1901,1885,3507,15a30235
15a30369,2,834,30,2,1909,1893,1110,15a30369
15a30422,2,846,30,2,1628,1613,1090,15a30422
15a30431,2,774,30,2,1897,1881,3500,15a30431
15a30432,2,712,30,2,1898,1882,3140,15a30432
15a30477,2,778,30,2,1894,1878,3480,15a30477
15a30489,2,546,30,2,1910,1894,2040,15a30489
15a30491,2,556,30,2,1911,1895,5144,15a30491
15a30507,2,788,30,2,1906,1890,1797,15a30507
15a30517,2,708,30,2,1907,1891,3145,15a30517
15a30518,2,776,30,2,1806,1790,1829,15a30518
15a30528,2,594,30,2,1900,1884,3315,15a30528
15a30538,2,682,30,2,1912,1896,2724,15a30538
15a30629,2,372,30,2,1913,1897,3759,15a30629
15a30643,2,694,30,2,1914,1898,997,15a30643
15a30645,2,674,30,2,1850,1834,5270,15a30645
15a30646,2,652,30,2,1915,1899,5158,15a30646
15a30648,2,1090,30,2,1916,1900,4231,15a30648
15a30649,2,1096,30,2,1917,1901,4919,15a30649
15a30662,2,682,30,2,1912,1896,2724,15a30662
15a30680,2,962,30,2,1918,1902,3588,15a30680
15a30703,2,914,30,2,1919,1903,4233,15a30703
15a30777,2,1090,30,2,1916,1900,4231,15a30777
15a30778,2,1096,30,2,1917,1901,4919,15a30778
15a30797,2,984,30,2,1844,1828,2565,15a30797
15a30798,2,962,30,2,1918,1902,3588,15a30798
15a30813,2,888,30,2,1881,1865,4904,15a30813
15a30815,2,914,30,2,1919,1903,4233,15a30815
15a30833,2,372,30,2,1913,1897,3759,15a30833
15a30871,2,766,30,2,1920,1904,4084,15a30871
15a30872,2,748,30,2,1921,1905,4809,15a30872
15a30876,2,624,30,2,1922,1906,3744,15a30876
15a30877,2,650,30,2,1923,1907,4633,15a30877
15a30925,2,532,30,2,1924,1908,3040,15a30925
15a30937,2,432,30,2,1925,1909,3763,15a30937
15a30957,2,754,30,2,1926,1910,2748,15a30957
15a30958,2,1018,30,2,1927,1911,5435,15a30958
15a31044,2,962,30,2,1847,1831,4224,15a31044
15a31049,2,720,30,2,1928,1912,1794,15a31049
15a31094,2,766,30,2,1920,1904,4084,15a31094
15a31095,2,748,30,2,1921,1905,4809,15a31095
15a31104,2,624,30,2,1922,1906,3744,15a31104
15a31105,2,650,30,2,1923,1907,4633,15a31105
15a31122,2,936,30,2,1929,1913,3181,15a31122
15a31124,2,936,30,2,1929,1913,3181,15a31124
15a31135,2,880,30,2,1930,1914,4422,15a31135
15a31137,2,670,30,2,1931,1915,994,15a31137
15a31142,2,652,30,2,1915,1899,5158,15a31142
15a31150,2,432,30,2,1925,1909,3763,15a31150
15a31359,2,298,30,2,1932,1916,4998,15a31359
15a31360,2,532,30,2,1933,1917,4732,15a31360
15a31361,2,640,30,2,1934,1918,4842,15a31361
15a31370,2,298,30,2,1932,1916,4998,15a31370
15a31371,2,532,30,2,1933,1917,4732,15a31371
15a31374,2,640,30,2,1934,1918,4842,15a31374
15a31554,2,698,30,2,1842,1826,2722,15a31554
15a31599,2,694,30,2,1935,1919,3475,15a31599
15a31691,2,1072,30,2,1936,1920,2582,15a31691
15a31758,2,880,30,2,1930,1914,4422,15a31758
15a31853,2,406,30,2,1937,1921,4578,15a31853
15a31858,2,910,30,2,1938,1922,4218,15a31858
15a31859,2,406,30,2,1937,1921,4578,15a31859
15a31878,2,754,30,2,1926,1910,2748,15a31878
15a31879,2,1018,30,2,1927,1911,5435,15a31879
15a31961,2,928,30,2,1939,1923,1920,15a31961
15a31983,2,784,30,2,1940,1924,5375,15a31983
15a32156,2,1030,30,2,1851,1835,665,15a32156
15a32288,2,514,30,2,1941,1925,1523,15a32288
15a32289,2,748,30,2,1127,1116,1904,15a32289
15a32366,2,784,30,2,1940,1924,5375,15a32366
15a32384,2,690,30,2,1942,1926,12,15a32384
15a32385,2,476,30,2,1943,1927,30,15a32385
15a32542,2,658,30,2,1276,1265,3459,15a32542
15a32543,2,604,30,2,1944,1928,3135,15a32543
15a32544,2,820,30,2,1945,1929,4839,15a32544
15a32646,2,720,30,2,1928,1912,1794,15a32646
15a32767,2,598,30,2,1946,1930,984,15a32767
15a32769,2,592,30,2,1947,1931,4333,15a32769
15a33109,2,694,30,2,1914,1898,997,15a33109
15a33257,2,770,30,2,1908,1892,5295,15a33257
15a33269,2,694,30,2,1948,1932,2753,15a33269
15a33283,2,838,30,2,1568,1553,3504,15a33283
15a33367,2,592,30,2,1947,1931,4333,15a33367
15a33370,2,556,30,2,1911,1895,5144,15a33370
15a33441,2,838,30,2,1949,1933,3509,15a33441
15a33549,2,928,30,2,1950,1934,4910,15a33549
15a33726,2,514,30,2,1951,1935,4580,15a33726
15a33730,2,838,30,2,1952,1936,3585,15a33730
15a33731,2,514,30,2,1951,1935,4580,15a33731
15a33813,2,792,30,2,1953,1937,5374,15a33813
15a33814,2,1040,30,2,1954,1938,2572,15a33814
15a33849,2,1036,30,2,1955,1939,1956,15a33849
15a33850,2,568,30,2,1956,1940,3134,15a33850
15a33924,2,1066,30,2,1957,1941,1574,15a33924
15a33976,2,388,30,2,1557,1542,3761,15a33976
15a33977,2,514,30,2,1559,1544,3310,15a33977
15a34122,2,352,30,2,1958,1942,2301,15a34122
15a34124,2,550,30,2,1959,1943,2739,15a34124
15a34184,2,676,30,2,1960,1944,2470,15a34184
15a34227,2,1072,30,2,1936,1920,2582,15a34227
15a34301,2,774,30,2,1961,1945,4641,15a34301
15a34398,2,730,30,2,1962,1946,4195,15a34398
15a34401,2,766,30,2,1963,1947,5493,15a34401
15a34402,2,928,30,2,1964,1948,4920,15a34402
15a34461,2,1040,30,2,1954,1938,2572,15a34461
15a34479,2,946,30,2,1965,1949,4245,15a34479
15a34480,2,568,30,2,1966,1950,2418,15a34480
15a34481,2,766,30,2,1967,1951,2818,15a34481
15a34604,2,518,30,2,1968,1952,343,15a34604
15a34779,2,820,30,2,1969,1953,2555,15a34779
15a34780,2,748,30,2,1970,1954,2550,15a34780
15a34850,2,792,30,2,1953,1937,5374,15a34850
15a34933,2,690,30,2,1942,1926,12,15a34933
15a34934,2,476,30,2,1943,1927,30,15a34934
15a35206,2,706,30,2,1971,1955,988,15a35206
15a35215,2,694,30,2,1948,1932,2753,15a35215
15a35306,2,568,30,2,1187,1176,1713,15a35306
15a35310,2,772,30,2,1211,1200,2475,15a35310
15a35325,2,706,30,2,1971,1955,988,15a35325
15a35344,2,648,30,2,1848,1832,739,15a35344
15a35345,2,670,30,2,1931,1915,994,15a35345
15a35405,2,834,30,2,1972,1724,1077,15a35405
15a35434,2,334,30,2,1188,1177,2079,15a35434
15a35436,2,598,30,2,1946,1930,984,15a35436
15a35438,2,546,30,2,1910,1894,2040,15a35438
15a35459,2,874,30,2,1973,1956,3593,15a35459
15a35460,2,784,30,2,1974,1957,1825,15a35460
15a35490,2,586,30,2,1975,1958,1537,15a35490
15a35491,2,676,30,2,1976,1959,1838,15a35491
15a35503,2,640,30,2,1344,1332,4365,15a35503
15a35504,2,694,30,2,1259,1248,4096,15a35504
15a35546,2,730,30,2,1977,1960,2728,15a35546
15a35547,2,856,30,2,1247,1236,2567,15a35547
15a35643,2,904,30,2,1849,1833,2478,15a35643
15a35687,2,568,30,2,1978,1961,3170,15a35687
15a35700,2,892,30,2,1979,1962,4846,15a35700
15a35705,2,658,30,2,1980,1963,4187,15a35705
15a35741,2,856,30,2,1981,1964,2556,15a35741
15a35742,2,856,30,2,1982,1965,4421,15a35742
15a35743,2,874,30,2,1983,1966,3586,15a35743
15a35949,2,658,30,2,1984,1967,2721,15a35949
15a35977,2,800,30,2,1985,1968,1831,15a35977
15a35983,2,1066,30,2,1957,1941,1574,15a35983
15a36157,2,640,30,2,1986,1969,2456,15a36157
15a36159,2,514,30,2,1987,1970,5018,15a36159
15a36160,2,748,30,2,1988,1971,4823,15a36160
15a36226,2,460,30,2,1989,1972,2320,15a36226
15a36228,2,442,30,2,1990,1973,2656,15a36228
15a36250,2,892,30,2,1979,1962,4846,15a36250
15a36272,2,1090,30,2,1991,1974,3652,15a36272
15a36273,2,784,30,2,1992,1975,2541,15a36273
15a36274,2,784,30,2,1993,1976,4405,15a36274
15a36527,2,694,30,2,1994,1977,1129,15a36527
15a36528,2,694,30,2,1995,1978,2755,15a36528
15a36576,2,838,30,2,1996,1979,2826,15a36576
15a36672,2,518,30,2,1968,1952,343,15a36672
15a36876,2,800,30,2,1985,1968,1831,15a36876
15a37106,2,676,30,2,1997,1980,5146,15a37106
15a37160,2,892,30,2,1580,1565,2482,15a37160
15a37232,2,946,30,2,1998,1981,5489,15a37232
15a37285,2,1036,30,2,1999,1982,4902,15a37285
15a37654,2,244,30,2,2000,1983,3189,15a37654
15a37688,2,946,30,2,2001,1984,2805,15a37688
15a37689,2,838,30,2,2002,1985,4184,15a37689
15a38047,2,740,30,2,2003,1986,2439,15a38047
15a38048,2,546,30,2,2004,1987,2036,15a38048
15a38154,2,774,30,2,1961,1945,4641,15a38154
15a38324,2,740,30,2,2003,1986,2439,15a38324
15a38325,2,546,30,2,2004,1987,2036,15a38325
15a38394,2,640,30,2,1181,1170,5511,15a38394
15a38395,2,784,30,2,1272,1261,5203,15a38395
15a38396,2,532,30,2,1183,1172,5509,15a38396
15a38397,2,658,30,2,1184,1173,5483,15a38397
15a38398,2,370,30,2,1185,1174,1476,15a38398
15a38399,2,604,30,2,1186,1175,1835,15a38399
15a38400,2,640,30,2,1181,1170,5511,15a38400
15a38401,2,838,30,2,1273,1262,2838,15a38401
15a38402,2,586,30,2,1262,1251,5281,15a38402
15a38403,2,514,30,2,1347,1335,5261,15a38403
15a38404,2,604,30,2,1348,1336,5156,15a38404
15a38405,2,1000,30,2,1281,1270,4940,15a38405
15a38406,2,730,30,2,1263,1252,4236,15a38406
15a38407,2,406,30,2,1277,1266,1477,15a38407
15a38408,2,568,30,2,1279,1268,1811,15a38408
15a38409,2,424,30,2,1278,1267,1703,15a38409
15a38410,2,478,30,2,1280,1269,2107,15a38410
15a38411,2,766,30,2,1269,1258,5490,15a38411
15a38412,2,802,30,2,1267,1256,5305,15a38412
15a38413,2,820,30,2,1266,1255,1947,15a38413
15a38414,2,424,30,2,1274,1263,3113,15a38414
15a38415,2,820,30,2,1266,1255,1947,15a38415
15a38416,2,784,30,2,1264,1253,4924,15a38416
15a38417,2,730,30,2,1263,1252,4236,15a38417
15a38418,2,568,30,2,1349,1337,4395,15a38418
15a38419,2,802,30,2,1267,1256,5305,15a38419
15a38420,2,604,30,2,1357,1345,4370,15a38420
15a38421,2,784,30,2,1264,1253,4924,15a38421
15a38422,2,478,30,2,1360,1347,4036,15a38422
15a38436,2,622,30,2,1342,1330,4156,15a38436
15a38437,2,298,30,2,1352,1340,1464,15a38437
15a38438,2,532,30,2,1353,1341,1810,15a38438
15a38439,2,640,30,2,1354,1342,1813,15a38439
15a38440,2,208,30,2,1390,1376,5380,15a38440
15a38441,2,406,30,2,1391,1377,5237,15a38441
15a38442,2,586,30,2,1392,1378,5265,15a38442
15a38443,2,568,30,2,1393,1379,5088,15a38443
15a38444,2,496,30,2,1345,1333,4390,15a38444
15a38445,2,406,30,2,1361,1348,2103,15a38445
15a38446,2,388,30,2,1396,1382,5081,15a38446
15a38447,2,838,30,2,1356,1344,3618,15a38447
15a38448,2,514,30,2,1355,1343,2111,15a38448
15a38449,2,658,30,2,1359,1030,5292,15a38449
15a38450,2,388,30,2,1350,1338,3092,15a38450
15a38451,2,514,30,2,1351,1339,3533,15a38451
15a38452,2,334,30,2,1394,1380,5246,15a38452
15a38453,2,496,30,2,1395,1381,5140,15a38453
15a38454,2,838,30,2,1356,1344,3618,15a38454
15a38455,2,820,30,2,1346,1334,4430,15a38455
15a38456,2,568,30,2,1338,1326,4862,15a38456
15a38457,2,514,30,2,1397,1383,5279,15a38457
15a38458,2,316,30,2,1398,1384,5115,15a38458
15a38487,2,762,30,2,2005,1988,5294,15a38487
15a38503,2,762,30,2,2005,1988,5294,15a38503
15a38596,2,826,30,2,2006,1989,5299,15a38596
15a38602,2,638,30,2,2007,1990,5025,15a38602
15a38697,2,826,30,2,2006,1989,5299,15a38697
15a38699,2,638,30,2,2007,1990,5025,15a38699
15a38754,2,766,30,2,1963,1947,5493,15a38754
15a38770,2,838,30,2,1952,1936,3585,15a38770
15a38928,2,748,30,2,2008,1991,4381,15a38928
15a39034,2,834,30,2,1972,1724,1077,15a39034
15a39075,2,730,30,2,1977,1960,2728,15a39075
15a39082,2,910,30,2,2009,1992,2839,15a39082
15a39098,2,658,30,2,1980,1963,4187,15a39098
15a39115,2,928,30,2,2010,1993,4929,15a39115
15a39205,2,730,30,2,1962,1946,4195,15a39205
15a39206,2,802,30,2,2011,1994,5298,15a39206
15a39235,2,802,30,2,2011,1994,5298,15a39235
15a39427,2,892,30,2,1524,1509,4428,15a39427
15a39489,2,834,30,2,1740,1724,5438,15a39489
15a39516,2,738,30,2,2012,1995,4041,15a39516
15a39517,2,680,30,2,2013,1996,4768,15a39517
15a39561,2,640,30,2,2014,1997,2545,15a39561
15a39579,2,550,30,2,2015,1998,1079,15a39579
15a39580,2,658,30,2,2016,1999,3564,15a39580
15a39593,2,568,30,2,2017,2000,2525,15a39593
15a39594,2,514,30,2,2018,2001,1561,15a39594
15a39656,2,568,30,2,2017,2000,2525,15a39656
15a39663,2,804,30,2,2019,2002,2539,15a39663
15a39675,2,550,30,2,2015,1998,1079,15a39675
15a39743,2,514,30,2,2018,2001,1561,15a39743
15a39748,2,758,30,2,2020,2003,1566,15a39748
15a39757,2,804,30,2,2019,2002,2539,15a39757
15a39774,2,738,30,2,2012,1995,4041,15a39774
15a39775,2,680,30,2,2013,1996,4768,15a39775
15a39796,2,658,30,2,2016,1999,3564,15a39796
15a39798,2,640,30,2,2014,1997,2545,15a39798
15a39809,2,758,30,2,2020,2003,1566,15a39809
15a39835,2,640,30,2,2021,2004,4399,15a39835
15a39836,2,658,30,2,2022,2005,3547,15a39836
15a39837,2,856,30,2,2023,2006,2591,15a39837
15a39858,2,478,30,2,2024,2007,1068,15a39858
15a39859,2,496,30,2,2025,2008,1258,15a39859
15a39918,2,676,30,2,2026,2009,2535,15a39918
15a39919,2,676,30,2,2027,2010,4400,15a39919
15a39962,2,676,30,2,2028,2011,5130,15a39962
15a39964,2,796,30,2,2029,2012,1871,15a39964
15a39977,2,658,30,2,2030,2013,4169,15a39977
15a39996,2,676,30,2,2028,2011,5130,15a39996
15a39997,2,792,30,2,2031,2014,3128,15a39997
15a40000,2,796,30,2,2029,2012,1871,15a40000
15a40001,2,794,30,2,2032,2015,4078,15a40001
15a40008,2,640,30,2,2033,2016,2532,15a40008
15a40009,2,694,30,2,2034,2017,4170,15a40009
15a40010,2,640,30,2,2033,2016,2532,15a40010
15a40034,2,766,30,2,2035,2018,3574,15a40034
15a40038,2,694,30,2,2036,2019,3550,15a40038
15a40039,2,568,30,2,2037,2020,3166,15a40039
15a40055,2,730,30,2,2038,2021,1127,15a40055
15a40058,2,766,30,2,2035,2018,3574,15a40058
15a40059,2,860,30,2,2039,2022,2557,15a40059
15a40087,2,910,30,2,2040,2023,4240,15a40087
15a40088,2,658,30,2,2041,2024,2792,15a40088
15a40089,2,928,30,2,2042,2025,1953,15a40089
15a40121,2,730,30,2,2043,2026,2794,15a40121
15a40132,2,676,30,2,2026,2009,2535,15a40132
15a40133,2,676,30,2,2027,2010,4400,15a40133
15a40148,2,802,30,2,2044,2027,1128,15a40148
15a40149,2,820,30,2,2045,2028,4877,15a40149
15a40152,2,604,30,2,2046,2029,3167,15a40152
15a40156,2,658,30,2,2041,2024,2792,15a40156
15a40157,2,928,30,2,2042,2025,1953,15a40157
15a40158,2,910,30,2,2040,2023,4240,15a40158
15a40171,2,730,30,2,2038,2021,1127,15a40171
15a40173,2,478,30,2,2024,2007,1068,15a40173
15a40174,2,496,30,2,2025,2008,1258,15a40174
15a40192,2,550,30,2,2047,2030,3416,15a40192
15a40198,2,730,30,2,2048,2031,3572,15a40198
15a40219,2,794,30,2,2032,2015,4078,15a40219
15a40220,2,792,30,2,2031,2014,3128,15a40220
15a40231,2,820,30,2,2045,2028,4877,15a40231
15a40235,2,874,30,2,2049,2032,3648,15a40235
15a40236,2,586,30,2,2050,2033,1564,15a40236
15a40237,2,640,30,2,2021,2004,4399,15a40237
15a40238,2,694,30,2,2034,2017,4170,15a40238
15a40253,2,784,30,2,2051,2034,1885,15a40253
15a40257,2,676,30,2,2052,2011,1884,15a40257
15a40260,2,658,30,2,2030,2013,4169,15a40260
15a40264,2,730,30,2,2043,2026,2794,15a40264
15a40277,2,856,30,2,2023,2006,2591,15a40277
15a40278,2,874,30,2,2049,2032,3648,15a40278
15a40279,2,586,30,2,2050,2033,1564,15a40279
15a40286,2,694,30,2,2053,2035,1126,15a40286
15a40291,2,730,30,2,2048,2031,3572,15a40291
15a40300,2,694,30,2,2053,2035,1126,15a40300
15a40323,2,802,30,2,2044,2027,1128,15a40323
15a40330,2,658,30,2,2022,2005,3547,15a40330
15a40331,2,604,30,2,2046,2029,3167,15a40331
15a40346,2,694,30,2,2036,2019,3550,15a40346
15a40354,2,784,30,2,2051,2034,1885,15a40354
15a40358,2,568,30,2,2037,2020,3166,15a40358
15a40359,2,676,30,2,2052,2011,1884,15a40359
15a40370,2,550,30,2,2047,2030,3416,15a40370
15a40403,2,530,30,2,2054,2036,2773,15a40403
15a40404,2,504,30,2,2055,2037,1854,15a40404
15a40418,2,802,30,2,2056,2038,4159,15a40418
15a40483,2,530,30,2,2054,2036,2773,15a40483
15a40495,2,504,30,2,2055,2037,1854,15a40495
15a40708,2,604,30,2,2057,2039,1273,15a40708
15a40709,2,802,30,2,2056,2038,4159,15a40709
15a40732,2,604,30,2,2057,2039,1273,15a40732
15a40744,2,860,30,2,2039,2022,2557,15a40744
15a41628,2,920,30,2,2058,2040,1924,15a41628
15a41629,2,666,30,2,2059,2041,2053,15a41629
15a41630,2,728,30,2,2060,2042,3127,15a41630
15a41631,2,962,30,2,2061,2043,4182,15a41631
15a41632,2,784,30,2,2062,2044,4416,15a41632
15a41633,2,784,30,2,2063,2045,2553,15a41633
15a41635,2,946,30,2,2064,2046,2830,15a41635
15a41636,2,568,30,2,2065,2047,4360,15a41636
15a41637,2,766,30,2,2066,2048,4116,15a41637
15a41639,2,622,30,2,2067,2049,2743,15a41639
15a41640,2,514,30,2,2068,2050,5021,15a41640
15a41641,2,748,30,2,2069,1115,4829,15a41641
15a41650,2,724,30,2,2070,2051,3130,15a41650
15a41651,2,674,30,2,2071,2052,3389,15a41651
15a41654,2,838,30,2,2072,2053,2827,15a41654
15a41657,2,766,30,2,2073,2054,2825,15a41657
15a41658,2,676,30,2,2074,2055,4368,15a41658
15a41662,2,928,30,2,2075,2056,4911,15a41662
15a41665,2,556,30,2,2076,2057,5084,15a41665
15a41666,2,490,30,2,2077,2058,4984,15a41666
15a41667,2,730,30,2,2078,2059,4077,15a41667
15a41668,2,726,30,2,2079,2060,4634,15a41668
15a41669,2,726,30,2,2080,2061,4082,15a41669
15a41670,2,664,30,2,2081,2062,3745,15a41670
15a41671,2,532,30,2,2082,2063,3802,15a41671
15a41672,2,514,30,2,2083,2064,3421,15a41672
15a41673,2,748,30,2,2084,2065,1910,15a41673
15a41674,2,712,30,2,2085,2066,2486,15a41674
15a41675,2,658,30,2,2086,2067,4114,15a41675
15a41676,2,766,30,2,2073,2054,2825,15a41676
15a41677,2,514,30,2,2087,2068,980,15a41677
15a41678,2,604,30,2,2088,2069,1287,15a41678
15a41679,2,694,30,2,1201,1190,3474,15a41679
15a41680,2,960,30,2,2089,2070,3175,15a41680
15a41681,2,960,30,2,2089,2070,3175,15a41681
15a41682,2,730,30,2,1243,1232,2746,15a41682
15a41683,2,784,30,2,2062,2044,4416,15a41683
15a41684,2,838,30,2,1122,1111,4200,15a41684
15a41685,2,874,30,2,2090,2071,3617,15a41685
15a41687,2,856,30,2,2091,2072,2574,15a41687
15a41688,2,748,30,2,2084,2065,1910,15a41688
15a41689,2,568,30,2,2092,2073,3791,15a41689
15a41690,2,1036,30,2,2093,2074,4913,15a41690
15a41691,2,1036,30,2,2094,2075,1957,15a41691
15a41692,2,856,30,2,2095,2076,4427,15a41692
15a41693,2,730,30,2,2096,2077,4196,15a41693
15a41694,2,928,30,2,2097,2078,1923,15a41694
15a41695,2,766,30,2,2073,2054,2825,15a41695
15a41696,2,748,30,2,2084,2065,1910,15a41696
15a41699,2,746,30,2,2098,2079,658,15a41699
15a41700,2,768,30,2,2099,2080,1320,15a41700
15a41701,2,656,30,2,2100,2081,3748,15a41701
15a41702,2,714,30,2,2101,2082,4652,15a41702
15a41704,2,724,30,2,2102,2083,2461,15a41704
15a41705,2,670,30,2,2103,2084,3431,15a41705
15a41706,2,954,30,2,2104,2085,4660,15a41706
15a41707,2,838,30,2,1122,1111,4200,15a41707
15a41708,2,946,30,2,2064,2046,2830,15a41708
15a41709,2,568,30,2,2105,2086,5145,15a41709
15a41710,2,784,30,2,2106,2087,1886,15a41710
15a41711,2,820,30,2,2107,2088,4409,15a41711
15a41712,2,496,30,2,2108,2089,2317,15a41712
15a41713,2,712,30,2,2085,2066,2486,15a41713
15a41719,2,746,30,2,2098,2079,658,15a41719
15a41725,2,656,30,2,2100,2081,3748,15a41725
15a41726,2,780,30,2,2109,2090,3147,15a41726
15a41735,2,568,30,2,2110,2091,1266,15a41735
15a41739,2,514,30,2,2087,2068,980,15a41739
15a41740,2,604,30,2,2088,2069,1287,15a41740
15a41744,2,790,30,2,2111,2092,5432,15a41744
15a41749,2,888,30,2,2112,2093,1330,15a41749
15a41752,2,708,30,2,2113,2094,41,15a41752
15a41753,2,626,30,2,2114,2095,2112,15a41753
15a41756,2,1000,30,2,2115,2096,1927,15a41756
15a41757,2,1000,30,2,2115,2096,1927,15a41757
15a41758,2,784,30,2,2116,2097,5161,15a41758
15a41759,2,774,30,2,2117,2098,1568,15a41759
15a41760,2,776,30,2,2118,2099,5188,15a41760
15a41763,2,726,30,2,2079,2060,4634,15a41763
15a41764,2,776,30,2,2118,2099,5188,15a41764
15a41765,2,784,30,2,2116,2097,5161,15a41765
15a41766,2,774,30,2,2117,2098,1568,15a41766
15a41768,2,784,30,2,2106,2087,1886,15a41768
15a41769,2,928,30,2,2097,2078,1923,15a41769
15a41771,2,514,30,2,2119,2100,2099,15a41771
15a41773,2,622,30,2,2067,2049,2743,15a41773
15a41774,2,568,30,2,2110,2091,1266,15a41774
15a41775,2,790,30,2,2111,2092,5432,15a41775
15a41777,2,730,30,2,2078,2059,4077,15a41777
15a41778,2,556,30,2,2076,2057,5084,15a41778
15a41779,2,726,30,2,2080,2061,4082,15a41779
15a41780,2,664,30,2,2081,2062,3745,15a41780
15a41781,2,490,30,2,2077,2058,4984,15a41781
15a41782,2,694,30,2,1201,1190,3474,15a41782
15a41783,2,568,30,2,2092,2073,3791,15a41783
15a41784,2,928,30,2,2120,2101,1919,15a41784
15a41785,2,766,30,2,2121,2102,389,15a41785
15a41786,2,658,30,2,2122,2103,2712,15a41786
15a41788,2,496,30,2,2108,2089,2317,15a41788
15a41789,2,514,30,2,2119,2100,2099,15a41789
15a41790,2,568,30,2,2105,2086,5145,15a41790
15a41791,2,616,30,2,2123,2104,5368,15a41791
15a41792,2,640,30,2,2124,2105,2457,15a41792
15a41793,2,694,30,2,2125,2106,2759,15a41793
15a41794,2,838,30,2,2126,2107,3591,15a41794
15a41795,2,532,30,2,2082,2063,3802,15a41795
15a41796,2,514,30,2,2083,2064,3421,15a41796
15a41809,2,662,30,2,2127,2108,2054,15a41809
15a41810,2,728,30,2,2128,2109,2435,15a41810
15a41811,2,748,30,2,2129,2110,4369,15a41811
15a41812,2,820,30,2,2107,2088,4409,15a41812
15a41815,2,920,30,2,2058,2040,1924,15a41815
15a41817,2,768,30,2,2099,2080,1320,15a41817
15a41820,2,714,30,2,2101,2082,4652,15a41820
15a41822,2,788,30,2,2130,2111,5151,15a41822
15a41825,2,616,30,2,2123,2104,5368,15a41825
15a41834,2,780,30,2,2109,2090,3147,15a41834
15a41844,2,718,30,2,2131,2112,392,15a41844
15a41846,2,724,30,2,2070,2051,3130,15a41846
15a41847,2,674,30,2,2071,2052,3389,15a41847
15a41848,2,676,30,2,2074,2055,4368,15a41848
15a41849,2,658,30,2,2086,2067,4114,15a41849
15a41850,2,748,30,2,2129,2110,4369,15a41850
15a41851,2,838,30,2,2132,2113,3560,15a41851
15a41853,2,974,30,2,2133,2114,3599,15a41853
15a41854,2,838,30,2,2126,2107,3591,15a41854
15a41859,2,548,30,2,2134,2115,3043,15a41859
15a41861,2,672,30,2,2135,2116,4800,15a41861
15a41862,2,726,30,2,2079,2060,4634,15a41862
15a41863,2,730,30,2,2096,2077,4196,15a41863
15a41864,2,784,30,2,2063,2045,2553,15a41864
15a41865,2,838,30,2,2072,2053,2827,15a41865
15a41866,2,640,30,2,2124,2105,2457,15a41866
15a41867,2,694,30,2,2125,2106,2759,15a41867
15a41868,2,640,30,2,2136,2117,4366,15a41868
15a41869,2,694,30,2,2137,2118,4115,15a41869
15a41871,2,820,30,2,2138,2119,1922,15a41871
15a41872,2,658,30,2,2139,2120,3471,15a41872
15a41873,2,604,30,2,2140,2121,3805,15a41873
15a41874,2,718,30,2,2131,2112,392,15a41874
15a41875,2,690,30,2,2141,2122,1087,15a41875
15a41877,2,784,30,2,2142,2123,3143,15a41877
15a41878,2,784,30,2,2142,2123,3143,15a41878
15a41879,2,856,30,2,2095,2076,4427,15a41879
15a41882,2,658,30,2,2122,2103,2712,15a41882
15a41884,2,980,30,2,2143,2124,1944,15a41884
15a41887,2,788,30,2,2130,2111,5151,15a41887
15a41890,2,1036,30,2,2094,2075,1957,15a41890
15a41893,2,910,30,2,2144,2125,2834,15a41893
15a41895,2,666,30,2,2059,2041,2053,15a41895
15a41896,2,962,30,2,2061,2043,4182,15a41896
15a41897,2,728,30,2,2060,2042,3127,15a41897
15a41898,2,514,30,2,2068,2050,5021,15a41898
15a41899,2,748,30,2,2069,1115,4829,15a41899
15a41900,2,874,30,2,2090,2071,3617,15a41900
15a41901,2,514,30,2,2145,2126,1525,15a41901
15a41902,2,748,30,2,2146,2127,1905,15a41902
15a41903,2,568,30,2,2065,2047,4360,15a41903
15a41904,2,766,30,2,2066,2048,4116,15a41904
15a41905,2,874,30,2,2147,2128,3602,15a41905
15a41907,2,784,30,2,2148,2129,4893,15a41907
15a41911,2,820,30,2,2138,2119,1922,15a41911
15a41912,2,980,30,2,2143,2124,1944,15a41912
15a41914,2,956,30,2,2149,2130,2563,15a41914
15a41915,2,956,30,2,2149,2130,2563,15a41915
15a41916,2,1036,30,2,2093,2074,4913,15a41916
15a41917,2,838,30,2,2132,2113,3560,15a41917
15a41918,2,888,30,2,2112,2093,1330,15a41918
15a41919,2,690,30,2,2141,2122,1087,15a41919
15a41920,2,626,30,2,2114,2095,2112,15a41920
15a41921,2,548,30,2,2134,2115,3043,15a41921
15a41922,2,672,30,2,2135,2116,4800,15a41922
15a41923,2,726,30,2,2079,2060,4634,15a41923
15a41924,2,658,30,2,2139,2120,3471,15a41924
15a41925,2,514,30,2,2145,2126,1525,15a41925
15a41926,2,856,30,2,2091,2072,2574,15a41926
15a41927,2,748,30,2,2146,2127,1905,15a41927
15a41928,2,640,30,2,2136,2117,4366,15a41928
15a41929,2,730,30,2,1243,1232,2746,15a41929
15a41930,2,928,30,2,2120,2101,1919,15a41930
15a41931,2,766,30,2,2121,2102,389,15a41931
15a41932,2,974,30,2,2133,2114,3599,15a41932
15a41933,2,708,30,2,2113,2094,41,15a41933
15a41934,2,662,30,2,2127,2108,2054,15a41934
15a41935,2,728,30,2,2128,2109,2435,15a41935
15a41936,2,604,30,2,2140,2121,3805,15a41936
15a41937,2,928,30,2,2075,2056,4911,15a41937
15a41938,2,694,30,2,2137,2118,4115,15a41938
15a41941,2,724,30,2,2102,2083,2461,15a41941
15a41942,2,954,30,2,2104,2085,4660,15a41942
15a41943,2,670,30,2,2103,2084,3431,15a41943
15a41944,2,910,30,2,2144,2125,2834,15a41944
15a41945,2,784,30,2,2148,2129,4893,15a41945
15a41946,2,874,30,2,2147,2128,3602,15a41946
15a41949,2,854,30,2,2150,2131,4202,15a41949
15a41950,2,852,30,2,2151,2132,4887,15a41950
15a41952,2,812,30,2,2152,2133,2487,15a41952
15a41954,2,682,30,2,2153,2134,996,15a41954
15a41955,2,774,30,2,2154,2135,3478,15a41955
15a41973,2,682,30,2,2153,2134,996,15a41973
15a41998,2,854,30,2,2150,2131,4202,15a41998
15a41999,2,852,30,2,2151,2132,4887,15a41999
15a42000,2,774,30,2,2154,2135,3478,15a42000
15a42002,2,812,30,2,2152,2133,2487,15a42002
15a42234,2,622,30,2,2067,2049,2743,15a42234
15a42238,2,828,30,2,2155,2136,4419,15a42238
15a42254,2,674,30,2,2156,2137,2793,15a42254
15a42317,2,766,30,2,2157,2138,3479,15a42317
15a42318,2,676,30,2,1213,1202,4348,15a42318
15a42326,2,830,30,2,1723,1707,3581,15a42326
15a42337,2,648,30,2,2158,2139,1873,15a42337
15a42341,2,828,30,2,2155,2136,4419,15a42341
15a42354,2,674,30,2,2156,2137,2793,15a42354
15a42412,2,830,30,2,1723,1707,3581,15a42412
15a42413,2,666,30,2,2159,2140,4075,15a42413
15a42427,2,536,30,2,2160,2141,3742,15a42427
15a42428,2,648,30,2,2158,2139,1873,15a42428
15a42489,2,1120,30,2,2161,2142,2587,15a42489
15a42490,2,1114,30,2,2162,2143,3635,15a42490
15a42491,2,868,30,2,2163,2144,2492,15a42491
15a42537,2,838,30,2,2164,2145,3582,15a42537
15a42538,2,820,30,2,2165,2146,4417,15a42538
15a42676,2,748,30,2,2166,2147,4375,15a42676
15a42774,2,436,30,2,2167,2148,1208,15a42774
15a42782,2,736,30,2,2168,2149,4374,15a42782
15a42783,2,754,30,2,2169,2150,1541,15a42783
15a42812,2,694,30,2,2170,2151,3434,15a42812
15a42858,2,496,30,2,2108,2089,2317,15a42858
15a42926,2,768,30,2,2171,2152,282,15a42926
15a42944,2,868,30,2,2163,2144,2492,15a42944
15a42961,2,436,30,2,2167,2148,1208,15a42961
15a42962,2,488,30,2,2172,2153,3784,15a42962
15a43026,2,768,30,2,2171,2152,282,15a43026
15a43044,2,926,30,2,2173,2154,4214,15a43044
15a43050,2,870,30,2,2174,2155,3510,15a43050
15a43071,2,878,30,2,2175,2156,3491,15a43071
15a43132,2,802,30,2,1650,1634,1133,15a43132
15a43133,2,820,30,2,1652,1636,4886,15a43133
15a43139,2,926,30,2,2173,2154,4214,15a43139
15a43167,2,878,30,2,2175,2156,3491,15a43167
15a43171,2,1120,30,2,2161,2142,2587,15a43171
15a43172,2,1114,30,2,2162,2143,3635,15a43172
15a43319,2,1000,30,2,1654,1638,1943,15a43319
15a43322,2,730,30,2,1649,1633,2754,15a43322
15a43323,2,820,30,2,1945,1929,4839,15a43323
15a43332,2,870,30,2,2174,2155,3510,15a43332
15a43545,2,820,30,2,2176,2157,5165,15a43545
15a43546,2,820,30,2,2176,2157,5165,15a43546
15a43550,2,930,30,2,2177,2158,4226,15a43550
15a43581,2,770,30,2,2178,2159,17,15a43581
15a43593,2,820,30,2,2179,2160,4848,15a43593
15a43594,2,820,30,2,2179,2160,4848,15a43594
15a43625,2,930,30,2,2177,2158,4226,15a43625
15a43645,2,546,30,2,2180,2161,4621,15a43645
15a43649,2,522,30,2,2181,2162,2730,15a43649
15a43672,2,536,30,2,2160,2141,3742,15a43672
15a43673,2,546,30,2,2180,2161,4621,15a43673
15a43676,2,488,30,2,2172,2153,3784,15a43676
15a43678,2,522,30,2,2181,2162,2730,15a43678
15a43682,2,688,30,2,1840,1824,2433,15a43682
15a43683,2,682,30,2,2182,2163,3432,15a43683
15a43709,2,568,30,2,2183,2164,5086,15a43709
15a43710,2,568,30,2,2183,2164,5086,15a43710
15a43711,2,478,30,2,2184,2165,4983,15a43711
15a43712,2,478,30,2,2184,2165,4983,15a43712
15a43713,2,642,30,2,2185,2166,2735,15a43713
15a43714,2,562,30,2,2186,2167,5523,15a43714
15a43715,2,802,30,2,2187,2168,1103,15a43715
15a43716,2,584,30,2,2188,2169,3797,15a43716
15a43753,2,666,30,2,2159,2140,4075,15a43753
15a43786,2,562,30,2,2186,2167,5523,15a43786
15a43802,2,892,30,2,1524,1509,4428,15a43802
15a43822,2,568,30,2,2189,2170,4736,15a43822
15a43823,2,568,30,2,2189,2170,4736,15a43823
15a43826,2,656,30,2,2190,1100,3123,15a43826
15a43863,2,688,30,2,1840,1824,2433,15a43863
15a43864,2,682,30,2,2182,2163,3432,15a43864
15a43903,2,584,30,2,2188,2169,3797,15a43903
15a43905,2,642,30,2,2185,2166,2735,15a43905
15a43911,2,656,30,2,2190,1100,3123,15a43911
15a44135,2,982,30,2,2191,2171,3633,15a44135
15a44330,2,784,30,2,1974,1957,1825,15a44330
15a44347,2,982,30,2,2192,2172,3628,15a44347
15a44360,2,834,30,2,2193,2173,644,15a44360
15a44377,2,802,30,2,2187,2168,1103,15a44377
15a44931,2,784,30,2,1575,1560,1839,15a44931
15a44966,2,512,30,2,2194,2174,31,15a44966
15a45419,2,928,30,2,2195,2175,1941,15a45419
15a45440,2,676,30,2,2196,2176,2469,15a45440
15a45472,2,658,30,2,2197,2177,3472,15a45472
15a45473,2,604,30,2,2198,2178,3138,15a45473
15a45476,2,750,30,2,2199,2179,999,15a45476
15a45487,2,658,30,2,2200,2180,2751,15a45487
15a45488,2,910,30,2,2201,2181,4227,15a45488
15a45634,2,820,30,2,1969,1953,2555,15a45634
15a45657,2,928,30,2,2010,1993,4929,15a45657
15a45726,2,512,30,2,2194,2174,31,15a45726
15a45825,2,1036,30,2,2202,2182,1958,15a45825
15a45837,2,514,30,2,2203,2183,1527,15a45837
15a45838,2,748,30,2,2204,2184,1906,15a45838
15a45844,2,568,30,2,2205,2185,2427,15a45844
15a45845,2,766,30,2,2206,2186,2820,15a45845
15a45877,2,568,30,2,1978,1961,3170,15a45877
15a45878,2,834,30,2,2207,2187,1534,15a45878
15a45924,2,576,30,2,2208,2188,2306,15a45924
15a45974,2,568,30,2,2209,2189,4338,15a45974
15a45975,2,766,30,2,2210,2190,4106,15a45975
15a45976,2,640,30,2,2211,2191,2468,15a45976
15a46561,2,458,30,2,2212,2192,342,15a46561
15a46655,2,770,30,2,2178,2159,17,15a46655
15a46964,2,694,30,2,2213,2193,2756,15a46964
15a47063,2,622,30,2,2214,2194,979,15a47063
15a47201,2,458,30,2,2212,2192,342,15a47201
15a47469,2,576,30,2,2208,2188,2306,15a47469
15a47705,2,750,30,2,2199,2179,999,15a47705
15a47737,2,622,30,2,2214,2194,979,15a47737
15a47846,2,622,30,2,2215,2195,3313,15a47846
15a47952,2,576,30,2,2216,2196,1708,15a47952
15a47978,2,834,30,2,2193,2173,644,15a47978
15a48071,2,622,30,2,2215,2195,3313,15a48071
15a48125,2,834,30,2,2207,2187,1534,15a48125
15a48136,2,576,30,2,2216,2196,1708,15a48136
15a48148,2,838,30,2,1707,1691,4238,15a48148
15a48177,2,478,30,2,1569,1554,5249,15a48177
15a48183,2,514,30,2,1505,1491,5253,15a48183
15a48204,2,624,30,2,1429,1415,3042,15a48204
15a48208,2,514,30,2,1469,1455,913,15a48208
15a48215,2,766,30,2,1563,1548,4193,15a48215
15a48218,2,498,30,2,1669,1653,2108,15a48218
15a48220,2,456,30,2,1689,1673,4303,15a48220
15a48226,2,568,30,2,1506,1492,1711,15a48226
15a48234,2,532,30,2,1570,1555,3116,15a48234
15a48236,2,658,30,2,1571,1556,1075,15a48236
15a48246,2,582,30,2,1433,1419,16,15a48246
15a48252,2,748,30,2,1564,1549,4875,15a48252
15a48284,2,560,30,2,1690,1674,1712,15a48284
15a48298,2,694,30,2,1685,1669,4189,15a48298
15a48437,2,730,30,2,2217,2197,1085,15a48437
15a48520,2,604,30,2,1656,1640,3171,15a48520
15a48524,2,838,30,2,1643,1628,3645,15a48524
15a48541,2,748,30,2,2218,2198,2489,15a48541
15a48574,2,766,30,2,2157,2138,3479,15a48574
15a48578,2,838,30,2,2164,2145,3582,15a48578
15a48720,2,676,30,2,1699,1683,4872,15a48720
15a48745,2,910,30,2,2219,2199,4212,15a48745
15a48778,2,676,30,2,1213,1202,4348,15a48778
15a48780,2,748,30,2,2166,2147,4375,15a48780
15a48792,2,928,30,2,2220,2200,1894,15a48792
15a48903,2,568,30,2,2209,2189,4338,15a48903
15a48904,2,766,30,2,2210,2190,4106,15a48904
15a48935,2,982,30,2,2192,2172,3628,15a48935
15a49053,2,742,30,2,2221,2201,3465,15a49053
15a49129,2,784,30,2,1703,1687,2543,15a49129
15a49130,2,838,30,2,1704,1688,2804,15a49130
15a49131,2,550,30,2,1485,1471,3311,15a49131
15a49132,2,784,30,2,1710,1694,4406,15a49132
15a49133,2,838,30,2,1711,1695,4183,15a49133
15a49134,2,442,30,2,1496,1482,3297,15a49134
15a49135,2,532,30,2,1497,1483,3787,15a49135
15a49136,2,280,30,2,1501,1487,5382,15a49136
15a49137,2,478,30,2,1502,1488,5238,15a49137
15a49138,2,568,30,2,1687,1671,4330,15a49138
15a49139,2,766,30,2,1688,1672,4100,15a49139
15a49140,2,910,30,2,1686,1670,2832,15a49140
15a49141,2,514,30,2,1657,1641,1524,15a49141
15a49142,2,748,30,2,1658,1642,1901,15a49142
15a49143,2,910,30,2,1581,1566,4217,15a49143
15a49144,2,874,30,2,1583,1568,3597,15a49144
15a49145,2,568,30,2,1475,1461,2401,15a49145
15a49146,2,766,30,2,1476,1462,2801,15a49146
15a49147,2,514,30,2,1477,1463,5011,15a49147
15a49148,2,748,30,2,1478,1464,4807,15a49148
15a49149,2,946,30,2,1706,1690,2833,15a49149
15a49150,2,442,30,2,1556,1541,3307,15a49150
15a49151,2,532,30,2,1558,1543,3045,15a49151
15a49152,2,1036,30,2,1705,1689,4933,15a49152
15a49155,2,640,30,2,1488,1474,4347,15a49155
15a49156,2,694,30,2,1490,1476,4081,15a49156
15a49157,2,766,30,2,1567,1552,3502,15a49157
15a49158,2,982,30,2,1672,1656,3636,15a49158
15a49159,2,676,30,2,1609,1594,4367,15a49159
15a49160,2,730,30,2,1572,1557,5273,15a49160
15a49161,2,658,30,2,1684,1668,4092,15a49161
15a49162,2,622,30,2,1647,1631,2742,15a49162
15a49163,2,820,30,2,1646,1630,4425,15a49163
15a49164,2,694,30,2,1574,1559,5271,15a49164
15a49165,2,910,30,2,1653,1637,4223,15a49165
15a49166,2,928,30,2,1655,1639,1938,15a49166
15a49167,2,748,30,2,1644,1629,4413,15a49167
15a49168,2,784,30,2,1648,1632,1325,15a49168
15a49169,2,910,30,2,1651,1635,4242,15a49169
15a49175,2,946,30,2,1576,1561,5491,15a49175
15a49176,2,730,30,2,1577,1562,3501,15a49176
15a49177,2,586,30,2,1578,1563,1538,15a49177
15a49178,2,676,30,2,1579,1564,1818,15a49178
15a49179,2,640,30,2,1487,1473,5510,15a49179
15a49180,2,658,30,2,1489,1475,3433,15a49180
15a49181,2,604,30,2,1491,1477,3799,15a49181
15a49182,2,370,30,2,1633,1618,3295,15a49182
15a49183,2,460,30,2,1634,1619,3785,15a49183
15a49184,2,460,30,2,1635,1620,3038,15a49184
15a49185,2,586,30,2,1636,1621,3450,15a49185
15a49186,2,352,30,2,1680,1664,4297,15a49186
15a49187,2,550,30,2,1681,1665,3961,15a49187
15a49188,2,586,30,2,1637,1622,5280,15a49188
15a49189,2,442,30,2,1682,1666,4050,15a49189
15a49192,2,640,30,2,1638,1623,4864,15a49192
15a49193,2,748,30,2,1645,1021,2547,15a49193
15a49198,2,838,30,2,1573,1558,3508,15a49198
15a49201,2,532,30,2,1498,1484,5507,15a49201
15a49202,2,658,30,2,1499,1485,5480,15a49202
15a49203,2,370,30,2,1503,1489,1466,15a49203
15a49204,2,604,30,2,1504,1490,1812,15a49204
15a49205,2,838,30,2,1713,1697,4194,15a49205
15a49207,2,748,30,2,1696,1680,4378,15a49207
15a49208,2,262,30,2,1700,1684,4669,15a49208
15a49209,2,424,30,2,1701,1685,4301,15a49209
15a49210,2,388,30,2,1702,1686,4323,15a49210
15a49212,2,982,30,2,1618,1603,3656,15a49212
15a49218,2,658,30,2,1692,1676,3462,15a49218
15a49219,2,604,30,2,1693,1677,3800,15a49219
15a49221,2,694,30,2,1697,1681,3464,15a49221
15a49222,2,568,30,2,1698,1682,3796,15a49222
15a49223,2,694,30,2,1695,1679,5285,15a49223
15a49226,2,928,30,2,1562,1547,4901,15a49226
15a49227,2,1036,30,2,1554,1539,4918,15a49227
15a49228,2,856,30,2,1555,1540,2573,15a49228
15a49229,2,1036,30,2,1694,1678,4915,15a49229
15a49230,2,946,30,2,1691,1675,5494,15a49230
15a49375,2,982,30,2,2191,2171,3633,15a49375
15a49426,2,748,30,2,2008,1991,4381,15a49426
15a49492,2,1120,30,2,2161,2142,2587,15a49492
15a49493,2,1114,30,2,2162,2143,3635,15a49493
15a49559,2,676,30,2,2196,2176,2469,15a49559
15a49560,2,658,30,2,2200,2180,2751,15a49560
15a49640,2,736,30,2,2168,2149,4374,15a49640
15a49641,2,754,30,2,2169,2150,1541,15a49641
15a49705,2,568,30,2,2205,2185,2427,15a49705
15a49706,2,766,30,2,2206,2186,2820,15a49706
15a49822,2,640,30,2,2211,2191,2468,15a49822
15a49839,2,748,30,2,1970,1954,2550,15a49839
15a49847,2,694,30,2,2213,2193,2756,15a49847
15a49916,2,1120,30,2,2161,2142,2587,15a49916
15a49917,2,1114,30,2,2162,2143,3635,15a49917
15a50247,2,406,30,2,2222,2202,1058,15a50247
15a50281,2,532,30,2,2223,2203,5074,15a50281
15a50282,2,532,30,2,2223,2203,5074,15a50282
15a50294,2,406,30,2,2222,2202,1058,15a50294
15a50302,2,676,30,2,2224,2204,2546,15a50302
15a50319,2,586,30,2,2225,2205,1073,15a50319
15a50335,2,586,30,2,2225,2205,1073,15a50335
15a50336,2,550,30,2,2226,2206,2786,15a50336
15a50345,2,676,30,2,2224,2204,2546,15a50345
15a50378,2,646,30,2,2227,2207,4577,15a50378
15a50383,2,556,30,2,2228,2208,38,15a50383
15a50384,2,646,30,2,2227,2207,4577,15a50384
15a50385,2,424,30,2,2229,2209,2393,15a50385
15a50415,2,550,30,2,2226,2206,2786,15a50415
15a50421,2,748,30,2,2230,2210,2549,15a50421
15a50435,2,556,30,2,2228,2208,38,15a50435
15a50436,2,388,30,2,2231,2211,1244,15a50436
15a50437,2,388,30,2,2231,2211,1244,15a50437
15a50445,2,822,30,2,2232,2212,4083,15a50445
15a50446,2,766,30,2,2233,2213,3580,15a50446
15a50458,2,838,30,2,2234,2214,3583,15a50458
15a50461,2,424,30,2,2229,2209,2393,15a50461
15a50480,2,822,30,2,2232,2212,4083,15a50480
15a50498,2,838,30,2,2234,2214,3583,15a50498
15a50499,2,748,30,2,2230,2210,2549,15a50499
15a50517,2,766,30,2,2233,2213,3580,15a50517
15a50931,2,820,30,2,2165,2146,4417,15a50931
15a50963,2,694,30,2,2170,2151,3434,15a50963
15a50965,2,748,30,2,2218,2198,2489,15a50965
15a51013,2,982,30,2,2235,2215,3609,15a51013
15a51014,2,928,30,2,2220,2200,1894,15a51014
15a51016,2,982,30,2,2235,2215,3609,15a51016
15a51030,2,640,30,2,2236,2216,5147,15a51030
15a51031,2,580,30,2,2237,2217,3731,15a51031
15a51034,2,676,30,2,2238,2218,4371,15a51034
15a51035,2,460,30,2,2239,2219,3789,15a51035
15a51036,2,586,30,2,2240,2220,3425,15a51036
15a51043,2,568,30,2,2241,2221,1292,15a51043
15a51045,2,580,30,2,2237,2217,3731,15a51045
15a51046,2,640,30,2,2236,2216,5147,15a51046
15a51047,2,460,30,2,2239,2219,3789,15a51047
15a51048,2,586,30,2,2240,2220,3425,15a51048
15a51049,2,568,30,2,2241,2221,1292,15a51049
15a51050,2,812,30,2,2242,2222,3148,15a51050
15a51051,2,466,30,2,2243,2223,3955,15a51051
15a51052,2,406,30,2,2244,2224,4982,15a51052
15a51053,2,568,30,2,2245,2225,2421,15a51053
15a51054,2,766,30,2,2246,2226,2819,15a51054
15a51055,2,568,30,2,2247,2227,4331,15a51055
15a51056,2,766,30,2,2248,2228,4103,15a51056
15a51057,2,982,30,2,2249,2229,3632,15a51057
15a51062,2,804,30,2,2250,2230,3174,15a51062
15a51065,2,406,30,2,2244,2224,4982,15a51065
15a51066,2,466,30,2,2243,2223,3955,15a51066
15a51068,2,910,30,2,2251,2231,2831,15a51068
15a51069,2,658,30,2,2252,2232,4091,15a51069
15a51089,2,730,30,2,2217,2197,1085,15a51089
15a51091,2,804,30,2,2250,2230,3174,15a51091
15a51092,2,814,30,2,2253,2233,4104,15a51092
15a51093,2,730,30,2,2254,2234,5268,15a51093
15a51096,2,678,30,2,2255,2235,377,15a51096
15a51097,2,928,30,2,2256,2236,4900,15a51097
15a51098,2,910,30,2,2219,2199,4212,15a51098
15a51102,2,732,30,2,2257,2237,42,15a51102
15a51103,2,812,30,2,2242,2222,3148,15a51103
15a51104,2,676,30,2,2238,2218,4371,15a51104
15a51105,2,658,30,2,2252,2232,4091,15a51105
15a51106,2,730,30,2,2254,2234,5268,15a51106
15a51107,2,640,30,2,2258,2238,4349,15a51107
15a51108,2,694,30,2,2259,2239,4098,15a51108
15a51115,2,568,30,2,2247,2227,4331,15a51115
15a51116,2,766,30,2,2248,2228,4103,15a51116
15a51123,2,658,30,2,2260,2240,3438,15a51123
15a51124,2,514,30,2,2261,2241,5012,15a51124
15a51125,2,748,30,2,2262,2242,4810,15a51125
15a51126,2,910,30,2,2251,2231,2831,15a51126
15a51127,2,732,30,2,2257,2237,42,15a51127
15a51129,2,928,30,2,2256,2236,4900,15a51129
15a51130,2,604,30,2,2263,2243,3804,15a51130
15a51132,2,568,30,2,2245,2225,2421,15a51132
15a51133,2,640,30,2,2258,2238,4349,15a51133
15a51134,2,766,30,2,2246,2226,2819,15a51134
15a51135,2,678,30,2,2255,2235,377,15a51135
15a51136,2,814,30,2,2253,2233,4104,15a51136
15a51137,2,694,30,2,2259,2239,4098,15a51137
15a51138,2,982,30,2,2249,2229,3632,15a51138
15a51139,2,658,30,2,2260,2240,3438,15a51139
15a51140,2,604,30,2,2263,2243,3804,15a51140
15a51145,2,514,30,2,2261,2241,5012,15a51145
15a51146,2,748,30,2,2262,2242,4810,15a51146
15a51161,2,816,30,2,2264,2244,2477,15a51161
15a51169,2,816,30,2,2264,2244,2477,15a51169
15a51734,2,838,30,2,1949,1933,3509,15a51734
15a51817,2,910,30,2,2201,2181,4227,15a51817
15a51935,2,518,30,2,2265,2245,2697,15a51935
15a51997,2,518,30,2,2265,2245,2697,15a51997
15a52019,2,626,30,2,2266,2246,2711,15a52019
15a52066,2,626,30,2,2266,2246,2711,15a52066
15a52133,2,928,30,2,2195,2175,1941,15a52133
15a52176,2,514,30,2,2203,2183,1527,15a52176
15a52177,2,748,30,2,2204,2184,1906,15a52177
15a52178,2,658,30,2,2197,2177,3472,15a52178
15a52315,2,744,30,2,2267,2247,2436,15a52315
15a52358,2,604,30,2,2198,2178,3138,15a52358
15a52543,2,744,30,2,2267,2247,2436,15a52543
15a52693,2,1036,30,2,2202,2182,1958,15a52693
15a52695,2,910,30,2,2009,1992,2839,15a52695
15a52729,2,694,30,2,1994,1977,1129,15a52729
15a53195,2,772,30,2,2268,2248,5372,15a53195
15a53292,2,742,30,2,2221,2201,3465,15a53292
15a53350,2,738,30,2,2269,2249,1076,15a53350
15a53354,2,772,30,2,2268,2248,5372,15a53354
15a53426,2,738,30,2,2269,2249,1076,15a53426
15a53520,2,784,30,2,1824,1808,4392,15a53520
15a53523,2,1000,30,2,1854,1838,4927,15a53523
15a53532,2,784,30,2,1992,1975,2541,15a53532
15a53533,2,838,30,2,1996,1979,2826,15a53533
15a53549,2,280,30,2,1830,1814,5381,15a53549
15a53550,2,478,30,2,1836,1820,5239,15a53550
15a53562,2,568,30,2,1822,1806,4317,15a53562
15a53563,2,766,30,2,1920,1904,4084,15a53563
15a53565,2,1072,30,2,1936,1920,2582,15a53565
15a53566,2,1090,30,2,1916,1900,4231,15a53566
15a53567,2,910,30,2,1899,1883,2829,15a53567
15a53573,2,442,30,2,1831,1815,3296,15a53573
15a53574,2,532,30,2,1924,1908,3040,15a53574
15a53581,2,586,30,2,1832,1816,5264,15a53581
15a53598,2,514,30,2,1823,1807,5010,15a53598
15a53599,2,748,30,2,1921,1905,4809,15a53599
15a53601,2,1066,30,2,1957,1941,1574,15a53601
15a53602,2,1096,30,2,1917,1901,4919,15a53602
15a53606,2,730,30,2,1852,1836,4176,15a53606
15a53613,2,892,30,2,1580,1565,2482,15a53613
15a53614,2,550,30,2,1883,1867,3314,15a53614
15a53620,2,424,30,2,1871,1855,3037,15a53620
15a53630,2,874,30,2,1843,1827,3557,15a53630
15a53634,2,784,30,2,1853,1837,4880,15a53634
15a53671,2,784,30,2,1993,1976,4405,15a53671
15a53672,2,946,30,2,1965,1949,4245,15a53672
15a53683,2,838,30,2,2002,1985,4184,15a53683
15a53699,2,640,30,2,1833,1817,4336,15a53699
15a53701,2,676,30,2,1838,1822,4353,15a53701
15a53703,2,730,30,2,1866,1850,5272,15a53703
15a53705,2,658,30,2,1839,1823,4080,15a53705
15a53709,2,928,30,2,1950,1934,4910,15a53709
15a53719,2,820,30,2,1867,1851,1908,15a53719
15a53722,2,730,30,2,1887,1871,3466,15a53722
15a53724,2,586,30,2,1884,1868,5022,15a53724
15a53727,2,676,30,2,1885,1869,4804,15a53727
15a53735,2,568,30,2,1966,1950,2418,15a53735
15a53736,2,766,30,2,1967,1951,2818,15a53736
15a53758,2,1072,30,2,1936,1920,2582,15a53758
15a53761,2,1066,30,2,1957,1941,1574,15a53761
15a53781,2,658,30,2,1837,1821,3418,15a53781
15a53786,2,514,30,2,1941,1925,1523,15a53786
15a53787,2,748,30,2,1127,1116,1904,15a53787
15a53800,2,896,30,2,2270,2250,1893,15a53800
15a53808,2,766,30,2,1920,1904,4084,15a53808
15a53809,2,1090,30,2,1916,1900,4231,15a53809
15a53815,2,640,30,2,1825,1809,2428,15a53815
15a53816,2,694,30,2,1855,1839,2752,15a53816
15a53868,2,586,30,2,1886,1870,5020,15a53868
15a53869,2,766,30,2,1869,1853,5488,15a53869
15a53871,2,802,30,2,1868,1852,5296,15a53871
15a53873,2,874,30,2,1983,1966,3586,15a53873
15a53874,2,928,30,2,1964,1948,4920,15a53874
15a53875,2,694,30,2,1935,1919,3475,15a53875
15a53876,2,568,30,2,1956,1940,3134,15a53876
15a53896,2,748,30,2,1921,1905,4809,15a53896
15a53897,2,1096,30,2,1917,1901,4919,15a53897
15a53899,2,928,30,2,1857,1841,4896,15a53899
15a53908,2,856,30,2,1827,1811,4408,15a53908
15a53948,2,1036,30,2,1955,1939,1956,15a53948
15a53949,2,514,30,2,1987,1970,5018,15a53949
15a53950,2,748,30,2,1988,1971,4823,15a53950
15a53952,2,658,30,2,1276,1265,3459,15a53952
15a53962,2,604,30,2,1944,1928,3135,15a53962
15a53993,2,658,30,2,1826,1810,3430,15a53993
15a53994,2,604,30,2,1856,1840,3803,15a53994
15a54038,2,688,30,2,2271,2251,746,15a54038
15a54105,2,1090,30,2,1991,1974,3652,15a54105
15a54109,2,946,30,2,2001,1984,2805,15a54109
15a54119,2,460,30,2,1863,1847,4302,15a54119
15a54120,2,676,30,2,1872,1856,2438,15a54120
15a54125,2,298,30,2,1878,1862,4670,15a54125
15a54126,2,658,30,2,1873,1857,2718,15a54126
15a54128,2,406,30,2,1864,1848,1471,15a54128
15a54129,2,568,30,2,1865,1849,1788,15a54129
15a54132,2,694,30,2,1834,1818,3440,15a54132
15a54134,2,640,30,2,1344,1332,4365,15a54134
15a54135,2,856,30,2,1247,1236,2567,15a54135
15a54137,2,568,30,2,1835,1819,3775,15a54137
15a54138,2,1036,30,2,1999,1982,4902,15a54138
15a54154,2,676,30,2,1960,1944,2470,15a54154
15a54157,2,658,30,2,1984,1967,2721,15a54157
15a54161,2,640,30,2,1986,1969,2456,15a54161
15a54162,2,694,30,2,1995,1978,2755,15a54162
15a54206,2,766,30,2,1862,1846,3483,15a54206
15a54207,2,928,30,2,1939,1923,1920,15a54207
15a54234,2,910,30,2,1938,1922,4218,15a54234
15a54263,2,856,30,2,1982,1965,4421,15a54263
15a54264,2,856,30,2,1981,1964,2556,15a54264
15a54289,2,874,30,2,1973,1956,3593,15a54289
15a54301,2,694,30,2,1877,1861,5258,15a54301
15a54411,2,694,30,2,1259,1248,4096,15a54411
15a54417,2,352,30,2,1958,1942,2301,15a54417
15a54418,2,550,30,2,1959,1943,2739,15a54418
15a54419,2,442,30,2,1990,1973,2656,15a54419
15a54420,2,460,30,2,1989,1972,2320,15a54420
15a54421,2,244,30,2,2000,1983,3189,15a54421
15a54422,2,946,30,2,1998,1981,5489,15a54422
15a54423,2,586,30,2,1975,1958,1537,15a54423
15a54424,2,676,30,2,1976,1959,1838,15a54424
15a54646,2,896,30,2,2270,2250,1893,15a54646
15a54648,2,472,30,2,2272,2252,32,15a54648
15a54649,2,472,30,2,2272,2252,32,15a54649
15a54650,2,286,30,2,2273,2253,47,15a54650
15a54651,2,286,30,2,2273,2253,47,15a54651
15a54740,2,688,30,2,2271,2251,746,15a54740
15a54741,2,826,30,2,2274,2254,18,15a54741
15a54749,2,826,30,2,2274,2254,18,15a54749
15a54955,2,1126,30,2,2275,2255,3653,15a54955
15a54962,2,1216,30,2,2276,2256,4939,15a54962
15a54974,2,1126,30,2,2275,2255,3653,15a54974
15a54984,2,1216,30,2,2276,2256,4939,15a54984
15a54987,2,1216,30,2,2277,2257,2597,15a54987
15a54996,2,1126,30,2,2278,2258,4244,15a54996
15a55004,2,1216,30,2,2277,2257,2597,15a55004
15a55012,2,1126,30,2,2278,2258,4244,15a55012
15a55048,2,1234,30,2,2279,2259,3654,15a55048
15a55050,2,1234,30,2,2279,2259,3654,15a55050
15a55086,2,1210,30,2,2280,2260,3651,15a55086
15a55088,2,1210,30,2,2280,2260,3651,15a55088
15a55205,2,598,30,2,2281,2261,3429,15a55205
15a55206,2,728,30,2,2282,2262,3129,15a55206
15a55233,2,676,30,2,1960,1944,2470,15a55233
15a55244,2,730,30,2,2283,2263,4117,15a55244
15a55252,2,676,30,2,1960,1944,2470,15a55252
15a55260,2,730,30,2,2283,2263,4117,15a55260
15a55264,2,730,30,2,2284,2264,1545,15a55264
15a55277,2,676,30,2,1507,1493,3141,15a55277
15a55285,2,730,30,2,2284,2264,1545,15a55285
15a55292,2,676,30,2,1507,1493,3141,15a55292
15a55300,2,598,30,2,2281,2261,3429,15a55300
15a55301,2,728,30,2,2282,2262,3129,15a55301
15a55311,2,820,30,2,2285,2265,2480,15a55311
15a55314,2,820,30,2,2285,2265,2480,15a55314
15a55318,2,534,30,2,2286,2266,2041,15a55318
15a55319,2,440,30,2,2287,2267,2315,15a55319
15a55322,2,534,30,2,2286,2266,2041,15a55322
15a55326,2,810,30,2,2288,2268,1089,15a55326
15a55328,2,440,30,2,2287,2267,2315,15a55328
15a55331,2,810,30,2,2288,2268,1089,15a55331
15a55351,2,658,30,2,2289,2269,130,15a55351
15a55353,2,810,30,2,2288,2268,1089,15a55353
15a55354,2,820,30,2,2285,2265,2480,15a55354
15a55358,2,820,30,2,2285,2265,2480,15a55358
15a55359,2,658,30,2,2289,2269,130,15a55359
15a55360,2,810,30,2,2288,2268,1089,15a55360
15a55368,2,802,30,2,2290,2270,4121,15a55368
15a55370,2,802,30,2,2290,2270,4121,15a55370
15a55418,2,676,30,2,1960,1944,2470,15a55418
15a55419,2,730,30,2,2283,2263,4117,15a55419
15a55421,2,730,30,2,2284,2264,1545,15a55421
15a55423,2,676,30,2,1507,1493,3141,15a55423
15a55452,2,676,30,2,1960,1944,2470,15a55452
15a55468,2,676,30,2,1507,1493,3141,15a55468
15a55471,2,730,30,2,2283,2263,4117,15a55471
15a55474,2,730,30,2,2284,2264,1545,15a55474
15a55477,2,592,30,2,2291,2271,738,15a55477
15a55478,2,726,30,2,2292,2272,1084,15a55478
15a55535,2,592,30,2,2291,2271,738,15a55535
15a55536,2,726,30,2,2292,2272,1084,15a55536
15a55542,2,1018,30,2,2293,2273,2824,15a55542
15a55576,2,996,30,2,2294,2274,1331,15a55576
15a55674,2,604,30,2,2295,2275,749,15a55674
15a55718,2,604,30,2,2295,2275,749,15a55718
15a55831,2,826,30,2,1712,1696,4109,15a55831
15a55842,2,694,30,2,2296,2276,4093,15a55842
15a55856,2,838,30,2,2297,2277,1546,15a55856
15a55880,2,826,30,2,2298,1989,1544,15a55880
15a55915,2,540,30,2,2299,2278,2319,15a55915
15a56015,2,496,30,2,2300,2279,736,15a56015
15a56016,2,694,30,2,2301,2280,1082,15a56016
15a56053,2,826,30,2,2298,1989,1544,15a56053
15a56068,2,826,30,2,1712,1696,4109,15a56068
15a56078,2,694,30,2,2296,2276,4093,15a56078
15a56123,2,540,30,2,2299,2278,2319,15a56123
15a56128,2,496,30,2,2300,2279,736,15a56128
15a56129,2,694,30,2,2301,2280,1082,15a56129
15a56148,2,496,30,2,2302,2281,4731,15a56148
15a56149,2,694,30,2,2303,2282,4581,15a56149
15a56177,2,540,30,2,2304,2283,3041,15a56177
15a56246,2,826,30,2,2298,1989,1544,15a56246
15a56279,2,826,30,2,1712,1696,4109,15a56279
15a56313,2,496,30,2,2302,2281,4731,15a56313
15a56314,2,694,30,2,2303,2282,4581,15a56314
15a56343,2,838,30,2,2297,2277,1546,15a56343
15a56389,2,540,30,2,2304,2283,3041,15a56389
15a56414,2,826,30,2,1712,1696,4109,15a56414
15a56433,2,826,30,2,2298,1989,1544,15a56433
15a56451,2,1072,30,2,2305,2284,5219,15a56451
15a56485,2,1046,30,2,2306,2285,5495,15a56485
15a56510,2,1208,30,2,2307,2286,4440,15a56510
15a56525,2,988,30,2,2308,2287,2580,15a56525
15a56541,2,984,30,2,2309,2288,4438,15a56541
15a56545,2,944,30,2,2310,2289,4439,15a56545
15a56546,2,834,30,2,2311,2290,4665,15a56546
15a56561,2,988,30,2,2308,2287,2580,15a56561
15a56667,2,622,30,2,2312,2291,4071,15a56667
15a56675,2,676,30,2,1481,1467,2432,15a56675
15a56684,2,526,30,2,2313,2292,2052,15a56684
15a56724,2,526,30,2,2313,2292,2052,15a56724
15a56738,2,730,30,2,2314,2293,4094,15a56738
15a56743,2,730,30,2,2314,2293,4094,15a56743
15a56748,2,568,30,2,2315,2294,747,15a56748
15a56753,2,568,30,2,2315,2294,747,15a56753
15a56757,2,676,30,2,1481,1467,2432,15a56757
15a56764,2,696,30,2,2316,2295,2425,15a56764
15a56793,2,622,30,2,2312,2291,4071,15a56793
15a56800,2,676,30,2,2317,2296,3121,15a56800
15a56804,2,568,30,2,2318,2297,3133,15a56804
15a56813,2,526,30,2,2319,2298,1528,15a56813
15a56815,2,730,30,2,2320,2299,1539,15a56815
15a56816,2,730,30,2,2320,2299,1539,15a56816
15a56821,2,696,30,2,2316,2295,2425,15a56821
15a56823,2,568,30,2,2318,2297,3133,15a56823
15a56826,2,526,30,2,2319,2298,1528,15a56826
15a56853,2,676,30,2,2317,2296,3121,15a56853
15a56997,2,708,30,2,2321,2300,2464,15a56997
15a56999,2,482,30,2,2322,2301,2037,15a56999
15a57022,2,604,30,2,2323,2302,1768,15a57022
15a57033,2,680,30,2,2324,2303,740,15a57033
15a57052,2,580,30,2,2325,2304,744,15a57052
15a57058,2,708,30,2,2321,2300,2464,15a57058
15a57063,2,802,30,2,2326,2305,4119,15a57063
15a57116,2,680,30,2,2324,2303,740,15a57116
15a57118,2,510,30,2,2327,2306,978,15a57118
15a57158,2,802,30,2,2326,2305,4119,15a57158
15a57159,2,700,30,2,2328,2307,2479,15a57159
15a57162,2,474,30,2,2329,2308,2050,15a57162
15a57185,2,510,30,2,2327,2306,978,15a57185
15a57200,2,604,30,2,2323,2302,1768,15a57200
15a57204,2,482,30,2,2322,2301,2037,15a57204
15a57232,2,700,30,2,2328,2307,2479,15a57232
15a57236,2,474,30,2,2329,2308,2050,15a57236
15a57360,2,580,30,2,2325,2304,744,15a57360
15a57412,2,474,30,2,2330,2309,2039,15a57412
15a57446,2,474,30,2,2330,2309,2039,15a57446
15a57513,2,1218,30,2,2331,2310,4255,15a57513
15a57528,2,958,30,2,2332,2311,5303,15a57528
15a57544,2,1032,30,2,2333,2312,4932,15a57544
15a57547,2,906,30,2,2334,2313,4179,15a57547
15a57548,2,776,30,2,2335,2314,3821,15a57548
15a57563,2,958,30,2,2332,2311,5303,15a57563
15a57636,2,894,30,2,2336,2315,5297,15a57636
15a57649,2,926,30,2,2337,2316,4241,15a57649
15a57668,2,984,30,2,2309,2288,4438,15a57668
15a57673,2,926,30,2,2337,2316,4241,15a57673
15a57690,2,1000,30,2,2338,2317,2595,15a57690
15a57695,2,1000,30,2,2338,2317,2595,15a57695
15a57702,2,840,30,2,2339,2318,4401,15a57702
15a57719,2,894,30,2,2336,2315,5297,15a57719
15a57727,2,1000,30,2,2340,2319,4931,15a57727
15a57736,2,926,30,2,2341,1714,3649,15a57736
15a57741,2,840,30,2,2339,2318,4401,15a57741
15a57743,2,1000,30,2,2340,2319,4931,15a57743
15a57745,2,926,30,2,2341,1714,3649,15a57745
15a57833,2,820,30,2,2342,2320,3747,15a57833
15a57836,2,700,30,2,2328,2307,2479,15a57836
15a57881,2,490,30,2,2343,2321,2051,15a57881
15a57882,2,610,30,2,2344,2322,4070,15a57882
15a57893,2,712,30,2,2345,2323,2434,15a57893
15a57894,2,490,30,2,2343,2321,2051,15a57894
15a57912,2,588,30,2,2346,2324,3743,15a57912
15a57929,2,712,30,2,2345,2323,2434,15a57929
15a57933,2,610,30,2,2344,2322,4070,15a57933
15a57934,2,588,30,2,2346,2324,3743,15a57934
15a57983,2,708,30,2,2347,2325,2473,15a57983
15a57986,2,708,30,2,2347,2325,2473,15a57986
15a58046,2,700,30,2,2328,2307,2479,15a58046
15a58061,2,592,30,2,2348,2326,745,15a58061
15a58064,2,708,30,2,2347,2325,2473,15a58064
15a58070,2,582,30,2,2349,2327,1072,15a58070
15a58094,2,708,30,2,2347,2325,2473,15a58094
15a58117,2,540,30,2,2299,2278,2319,15a58117
15a58137,2,540,30,2,2299,2278,2319,15a58137
15a58148,2,540,30,2,2304,2283,3041,15a58148
15a58168,2,592,30,2,2348,2326,745,15a58168
15a58169,2,582,30,2,2349,2327,1072,15a58169
15a58170,2,540,30,2,2304,2283,3041,15a58170
15a58185,2,276,30,2,2350,2328,2950,15a58185
15a58188,2,540,30,2,2304,2283,3041,15a58188
15a58200,2,276,30,2,2350,2328,2950,15a58200
15a58203,2,540,30,2,2304,2283,3041,15a58203
15a58230,2,820,30,2,2342,2320,3747,15a58230
15a58280,2,908,30,2,2351,2329,2569,15a58280
15a58293,2,876,30,2,2352,2330,4410,15a58293
15a58313,2,1032,30,2,2333,2312,4932,15a58313
15a58317,2,876,30,2,2352,2330,4410,15a58317
15a58334,2,946,30,2,2353,2331,5302,15a58334
15a58339,2,946,30,2,2353,2331,5302,15a58339
15a58346,2,914,30,2,2354,2332,4247,15a58346
15a58362,2,908,30,2,2351,2329,2569,15a58362
15a58370,2,946,30,2,2355,2333,3587,15a58370
15a58379,2,876,30,2,1731,1715,4869,15a58379
15a58384,2,914,30,2,2354,2332,4247,15a58384
15a58386,2,946,30,2,2355,2333,3587,15a58386
15a58388,2,876,30,2,1731,1715,4869,15a58388
15a58429,2,752,30,2,2356,2334,4436,15a58429
15a58440,2,582,30,2,2357,2335,4145,15a58440
15a58442,2,752,30,2,2356,2334,4436,15a58442
15a58443,2,938,30,2,2358,2336,4248,15a58443
15a58444,2,898,30,2,2359,2337,5301,15a58444
15a58445,2,610,30,2,2360,2338,5029,15a58445
15a58446,2,780,30,2,2361,2339,4868,15a58446
15a58451,2,610,30,2,2360,2338,5029,15a58451
15a58452,2,780,30,2,2361,2339,4868,15a58452
15a58453,2,938,30,2,2358,2336,4248,15a58453
15a58467,2,582,30,2,2357,2335,4145,15a58467
15a58469,2,876,30,2,2362,2340,5196,15a58469
15a58474,2,952,30,2,2363,2341,2561,15a58474
15a58475,2,840,30,2,2339,2318,4401,15a58475
15a58476,2,1026,30,2,2364,2342,4251,15a58476
15a58477,2,940,30,2,2365,2343,5513,15a58477
15a58485,2,952,30,2,2363,2341,2561,15a58485
15a58487,2,898,30,2,2359,2337,5301,15a58487
15a58488,2,876,30,2,2362,2340,5196,15a58488
15a58489,2,940,30,2,2365,2343,5513,15a58489
15a58499,2,840,30,2,2339,2318,4401,15a58499
15a58528,2,1220,30,2,2366,2344,5218,15a58528
15a58530,2,1220,30,2,2366,2344,5218,15a58530
15a58685,2,714,30,2,2367,2345,4040,15a58685
15a58696,2,548,30,2,2368,2346,4319,15a58696
15a58698,2,714,30,2,2367,2345,4040,15a58698
15a58699,2,864,30,2,2369,2347,4404,15a58699
15a58700,2,904,30,2,2370,2348,2568,15a58700
15a58701,2,616,30,2,2371,2349,3107,15a58701
15a58702,2,782,30,2,2372,2350,3551,15a58702
15a58707,2,616,30,2,2371,2349,3107,15a58707
15a58708,2,782,30,2,2372,2350,3551,15a58708
15a58709,2,864,30,2,2369,2347,4404,15a58709
15a58723,2,548,30,2,2368,2346,4319,15a58723
15a58725,2,878,30,2,2373,2351,2828,15a58725
15a58730,2,994,30,2,2374,2352,5308,15a58730
15a58731,2,914,30,2,2354,2332,4247,15a58731
15a58732,2,968,30,2,2375,2353,4429,15a58732
15a58733,2,1006,30,2,2376,2354,1144,15a58733
15a58741,2,994,30,2,2374,2352,5308,15a58741
15a58743,2,904,30,2,2370,2348,2568,15a58743
15a58744,2,878,30,2,2373,2351,2828,15a58744
15a58745,2,1006,30,2,2376,2354,1144,15a58745
15a58755,2,914,30,2,2354,2332,4247,15a58755
15a58787,2,938,30,2,2358,2336,4248,15a58787
15a58806,2,898,30,2,2359,2337,5301,15a58806
15a58810,2,938,30,2,2358,2336,4248,15a58810
15a58818,2,1026,30,2,2364,2342,4251,15a58818
15a58823,2,876,30,2,2362,2340,5196,15a58823
15a58830,2,898,30,2,2359,2337,5301,15a58830
15a58831,2,876,30,2,2362,2340,5196,15a58831
15a58838,2,1220,30,2,2366,2344,5218,15a58838
15a58839,2,1220,30,2,2366,2344,5218,15a58839
15a58849,2,1224,30,2,2377,2355,2598,15a58849
15a58851,2,1224,30,2,2377,2355,2598,15a58851
15a58864,2,864,30,2,2369,2347,4404,15a58864
15a58883,2,904,30,2,2370,2348,2568,15a58883
15a58887,2,864,30,2,2369,2347,4404,15a58887
15a58895,2,968,30,2,2375,2353,4429,15a58895
15a58900,2,878,30,2,2373,2351,2828,15a58900
15a58907,2,904,30,2,2370,2348,2568,15a58907
15a58908,2,878,30,2,2373,2351,2828,15a58908
15a58924,2,926,30,2,2337,2316,4241,15a58924
15a58925,2,1000,30,2,2338,2317,2595,15a58925
15a58933,2,1000,30,2,2340,2319,4931,15a58933
15a58935,2,926,30,2,2341,1714,3649,15a58935
15a58970,2,926,30,2,2337,2316,4241,15a58970
15a58973,2,1000,30,2,2338,2317,2595,15a58973
15a58982,2,926,30,2,2341,1714,3649,15a58982
15a58983,2,1000,30,2,2340,2319,4931,15a58983
15a58998,2,894,30,2,2336,2315,5297,15a58998
15a59025,2,894,30,2,2336,2315,5297,15a59025
15a59065,2,1224,30,2,2377,2355,2598,15a59065
15a59066,2,1224,30,2,2377,2355,2598,15a59066
15a59075,2,876,30,2,2352,2330,4410,15a59075
15a59076,2,946,30,2,2353,2331,5302,15a59076
15a59084,2,946,30,2,2355,2333,3587,15a59084
15a59086,2,876,30,2,1731,1715,4869,15a59086
15a59121,2,876,30,2,2352,2330,4410,15a59121
15a59124,2,946,30,2,2353,2331,5302,15a59124
15a59133,2,876,30,2,1731,1715,4869,15a59133
15a59134,2,946,30,2,2355,2333,3587,15a59134
15a59148,2,908,30,2,2351,2329,2569,15a59148
15a59174,2,908,30,2,2351,2329,2569,15a59174
15a59237,2,988,30,2,2308,2287,2580,15a59237
15a59247,2,944,30,2,2310,2289,4439,15a59247
15a59248,2,834,30,2,2311,2290,4665,15a59248
15a59269,2,988,30,2,2308,2287,2580,15a59269
15a59281,2,1208,30,2,2307,2286,4440,15a59281
15a59338,2,958,30,2,2332,2311,5303,15a59338
15a59348,2,906,30,2,2334,2313,4179,15a59348
15a59349,2,776,30,2,2335,2314,3821,15a59349
15a59370,2,958,30,2,2332,2311,5303,15a59370
15a59382,2,1218,30,2,2331,2310,4255,15a59382
15a59405,2,996,30,2,2294,2274,1331,15a59405
15a59427,2,1018,30,2,2293,2273,2824,15a59427
15a59455,2,1046,30,2,2306,2285,5495,15a59455
15a59477,2,1072,30,2,2305,2284,5219,15a59477
15a59682,2,576,30,2,2378,2356,2422,15a59682
15a59692,2,622,30,2,2379,2357,4088,15a59692
15a59699,2,576,30,2,2378,2356,2422,15a59699
15a59706,2,622,30,2,2379,2357,4088,15a59706
15a59708,2,622,30,2,2380,2358,1536,15a59708
15a59719,2,576,30,2,2381,2359,3117,15a59719
15a59726,2,622,30,2,2380,2358,1536,15a59726
15a59733,2,576,30,2,2381,2359,3117,15a59733
15a59745,2,726,30,2,2382,2360,2812,15a59745
15a59755,2,784,30,2,2383,2361,4434,15a59755
15a59762,2,726,30,2,2382,2360,2812,15a59762
15a59769,2,784,30,2,2383,2361,4434,15a59769
15a59771,2,784,30,2,2384,2362,1934,15a59771
15a59782,2,726,30,2,2385,2363,3566,15a59782
15a59789,2,784,30,2,2384,2362,1934,15a59789
15a59796,2,726,30,2,2385,2363,3566,15a59796
15a59893,2,672,30,2,2386,2364,2431,15a59893
15a59896,2,672,30,2,2386,2364,2431,15a59896
15a59907,2,662,30,2,2387,2365,1074,15a59907
15a59909,2,662,30,2,2387,2365,1074,15a59909
15a59928,2,822,30,2,2388,2366,2822,15a59928
15a59931,2,822,30,2,2388,2366,2822,15a59931
15a59942,2,808,30,2,2389,2367,1326,15a59942
15a59944,2,808,30,2,2389,2367,1326,15a59944
15a60273,2,426,30,2,2390,2368,2035,15a60273
15a60274,2,676,30,2,2391,1178,2460,15a60274
15a60293,2,450,30,2,2392,2369,2046,15a60293
15a60294,2,748,30,2,1645,1021,2547,15a60294
15a60318,2,460,30,2,2393,2370,735,15a60318
15a60319,2,730,30,2,2394,2371,1100,15a60319
15a60344,2,890,30,2,2395,2372,4205,15a60344
15a60345,2,884,30,2,2396,2373,4423,15a60345
15a60401,2,738,30,2,2397,2374,5282,15a60401
15a60456,2,440,30,2,2398,2375,5453,15a60456
15a60459,2,888,30,2,2399,2376,4890,15a60459
15a60464,2,744,30,2,2400,2377,3173,15a60464
15a60465,2,1038,30,2,2401,2378,3658,15a60465
15a60469,2,738,30,2,2397,2374,5282,15a60469
15a60473,2,890,30,2,2395,2372,4205,15a60473
15a60474,2,884,30,2,2396,2373,4423,15a60474
15a60523,2,744,30,2,2400,2377,3173,15a60523
15a60524,2,1038,30,2,2401,2378,3658,15a60524
15a60571,2,888,30,2,2399,2376,4890,15a60571
15a60664,2,976,30,2,2402,2379,4930,15a60664
15a60667,2,926,30,2,2403,2380,4222,15a60667
15a60673,2,1000,30,2,2404,2381,2588,15a60673
15a60682,2,926,30,2,2403,2380,4222,15a60682
15a60691,2,1000,30,2,2404,2381,2588,15a60691
15a60692,2,1000,30,2,2405,2382,4921,15a60692
15a60698,2,926,30,2,2406,1879,3621,15a60698
15a60704,2,1000,30,2,2405,2382,4921,15a60704
15a60711,2,926,30,2,2406,1879,3621,15a60711
15a60767,2,876,30,2,2407,996,4888,15a60767
15a60768,2,626,30,2,2408,2383,4064,15a60768
15a60770,2,476,30,2,2409,2384,3730,15a60770
15a60772,2,876,30,2,2407,996,4888,15a60772
15a60773,2,876,30,2,2410,2385,3179,15a60773
15a60774,2,926,30,2,2403,2380,4222,15a60774
15a60823,2,946,30,2,2411,2386,3620,15a60823
15a60824,2,676,30,2,2412,2387,2453,15a60824
15a60826,2,514,30,2,2413,2388,2038,15a60826
15a60828,2,946,30,2,2411,2386,3620,15a60828
15a60829,2,946,30,2,2414,2389,1571,15a60829
15a60830,2,1000,30,2,2404,2381,2588,15a60830
15a61213,2,676,30,2,2391,1178,2460,15a61213
15a61220,2,730,30,2,2394,2371,1100,15a61220
15a61222,2,730,30,2,2415,2390,3499,15a61222
15a61231,2,676,30,2,2416,2391,1821,15a61231
15a61237,2,730,30,2,2415,2390,3499,15a61237
15a61244,2,676,30,2,2416,2391,1821,15a61244
15a61248,2,994,30,2,2417,2392,408,15a61248
15a61249,2,988,30,2,2418,2393,4908,15a61249
15a61273,2,994,30,2,2417,2392,408,15a61273
15a61275,2,988,30,2,2418,2393,4908,15a61275
15a61346,2,1010,30,2,2419,2394,4250,15a61346
15a61348,2,1010,30,2,2419,2394,4250,15a61348
15a61352,2,744,30,2,2420,2395,4433,15a61352
15a61353,2,590,30,2,2421,2396,4086,15a61353
15a61358,2,744,30,2,2420,2395,4433,15a61358
15a61365,2,590,30,2,2421,2396,4086,15a61365
15a61419,2,460,30,2,2422,2397,4324,15a61419
15a61461,2,426,30,2,2423,2398,5247,15a61461
15a61522,2,996,30,2,2424,2399,2585,15a61522
15a61523,2,996,30,2,2424,2399,2585,15a61523
15a61551,2,926,30,2,2425,2400,4207,15a61551
15a61553,2,926,30,2,2425,2400,4207,15a61553
15a61556,2,876,30,2,2426,2401,4870,15a61556
15a61602,2,1000,30,2,2427,2402,2576,15a61602
15a61604,2,1000,30,2,2427,2402,2576,15a61604
15a61607,2,946,30,2,2428,2403,3598,15a61607
15a61653,2,848,30,2,2429,2404,4414,15a61653
15a61655,2,848,30,2,2429,2404,4414,15a61655
15a61962,2,748,30,2,1645,1021,2547,15a61962
15a62047,2,884,30,2,2396,2373,4423,15a62047
15a62089,2,990,30,2,2430,2405,1143,15a62089
15a62091,2,990,30,2,2430,2405,1143,15a62091
15a62100,2,1010,30,2,2419,2394,4250,15a62100
15a62103,2,1010,30,2,2419,2394,4250,15a62103
15a62233,2,946,30,2,2431,2406,1570,15a62233
15a62234,2,676,30,2,2432,2407,2458,15a62234
15a62236,2,514,30,2,2433,2408,2698,15a62236
15a62238,2,946,30,2,2431,2406,1570,15a62238
15a62239,2,946,30,2,2434,2409,3615,15a62239
15a62316,2,1004,30,2,2435,2410,2583,15a62316
15a62317,2,1004,30,2,2435,2410,2583,15a62317
15a62334,2,876,30,2,1879,1863,3178,15a62334
15a62335,2,626,30,2,2436,2411,4074,15a62335
15a62337,2,476,30,2,2437,2412,4316,15a62337
15a62341,2,876,30,2,1879,1863,3178,15a62341
15a62342,2,876,30,2,2438,2413,4878,15a62342
15a62422,2,996,30,2,2424,2399,2585,15a62422
15a62423,2,996,30,2,2424,2399,2585,15a62423
15a62467,2,876,30,2,2426,2401,4870,15a62467
15a62471,2,926,30,2,2425,2400,4207,15a62471
15a62473,2,926,30,2,2425,2400,4207,15a62473
15a62515,2,946,30,2,2428,2403,3598,15a62515
15a62516,2,1000,30,2,2427,2402,2576,15a62516
15a62517,2,1000,30,2,2427,2402,2576,15a62517
15a62573,2,848,30,2,2429,2404,4414,15a62573
15a62574,2,848,30,2,2429,2404,4414,15a62574
15a62742,2,946,30,2,2439,2414,1139,15a62742
15a62743,2,892,30,2,2440,2415,3829,15a62743
15a62768,2,1000,30,2,2441,2416,43,15a62768
15a62769,2,1054,30,2,2442,2417,5437,15a62769
15a62770,2,946,30,2,2439,2414,1139,15a62770
15a62771,2,892,30,2,2440,2415,3829,15a62771
15a62772,2,1000,30,2,2441,2416,43,15a62772
15a62773,2,1054,30,2,2442,2417,5437,15a62773
15a62840,2,884,30,2,2396,2373,4423,15a62840
15a62864,2,958,30,2,2443,2418,2840,15a62864
15a62865,2,990,30,2,2430,2405,1143,15a62865
15a62872,2,958,30,2,2443,2418,2840,15a62872
15a62873,2,990,30,2,2430,2405,1143,15a62873
15a62883,2,1042,30,2,2444,2419,20,15a62883
15a62884,2,1042,30,2,2444,2419,20,15a62884
15a62890,2,976,30,2,2402,2379,4930,15a62890
15a62914,2,926,30,2,2403,2380,4222,15a62914
15a62927,2,926,30,2,2406,1879,3621,15a62927
15a62928,2,1000,30,2,2404,2381,2588,15a62928
15a62929,2,1000,30,2,2405,2382,4921,15a62929
15a63213,2,1000,30,2,2445,2420,2579,15a63213
15a63215,2,1000,30,2,2445,2420,2579,15a63215
15a63218,2,946,30,2,2446,2421,1572,15a63218
15a63253,2,856,30,2,2447,2422,4418,15a63253
15a63257,2,856,30,2,2447,2422,4418,15a63257
15a63293,2,1004,30,2,2435,2410,2583,15a63293
15a63294,2,1004,30,2,2435,2410,2583,15a63294
15a63322,2,926,30,2,2173,2154,4214,15a63322
15a63324,2,926,30,2,2173,2154,4214,15a63324
15a63327,2,876,30,2,2448,2423,3180,15a63327
15a63346,2,676,30,2,1997,1980,5146,15a63346
15a63388,2,876,30,2,2407,996,4888,15a63388
15a63389,2,626,30,2,2408,2383,4064,15a63389
15a63390,2,876,30,2,2410,2385,3179,15a63390
15a63391,2,476,30,2,2409,2384,3730,15a63391
15a63392,2,876,30,2,2407,996,4888,15a63392
15a63412,2,946,30,2,2411,2386,3620,15a63412
15a63413,2,676,30,2,2412,2387,2453,15a63413
15a63414,2,946,30,2,2414,2389,1571,15a63414
15a63415,2,514,30,2,2413,2388,2038,15a63415
15a63416,2,946,30,2,2411,2386,3620,15a63416
15a63885,2,946,30,2,2446,2421,1572,15a63885
15a63886,2,1000,30,2,2445,2420,2579,15a63886
15a63887,2,1000,30,2,2445,2420,2579,15a63887
15a63915,2,856,30,2,2447,2422,4418,15a63915
15a63916,2,856,30,2,2447,2422,4418,15a63916
15a63950,2,876,30,2,2448,2423,3180,15a63950
15a63951,2,926,30,2,2173,2154,4214,15a63951
15a63952,2,926,30,2,2173,2154,4214,15a63952
15a63991,2,426,30,2,2390,2368,2035,15a63991
15a63998,2,460,30,2,2393,2370,735,15a63998
15a64257,2,946,30,2,2431,2406,1570,15a64257
15a64258,2,676,30,2,2432,2407,2458,15a64258
15a64259,2,946,30,2,2434,2409,3615,15a64259
15a64260,2,514,30,2,2433,2408,2698,15a64260
15a64261,2,946,30,2,2431,2406,1570,15a64261
15a64307,2,876,30,2,1879,1863,3178,15a64307
15a64308,2,626,30,2,2436,2411,4074,15a64308
15a64309,2,876,30,2,2438,2413,4878,15a64309
15a64310,2,476,30,2,2437,2412,4316,15a64310
15a64311,2,876,30,2,1879,1863,3178,15a64311
15a64449,2,460,30,2,2422,2397,4324,15a64449
15a64520,2,426,30,2,2423,2398,5247,15a64520
15a64550,2,1038,30,2,2401,2378,3658,15a64550
15a64558,2,1038,30,2,2401,2378,3658,15a64558
15a64619,2,850,30,2,2449,2424,1569,15a64619
15a64620,2,928,30,2,2450,2425,4906,15a64620
15a64621,2,850,30,2,2449,2424,1569,15a64621
15a64624,2,928,30,2,2450,2425,4906,15a64624
15a64646,2,924,30,2,2451,2426,1940,15a64646
15a64647,2,854,30,2,2452,2427,4656,15a64647
15a64648,2,924,30,2,2451,2426,1940,15a64648
15a64651,2,854,30,2,2452,2427,4656,15a64651
15a64657,2,850,30,2,2449,2424,1569,15a64657
15a64658,2,928,30,2,2450,2425,4906,15a64658
15a64659,2,850,30,2,2449,2424,1569,15a64659
15a64660,2,928,30,2,2450,2425,4906,15a64660
15a64665,2,924,30,2,2451,2426,1940,15a64665
15a64666,2,854,30,2,2452,2427,4656,15a64666
15a64667,2,924,30,2,2451,2426,1940,15a64667
15a64668,2,854,30,2,2452,2427,4656,15a64668
15a66000,2,710,30,2,2453,2428,4171,15a66000
15a66007,2,488,30,2,2454,2429,3741,15a66007
15a66071,2,846,30,2,2455,2430,5287,15a66071
15a66080,2,928,30,2,2456,2431,5201,15a66080
15a66121,2,1218,30,2,2457,2432,3660,15a66121
15a66151,2,476,30,2,2458,2433,5454,15a66151
15a66152,2,698,30,2,2459,2434,5415,15a66152
15a66155,2,924,30,2,2460,2435,4892,15a66155
15a66158,2,846,30,2,2455,2430,5287,15a66158
15a66161,2,880,30,2,2461,2436,750,15a66161
15a66166,2,916,30,2,2462,2437,1327,15a66166
15a66167,2,992,30,2,2463,2438,2566,15a66167
15a66169,2,1218,30,2,2457,2432,3660,15a66169
15a66210,2,1226,30,2,2464,2439,4258,15a66210
15a66221,2,858,30,2,2465,2440,4658,15a66221
15a66223,2,928,30,2,2456,2431,5201,15a66223
15a66235,2,1226,30,2,2464,2439,4258,15a66235
15a66268,2,880,30,2,2461,2436,750,15a66268
15a66278,2,992,30,2,2463,2438,2566,15a66278
15a66290,2,924,30,2,2460,2435,4892,15a66290
15a66299,2,858,30,2,2465,2440,4658,15a66299
15a71445,2,698,30,2,2466,2441,5031,15a71445
15a71450,2,698,30,2,2466,2441,5031,15a71450
15a71968,2,1030,30,2,1010,999,4216,15a71968
15a71977,2,1030,30,2,1010,999,4216,15a71977
15a72019,2,1046,30,2,2467,2442,4252,15a72019
15a72049,2,1046,30,2,2467,2442,4252,15a72049
15a72061,2,1044,30,2,2468,2443,4935,15a72061
15a72092,2,740,30,2,2469,2444,4412,15a72092
15a72094,2,594,30,2,2470,2445,4063,15a72094
15a72119,2,740,30,2,2469,2444,4412,15a72119
15a72126,2,1038,30,2,2471,2446,4229,15a72126
15a72141,2,1036,30,2,2472,2447,2586,15a72141
15a72142,2,1036,30,2,2473,2447,4916,15a72142
15a72147,2,940,30,2,2474,2448,3182,15a72147
15a72150,2,1028,30,2,2475,2449,4898,15a72150
15a72153,2,594,30,2,2470,2445,4063,15a72153
15a72165,2,1036,30,2,2472,2447,2586,15a72165
15a72177,2,940,30,2,2474,2448,3182,15a72177
15a72179,2,1028,30,2,2475,2449,4898,15a72179
15a72180,2,1038,30,2,2471,2446,4229,15a72180
15a75141,2,564,30,2,2476,2450,2415,15a75141
15a75145,2,564,30,2,2476,2450,2415,15a75145
15a75339,2,450,30,2,2392,2369,2046,15a75339
15a75342,2,890,30,2,2395,2372,4205,15a75342
15a75345,2,738,30,2,2397,2374,5282,15a75345
15a75347,2,440,30,2,2398,2375,5453,15a75347
15a75348,2,888,30,2,2399,2376,4890,15a75348
15a75349,2,744,30,2,2400,2377,3173,15a75349
15a75350,2,738,30,2,2397,2374,5282,15a75350
15a75351,2,890,30,2,2395,2372,4205,15a75351
15a75354,2,744,30,2,2400,2377,3173,15a75354
15a75357,2,888,30,2,2399,2376,4890,15a75357
15a76299,2,1036,30,2,2473,2447,4916,15a76299
15a76300,2,1028,30,2,2475,2449,4898,15a76300
15a76303,2,1046,30,2,2467,2442,4252,15a76303
15a76304,2,1038,30,2,2471,2446,4229,15a76304
15a76381,2,1044,30,2,2468,2443,4935,15a76381
15a76485,2,1028,30,2,2475,2449,4898,15a76485
15a76491,2,1038,30,2,2471,2446,4229,15a76491
15a77926,2,916,30,2,2462,2437,1327,15a77926
15a77948,2,992,30,2,2463,2438,2566,15a77948
15a77954,2,992,30,2,2463,2438,2566,15a77954
15a78313,2,710,30,2,2453,2428,4171,15a78313
15a78314,2,488,30,2,2454,2429,3741,15a78314
15a78319,2,846,30,2,2455,2430,5287,15a78319
15a78322,2,928,30,2,2456,2431,5201,15a78322
15a78327,2,1218,30,2,2457,2432,3660,15a78327
15a78330,2,476,30,2,2458,2433,5454,15a78330
15a78331,2,698,30,2,2459,2434,5415,15a78331
15a78332,2,924,30,2,2460,2435,4892,15a78332
15a78333,2,846,30,2,2455,2430,5287,15a78333
15a78336,2,1218,30,2,2457,2432,3660,15a78336
15a78337,2,1226,30,2,2464,2439,4258,15a78337
15a78338,2,858,30,2,2465,2440,4658,15a78338
15a78339,2,928,30,2,2456,2431,5201,15a78339
15a78341,2,1226,30,2,2464,2439,4258,15a78341
15a78345,2,924,30,2,2460,2435,4892,15a78345
15a78347,2,858,30,2,2465,2440,4658,15a78347
15a78900,2,1060,30,2,2477,2451,295,15a78900
15a78901,2,1060,30,2,2477,2451,295,15a78901
15a79065,2,1012,30,2,2478,2452,5207,15a79065
15a79066,2,1012,30,2,2478,2452,5207,15a79066
15a81668,2,736,30,2,2479,2453,493,15a81668
15a81669,2,1030,30,2,2480,2454,672,15a81669
15a82624,2,736,30,2,2479,2453,493,15a82624
15a82625,2,1030,30,2,2480,2454,672,15a82625
15n000063,3,190,32,3,2481,2455,2669,15n000063
15n000067,2,228,22,2,2482,2456,3812,15n000067
15n000089,3,172,33,3,2483,2457,1735,15n000089
15n000093,2,278,22,2,2484,2458,2862,15n000093
15n000097,2,312,24,2,2485,2459,577,15n000097
15n000101,2,280,26,2,2486,2460,3156,15n000101
15n000106,2,290,24,2,2487,2461,1177,15n000106
15n000110,2,322,26,2,2488,2462,4140,15n000110
15n000150,2,226,24,2,2489,2463,1627,15n000150
15n000153,3,132,32,3,2490,2464,1195,15n000153
15n000154,3,130,33,3,2491,2465,3700,15n000154
15n000157,2,316,26,2,2492,2466,2313,15n000157
15n000158,2,226,26,2,2493,2467,4601,15n000158
15n000161,2,190,22,2,2494,2468,2119,15n000161
15n000162,2,370,26,2,2495,2469,2695,15n000162
15n000163,2,388,26,2,2496,2470,2413,15n000163
15n000164,3,170,36,3,2497,2471,4975,15n000164
15n000180,2,226,24,2,2489,2463,1627,15n000180
15n000181,3,132,32,3,2490,2464,1195,15n000181
15n000182,3,130,33,3,2491,2465,3700,15n000182
15n000183,2,316,26,2,2492,2466,2313,15n000183
15n000184,2,226,26,2,2493,2467,4601,15n000184
15n000185,2,190,22,2,2494,2468,2119,15n000185
15n000186,2,370,26,2,2495,2469,2695,15n000186
15n000187,2,388,26,2,2496,2470,2413,15n000187
15n000188,3,170,36,3,2497,2471,4975,15n000188
15n000196,3,170,36,3,2498,2472,4535,15n000196
15n000197,3,170,36,3,2498,2472,4535,15n000197
15n000200,2,388,26,2,2499,2473,3105,15n000200
15n000201,2,388,26,2,2499,2473,3105,15n000201
15n000202,2,226,24,2,2500,2474,1174,15n000202
15n000203,2,316,26,2,2501,2475,3033,15n000203
15n000204,2,226,26,2,2502,2476,4018,15n000204
15n000205,2,370,26,2,2503,2477,2124,15n000205
15n000215,2,226,24,2,2500,2474,1174,15n000215
15n000216,2,316,26,2,2501,2475,3033,15n000216
15n000217,2,226,26,2,2502,2476,4018,15n000217
15n000218,2,370,26,2,2503,2477,2124,15n000218
15n000274,2,312,24,2,2485,2459,577,15n000274
15n000278,2,280,26,2,2486,2460,3156,15n000278
15n000286,2,290,24,2,2487,2461,1177,15n000286
15n000290,2,322,26,2,2488,2462,4140,15n000290
15n000296,3,190,32,3,2481,2455,2669,15n000296
15n000300,2,228,22,2,2482,2456,3812,15n000300
15n000305,3,172,33,3,2483,2457,1735,15n000305
15n000309,2,278,22,2,2484,2458,2862,15n000309
15n000458,2,362,24,2,2504,2478,1642,15n000458
15n000461,2,480,26,2,2505,2479,5186,15n000461
15n000467,3,322,25,3,2506,2480,3210,15n000467
15n000469,2,442,26,2,2507,2481,4234,15n000469
15n000473,2,334,24,2,2508,2482,4689,15n000473
15n000474,2,244,22,2,2509,2483,3814,15n000474
15n000475,2,214,22,2,2510,2484,2764,15n000475
15n000476,3,188,33,3,2511,2485,1747,15n000476
15n000477,3,174,34,3,2512,2486,5334,15n000477
15n000478,2,428,26,2,2513,2487,2448,15n000478
15n000535,2,368,26,2,2514,2488,3783,15n000535
15n000536,2,454,26,2,2515,2489,1121,15n000536
15n000537,3,192,36,3,2516,2490,5342,15n000537
15n000541,2,434,26,2,2517,2491,5034,15n000541
15n000542,2,508,26,2,2518,2492,279,15n000542
15n000543,3,208,37,3,2519,2493,5517,15n000543
15n000544,2,348,26,2,2520,2494,4944,15n000544
15n000545,2,394,26,2,2521,2495,374,15n000545
15n000546,3,166,35,3,2522,2496,5497,15n000546
15n000547,2,368,26,2,2514,2488,3783,15n000547
15n000548,2,454,26,2,2515,2489,1121,15n000548
15n000549,3,192,36,3,2516,2490,5342,15n000549
15n000603,2,172,22,2,2523,2497,4308,15n000603
15n000604,2,172,22,2,2523,2497,4308,15n000604
15n000611,2,280,24,2,2524,2498,573,15n000611
15n000612,2,280,24,2,2524,2498,573,15n000612
15n000613,3,190,26,3,2525,2499,141,15n000613
15n000614,2,262,26,2,2526,2500,5525,15n000614
15n000615,3,264,35,3,2527,2501,232,15n000615
15n000616,2,430,26,2,2528,2502,3671,15n000616
15n000617,3,182,36,3,2529,2503,941,15n000617
15n000618,2,362,24,2,2530,2504,4143,15n000618
15n000619,2,300,24,2,2531,2505,3096,15n000619
15n000620,2,332,24,2,2532,2506,3223,15n000620
15n000621,2,430,26,2,2533,2507,4149,15n000621
15n000622,3,256,37,3,2534,2508,3089,15n000622
15n000623,2,502,26,2,2535,2509,444,15n000623
15n000624,3,308,36,3,2536,2510,4488,15n000624
15n000625,2,362,24,2,2530,2504,4143,15n000625
15n000626,2,300,24,2,2531,2505,3096,15n000626
15n000685,2,332,24,2,2532,2506,3223,15n000685
15n000686,2,430,26,2,2533,2507,4149,15n000686
15n000687,3,256,37,3,2534,2508,3089,15n000687
15n000688,2,502,26,2,2535,2509,444,15n000688
15n000689,3,308,36,3,2536,2510,4488,15n000689
15n000690,3,190,26,3,2525,2499,141,15n000690
15n000691,2,262,26,2,2526,2500,5525,15n000691
15n000692,3,264,35,3,2527,2501,232,15n000692
15n000693,2,430,26,2,2528,2502,3671,15n000693
15n000694,3,182,36,3,2529,2503,941,15n000694
15n000714,3,192,29,3,2537,2511,3750,15n000714
15n000772,3,218,28,3,2538,2512,2629,15n000772
15n000788,3,224,32,3,2539,2513,186,15n000788
15n000828,2,434,26,2,2517,2491,5034,15n000828
15n000829,2,508,26,2,2518,2492,279,15n000829
15n000830,3,208,37,3,2519,2493,5517,15n000830
15n000831,2,348,26,2,2520,2494,4944,15n000831
15n000832,2,394,26,2,2521,2495,374,15n000832
15n000833,3,166,35,3,2522,2496,5497,15n000833
15n000890,3,154,27,3,2540,2514,2060,15n000890
15n000916,3,154,27,3,2540,2514,2060,15n000916
15n000917,3,154,28,3,2541,2515,2619,15n000917
15n000922,3,154,28,3,2541,2515,2619,15n000922
15n000926,3,170,36,3,2542,2516,3923,15n000926
15n000929,3,170,36,3,2542,2516,3923,15n000929
15n000944,3,224,32,3,2539,2513,186,15n000944
15n001011,2,244,22,2,2509,2483,3814,15n001011
15n001012,2,214,22,2,2510,2484,2764,15n001012
15n001044,2,390,26,2,2543,2517,2146,15n001044
15n001045,2,472,26,2,2544,2518,2420,15n001045
15n001046,3,182,37,3,2545,2519,4584,15n001046
15n001060,2,308,22,2,2546,2520,3844,15n001060
15n001066,3,174,34,3,2512,2486,5334,15n001066
15n001129,3,192,29,3,2537,2511,3750,15n001129
15n001131,3,218,28,3,2538,2512,2629,15n001131
15n001132,2,362,24,2,2504,2478,1642,15n001132
15n001135,2,480,26,2,2505,2479,5186,15n001135
15n001146,3,322,25,3,2506,2480,3210,15n001146
15n001148,2,442,26,2,2507,2481,4234,15n001148
15n001215,2,324,24,2,2547,2521,575,15n001215
15n001216,2,418,26,2,2548,2522,4147,15n001216
15n001217,3,244,37,3,2549,2523,3076,15n001217
15n001218,2,194,24,2,2550,2524,763,15n001218
15n001219,2,268,26,2,2551,2525,3739,15n001219
15n001220,3,210,35,3,2552,2526,3353,15n001220
15n001240,2,308,22,2,2546,2520,3844,15n001240
15n001249,2,334,24,2,2508,2482,4689,15n001249
15n001250,3,188,33,3,2511,2485,1747,15n001250
15n001251,2,428,26,2,2513,2487,2448,15n001251
15n001318,2,390,26,2,2543,2517,2146,15n001318
15n001319,2,472,26,2,2544,2518,2420,15n001319
15n001320,3,182,37,3,2545,2519,4584,15n001320
15n001321,2,324,24,2,2547,2521,575,15n001321
15n001322,2,418,26,2,2548,2522,4147,15n001322
15n001323,3,244,37,3,2549,2523,3076,15n001323
15n001324,2,194,24,2,2550,2524,763,15n001324
15n001325,2,268,26,2,2551,2525,3739,15n001325
15n001326,3,210,35,3,2552,2526,3353,15n001326
15n001366,2,114,20,2,2553,2527,1624,15n001366
15n001370,2,148,22,2,168,168,1225,15n001370
15n001379,3,90,31,3,2554,2528,4520,15n001379
15n001384,2,318,26,2,2555,2529,2691,15n001384
15n001683,2,114,20,2,2553,2527,1624,15n001683
15n001688,2,148,22,2,168,168,1225,15n001688
15n001691,3,90,31,3,2554,2528,4520,15n001691
15n001696,2,318,26,2,2555,2529,2691,15n001696
15n001722,3,218,25,3,2556,2530,3198,15n001722
15n001723,2,272,24,2,2557,2531,1251,15n001723
15n001724,2,270,24,2,2558,2532,2690,15n001724
15n001725,2,326,26,2,2559,2533,1057,15n001725
15n001726,2,336,26,2,2560,2534,5364,15n001726
15n001727,2,282,24,2,485,483,2122,15n001727
15n001728,2,260,24,2,2561,2535,3776,15n001728
15n001746,3,218,25,3,2556,2530,3198,15n001746
15n001747,2,272,24,2,2557,2531,1251,15n001747
15n001748,2,270,24,2,2558,2532,2690,15n001748
15n001749,2,326,26,2,2559,2533,1057,15n001749
15n001750,2,336,26,2,2560,2534,5364,15n001750
15n001751,2,282,24,2,485,483,2122,15n001751
15n001752,2,260,24,2,2561,2535,3776,15n001752
15n001845,3,114,33,3,707,699,3870,15n001845
15n001846,2,154,22,2,2562,2536,1156,15n001846
15n001847,2,168,22,2,2563,2537,5104,15n001847
15n001848,3,130,32,3,2564,2538,3932,15n001848
15n001851,3,140,32,3,2565,2539,2287,15n001851
15n001852,3,110,30,3,2566,2540,324,15n001852
15n001854,2,238,22,2,2567,2541,3665,15n001854
15n001855,2,268,24,2,2568,2542,2302,15n001855
15n001995,3,182,33,3,2569,2543,1019,15n001995
15n001996,2,230,22,2,2570,2544,3370,15n001996
15n001997,3,122,33,3,2571,2545,2213,15n001997
15n001998,2,232,22,2,2572,2546,572,15n001998
15n001999,3,162,34,3,2573,2547,3899,15n001999
15n002004,2,388,24,2,2574,2548,2444,15n002004
15n002005,2,220,22,2,2575,2549,4314,15n002005
15n002006,2,278,24,2,2576,2550,3953,15n002006
15n002008,2,242,24,2,2577,2551,1605,15n002008
15n002010,3,240,33,3,2578,2552,5119,15n002010
15n002037,2,276,24,2,508,506,2389,15n002037
15n002047,2,212,24,2,2579,2553,507,15n002047
15n002072,2,280,24,2,2580,2554,4778,15n002072
15n002077,2,292,24,2,2581,2555,555,15n002077
15n002078,3,140,34,3,2582,2556,2274,15n002078
15n002108,2,226,24,2,2583,2557,1163,15n002108
15n002110,3,74,31,3,2584,2558,2636,15n002110
15n002111,2,228,24,2,2585,2559,3079,15n002111
15n002122,2,442,26,2,2586,2560,2785,15n002122
15n002127,2,540,26,2,2587,2561,1882,15n002127
15n002128,3,242,37,3,2588,2562,4988,15n002128
15n002133,2,442,26,2,2589,2563,2141,15n002133
15n002136,2,540,26,2,2590,2564,2531,15n002136
15n002137,3,242,37,3,2591,2565,4594,15n002137
15n002162,2,376,26,2,2592,2566,1257,15n002162
15n002192,2,418,26,2,2593,2567,5440,15n002192
15n002193,2,464,26,2,2594,2568,1263,15n002193
15n002194,3,236,35,3,2595,2569,5225,15n002194
15n002198,2,276,24,2,2596,2570,3094,15n002198
15n002288,2,168,22,2,2563,2537,5104,15n002288
15n002289,2,154,22,2,2562,2536,1156,15n002289
15n002298,2,238,22,2,2567,2541,3665,15n002298
15n002299,3,110,30,3,2566,2540,324,15n002299
15n002314,2,276,24,2,508,506,2389,15n002314
15n002357,2,408,26,2,2597,2571,4946,15n002357
15n002358,2,454,26,2,2598,2572,375,15n002358
15n002359,3,226,35,3,2599,2573,5498,15n002359
15n002397,2,298,24,2,2600,2574,4033,15n002397
15n002398,2,298,24,2,2600,2574,4033,15n002398
15n002409,2,406,26,2,2601,2575,2147,15n002409
15n002412,2,496,26,2,2602,2576,2451,15n002412
15n002413,3,206,37,3,2603,2577,4588,15n002413
15n002430,3,162,23,3,2604,2578,2615,15n002430
15n002434,2,490,26,2,2605,2579,5039,15n002434
15n002435,2,572,26,2,2606,2580,283,15n002435
15n002436,3,224,37,3,2607,2581,5518,15n002436
15n002437,3,162,23,3,2604,2578,2615,15n002437
15n002439,2,322,24,2,2608,2582,1178,15n002439
15n002440,2,420,26,2,2609,2583,3164,15n002440
15n002441,3,266,37,3,2610,2584,4019,15n002441
15n002459,3,122,33,3,2571,2545,2213,15n002459
15n002460,2,232,22,2,2572,2546,572,15n002460
15n002461,2,230,22,2,2570,2544,3370,15n002461
15n002462,3,140,32,3,2565,2539,2287,15n002462
15n002465,3,130,32,3,2564,2538,3932,15n002465
15n002466,2,242,24,2,2577,2551,1605,15n002466
15n002467,2,220,22,2,2575,2549,4314,15n002467
15n002468,2,278,24,2,2576,2550,3953,15n002468
15n002510,3,114,33,3,707,699,3870,15n002510
15n002513,2,268,24,2,2568,2542,2302,15n002513
15n002563,3,162,34,3,2573,2547,3899,15n002563
15n002564,3,182,33,3,2569,2543,1019,15n002564
15n002567,3,240,33,3,2578,2552,5119,15n002567
15n002568,2,388,24,2,2574,2548,2444,15n002568
15n002576,2,408,26,2,2597,2571,4946,15n002576
15n002577,2,454,26,2,2598,2572,375,15n002577
15n002578,3,226,35,3,2599,2573,5498,15n002578
15n002618,2,442,26,2,2611,2585,1619,15n002618
15n002619,2,540,26,2,2612,2586,3172,15n002619
15n002620,3,242,37,3,2613,2587,3995,15n002620
15n002622,2,442,26,2,2589,2563,2141,15n002622
15n002627,2,540,26,2,2590,2564,2531,15n002627
15n002628,3,242,37,3,2591,2565,4594,15n002628
15n002699,2,212,24,2,2579,2553,507,15n002699
15n002785,2,418,26,2,2593,2567,5440,15n002785
15n002786,2,280,24,2,2580,2554,4778,15n002786
15n002787,2,464,26,2,2594,2568,1263,15n002787
15n002788,3,236,35,3,2595,2569,5225,15n002788
15n002789,2,292,24,2,2581,2555,555,15n002789
15n002804,2,190,24,2,2614,2588,4556,15n002804
15n002838,2,406,26,2,2601,2575,2147,15n002838
15n002839,2,496,26,2,2602,2576,2451,15n002839
15n002840,3,206,37,3,2603,2577,4588,15n002840
15n002844,2,322,24,2,2608,2582,1178,15n002844
15n002845,2,420,26,2,2609,2583,3164,15n002845
15n002846,3,266,37,3,2610,2584,4019,15n002846
15n002850,2,490,26,2,2605,2579,5039,15n002850
15n002851,2,572,26,2,2606,2580,283,15n002851
15n002852,3,224,37,3,2607,2581,5518,15n002852
15n002884,2,298,24,2,2615,2589,1518,15n002884
15n002885,2,298,24,2,2615,2589,1518,15n002885
15n002902,2,406,26,2,2616,2590,2134,15n002902
15n002903,2,496,26,2,2617,2591,2527,15n002903
15n002904,3,206,37,3,2618,2592,4553,15n002904
15n002907,2,190,24,2,2614,2588,4556,15n002907
15n003056,2,442,26,2,2589,2563,2141,15n003056
15n003057,2,540,26,2,2590,2564,2531,15n003057
15n003058,3,242,37,3,2591,2565,4594,15n003058
15n003123,2,406,26,2,2616,2590,2134,15n003123
15n003124,2,496,26,2,2617,2591,2527,15n003124
15n003125,3,206,37,3,2618,2592,4553,15n003125
15n003165,2,240,22,2,2619,2593,1250,15n003165
15n003166,2,222,22,2,2620,2594,2166,15n003166
15n003169,2,330,24,2,2621,2595,2168,15n003169
15n003170,3,180,34,3,2622,2596,4485,15n003170
15n003194,3,74,31,3,2584,2558,2636,15n003194
15n003199,2,228,24,2,2585,2559,3079,15n003199
15n003272,3,140,34,3,2582,2556,2274,15n003272
15n003275,2,226,24,2,2583,2557,1163,15n003275
15n003285,2,222,22,2,2620,2594,2166,15n003285
15n003286,2,240,22,2,2619,2593,1250,15n003286
15n003289,3,180,34,3,2622,2596,4485,15n003289
15n003290,2,330,24,2,2621,2595,2168,15n003290
15n003322,2,442,26,2,2586,2560,2785,15n003322
15n003323,2,540,26,2,2587,2561,1882,15n003323
15n003324,3,242,37,3,2588,2562,4988,15n003324
15n003484,2,276,24,2,2596,2570,3094,15n003484
15n003555,2,442,26,2,2589,2563,2141,15n003555
15n003556,2,540,26,2,2590,2564,2531,15n003556
15n003557,3,242,37,3,2591,2565,4594,15n003557
15n003586,2,442,26,2,2611,2585,1619,15n003586
15n003587,2,540,26,2,2612,2586,3172,15n003587
15n003588,3,242,37,3,2613,2587,3995,15n003588
15n003633,2,280,26,2,2623,2597,794,15n003633
15n003635,2,280,26,2,2623,2597,794,15n003635
15n003815,2,226,26,2,2624,2598,2076,15n003815
15n003816,2,316,26,2,2625,2599,2392,15n003816
15n003817,2,226,26,2,2626,2600,4558,15n003817
15n003836,2,226,26,2,2624,2598,2076,15n003836
15n003837,2,316,26,2,2625,2599,2392,15n003837
15n003838,2,226,26,2,2626,2600,4558,15n003838
15n003879,2,226,24,2,2627,2601,1602,15n003879
15n003880,2,262,24,2,2628,2602,2688,15n003880
15n003881,2,262,24,2,2628,2602,2688,15n003881
15n003884,2,280,24,2,2629,2603,1252,15n003884
15n003885,2,280,24,2,2629,2603,1252,15n003885
15n003886,2,316,26,2,2630,2604,2406,15n003886
15n003887,3,258,35,3,2631,2605,4605,15n003887
15n003888,3,220,35,3,2632,2606,4958,15n003888
15n003889,3,220,35,3,2632,2606,4958,15n003889
15n003892,2,370,26,2,2633,2607,2144,15n003892
15n003893,2,370,26,2,2633,2607,2144,15n003893
15n003921,2,320,26,2,2634,2608,1206,15n003921
15n003957,3,202,34,3,2635,2609,2219,15n003957
15n003958,3,202,34,3,2635,2609,2219,15n003958
15n003961,2,478,26,2,2636,2610,4067,15n003961
15n003962,2,478,26,2,2636,2610,4067,15n003962
15n004046,2,226,24,2,2627,2601,1602,15n004046
15n004047,2,316,26,2,2630,2604,2406,15n004047
15n004048,3,258,35,3,2631,2605,4605,15n004048
15n004081,2,340,24,2,2637,2611,4449,15n004081
15n004082,2,220,22,2,2638,2612,2381,15n004082
15n004083,2,202,22,2,763,755,1173,15n004083
15n004084,2,322,24,2,2639,2613,379,15n004084
15n004087,2,430,26,2,2640,2614,5275,15n004087
15n004088,2,310,24,2,2641,2615,3669,15n004088
15n004089,3,162,34,3,2642,2616,3238,15n004089
15n004090,2,232,22,2,2572,2546,572,15n004090
15n004128,2,226,24,2,2583,2557,1163,15n004128
15n004129,2,316,26,2,2643,2617,3098,15n004129
15n004130,3,258,35,3,2644,2618,4029,15n004130
15n004131,2,370,26,2,2645,2619,2771,15n004131
15n004132,3,220,35,3,2646,2620,4483,15n004132
15n004135,2,318,26,2,2647,2621,5439,15n004135
15n004136,2,364,26,2,2648,2622,1245,15n004136
15n004137,3,136,35,3,2649,2623,5224,15n004137
15n004153,2,226,24,2,2583,2557,1163,15n004153
15n004154,2,316,26,2,2643,2617,3098,15n004154
15n004155,3,258,35,3,2644,2618,4029,15n004155
15n004156,2,370,26,2,2645,2619,2771,15n004156
15n004157,3,220,35,3,2646,2620,4483,15n004157
15n004245,2,320,26,2,2634,2608,1206,15n004245
15n004264,2,318,26,2,2647,2621,5439,15n004264
15n004265,2,364,26,2,2648,2622,1245,15n004265
15n004266,3,136,35,3,2649,2623,5224,15n004266
15n004437,3,154,28,3,2650,2624,2610,15n004437
15n004466,2,424,26,2,2651,2625,1355,15n004466
15n004467,3,162,35,3,2652,2626,4512,15n004467
15n004468,2,220,22,2,2638,2612,2381,15n004468
15n004469,2,340,24,2,2637,2611,4449,15n004469
15n004470,2,322,24,2,2639,2613,379,15n004470
15n004471,2,202,22,2,763,755,1173,15n004471
15n004472,3,182,35,3,2653,2627,961,15n004472
15n004473,2,478,26,2,2654,2628,3423,15n004473
15n004474,3,202,35,3,2655,2629,3704,15n004474
15n004475,3,240,34,3,2656,2630,5353,15n004475
15n004476,2,310,24,2,2641,2615,3669,15n004476
15n004477,2,430,26,2,2640,2614,5275,15n004477
15n004478,2,232,22,2,2572,2546,572,15n004478
15n004479,3,162,34,3,2642,2616,3238,15n004479
15n004480,2,388,26,2,2657,2631,2316,15n004480
15n004512,3,154,28,3,2650,2624,2610,15n004512
15n004613,2,424,26,2,2651,2625,1355,15n004613
15n004614,3,182,35,3,2653,2627,961,15n004614
15n004615,3,162,35,3,2652,2626,4512,15n004615
15n004616,2,478,26,2,2654,2628,3423,15n004616
15n004617,3,202,35,3,2655,2629,3704,15n004617
15n004618,2,388,26,2,2657,2631,2316,15n004618
15n004619,3,240,34,3,2656,2630,5353,15n004619
15n004630,3,202,35,3,2658,2632,2924,15n004630
15n004631,3,202,35,3,2658,2632,2924,15n004631
15n004632,3,240,34,3,2659,2633,5110,15n004632
15n004633,3,202,35,3,2658,2632,2924,15n004633
15n004634,3,240,34,3,2659,2633,5110,15n004634
15n004635,3,240,34,3,2659,2633,5110,15n004635
15n004638,3,182,35,3,2660,2634,1457,15n004638
15n004639,3,182,35,3,2660,2634,1457,15n004639
15n004640,2,478,26,2,2661,2635,4039,15n004640
15n004641,3,182,35,3,2660,2634,1457,15n004641
15n004642,2,478,26,2,2661,2635,4039,15n004642
15n004643,2,478,26,2,2661,2635,4039,15n004643
15n004647,2,424,26,2,2662,2636,865,15n004647
15n004648,3,162,35,3,2663,2637,3896,15n004648
15n004649,3,162,35,3,2663,2637,3896,15n004649
15n004652,2,388,26,2,2664,2638,3034,15n004652
15n004653,2,388,26,2,2664,2638,3034,15n004653
15n004660,2,424,26,2,2662,2636,865,15n004660
15n004661,3,162,35,3,2663,2637,3896,15n004661
15n004662,2,388,26,2,2664,2638,3034,15n004662
15n004697,2,424,26,2,2662,2636,865,15n004697
15n004801,2,262,22,2,2665,2639,2861,15n004801
15n004803,2,280,22,2,2666,2640,829,15n004803
15n004807,3,220,34,3,2667,2641,4960,15n004807
15n004809,2,370,24,2,2668,2642,1645,15n004809
15n004811,2,250,24,2,2669,2643,2162,15n004811
15n004812,2,292,24,2,2670,2644,3778,15n004812
15n004813,2,352,26,2,2671,2645,4787,15n004813
15n004814,2,262,26,2,2672,2646,2044,15n004814
15n004815,2,400,26,2,2673,2647,1766,15n004815
15n004820,3,178,27,3,2674,2648,1579,15n004820
15n004889,3,178,27,3,2674,2648,1579,15n004889
15n004890,2,262,26,2,2672,2646,2044,15n004890
15n004891,2,352,26,2,2671,2645,4787,15n004891
15n004892,2,274,24,2,2675,2649,4686,15n004892
15n004893,2,388,26,2,2676,2650,273,15n004893
15n004894,2,298,26,2,2677,2651,5526,15n004894
15n004895,2,274,24,2,2675,2649,4686,15n004895
15n004896,2,388,26,2,2676,2650,273,15n004896
15n004897,2,298,26,2,2677,2651,5526,15n004897
15n004966,2,250,23,2,2678,2652,5412,15n004966
15n004969,3,168,32,3,2679,2653,185,15n004969
15n004978,3,202,27,3,2680,2654,144,15n004978
15n005014,2,250,24,2,2669,2643,2162,15n005014
15n005015,2,292,24,2,2670,2644,3778,15n005015
15n005016,2,400,26,2,2673,2647,1766,15n005016
15n005021,2,262,22,2,2665,2639,2861,15n005021
15n005022,2,280,22,2,2666,2640,829,15n005022
15n005025,3,220,34,3,2667,2641,4960,15n005025
15n005026,2,370,24,2,2668,2642,1645,15n005026
15n005037,3,202,27,3,2680,2654,144,15n005037
15n005038,2,250,23,2,2678,2652,5412,15n005038
15n005039,3,168,32,3,2679,2653,185,15n005039
15n005062,2,334,26,2,2681,2655,5028,15n005062
15n005063,3,240,34,3,2682,2656,4756,15n005063
15n005064,3,182,35,3,2683,2657,2034,15n005064
15n005125,2,334,26,2,2684,2658,4683,15n005125
15n005139,2,334,26,2,2681,2655,5028,15n005139
15n005140,3,240,34,3,2682,2656,4756,15n005140
15n005141,3,182,35,3,2683,2657,2034,15n005141
15n005143,2,334,26,2,2684,2658,4683,15n005143
15n005144,2,334,26,2,2684,2658,4683,15n005144
15n005193,3,138,33,3,2685,2659,3323,15n005193
15n005194,2,242,22,2,2686,2660,170,15n005194
15n005203,3,136,32,3,2687,2661,3241,15n005203
15n005204,2,258,22,2,2688,2662,428,15n005204
15n005214,2,122,21,2,2689,2663,44,15n005214
15n005215,3,114,33,3,2690,2664,2936,15n005215
15n005333,2,456,26,2,2691,2665,838,15n005333
15n005334,2,354,26,2,2692,2666,2098,15n005334
15n005344,2,466,26,2,2693,2667,176,15n005344
15n005345,2,328,26,2,2694,2668,3765,15n005345
15n005357,3,168,27,3,2695,2669,4443,15n005357
15n005358,3,106,31,3,2696,2670,2633,15n005358
15n005359,3,162,28,3,2697,2671,1653,15n005359
15n005360,2,368,26,2,2698,2672,808,15n005360
15n005361,2,314,26,2,2699,2673,2085,15n005361
15n005362,2,200,22,2,2700,2674,797,15n005362
15n005363,2,162,22,2,2701,2675,345,15n005363
15n005364,3,112,32,3,2702,2676,55,15n005364
15n005374,3,156,25,3,2703,2677,3,15n005374
15n005375,3,96,25,3,2704,2678,1380,15n005375
15n005470,3,64,30,3,2705,2679,705,15n005470
15n005471,3,64,30,3,2705,2679,705,15n005471
15n005474,3,98,27,3,2706,2680,1182,15n005474
15n005475,3,98,27,3,2706,2680,1182,15n005475
15n005478,2,136,22,2,2707,2681,1193,15n005478
15n005479,2,136,22,2,2707,2681,1193,15n005479
15n005484,2,244,24,2,2708,2682,2627,15n005484
15n005485,2,244,24,2,2708,2682,2627,15n005485
15n005486,2,184,24,2,2709,2683,201,15n005486
15n005487,2,148,22,2,168,168,1225,15n005487
15n005488,2,154,22,2,2710,2684,603,15n005488
15n005489,3,134,27,3,2711,2685,4263,15n005489
15n005490,3,144,32,3,2712,2686,33,15n005490
15n005491,2,220,22,2,2713,2687,861,15n005491
15n005492,2,202,22,2,2714,2688,424,15n005492
15n005493,2,310,26,2,2715,2689,2766,15n005493
15n005494,2,196,26,2,2716,2690,500,15n005494
15n005495,3,82,31,3,2717,2691,2640,15n005495
15n005496,3,94,32,3,2718,2692,1658,15n005496
15n005497,2,136,20,2,2719,2693,4942,15n005497
15n005498,2,380,26,2,2720,2694,1785,15n005498
15n005499,2,402,26,2,2721,2695,5307,15n005499
15n005500,3,206,36,3,2722,2696,607,15n005500
15n005501,2,418,26,2,2723,2697,3535,15n005501
15n005502,2,364,26,2,2724,2698,2410,15n005502
15n005503,2,208,24,2,2725,2699,3027,15n005503
15n005504,2,148,22,2,168,168,1225,15n005504
15n005505,2,154,22,2,2710,2684,603,15n005505
15n005506,3,142,33,3,2726,2700,698,15n005506
15n005507,3,136,34,3,2727,2701,1719,15n005507
15n005508,2,220,22,2,2713,2687,861,15n005508
15n005509,2,202,22,2,2714,2688,424,15n005509
15n005510,2,382,26,2,2728,2702,172,15n005510
15n005511,2,316,26,2,2729,2703,3768,15n005511
15n005512,3,82,31,3,2717,2691,2640,15n005512
15n005513,3,94,32,3,2718,2692,1658,15n005513
15n005514,2,256,22,2,2730,2704,1351,15n005514
15n005515,2,372,26,2,2731,2705,5182,15n005515
15n005516,2,410,26,2,2732,2706,2139,15n005516
15n005517,3,220,36,3,2733,2707,3904,15n005517
15n005518,2,418,26,2,2723,2697,3535,15n005518
15n005519,2,364,26,2,2724,2698,2410,15n005519
15n005622,2,208,24,2,2725,2699,3027,15n005622
15n005623,3,142,33,3,2726,2700,698,15n005623
15n005624,3,136,34,3,2727,2701,1719,15n005624
15n005625,2,382,26,2,2728,2702,172,15n005625
15n005626,2,316,26,2,2729,2703,3768,15n005626
15n005627,2,256,22,2,2730,2704,1351,15n005627
15n005628,2,372,26,2,2731,2705,5182,15n005628
15n005629,2,410,26,2,2732,2706,2139,15n005629
15n005630,3,220,36,3,2733,2707,3904,15n005630
15n005631,2,184,24,2,2709,2683,201,15n005631
15n005632,3,134,27,3,2711,2685,4263,15n005632
15n005633,3,144,32,3,2712,2686,33,15n005633
15n005634,2,310,26,2,2715,2689,2766,15n005634
15n005635,2,196,26,2,2716,2690,500,15n005635
15n005636,2,136,20,2,2719,2693,4942,15n005636
15n005637,2,380,26,2,2720,2694,1785,15n005637
15n005638,2,402,26,2,2721,2695,5307,15n005638
15n005639,3,206,36,3,2722,2696,607,15n005639
15n005675,2,436,26,2,2734,2708,1372,15n005675
15n005676,2,214,26,2,2735,2709,1586,15n005676
15n005719,2,454,26,2,2736,2710,2185,15n005719
15n005720,2,244,26,2,2737,2711,778,15n005720
15n005808,2,208,26,2,2738,2712,202,15n005808
15n005809,2,334,26,2,2739,2713,2860,15n005809
15n005810,2,172,26,2,2740,2714,499,15n005810
15n005849,2,208,26,2,2738,2712,202,15n005849
15n005850,2,334,26,2,2739,2713,2860,15n005850
15n005851,2,172,26,2,2740,2714,499,15n005851
15n005852,2,208,26,2,2741,2715,455,15n005852
15n005853,2,334,26,2,2742,2716,2169,15n005853
15n005854,2,172,26,2,2743,2717,771,15n005854
15n005858,2,208,26,2,2741,2715,455,15n005858
15n005859,2,334,26,2,2742,2716,2169,15n005859
15n005860,2,172,26,2,2743,2717,771,15n005860
15n005904,3,106,31,3,2696,2670,2633,15n005904
15n005905,3,162,28,3,2697,2671,1653,15n005905
15n005910,2,200,22,2,2700,2674,797,15n005910
15n005911,2,162,22,2,2701,2675,345,15n005911
15n006036,2,436,26,2,2734,2708,1372,15n006036
15n006037,2,214,26,2,2735,2709,1586,15n006037
15n006042,2,454,26,2,2736,2710,2185,15n006042
15n006043,2,244,26,2,2737,2711,778,15n006043
15n006045,2,456,26,2,2691,2665,838,15n006045
15n006046,2,354,26,2,2692,2666,2098,15n006046
15n006059,2,466,26,2,2693,2667,176,15n006059
15n006060,2,328,26,2,2694,2668,3765,15n006060
15n006147,3,168,27,3,2695,2669,4443,15n006147
15n006149,2,368,26,2,2698,2672,808,15n006149
15n006150,2,314,26,2,2699,2673,2085,15n006150
15n006152,3,112,32,3,2702,2676,55,15n006152
15n006185,3,156,25,3,2703,2677,3,15n006185
15n006187,3,96,25,3,2704,2678,1380,15n006187
15n006258,3,138,33,3,2685,2659,3323,15n006258
15n006260,2,242,22,2,2686,2660,170,15n006260
15n006263,3,136,32,3,2687,2661,3241,15n006263
15n006265,2,258,22,2,2688,2662,428,15n006265
15n006272,2,122,21,2,2689,2663,44,15n006272
15n006274,3,114,33,3,2690,2664,2936,15n006274
15n006304,3,96,31,3,2744,2718,1430,15n006304
15n006310,2,432,26,2,2745,2719,276,15n006310
15n006391,3,126,27,3,2746,2720,2902,15n006391
15n006397,2,468,27,2,2747,2721,56,15n006397
15n006400,3,126,27,3,2746,2720,2902,15n006400
15n006410,2,468,27,2,2747,2721,56,15n006410
15n006445,2,398,26,2,2748,2722,1096,15n006445
15n006446,3,332,35,3,2749,2723,2409,15n006446
15n006447,2,462,26,2,2750,2724,2848,15n006447
15n006495,2,364,24,2,2751,2725,2417,15n006495
15n006508,2,508,26,2,2752,2726,3835,15n006508
15n006531,2,268,24,2,2753,2727,3209,15n006531
15n006532,2,190,22,2,2754,2728,1548,15n006532
15n006535,2,502,26,2,2755,2729,2741,15n006535
15n006536,3,184,35,3,2756,2730,721,15n006536
15n006537,2,258,24,2,2757,2731,4624,15n006537
15n006538,2,382,24,2,2758,2732,2184,15n006538
15n006539,2,316,24,2,2759,2733,2506,15n006539
15n006540,2,440,26,2,2760,2734,826,15n006540
15n006541,3,338,36,3,2761,2735,2935,15n006541
15n006542,2,580,26,2,2762,2736,1902,15n006542
15n006543,3,246,36,3,2763,2737,1514,15n006543
15n006544,2,258,24,2,2757,2731,4624,15n006544
15n006545,2,382,24,2,2758,2732,2184,15n006545
15n006546,2,316,24,2,2759,2733,2506,15n006546
15n006547,2,440,26,2,2760,2734,826,15n006547
15n006548,3,338,36,3,2761,2735,2935,15n006548
15n006549,2,580,26,2,2762,2736,1902,15n006549
15n006550,3,246,36,3,2763,2737,1514,15n006550
15n006592,2,262,24,2,2764,2738,975,15n006592
15n006595,3,168,32,3,2765,2739,1989,15n006595
15n006596,3,146,33,3,2766,2740,3336,15n006596
15n006597,2,388,26,2,2767,2741,4389,15n006597
15n006598,3,208,36,3,2768,2742,196,15n006598
15n006599,2,298,22,2,2769,2743,449,15n006599
15n006600,3,224,29,3,2770,2744,881,15n006600
15n006601,2,388,26,2,2771,2745,2443,15n006601
15n006602,3,294,35,3,2772,2746,1054,15n006602
15n006603,2,424,26,2,2773,2747,1322,15n006603
15n006604,3,194,35,3,2774,2748,2257,15n006604
15n006618,2,262,24,2,2764,2738,975,15n006618
15n006619,3,168,32,3,2765,2739,1989,15n006619
15n006620,3,146,33,3,2766,2740,3336,15n006620
15n006621,2,388,26,2,2767,2741,4389,15n006621
15n006622,3,208,36,3,2768,2742,196,15n006622
15n006623,2,298,22,2,2769,2743,449,15n006623
15n006624,3,224,29,3,2770,2744,881,15n006624
15n006625,2,388,26,2,2771,2745,2443,15n006625
15n006626,3,294,35,3,2772,2746,1054,15n006626
15n006627,2,424,26,2,2773,2747,1322,15n006627
15n006628,3,194,35,3,2774,2748,2257,15n006628
15n006635,3,224,29,3,2775,2749,1385,15n006635
15n006636,3,224,29,3,2775,2749,1385,15n006636
15n006639,2,298,22,2,2776,2750,183,15n006639
15n006640,2,298,22,2,2776,2750,183,15n006640
15n006643,3,194,35,3,2777,2751,2988,15n006643
15n006644,3,194,35,3,2777,2751,2988,15n006644
15n006647,2,424,26,2,2778,2752,837,15n006647
15n006648,2,424,26,2,2778,2752,837,15n006648
15n006649,2,262,24,2,2779,2753,1472,15n006649
15n006650,2,388,26,2,2780,2754,3824,15n006650
15n006651,3,208,36,3,2781,2755,453,15n006651
15n006654,2,388,26,2,2782,2756,1833,15n006654
15n006655,3,294,35,3,2783,2757,1519,15n006655
15n006666,2,262,24,2,2779,2753,1472,15n006666
15n006667,2,388,26,2,2780,2754,3824,15n006667
15n006668,3,208,36,3,2781,2755,453,15n006668
15n006669,2,388,26,2,2782,2756,1833,15n006669
15n006670,3,294,35,3,2783,2757,1519,15n006670
15n006737,2,358,24,2,2784,2758,3676,15n006737
15n006738,2,340,24,2,2785,2759,1313,15n006738
15n006741,2,412,26,2,2786,2760,3132,15n006741
15n006742,3,318,35,3,2787,2761,655,15n006742
15n006785,3,170,27,3,2788,2762,3736,15n006785
15n006788,2,306,26,2,2789,2763,1590,15n006788
15n006789,3,328,31,3,2790,2764,1985,15n006789
15n006797,2,336,26,2,2791,2765,238,15n006797
15n006799,2,114,20,2,2792,2766,3663,15n006799
15n006801,3,194,36,3,2793,2767,8,15n006801
15n006803,3,162,28,3,2794,2768,3023,15n006803
15n006841,2,364,24,2,2751,2725,2417,15n006841
15n006854,2,508,26,2,2752,2726,3835,15n006854
15n006862,2,284,24,2,2795,2769,5177,15n006862
15n006863,2,400,24,2,2796,2770,1363,15n006863
15n006864,2,346,24,2,2797,2771,3637,15n006864
15n006865,2,462,26,2,2798,2772,397,15n006865
15n006866,3,316,36,3,2799,2773,3890,15n006866
15n006867,2,562,26,2,2800,2774,1098,15n006867
15n006868,3,280,36,3,2801,2775,2504,15n006868
15n006883,2,284,24,2,2802,2776,2312,15n006883
15n006884,2,414,26,2,2803,2777,2808,15n006884
15n006885,3,214,36,3,2804,2778,907,15n006885
15n006889,3,214,36,3,2805,2779,942,15n006889
15n006890,3,162,28,3,2794,2768,3023,15n006890
15n006891,2,114,20,2,2792,2766,3663,15n006891
15n006894,3,194,36,3,2793,2767,8,15n006894
15n006895,2,336,26,2,2791,2765,238,15n006895
15n006900,2,284,24,2,2795,2769,5177,15n006900
15n006901,2,400,24,2,2796,2770,1363,15n006901
15n006902,2,346,24,2,2797,2771,3637,15n006902
15n006903,2,462,26,2,2798,2772,397,15n006903
15n006904,3,316,36,3,2799,2773,3890,15n006904
15n006905,2,562,26,2,2800,2774,1098,15n006905
15n006906,3,280,36,3,2801,2775,2504,15n006906
15n006914,2,282,24,2,2806,2780,3395,15n006914
15n006917,2,416,26,2,2807,2781,1868,15n006917
15n006918,3,218,36,3,2808,2782,1680,15n006918
15n006965,2,250,26,2,2809,2783,1515,15n006965
15n006966,2,364,26,2,2810,2784,849,15n006966
15n006967,3,158,35,3,2811,2785,2954,15n006967
15n006980,2,468,26,2,2812,2786,277,15n006980
15n006981,2,602,26,2,2813,2787,2893,15n006981
15n006982,3,226,37,3,2814,2788,1008,15n006982
15n006983,2,292,26,2,2815,2789,1756,15n006983
15n006984,2,394,26,2,2816,2790,682,15n006984
15n006985,3,146,37,3,2817,2791,3252,15n006985
15n006986,2,338,26,2,2818,2792,1520,15n006986
15n006987,2,468,26,2,2819,2793,870,15n006987
15n006988,3,182,37,3,2820,2794,2983,15n006988
15n006989,2,274,24,2,2821,2795,1552,15n006989
15n006990,2,436,26,2,2822,2796,825,15n006990
15n006991,3,278,36,3,2823,2797,2959,15n006991
15n006992,2,422,26,2,2824,2798,632,15n006992
15n006993,2,528,26,2,2825,2799,1976,15n006993
15n006994,3,200,36,3,2826,2800,1733,15n006994
15n006995,2,274,24,2,2821,2795,1552,15n006995
15n006996,2,436,26,2,2822,2796,825,15n006996
15n006997,3,278,36,3,2823,2797,2959,15n006997
15n006998,2,344,26,2,2827,2801,485,15n006998
15n006999,2,486,26,2,2828,2802,2182,15n006999
15n007000,3,212,37,3,2829,2803,1428,15n007000
15n007001,2,286,26,2,2830,2804,616,15n007001
15n007002,2,376,26,2,2831,2805,1971,15n007002
15n007003,3,114,36,3,2832,2806,1682,15n007003
15n007018,2,250,26,2,2809,2783,1515,15n007018
15n007019,2,364,26,2,2810,2784,849,15n007019
15n007020,3,158,35,3,2811,2785,2954,15n007020
15n007035,2,360,26,2,2833,2807,2507,15n007035
15n007044,2,530,26,2,2834,2808,2877,15n007044
15n007045,3,258,37,3,2835,2809,926,15n007045
15n007064,2,338,26,2,2836,2810,1556,15n007064
15n007065,2,504,26,2,2837,2811,3852,15n007065
15n007066,3,252,37,3,2838,2812,456,15n007066
15n007070,2,82,20,2,2839,2813,4527,15n007070
15n007073,2,82,20,2,2839,2813,4527,15n007073
15n007079,2,136,22,2,2840,2814,309,15n007079
15n007081,2,136,22,2,2840,2814,309,15n007081
15n007084,3,98,27,3,2841,2815,2898,15n007084
15n007087,3,98,27,3,2841,2815,2898,15n007087
15n007091,2,172,22,2,2842,2816,796,15n007091
15n007092,2,172,22,2,2842,2816,796,15n007092
15n007095,3,78,31,3,2843,2817,1429,15n007095
15n007096,3,78,31,3,2843,2817,1429,15n007096
15n007101,2,298,26,2,2844,2818,154,15n007101
15n007103,2,298,26,2,2844,2818,154,15n007103
15n007145,2,312,26,2,2845,2819,5128,15n007145
15n007146,2,434,26,2,2846,2820,434,15n007146
15n007147,3,186,37,3,2847,2821,3906,15n007147
15n007148,2,366,26,2,2848,2822,1064,15n007148
15n007149,2,380,26,2,2849,2823,2510,15n007149
15n007161,2,382,26,2,2850,2824,4038,15n007161
15n007162,2,508,26,2,2851,2825,1375,15n007162
15n007163,3,212,37,3,2852,2826,2275,15n007163
15n007164,2,364,26,2,2853,2827,4764,15n007164
15n007165,2,478,26,2,2854,2828,690,15n007165
15n007166,3,198,37,3,2855,2829,3269,15n007166
15n007196,2,368,26,2,2856,2488,2521,15n007196
15n007197,2,522,26,2,2857,2830,1124,15n007197
15n007237,2,312,26,2,2845,2819,5128,15n007237
15n007238,2,434,26,2,2846,2820,434,15n007238
15n007239,3,186,37,3,2847,2821,3906,15n007239
15n007240,2,366,26,2,2848,2822,1064,15n007240
15n007241,2,380,26,2,2849,2823,2510,15n007241
15n007266,2,330,26,2,2858,2831,1560,15n007266
15n007267,2,512,26,2,2859,2832,1877,15n007267
15n007326,2,130,21,2,2860,2833,75,15n007326
15n007346,3,170,29,3,2861,2834,4567,15n007346
15n007372,3,124,29,3,2862,2835,4977,15n007372
15n007373,2,212,26,2,2863,2836,501,15n007373
15n007374,3,246,31,3,2864,2837,3692,15n007374
15n007375,2,360,26,2,2865,2838,1210,15n007375
15n007376,3,160,35,3,2866,2839,2017,15n007376
15n007377,2,276,24,2,2867,2840,553,15n007377
15n007378,2,314,25,2,2868,2841,83,15n007378
15n007379,2,226,24,2,2869,2842,4611,15n007379
15n007380,2,376,26,2,2870,2843,805,15n007380
15n007381,3,274,36,3,2871,2844,2934,15n007381
15n007382,2,476,26,2,2872,2845,1815,15n007382
15n007383,3,222,36,3,2873,2846,1513,15n007383
15n007402,2,130,21,2,2860,2833,75,15n007402
15n007417,3,170,29,3,2861,2834,4567,15n007417
15n007454,2,226,24,2,2874,858,4027,15n007454
15n007457,2,326,24,2,2875,2847,2863,15n007457
15n007458,2,276,24,2,2876,2848,1851,15n007458
15n007461,2,376,26,2,2592,2566,1257,15n007461
15n007462,3,274,36,3,2877,2849,2221,15n007462
15n007465,2,476,26,2,2878,2850,2450,15n007465
15n007466,3,222,36,3,2879,2851,1023,15n007466
15n007470,3,108,31,3,2880,2852,4508,15n007470
15n007475,3,116,32,3,2881,2853,585,15n007475
15n007478,2,262,22,2,2882,2854,2179,15n007478
15n007480,2,272,22,2,2883,2855,579,15n007480
15n007483,2,248,22,2,2884,2856,567,15n007483
15n007485,2,286,24,2,2885,2857,52,15n007485
15n007488,2,202,22,2,2886,2858,2857,15n007488
15n007490,3,86,31,3,2887,2859,2952,15n007490
15n007500,2,244,24,2,2888,2860,519,15n007500
15n007502,2,418,26,2,2889,2861,1078,15n007502
15n007522,2,310,26,2,2890,2862,976,15n007522
15n007523,2,436,26,2,2891,2863,4451,15n007523
15n007524,3,192,37,3,2892,2864,198,15n007524
15n007535,3,106,31,3,2893,2865,3929,15n007535
15n007540,3,160,28,3,2894,2866,886,15n007540
15n007543,3,154,27,3,2895,2867,2197,15n007543
15n007544,2,228,22,2,2896,2868,1303,15n007544
15n007547,3,134,33,3,2897,2869,928,15n007547
15n007550,2,354,26,2,2898,2870,361,15n007550
15n007560,2,100,20,2,2899,2871,540,15n007560
15n007565,2,118,20,2,2900,2872,3662,15n007565
15n007568,3,78,30,3,2901,2873,147,15n007568
15n007575,2,172,24,2,2902,2874,3024,15n007575
15n007584,3,86,31,3,2887,2859,2952,15n007584
15n007589,2,244,24,2,2888,2860,519,15n007589
15n007593,2,202,22,2,2886,2858,2857,15n007593
15n007604,2,418,26,2,2889,2861,1078,15n007604
15n007619,2,310,26,2,2890,2862,976,15n007619
15n007620,2,436,26,2,2891,2863,4451,15n007620
15n007621,3,192,37,3,2892,2864,198,15n007621
15n007625,2,278,24,2,2903,2875,4031,15n007625
15n007626,2,420,26,2,2904,2876,1321,15n007626
15n007627,3,230,37,3,2905,2877,2231,15n007627
15n007628,2,440,26,2,2906,2878,2483,15n007628
15n007629,3,290,35,3,2907,2879,1050,15n007629
15n007648,2,226,24,2,2869,2842,4611,15n007648
15n007649,2,376,26,2,2870,2843,805,15n007649
15n007650,3,274,36,3,2871,2844,2934,15n007650
15n007651,2,476,26,2,2872,2845,1815,15n007651
15n007652,3,222,36,3,2873,2846,1513,15n007652
15n007676,2,244,24,2,2908,2880,5132,15n007676
15n007677,2,82,20,2,2909,2881,2662,15n007677
15n007679,2,352,24,2,2910,2882,1359,15n007679
15n007680,2,298,24,2,2911,2883,3525,15n007680
15n007681,2,406,26,2,2912,2884,396,15n007681
15n007682,3,292,36,3,2913,2885,3879,15n007682
15n007683,2,514,26,2,2914,2886,1097,15n007683
15n007684,3,232,36,3,2915,2887,2375,15n007684
15n007686,2,298,26,2,2916,2888,966,15n007686
15n007687,2,278,24,2,2903,2875,4031,15n007687
15n007688,2,420,26,2,2904,2876,1321,15n007688
15n007689,3,230,37,3,2905,2877,2231,15n007689
15n007690,2,440,26,2,2906,2878,2483,15n007690
15n007691,3,290,35,3,2907,2879,1050,15n007691
15n007692,2,276,24,2,2867,2840,553,15n007692
15n007693,2,314,25,2,2868,2841,83,15n007693
15n007698,3,108,31,3,2880,2852,4508,15n007698
15n007701,3,116,32,3,2881,2853,585,15n007701
15n007708,2,272,22,2,2883,2855,579,15n007708
15n007711,2,262,22,2,2882,2854,2179,15n007711
15n007714,2,286,24,2,2885,2857,52,15n007714
15n007717,2,248,22,2,2884,2856,567,15n007717
15n007731,2,82,20,2,2909,2881,2662,15n007731
15n007734,2,298,26,2,2916,2888,966,15n007734
15n007762,3,186,31,3,2917,2889,3075,15n007762
15n007789,2,226,24,2,2874,858,4027,15n007789
15n007790,2,326,24,2,2875,2847,2863,15n007790
15n007791,2,276,24,2,2876,2848,1851,15n007791
15n007792,2,376,26,2,2592,2566,1257,15n007792
15n007793,3,274,36,3,2877,2849,2221,15n007793
15n007794,2,476,26,2,2878,2850,2450,15n007794
15n007795,3,222,36,3,2879,2851,1023,15n007795
15n007822,3,318,31,3,2918,2890,2908,15n007822
15n007824,3,184,35,3,2919,2891,224,15n007824
15n007826,3,162,36,3,2920,2892,1444,15n007826
15n007828,2,414,26,2,2921,2893,15,15n007828
15n007864,2,244,24,2,2908,2880,5132,15n007864
15n007865,2,352,24,2,2910,2882,1359,15n007865
15n007866,2,298,24,2,2911,2883,3525,15n007866
15n007867,2,406,26,2,2912,2884,396,15n007867
15n007868,3,292,36,3,2913,2885,3879,15n007868
15n007869,2,514,26,2,2914,2886,1097,15n007869
15n007870,3,232,36,3,2915,2887,2375,15n007870
15n007880,3,124,29,3,2862,2835,4977,15n007880
15n007881,2,212,26,2,2863,2836,501,15n007881
15n007882,3,246,31,3,2864,2837,3692,15n007882
15n007883,2,360,26,2,2865,2838,1210,15n007883
15n007884,3,160,35,3,2866,2839,2017,15n007884
15n007921,3,218,36,3,2922,2894,6,15n007921
15n007923,2,288,26,2,2923,2895,3036,15n007923
15n007930,2,100,20,2,2899,2871,540,15n007930
15n007933,2,118,20,2,2900,2872,3662,15n007933
15n007936,3,78,30,3,2901,2873,147,15n007936
15n007939,2,172,24,2,2902,2874,3024,15n007939
15n007956,3,164,36,3,2924,2896,1662,15n007956
15n007957,2,244,24,2,2925,2897,3109,15n007957
15n007959,2,352,24,2,2926,2898,3849,15n007959
15n007960,2,298,24,2,2927,2899,1116,15n007960
15n007962,2,406,26,2,2928,2900,2115,15n007962
15n007963,3,292,36,3,2929,2901,1397,15n007963
15n007966,2,514,26,2,2930,2902,3494,15n007966
15n007967,3,232,36,3,2931,2903,482,15n007967
15n008044,3,176,31,3,2932,2904,1547,15n008044
15n008054,2,226,24,2,2869,2842,4611,15n008054
15n008055,3,122,31,3,2933,2905,2346,15n008055
15n008056,2,326,24,2,2934,2906,2170,15n008056
15n008057,2,276,24,2,2935,2907,2501,15n008057
15n008058,3,194,28,3,2936,2908,2202,15n008058
15n008059,2,376,26,2,2870,2843,805,15n008059
15n008060,3,274,36,3,2871,2844,2934,15n008060
15n008061,3,200,27,3,2937,2909,884,15n008061
15n008063,2,476,26,2,2872,2845,1815,15n008063
15n008064,3,222,36,3,2873,2846,1513,15n008064
15n008066,2,448,26,2,2938,2910,1299,15n008066
15n008068,3,106,31,3,2893,2865,3929,15n008068
15n008071,3,160,28,3,2894,2866,886,15n008071
15n008074,3,154,27,3,2895,2867,2197,15n008074
15n008075,2,228,22,2,2896,2868,1303,15n008075
15n008078,3,134,33,3,2897,2869,928,15n008078
15n008079,2,354,26,2,2898,2870,361,15n008079
15n008097,3,126,31,3,2939,2911,3732,15n008097
15n008099,2,376,26,2,2592,2566,1257,15n008099
15n008129,2,244,24,2,2925,2897,3109,15n008129
15n008130,2,352,24,2,2926,2898,3849,15n008130
15n008131,2,298,24,2,2927,2899,1116,15n008131
15n008132,2,406,26,2,2928,2900,2115,15n008132
15n008133,3,292,36,3,2929,2901,1397,15n008133
15n008134,2,514,26,2,2930,2902,3494,15n008134
15n008135,3,232,36,3,2931,2903,482,15n008135
15n008158,2,294,22,2,2940,2912,2843,15n008158
15n008163,3,152,33,3,2941,2913,207,15n008163
15n008233,3,140,31,3,2942,2914,4586,15n008233
15n008241,2,226,24,2,2869,2842,4611,15n008241
15n008242,2,326,24,2,2934,2906,2170,15n008242
15n008243,2,276,24,2,2935,2907,2501,15n008243
15n008244,2,376,26,2,2870,2843,805,15n008244
15n008245,3,274,36,3,2871,2844,2934,15n008245
15n008246,2,476,26,2,2872,2845,1815,15n008246
15n008247,3,222,36,3,2873,2846,1513,15n008247
15n008319,3,150,32,3,2943,2915,1496,15n008319
15n008320,3,150,32,3,2943,2915,1496,15n008320
15n008321,3,224,29,3,2770,2744,881,15n008321
15n008322,3,224,29,3,2770,2744,881,15n008322
15n008326,2,478,26,2,2944,2916,2155,15n008326
15n008327,2,478,26,2,2944,2916,2155,15n008327
15n008352,2,344,26,2,2827,2801,485,15n008352
15n008353,2,486,26,2,2828,2802,2182,15n008353
15n008354,3,212,37,3,2829,2803,1428,15n008354
15n008355,2,286,26,2,2830,2804,616,15n008355
15n008356,2,376,26,2,2831,2805,1971,15n008356
15n008357,3,114,36,3,2832,2806,1682,15n008357
15n008358,2,468,26,2,2812,2786,277,15n008358
15n008359,2,602,26,2,2813,2787,2893,15n008359
15n008360,3,226,37,3,2814,2788,1008,15n008360
15n008361,2,422,26,2,2824,2798,632,15n008361
15n008362,2,528,26,2,2825,2799,1976,15n008362
15n008363,3,200,36,3,2826,2800,1733,15n008363
15n008364,2,292,26,2,2815,2789,1756,15n008364
15n008365,2,394,26,2,2816,2790,682,15n008365
15n008366,3,146,37,3,2817,2791,3252,15n008366
15n008367,2,338,26,2,2818,2792,1520,15n008367
15n008368,2,468,26,2,2819,2793,870,15n008368
15n008369,3,182,37,3,2820,2794,2983,15n008369
15n008407,2,280,26,2,2945,2917,5073,15n008407
15n008408,2,370,26,2,2946,2918,439,15n008408
15n008409,3,154,37,3,2947,2919,3881,15n008409
15n008410,2,262,26,2,2948,2920,1045,15n008410
15n008411,2,388,26,2,2949,2921,2397,15n008411
15n008436,2,262,26,2,2950,2922,1035,15n008436
15n008437,2,388,26,2,2951,2923,4442,15n008437
15n008438,3,192,37,3,2952,2924,193,15n008438
15n008439,2,262,26,2,2950,2922,1035,15n008439
15n008440,2,388,26,2,2951,2923,4442,15n008440
15n008441,3,192,37,3,2952,2924,193,15n008441
15n008442,2,388,26,2,2949,2921,2397,15n008442
15n008443,2,262,26,2,2948,2920,1045,15n008443
15n008449,2,290,26,2,2953,2925,4574,15n008449
15n008450,2,408,26,2,2954,2926,864,15n008450
15n008451,3,178,37,3,2955,2927,2943,15n008451
15n008452,2,356,26,2,2956,2928,1862,15n008452
15n008453,2,342,26,2,2957,2929,1521,15n008453
15n008454,2,280,26,2,2945,2917,5073,15n008454
15n008455,2,370,26,2,2946,2918,439,15n008455
15n008456,3,154,37,3,2947,2919,3881,15n008456
15n008457,2,370,26,2,2958,2930,4055,15n008457
15n008461,2,520,26,2,2959,2931,1370,15n008461
15n008462,3,226,37,3,2960,2932,2271,15n008462
15n008465,2,452,26,2,2961,2933,2523,15n008465
15n008466,2,438,26,2,2962,2934,1122,15n008466
15n008470,2,290,26,2,2953,2925,4574,15n008470
15n008471,2,408,26,2,2954,2926,864,15n008471
15n008472,3,178,37,3,2955,2927,2943,15n008472
15n008473,2,356,26,2,2956,2928,1862,15n008473
15n008474,2,342,26,2,2957,2929,1521,15n008474
15n008495,2,262,26,2,2963,2935,1509,15n008495
15n008498,2,388,26,2,2964,2936,3840,15n008498
15n008499,3,192,37,3,2965,2937,452,15n008499
15n008501,2,388,26,2,2966,2938,1780,15n008501
15n008502,2,262,26,2,2967,2939,1516,15n008502
15n008504,2,262,26,2,2963,2935,1509,15n008504
15n008505,2,388,26,2,2964,2936,3840,15n008505
15n008506,3,192,37,3,2965,2937,452,15n008506
15n008507,2,388,26,2,2966,2938,1780,15n008507
15n008508,2,262,26,2,2967,2939,1516,15n008508
15n008509,2,280,26,2,2968,2940,4723,15n008509
15n008510,2,370,26,2,2969,2941,684,15n008510
15n008511,3,154,37,3,2970,2942,3240,15n008511
15n008512,2,370,26,2,2958,2930,4055,15n008512
15n008513,2,520,26,2,2959,2931,1370,15n008513
15n008514,3,226,37,3,2960,2932,2271,15n008514
15n008515,2,452,26,2,2961,2933,2523,15n008515
15n008516,2,438,26,2,2962,2934,1122,15n008516
15n008522,2,280,26,2,2968,2940,4723,15n008522
15n008523,2,370,26,2,2969,2941,684,15n008523
15n008524,3,154,37,3,2970,2942,3240,15n008524
15n008537,3,112,31,3,2971,2943,1407,15n008537
15n008538,2,176,20,2,2972,2944,4444,15n008538
15n008539,3,88,31,3,2973,2945,1993,15n008539
15n008543,3,106,31,3,2974,2946,3246,15n008543
15n008548,2,258,22,2,2975,2947,180,15n008548
15n008550,2,248,22,2,2884,2856,567,15n008550
15n008553,2,272,22,2,2883,2855,579,15n008553
15n008554,2,178,22,2,2976,2948,764,15n008554
15n008556,2,234,22,2,2977,2949,1176,15n008556
15n008558,2,292,26,2,2978,2950,1760,15n008558
15n008559,2,406,26,2,2979,2951,3670,15n008559
15n008560,3,174,37,3,2980,2952,587,15n008560
15n008561,3,170,25,3,2981,2953,3726,15n008561
15n008562,2,290,26,2,2982,2954,1611,15n008562
15n008563,3,232,33,3,2983,2955,1986,15n008563
15n008564,2,390,26,2,2984,2956,2731,15n008564
15n008565,3,168,36,3,2985,2957,724,15n008565
15n008566,2,390,26,2,2986,2958,2138,15n008566
15n008567,3,210,27,3,2987,2959,0,15n008567
15n008568,3,108,30,3,2988,2960,4974,15n008568
15n008569,3,164,29,3,2989,2961,1495,15n008569
15n008570,3,88,31,3,2973,2945,1993,15n008570
15n008571,2,178,22,2,2976,2948,764,15n008571
15n008572,2,292,26,2,2978,2950,1760,15n008572
15n008573,2,406,26,2,2979,2951,3670,15n008573
15n008574,3,174,37,3,2980,2952,587,15n008574
15n008575,2,158,24,2,2990,2962,3939,15n008575
15n008576,2,252,26,2,2991,2963,1199,15n008576
15n008577,3,158,33,3,2992,2964,2200,15n008577
15n008578,2,296,26,2,2993,2965,2310,15n008578
15n008579,3,146,34,3,2994,2966,946,15n008579
15n008580,2,344,26,2,2995,2967,1850,15n008580
15n008581,3,104,32,3,2996,2968,21,15n008581
15n008584,2,212,24,2,2997,2969,5114,15n008584
15n008585,2,342,26,2,2998,2970,359,15n008585
15n008586,3,228,36,3,2999,2971,3878,15n008586
15n008587,2,410,26,2,3000,2972,991,15n008587
15n008588,3,208,36,3,3001,2973,2369,15n008588
15n008589,2,390,26,2,2986,2958,2138,15n008589
15n008590,3,210,27,3,2987,2959,0,15n008590
15n008603,3,170,25,3,2981,2953,3726,15n008603
15n008604,2,290,26,2,2982,2954,1611,15n008604
15n008605,3,232,33,3,2983,2955,1986,15n008605
15n008606,2,390,26,2,2984,2956,2731,15n008606
15n008607,3,168,36,3,2985,2957,724,15n008607
15n008610,3,236,35,3,3002,2974,3865,15n008610
15n008619,2,266,24,2,835,827,4046,15n008619
15n008624,2,432,26,2,3003,2975,1298,15n008624
15n008625,3,298,36,3,3004,2976,2230,15n008625
15n008630,3,164,29,3,2989,2961,1495,15n008630
15n008633,2,212,24,2,2997,2969,5114,15n008633
15n008634,2,342,26,2,2998,2970,359,15n008634
15n008635,3,228,36,3,2999,2971,3878,15n008635
15n008636,2,410,26,2,3000,2972,991,15n008636
15n008637,3,208,36,3,3001,2973,2369,15n008637
15n008640,3,112,31,3,2971,2943,1407,15n008640
15n008643,3,106,31,3,2974,2946,3246,15n008643
15n008648,2,258,22,2,2975,2947,180,15n008648
15n008649,2,248,22,2,2884,2856,567,15n008649
15n008652,2,272,22,2,2883,2855,579,15n008652
15n008653,2,234,22,2,2977,2949,1176,15n008653
15n008656,3,112,31,3,2971,2943,1407,15n008656
15n008659,3,106,31,3,2974,2946,3246,15n008659
15n008662,2,258,22,2,2975,2947,180,15n008662
15n008665,2,234,22,2,2977,2949,1176,15n008665
15n008680,3,112,31,3,2971,2943,1407,15n008680
15n008683,3,106,31,3,2974,2946,3246,15n008683
15n008686,2,258,22,2,2975,2947,180,15n008686
15n008689,2,234,22,2,2977,2949,1176,15n008689
15n008690,3,108,30,3,2988,2960,4974,15n008690
15n008691,2,114,24,2,3005,2977,4973,15n008691
15n008692,2,200,26,2,3006,2978,504,15n008692
15n008693,3,162,31,3,3007,2979,3688,15n008693
15n008694,2,276,26,2,3008,2980,1200,15n008694
15n008695,3,102,36,3,3009,2981,2019,15n008695
15n008711,3,96,31,3,2744,2718,1430,15n008711
15n008716,2,372,26,2,3010,2982,2411,15n008716
15n008717,2,518,26,2,3011,2983,2879,15n008717
15n008718,3,222,37,3,3012,2984,935,15n008718
15n008726,2,114,24,2,3005,2977,4973,15n008726
15n008727,2,200,26,2,3006,2978,504,15n008727
15n008728,3,162,31,3,3007,2979,3688,15n008728
15n008729,2,276,26,2,3008,2980,1200,15n008729
15n008730,3,102,36,3,3009,2981,2019,15n008730
15n008731,2,344,26,2,2995,2967,1850,15n008731
15n008732,3,104,32,3,2996,2968,21,15n008732
15n008734,3,100,31,3,3013,2985,4969,15n008734
15n008736,2,158,24,2,2990,2962,3939,15n008736
15n008737,2,252,26,2,2991,2963,1199,15n008737
15n008738,3,158,33,3,2992,2964,2200,15n008738
15n008739,2,296,26,2,2993,2965,2310,15n008739
15n008740,3,146,34,3,2994,2966,946,15n008740
15n008766,3,286,34,3,3014,2986,5,15n008766
15n008768,3,174,36,3,3015,2987,1450,15n008768
15n008770,3,168,36,3,3016,2988,217,15n008770
15n008772,2,372,26,2,3017,2989,3039,15n008772
15n008785,3,210,36,3,3018,2990,1660,15n008785
15n008787,2,330,26,2,3019,2991,14,15n008787
15n008788,2,372,26,2,3010,2982,2411,15n008788
15n008789,2,518,26,2,3011,2983,2879,15n008789
15n008790,3,222,37,3,3012,2984,935,15n008790
15n008804,3,250,33,3,3020,2992,2910,15n008804
15n008814,2,374,24,2,3021,2993,2874,15n008814
15n008815,2,324,24,2,3022,2994,1863,15n008815
15n008818,2,524,26,2,3023,2995,2484,15n008818
15n008819,3,270,36,3,3024,2996,1047,15n008819
15n008821,3,100,31,3,3013,2985,4969,15n008821
15n008876,3,100,31,3,3025,2997,4528,15n008876
15n008893,3,100,31,3,3025,2997,4528,15n008893
15n008901,2,226,24,2,3026,2998,4602,15n008901
15n008902,2,226,24,2,3026,2998,4602,15n008902
15n008903,3,212,36,3,3027,2999,4966,15n008903
15n008904,2,416,26,2,3028,3000,1314,15n008904
15n008905,2,366,26,2,3029,3001,2136,15n008905
15n008906,3,204,37,3,3030,3002,1500,15n008906
15n008907,2,416,26,2,3028,3000,1314,15n008907
15n008908,2,366,26,2,3029,3001,2136,15n008908
15n008920,3,204,37,3,3030,3002,1500,15n008920
15n008921,3,212,36,3,3027,2999,4966,15n008921
15n008962,2,244,22,2,3031,3003,1350,15n008962
15n008963,2,244,22,2,3031,3003,1350,15n008963
15n008964,2,298,22,2,2769,2743,449,15n008964
15n008965,2,298,22,2,2769,2743,449,15n008965
15n008968,3,146,33,3,2766,2740,3336,15n008968
15n008969,3,146,33,3,2766,2740,3336,15n008969
15n008970,2,460,26,2,3032,3004,2524,15n008970
15n008971,2,460,26,2,3032,3004,2524,15n008971
15n008991,3,150,32,3,2943,2915,1496,15n008991
15n008992,3,150,32,3,2943,2915,1496,15n008992
15n008995,2,478,26,2,2944,2916,2155,15n008995
15n008996,2,478,26,2,2944,2916,2155,15n008996
15n009104,3,192,27,3,3033,3005,741,15n009104
15n009105,2,292,24,2,3034,3006,3211,15n009105
15n009106,2,214,22,2,3035,3007,1551,15n009106
15n009107,2,334,26,2,3036,3008,4671,15n009107
15n009108,3,342,34,3,3037,3009,101,15n009108
15n009109,2,526,26,2,3038,3010,2749,15n009109
15n009110,3,208,36,3,3039,3011,731,15n009110
15n009134,3,108,31,3,2880,2852,4508,15n009134
15n009135,3,108,31,3,2880,2852,4508,15n009135
15n009140,3,116,32,3,2881,2853,585,15n009140
15n009141,3,116,32,3,2881,2853,585,15n009141
15n009146,2,262,22,2,2882,2854,2179,15n009146
15n009148,2,262,22,2,2882,2854,2179,15n009148
15n009153,2,286,24,2,2885,2857,52,15n009153
15n009155,2,286,24,2,2885,2857,52,15n009155
15n009162,2,372,26,2,3010,2982,2411,15n009162
15n009165,2,518,26,2,3011,2983,2879,15n009165
15n009166,3,222,37,3,3012,2984,935,15n009166
15n009169,2,438,26,2,2962,2934,1122,15n009169
15n009170,2,452,26,2,2961,2933,2523,15n009170
15n009173,2,370,26,2,2958,2930,4055,15n009173
15n009176,2,520,26,2,2959,2931,1370,15n009176
15n009177,3,226,37,3,2960,2932,2271,15n009177
15n009181,3,122,31,3,2933,2905,2346,15n009181
15n009184,2,374,24,2,3021,2993,2874,15n009184
15n009185,2,324,24,2,3022,2994,1863,15n009185
15n009186,3,194,28,3,2936,2908,2202,15n009186
15n009189,3,200,27,3,2937,2909,884,15n009189
15n009191,2,524,26,2,3023,2995,2484,15n009191
15n009192,3,270,36,3,3024,2996,1047,15n009192
15n009196,2,448,26,2,2938,2910,1299,15n009196
15n009228,2,370,26,2,2958,2930,4055,15n009228
15n009230,2,520,26,2,2959,2931,1370,15n009230
15n009231,3,226,37,3,2960,2932,2271,15n009231
15n009233,2,452,26,2,2961,2933,2523,15n009233
15n009234,2,438,26,2,2962,2934,1122,15n009234
15n009236,3,192,27,3,3033,3005,741,15n009236
15n009237,2,292,24,2,3034,3006,3211,15n009237
15n009238,2,214,22,2,3035,3007,1551,15n009238
15n009239,2,334,26,2,3036,3008,4671,15n009239
15n009240,3,342,34,3,3037,3009,101,15n009240
15n009241,2,526,26,2,3038,3010,2749,15n009241
15n009242,3,208,36,3,3039,3011,731,15n009242
15n009243,2,372,26,2,3010,2982,2411,15n009243
15n009244,2,518,26,2,3011,2983,2879,15n009244
15n009245,3,222,37,3,3012,2984,935,15n009245
15n009317,3,186,36,3,3040,3012,3875,15n009317
15n009320,2,316,24,2,3041,3013,5154,15n009320
15n009321,2,412,25,2,3042,3014,58,15n009321
15n009322,2,382,24,2,3043,3015,5426,15n009322
15n009323,2,478,26,2,3044,3016,406,15n009323
15n009324,3,268,36,3,3045,3017,3905,15n009324
15n009325,2,502,26,2,3046,3018,19,15n009325
15n009326,3,340,36,3,3047,3019,5181,15n009326
15n009348,2,316,24,2,3041,3013,5154,15n009348
15n009349,2,412,25,2,3042,3014,58,15n009349
15n009350,2,382,24,2,3043,3015,5426,15n009350
15n009351,2,478,26,2,3044,3016,406,15n009351
15n009352,3,268,36,3,3045,3017,3905,15n009352
15n009353,2,502,26,2,3046,3018,19,15n009353
15n009354,3,340,36,3,3047,3019,5181,15n009354
15n009355,2,266,24,2,835,827,4046,15n009355
15n009360,2,432,26,2,3003,2975,1298,15n009360
15n009361,3,298,36,3,3004,2976,2230,15n009361
15n009362,2,294,22,2,2940,2912,2843,15n009362
15n009367,3,152,33,3,2941,2913,207,15n009367
15n009396,2,292,26,2,3048,3020,227,15n009396
15n009397,2,394,26,2,3049,3021,2880,15n009397
15n009398,3,128,37,3,3050,3022,903,15n009398
15n009430,2,244,22,2,3031,3003,1350,15n009430
15n009431,2,244,22,2,3031,3003,1350,15n009431
15n009434,2,460,26,2,3032,3004,2524,15n009434
15n009435,2,460,26,2,3032,3004,2524,15n009435
15n009724,2,360,26,2,2833,2807,2507,15n009724
15n009725,2,530,26,2,2834,2808,2877,15n009725
15n009726,3,258,37,3,2835,2809,926,15n009726
15n009729,2,382,26,2,2850,2824,4038,15n009729
15n009730,2,508,26,2,2851,2825,1375,15n009730
15n009731,3,212,37,3,2852,2826,2275,15n009731
15n009750,2,338,26,2,2836,2810,1556,15n009750
15n009751,2,504,26,2,2837,2811,3852,15n009751
15n009752,3,252,37,3,2838,2812,456,15n009752
15n009755,2,364,26,2,2853,2827,4764,15n009755
15n009756,2,478,26,2,2854,2828,690,15n009756
15n009757,3,198,37,3,2855,2829,3269,15n009757
15n009758,3,126,31,3,2939,2911,3732,15n009758
15n009789,3,140,31,3,2942,2914,4586,15n009789
15n009798,2,226,24,2,2874,858,4027,15n009798
15n009799,2,326,24,2,2875,2847,2863,15n009799
15n009800,2,276,24,2,2876,2848,1851,15n009800
15n009801,2,376,26,2,2592,2566,1257,15n009801
15n009802,3,274,36,3,2877,2849,2221,15n009802
15n009803,2,476,26,2,2878,2850,2450,15n009803
15n009804,3,222,36,3,2879,2851,1023,15n009804
15n009805,2,244,24,2,2908,2880,5132,15n009805
15n009807,2,352,24,2,2910,2882,1359,15n009807
15n009808,2,298,24,2,2911,2883,3525,15n009808
15n009809,2,406,26,2,2912,2884,396,15n009809
15n009810,3,292,36,3,2913,2885,3879,15n009810
15n009811,2,514,26,2,2914,2886,1097,15n009811
15n009812,3,232,36,3,2915,2887,2375,15n009812
15n009829,2,244,24,2,2925,2897,3109,15n009829
15n009831,2,352,24,2,2926,2898,3849,15n009831
15n009832,2,298,24,2,2927,2899,1116,15n009832
15n009834,2,406,26,2,2928,2900,2115,15n009834
15n009835,3,292,36,3,2929,2901,1397,15n009835
15n009838,2,514,26,2,2930,2902,3494,15n009838
15n009839,3,232,36,3,2931,2903,482,15n009839
15n009849,2,226,24,2,2869,2842,4611,15n009849
15n009850,2,326,24,2,2934,2906,2170,15n009850
15n009851,2,276,24,2,2935,2907,2501,15n009851
15n009852,2,376,26,2,2870,2843,805,15n009852
15n009853,3,274,36,3,2871,2844,2934,15n009853
15n009854,2,476,26,2,2872,2845,1815,15n009854
15n009855,3,222,36,3,2873,2846,1513,15n009855
15n009908,2,522,26,2,2857,2830,1124,15n009908
15n009909,2,368,26,2,2856,2488,2521,15n009909
15n009965,2,512,26,2,2859,2832,1877,15n009965
15n009966,2,330,26,2,2858,2831,1560,15n009966
15n010053,3,106,31,3,2893,2865,3929,15n010053
15n010056,3,160,28,3,2894,2866,886,15n010056
15n010059,3,154,27,3,2895,2867,2197,15n010059
15n010060,2,228,22,2,2896,2868,1303,15n010060
15n010063,3,134,33,3,2897,2869,928,15n010063
15n010064,2,354,26,2,2898,2870,361,15n010064
15n010086,3,106,31,3,2893,2865,3929,15n010086
15n010089,3,160,28,3,2894,2866,886,15n010089
15n010092,2,228,22,2,2896,2868,1303,15n010092
15n010093,3,154,27,3,2895,2867,2197,15n010093
15n010096,2,354,26,2,2898,2870,361,15n010096
15n010097,3,134,33,3,2897,2869,928,15n010097
15n010115,2,226,24,2,2874,858,4027,15n010115
15n010116,2,326,24,2,2875,2847,2863,15n010116
15n010117,2,276,24,2,2876,2848,1851,15n010117
15n010118,2,376,26,2,2592,2566,1257,15n010118
15n010119,3,274,36,3,2877,2849,2221,15n010119
15n010120,2,476,26,2,2878,2850,2450,15n010120
15n010121,3,222,36,3,2879,2851,1023,15n010121
15n010237,2,226,24,2,2869,2842,4611,15n010237
15n010238,2,326,24,2,2934,2906,2170,15n010238
15n010239,2,276,24,2,2935,2907,2501,15n010239
15n010240,2,376,26,2,2870,2843,805,15n010240
15n010241,3,274,36,3,2871,2844,2934,15n010241
15n010242,2,476,26,2,2872,2845,1815,15n010242
15n010243,3,222,36,3,2873,2846,1513,15n010243
15n010278,2,244,24,2,2908,2880,5132,15n010278
15n010279,2,352,24,2,2910,2882,1359,15n010279
15n010280,2,298,24,2,2911,2883,3525,15n010280
15n010281,2,406,26,2,2912,2884,396,15n010281
15n010282,3,292,36,3,2913,2885,3879,15n010282
15n010283,2,514,26,2,2914,2886,1097,15n010283
15n010284,3,232,36,3,2915,2887,2375,15n010284
15n010299,2,244,24,2,2925,2897,3109,15n010299
15n010300,2,352,24,2,2926,2898,3849,15n010300
15n010301,2,298,24,2,2927,2899,1116,15n010301
15n010302,2,406,26,2,2928,2900,2115,15n010302
15n010303,3,292,36,3,2929,2901,1397,15n010303
15n010304,2,514,26,2,2930,2902,3494,15n010304
15n010305,3,232,36,3,2931,2903,482,15n010305
15n010340,2,314,24,2,3051,3023,1555,15n010340
15n010341,2,492,26,2,3052,3024,840,15n010341
15n010342,3,302,37,3,3053,3025,2961,15n010342
15n010343,2,250,26,2,3054,3026,127,15n010343
15n010344,2,364,26,2,3055,3027,3222,15n010344
15n010345,3,174,37,3,3056,3028,704,15n010345
15n010346,2,324,26,2,3057,3029,266,15n010346
15n010347,2,458,26,2,3058,3030,2872,15n010347
15n010348,3,192,37,3,3059,3031,925,15n010348
15n010349,2,428,26,2,3060,3032,247,15n010349
15n010350,2,546,26,2,3061,3033,2891,15n010350
15n010351,3,202,36,3,3062,3034,958,15n010351
15n010352,2,240,24,2,3063,3035,743,15n010352
15n010353,2,398,26,2,3064,3036,1622,15n010353
15n010354,3,284,36,3,3065,3037,2004,15n010354
15n010444,2,258,24,2,2757,2731,4624,15n010444
15n010446,2,382,24,2,2758,2732,2184,15n010446
15n010447,2,316,24,2,2759,2733,2506,15n010447
15n010448,2,440,26,2,2760,2734,826,15n010448
15n010449,3,338,36,3,2761,2735,2935,15n010449
15n010450,2,580,26,2,2762,2736,1902,15n010450
15n010451,3,246,36,3,2763,2737,1514,15n010451
15n010466,2,284,24,2,2795,2769,5177,15n010466
15n010468,2,400,24,2,2796,2770,1363,15n010468
15n010469,2,346,24,2,2797,2771,3637,15n010469
15n010470,2,462,26,2,2798,2772,397,15n010470
15n010471,3,316,36,3,2799,2773,3890,15n010471
15n010472,2,562,26,2,2800,2774,1098,15n010472
15n010473,3,280,36,3,2801,2775,2504,15n010473
15n010555,3,186,31,3,2917,2889,3075,15n010555
15n010563,2,432,26,2,2745,2719,276,15n010563
15n010578,3,176,31,3,2932,2904,1547,15n010578
15n010744,2,258,24,2,2757,2731,4624,15n010744
15n010745,2,382,24,2,2758,2732,2184,15n010745
15n010746,2,316,24,2,2759,2733,2506,15n010746
15n010747,2,440,26,2,2760,2734,826,15n010747
15n010748,3,338,36,3,2761,2735,2935,15n010748
15n010749,2,580,26,2,2762,2736,1902,15n010749
15n010750,3,246,36,3,2763,2737,1514,15n010750
15n010759,2,268,24,2,2753,2727,3209,15n010759
15n010760,2,190,22,2,2754,2728,1548,15n010760
15n010763,2,502,26,2,2755,2729,2741,15n010763
15n010764,3,184,35,3,2756,2730,721,15n010764
15n010769,2,284,24,2,2795,2769,5177,15n010769
15n010770,2,400,24,2,2796,2770,1363,15n010770
15n010771,2,346,24,2,2797,2771,3637,15n010771
15n010772,2,462,26,2,2798,2772,397,15n010772
15n010773,3,316,36,3,2799,2773,3890,15n010773
15n010774,2,562,26,2,2800,2774,1098,15n010774
15n010775,3,280,36,3,2801,2775,2504,15n010775
15n010784,2,358,24,2,2784,2758,3676,15n010784
15n010785,2,340,24,2,2785,2759,1313,15n010785
15n010788,2,412,26,2,2786,2760,3132,15n010788
15n010789,3,318,35,3,2787,2761,655,15n010789
15n010790,3,170,27,3,2788,2762,3736,15n010790
15n010793,2,306,26,2,2789,2763,1590,15n010793
15n010794,3,328,31,3,2790,2764,1985,15n010794
15n010804,2,282,24,2,2806,2780,3395,15n010804
15n010807,2,416,26,2,2807,2781,1868,15n010807
15n010808,3,218,36,3,2808,2782,1680,15n010808
15n010840,2,428,26,2,3060,3032,247,15n010840
15n010841,2,546,26,2,3061,3033,2891,15n010841
15n010842,3,202,36,3,3062,3034,958,15n010842
15n010843,2,358,26,2,3066,3038,1063,15n010843
15n010844,2,496,26,2,3067,3039,1367,15n010844
15n010845,3,202,37,3,3068,3040,2270,15n010845
15n010846,2,216,26,2,3069,3041,734,15n010846
15n010847,2,326,26,2,3070,3042,1635,15n010847
15n010848,3,164,35,3,3071,3043,1997,15n010848
15n010849,2,358,26,2,3066,3038,1063,15n010849
15n010850,2,496,26,2,3067,3039,1367,15n010850
15n010851,3,202,37,3,3068,3040,2270,15n010851
15n010852,2,216,26,2,3069,3041,734,15n010852
15n010853,2,326,26,2,3070,3042,1635,15n010853
15n010854,3,164,35,3,3071,3043,1997,15n010854
15n010885,2,284,24,2,2802,2776,2312,15n010885
15n010886,2,414,26,2,2803,2777,2808,15n010886
15n010887,3,214,36,3,2804,2778,907,15n010887
15n010890,3,214,36,3,2805,2779,942,15n010890
15n010904,2,262,24,2,2764,2738,975,15n010904
15n010905,3,168,32,3,2765,2739,1989,15n010905
15n010906,2,388,26,2,2767,2741,4389,15n010906
15n010907,3,208,36,3,2768,2742,196,15n010907
15n010908,2,388,26,2,2771,2745,2443,15n010908
15n010909,3,294,35,3,2772,2746,1054,15n010909
15n010910,3,194,35,3,2774,2748,2257,15n010910
15n010911,2,424,26,2,2773,2747,1322,15n010911
15n010950,3,224,29,3,2775,2749,1385,15n010950
15n010951,2,298,22,2,2776,2750,183,15n010951
15n010952,3,224,29,3,2775,2749,1385,15n010952
15n010953,2,298,22,2,2776,2750,183,15n010953
15n010958,3,194,35,3,2777,2751,2988,15n010958
15n010959,2,424,26,2,2778,2752,837,15n010959
15n010960,3,194,35,3,2777,2751,2988,15n010960
15n010961,2,424,26,2,2778,2752,837,15n010961
15n010963,2,262,24,2,2779,2753,1472,15n010963
15n010964,2,388,26,2,2780,2754,3824,15n010964
15n010965,3,208,36,3,2781,2755,453,15n010965
15n010968,2,388,26,2,2782,2756,1833,15n010968
15n010969,3,294,35,3,2783,2757,1519,15n010969
15n010984,2,364,24,2,2751,2725,2417,15n010984
15n010997,2,508,26,2,2752,2726,3835,15n010997
15n011052,2,364,24,2,2751,2725,2417,15n011052
15n011066,2,398,26,2,2748,2722,1096,15n011066
15n011067,3,332,35,3,2749,2723,2409,15n011067
15n011069,2,462,26,2,2750,2724,2848,15n011069
15n011070,2,262,24,2,2764,2738,975,15n011070
15n011071,3,168,32,3,2765,2739,1989,15n011071
15n011072,2,388,26,2,2767,2741,4389,15n011072
15n011073,3,208,36,3,2768,2742,196,15n011073
15n011074,2,388,26,2,2771,2745,2443,15n011074
15n011075,3,294,35,3,2772,2746,1054,15n011075
15n011076,3,194,35,3,2774,2748,2257,15n011076
15n011077,2,424,26,2,2773,2747,1322,15n011077
15n011080,2,508,26,2,2752,2726,3835,15n011080
15n011106,2,262,24,2,2779,2753,1472,15n011106
15n011107,2,388,26,2,2780,2754,3824,15n011107
15n011108,3,208,36,3,2781,2755,453,15n011108
15n011109,2,388,26,2,2782,2756,1833,15n011109
15n011110,3,294,35,3,2783,2757,1519,15n011110
15n011144,2,292,26,2,3048,3020,227,15n011144
15n011145,2,394,26,2,3049,3021,2880,15n011145
15n011146,3,128,37,3,3050,3022,903,15n011146
15n011157,2,314,24,2,3051,3023,1555,15n011157
15n011158,2,492,26,2,3052,3024,840,15n011158
15n011159,3,302,37,3,3053,3025,2961,15n011159
15n011160,2,240,24,2,3063,3035,743,15n011160
15n011161,2,398,26,2,3064,3036,1622,15n011161
15n011162,3,284,36,3,3065,3037,2004,15n011162
15n011163,2,250,26,2,3054,3026,127,15n011163
15n011164,2,364,26,2,3055,3027,3222,15n011164
15n011165,3,174,37,3,3056,3028,704,15n011165
15n011166,2,324,26,2,3057,3029,266,15n011166
15n011167,2,458,26,2,3058,3030,2872,15n011167
15n011168,3,192,37,3,3059,3031,925,15n011168
15n011204,3,332,36,3,3072,3044,2407,15n011204
15n011227,3,290,36,3,3073,3045,4045,15n011227
15n011228,2,532,26,2,3074,3046,4453,15n011228
15n011229,3,250,36,3,3075,3047,2252,15n011229
15n011232,3,290,36,3,3073,3045,4045,15n011232
15n011233,2,532,26,2,3074,3046,4453,15n011233
15n011234,3,250,36,3,3075,3047,2252,15n011234
15n011236,3,250,36,3,3076,3048,2977,15n011236
15n011237,3,250,36,3,3076,3048,2977,15n011237
15n011240,2,532,26,2,3077,3049,3855,15n011240
15n011241,2,532,26,2,3077,3049,3855,15n011241
15n011242,3,290,36,3,3078,3050,4619,15n011242
15n011245,3,290,36,3,3078,3050,4619,15n011245
15n011263,3,258,37,3,3079,3051,3920,15n011263
15n011270,2,326,26,2,3080,3052,4049,15n011270
15n011271,2,126,22,2,3081,3053,5007,15n011271
15n011272,2,176,22,2,3082,3054,1342,15n011272
15n011273,3,74,31,3,3083,3055,4510,15n011273
15n011277,2,276,26,2,3084,3056,4758,15n011277
15n011278,3,74,31,3,3085,3057,3699,15n011278
15n011280,2,226,26,2,3086,3058,4600,15n011280
15n011287,3,290,38,3,3087,3059,3997,15n011287
15n011289,2,276,24,2,3088,3060,3157,15n011289
15n011290,3,282,38,3,3089,3061,3061,15n011290
15n011293,2,176,23,2,3090,3062,5351,15n011293
15n011294,2,126,22,2,3091,3063,2030,15n011294
15n011295,2,176,24,2,3092,3064,2292,15n011295
15n011297,2,326,24,2,3093,3065,4141,15n011297
15n011298,3,322,38,3,3094,3066,4131,15n011298
15n011299,3,282,38,3,3089,3061,3061,15n011299
15n011303,3,322,38,3,3094,3066,4131,15n011303
15n011327,3,158,27,3,3095,3067,5534,15n011327
15n011344,3,158,27,3,3095,3067,5534,15n011344
15n011356,2,452,26,2,3096,3068,3820,15n011356
15n011357,2,390,26,2,3097,3069,4681,15n011357
15n011359,2,452,26,2,3096,3068,3820,15n011359
15n011360,2,390,26,2,3097,3069,4681,15n011360
15n011364,2,276,26,2,3098,3070,3080,15n011364
15n011365,2,326,26,2,3099,3071,4032,15n011365
15n011367,2,226,26,2,3100,3072,3354,15n011367
15n011377,2,126,24,2,3101,3073,2029,15n011377
15n011378,2,176,24,2,3102,3074,2357,15n011378
15n011386,2,226,24,2,3103,3075,4020,15n011386
15n011387,3,206,37,3,3104,3076,3981,15n011387
15n011391,2,76,22,2,3105,3077,3716,15n011391
15n011393,3,206,37,3,3104,3076,3981,15n011393
15n011414,2,100,20,2,3106,2871,4305,15n011414
15n011415,2,100,20,2,3106,2871,4305,15n011415
15n011418,2,280,24,2,3107,3078,2388,15n011418
15n011419,2,280,24,2,3107,3078,2388,15n011419
15n011420,3,152,35,3,3108,3079,4985,15n011420
15n011436,3,172,32,3,3109,3080,5474,15n011436
15n011437,2,274,24,2,3110,3081,3668,15n011437
15n011439,3,166,35,3,3111,3082,3068,15n011439
15n011440,2,268,24,2,3112,3083,5512,15n011440
15n011448,3,166,35,3,3111,3082,3068,15n011448
15n011449,2,268,24,2,3112,3083,5512,15n011449
15n011451,3,162,35,3,3113,3084,5350,15n011451
15n011454,3,152,35,3,3108,3079,4985,15n011454
15n011459,3,172,32,3,3109,3080,5474,15n011459
15n011460,2,274,24,2,3110,3081,3668,15n011460
15n011465,3,162,35,3,3113,3084,5350,15n011465
15n011492,3,170,33,3,3114,3085,4595,15n011492
15n011495,2,282,24,2,3115,3086,5306,15n011495
15n011500,3,118,35,3,3116,3087,5442,15n011500
15n011508,3,170,33,3,3114,3085,4595,15n011508
15n011509,2,282,24,2,3115,3086,5306,15n011509
15n011514,3,118,35,3,3116,3087,5442,15n011514
15n011518,2,478,26,2,3117,3088,4154,15n011518
15n011519,2,478,26,2,3117,3088,4154,15n011519
15n011526,2,326,26,2,3080,3052,4049,15n011526
15n011527,2,176,22,2,3082,3054,1342,15n011527
15n011528,2,126,22,2,3081,3053,5007,15n011528
15n011529,3,74,31,3,3083,3055,4510,15n011529
15n011533,2,176,23,2,3090,3062,5351,15n011533
15n011534,3,74,31,3,3085,3057,3699,15n011534
15n011538,2,276,26,2,3084,3056,4758,15n011538
15n011539,2,276,24,2,3088,3060,3157,15n011539
15n011541,2,126,22,2,3091,3063,2030,15n011541
15n011542,2,326,24,2,3093,3065,4141,15n011542
15n011572,3,272,37,3,3118,3089,5519,15n011572
15n011574,3,328,37,3,3119,3090,4854,15n011574
15n011801,2,190,24,2,3120,3091,952,15n011801
15n011802,2,262,24,2,3121,3092,681,15n011802
15n011803,2,280,24,2,3122,3093,1246,15n011803
15n011804,2,352,26,2,3123,3094,1333,15n011804
15n011805,2,298,26,2,3124,3095,1598,15n011805
15n011806,2,208,24,2,3125,3096,2498,15n011806
15n011807,2,334,26,2,3126,3097,3398,15n011807
15n011810,2,136,22,2,3127,3098,91,15n011810
15n011812,2,136,22,2,3127,3098,91,15n011812
15n011817,2,190,22,2,3128,3099,2161,15n011817
15n011819,2,190,22,2,3128,3099,2161,15n011819
15n011824,3,76,32,3,3129,3100,583,15n011824
15n011826,3,76,32,3,3129,3100,583,15n011826
15n011831,2,352,26,2,3130,3101,4788,15n011831
15n011833,2,352,26,2,3130,3101,4788,15n011833
15n011837,2,46,20,2,3131,3102,45,15n011837
15n011838,2,46,20,2,3131,3102,45,15n011838
15n011841,2,64,20,2,3132,3103,1959,15n011841
15n011842,2,64,20,2,3132,3103,1959,15n011842
15n011846,2,196,22,2,527,525,2626,15n011846
15n011847,3,26,23,3,3133,3104,305,15n011847
15n011848,3,26,23,3,3133,3104,305,15n011848
15n011852,2,118,24,2,3134,3105,4546,15n011852
15n011853,2,118,24,2,3134,3105,4546,15n011853
15n011892,3,168,29,3,3135,3106,3069,15n011892
15n011894,2,244,24,2,3136,3107,35,15n011894
15n011895,2,226,24,2,3137,3108,3516,15n011895
15n011897,2,322,26,2,3138,3109,153,15n011897
15n011898,2,376,26,2,3139,3110,3832,15n011898
15n011900,2,298,24,2,3140,3111,625,15n011900
15n011901,2,172,22,2,3141,3112,5111,15n011901
15n011905,2,136,22,2,3142,3113,1219,15n011905
15n011906,2,136,22,2,3142,3113,1219,15n011906
15n011911,2,190,22,2,3143,3114,422,15n011911
15n011912,2,190,22,2,3143,3114,422,15n011912
15n011917,3,76,32,3,3144,3115,2637,15n011917
15n011918,3,76,32,3,3144,3115,2637,15n011918
15n011923,2,352,26,2,3145,3116,2408,15n011923
15n011924,2,352,26,2,3145,3116,2408,15n011924
15n012006,2,100,21,2,3146,3117,54,15n012006
15n012013,2,178,22,2,3147,3118,2762,15n012013
15n012016,2,136,23,2,3148,3119,135,15n012016
15n012021,2,188,22,2,3149,3120,853,15n012021
15n012024,2,412,26,2,3150,3121,5143,15n012024
15n012322,3,80,21,3,3151,3122,90,15n012322
15n012337,2,154,22,2,3152,3123,2089,15n012337
15n012340,2,160,22,2,3153,3124,315,15n012340
15n012355,2,388,26,2,3154,3125,4792,15n012355
15n012388,3,150,30,3,3155,3126,119,15n012388
15n012394,2,214,22,2,3156,3127,1639,15n012394
15n012395,2,184,22,2,3157,3128,264,15n012395
15n012401,2,280,26,2,3158,3129,3193,15n012401
15n012402,2,370,26,2,3159,3130,395,15n012402
15n012408,2,304,24,2,3160,3131,4356,15n012408
15n012409,3,164,34,3,3161,3132,1499,15n012409
15n012478,3,156,32,3,3162,3133,475,15n012478
15n012479,2,278,26,2,3163,3134,2081,15n012479
15n012480,2,452,26,2,3164,3135,871,15n012480
15n012581,2,100,21,2,3146,3117,54,15n012581
15n012584,2,178,22,2,3147,3118,2762,15n012584
15n012587,2,136,23,2,3148,3119,135,15n012587
15n012590,2,412,26,2,3150,3121,5143,15n012590
15n012591,2,188,22,2,3149,3120,853,15n012591
15n012638,3,156,32,3,3162,3133,475,15n012638
15n012639,2,278,26,2,3163,3134,2081,15n012639
15n012640,2,452,26,2,3164,3135,871,15n012640
15n012685,2,126,22,2,3165,3053,338,15n012685
15n012686,2,126,22,2,3165,3053,338,15n012686
15n012691,2,176,22,2,3082,3054,1342,15n012691
15n012692,2,176,22,2,3082,3054,1342,15n012692
15n012699,3,74,31,3,3166,3055,1185,15n012699
15n012700,3,74,31,3,3166,3055,1185,15n012700
15n012705,2,326,26,2,3080,3052,4049,15n012705
15n012706,2,326,26,2,3080,3052,4049,15n012706
15n012768,2,280,26,2,3167,3136,2405,15n012768
15n012769,2,406,26,2,3168,3137,2866,15n012769
15n012770,3,160,36,3,3169,3138,919,15n012770
15n012774,2,280,26,2,3167,3136,2405,15n012774
15n012775,2,406,26,2,3168,3137,2866,15n012775
15n012776,3,160,36,3,3169,3138,919,15n012776
15n012778,3,160,36,3,3170,3139,1418,15n012778
15n012779,3,160,36,3,3170,3139,1418,15n012779
15n012782,2,406,26,2,3171,3140,2180,15n012782
15n012783,2,406,26,2,3171,3140,2180,15n012783
15n012784,2,280,26,2,3172,3141,3093,15n012784
15n012788,2,280,26,2,3172,3141,3093,15n012788
15n012801,2,270,26,2,3173,3142,4572,15n012801
15n012802,2,270,26,2,3173,3142,4572,15n012802
15n012803,2,272,26,2,3174,3143,5109,15n012803
15n012804,2,450,26,2,3175,3144,443,15n012804
15n012805,2,264,26,2,3176,3145,3196,15n012805
15n012806,2,272,26,2,3174,3143,5109,15n012806
15n012807,2,450,26,2,3175,3144,443,15n012807
15n012808,2,264,26,2,3176,3145,3196,15n012808
15n013011,3,150,30,3,3155,3126,119,15n013011
15n013013,2,214,22,2,3156,3127,1639,15n013013
15n013014,2,184,22,2,3157,3128,264,15n013014
15n013016,2,280,26,2,3158,3129,3193,15n013016
15n013017,2,370,26,2,3159,3130,395,15n013017
15n013019,2,304,24,2,3160,3131,4356,15n013019
15n013020,3,164,34,3,3161,3132,1499,15n013020
15n013022,3,186,26,3,3177,3146,1506,15n013022
15n013024,2,274,24,2,3178,3147,370,15n013024
15n013025,2,268,24,2,3179,3148,1855,15n013025
15n013027,2,364,26,2,3180,3149,804,15n013027
15n013028,2,382,26,2,3181,3150,2137,15n013028
15n013030,2,292,24,2,3182,3151,1776,15n013030
15n013031,2,250,24,2,3183,3152,4133,15n013031
15n013045,3,150,32,3,3184,3153,116,15n013045
15n013046,3,150,32,3,3184,3153,116,15n013046
15n013082,2,126,22,2,146,146,590,15n013082
15n013085,2,176,22,2,147,147,847,15n013085
15n013088,3,74,31,3,148,148,1656,15n013088
15n013091,2,326,26,2,40,40,3397,15n013091
15n013107,3,186,26,3,3177,3146,1506,15n013107
15n013109,2,274,24,2,3178,3147,370,15n013109
15n013110,2,268,24,2,3179,3148,1855,15n013110
15n013112,2,364,26,2,3180,3149,804,15n013112
15n013113,2,382,26,2,3181,3150,2137,15n013113
15n013115,2,292,24,2,3182,3151,1776,15n013115
15n013116,2,250,24,2,3183,3152,4133,15n013116
15n013163,3,80,21,3,3151,3122,90,15n013163
15n013168,2,154,22,2,3152,3123,2089,15n013168
15n013173,2,160,22,2,3153,3124,315,15n013173
15n013178,2,388,26,2,3154,3125,4792,15n013178
15n013518,3,168,29,3,3135,3106,3069,15n013518
15n013520,2,244,24,2,3136,3107,35,15n013520
15n013521,2,226,24,2,3137,3108,3516,15n013521
15n013523,2,322,26,2,3138,3109,153,15n013523
15n013524,2,376,26,2,3139,3110,3832,15n013524
15n013526,2,298,24,2,3140,3111,625,15n013526
15n013527,2,172,22,2,3141,3112,5111,15n013527
15n013529,2,190,24,2,3120,3091,952,15n013529
15n013530,2,262,24,2,3121,3092,681,15n013530
15n013531,2,280,24,2,3122,3093,1246,15n013531
15n013532,2,352,26,2,3123,3094,1333,15n013532
15n013533,2,298,26,2,3124,3095,1598,15n013533
15n013534,2,208,24,2,3125,3096,2498,15n013534
15n013535,2,334,26,2,3126,3097,3398,15n013535
15n013537,2,126,22,2,146,146,590,15n013537
15n013540,2,176,22,2,147,147,847,15n013540
15n013543,3,74,31,3,148,148,1656,15n013543
15n013546,2,326,26,2,40,40,3397,15n013546
15n013570,2,262,26,2,3185,3154,5244,15n013570
15n013577,2,280,26,2,3186,3155,5124,15n013577
15n013599,2,100,22,2,3187,3156,3010,15n013599
15n013606,2,226,24,2,3188,3157,3392,15n013606
15n013826,3,74,31,3,3085,3057,3699,15n013826
15n013832,3,74,31,3,3085,3057,3699,15n013832
15n013847,2,176,23,2,3189,3062,143,15n013847
15n013854,2,176,23,2,3189,3062,143,15n013854
15n014150,3,72,25,3,3190,3158,4968,15n014150
15n014155,2,370,27,2,3191,3159,71,15n014155
15n014235,2,406,26,2,3192,3160,1119,15n014235
15n014238,2,568,26,2,3193,3161,1371,15n014238
15n014239,3,242,37,3,3194,3162,2329,15n014239
15n014246,3,110,31,3,3195,3163,582,15n014246
15n014247,2,126,22,2,955,944,1449,15n014247
15n014256,2,176,22,2,665,662,319,15n014256
15n014257,3,96,31,3,2744,2718,1430,15n014257
15n014262,2,218,22,2,3196,3164,1180,15n014262
15n014263,3,74,31,3,188,187,2920,15n014263
15n014273,2,326,26,2,3197,3165,2113,15n014273
15n014274,3,150,27,3,3198,3166,2907,15n014274
15n014318,2,162,23,2,3199,3167,66,15n014318
15n014320,2,164,22,2,3200,3168,2356,15n014320
15n014327,2,156,22,2,3201,3169,812,15n014327
15n014330,2,134,24,2,3202,3170,4589,15n014330
15n014332,2,170,24,2,3203,3171,4597,15n014332
15n014467,3,162,24,3,3204,3172,1512,15n014467
15n014532,2,344,24,2,3205,3173,322,15n014532
15n014544,2,344,24,2,680,677,568,15n014544
15n014677,2,82,20,2,2839,2813,4527,15n014677
15n014680,2,394,26,2,3206,3174,164,15n014680
15n014723,2,376,26,2,3207,3175,2416,15n014723
15n014728,2,526,26,2,3208,3176,446,15n014728
15n014729,3,220,37,3,3209,3177,3919,15n014729
15n014763,2,320,26,2,3210,3178,484,15n014763
15n014764,2,438,26,2,3211,3179,2171,15n014764
15n014765,3,164,37,3,3212,3180,1427,15n014765
15n014769,2,310,26,2,3213,3181,622,15n014769
15n014770,2,424,26,2,3214,3182,1972,15n014770
15n014771,3,162,37,3,3215,3183,1684,15n014771
15n014809,2,320,26,2,3210,3178,484,15n014809
15n014810,2,438,26,2,3211,3179,2171,15n014810
15n014811,3,164,37,3,3212,3180,1427,15n014811
15n014812,2,310,26,2,3213,3181,622,15n014812
15n014813,2,424,26,2,3214,3182,1972,15n014813
15n014814,3,162,37,3,3215,3183,1684,15n014814
15n014826,3,138,33,3,3216,2659,2987,15n014826
15n014827,3,154,33,3,3217,3184,2325,15n014827
15n014835,3,192,27,3,3218,3185,1387,15n014835
15n014837,3,272,36,3,3219,3186,1422,15n014837
15n014885,3,82,32,3,3220,3187,2938,15n014885
15n014886,3,114,32,3,3221,3188,1960,15n014886
15n014893,4,56,33,4,3222,3189,1379,15n014893
15n014894,3,216,38,3,3223,3190,1447,15n014894
15n014916,2,286,24,2,3224,3191,2842,15n014916
15n014925,2,310,24,2,3225,3192,1062,15n014925
15n014964,2,352,26,2,3226,3193,268,15n014964
15n015017,2,208,24,2,3227,3194,5077,15n015017
15n015021,2,274,24,2,3228,3195,667,15n015021
15n015022,2,394,24,2,3229,3196,3534,15n015022
15n015026,2,196,24,2,3230,3197,3026,15n015026
15n015120,2,186,22,2,3231,3198,415,15n015120
15n015123,2,212,22,2,3232,3199,1343,15n015123
15n015126,3,140,32,3,3233,3200,1727,15n015126
15n015128,3,110,32,3,3234,3201,328,15n015128
15n015130,2,290,26,2,3235,3202,3959,15n015130
15n015178,3,82,32,3,3220,3187,2938,15n015178
15n015179,3,114,32,3,3221,3188,1960,15n015179
15n015182,4,56,33,4,3222,3189,1379,15n015182
15n015183,3,216,38,3,3223,3190,1447,15n015183
15n015205,2,90,22,2,3236,3203,4972,15n015205
15n015206,2,152,23,2,3237,3204,139,15n015206
15n015209,3,114,27,3,3238,3205,3686,15n015209
15n015210,2,338,27,2,3239,3206,70,15n015210
15n015220,4,54,33,4,3240,3207,5047,15n015220
15n015241,3,74,31,3,3085,3057,3699,15n015241
15n015248,3,74,31,3,3166,3055,1185,15n015248
15n015251,2,176,22,2,3082,3054,1342,15n015251
15n015260,2,176,23,2,3189,3062,143,15n015260
15n015320,2,352,26,2,3226,3193,268,15n015320
15n015322,3,162,24,3,3204,3172,1512,15n015322
15n015326,2,352,26,2,3241,3208,3131,15n015326
15n015328,2,514,26,2,3242,3209,2175,15n015328
15n015329,3,248,36,3,3243,3210,1433,15n015329
15n015343,3,104,32,3,3244,3211,2011,15n015343
15n015344,3,104,32,3,3245,3212,918,15n015344
15n015345,2,152,24,2,3246,3213,3072,15n015345
15n015477,3,92,31,3,3247,3214,4964,15n015477
15n015490,2,376,26,2,3248,3215,486,15n015490
15n015491,2,526,26,2,3249,3216,2183,15n015491
15n015492,3,220,37,3,3250,3217,1437,15n015492
15n015559,3,76,31,3,3251,3218,4478,15n015559
15n015566,2,190,24,2,3252,3219,50,15n015566
15n015582,3,76,31,3,3253,3220,1992,15n015582
15n015589,2,190,24,2,3254,3221,1157,15n015589
15n015607,2,202,24,2,3255,3222,1458,15n015607
15n015620,2,322,26,2,3256,3223,1559,15n015620
15n015621,2,508,26,2,3257,3224,860,15n015621
15n015622,3,302,36,3,3258,3225,2960,15n015622
15n015695,2,406,26,2,3259,3226,1562,15n015695
15n015696,2,568,26,2,3260,3227,867,15n015696
15n015697,3,242,37,3,3261,3228,3049,15n015697
15n015699,3,244,28,3,3262,3229,3110,15n015699
15n015700,2,382,26,2,3263,3230,155,15n015700
15n015701,3,284,35,3,3264,3231,4503,15n015701
15n015775,2,316,24,2,3265,3232,574,15n015775
15n015776,2,316,24,2,3265,3232,574,15n015776
15n015778,3,76,31,3,3253,3220,1992,15n015778
15n015781,2,190,24,2,3254,3221,1157,15n015781
15n015807,2,316,26,2,3266,3233,234,15n015807
15n015810,2,442,26,2,3267,3234,2881,15n015810
15n015811,3,176,37,3,3268,3235,904,15n015811
15n015814,3,244,28,3,3262,3229,3110,15n015814
15n015817,2,382,26,2,3263,3230,155,15n015817
15n015818,3,284,35,3,3264,3231,4503,15n015818
15n015833,2,276,24,2,952,942,1775,15n015833
15n015857,2,270,26,2,3269,3236,2687,15n015857
15n015882,2,436,26,2,3270,3237,248,15n015882
15n015883,2,562,26,2,3271,3238,2892,15n015883
15n015884,3,218,37,3,3272,3239,959,15n015884
15n015885,2,420,26,2,3273,3240,246,15n015885
15n015886,2,530,26,2,3274,3241,2889,15n015886
15n015887,3,186,36,3,3275,3242,957,15n015887
15n015890,2,316,24,2,3276,3243,3112,15n015890
15n015891,2,490,26,2,3277,3244,175,15n015891
15n015892,3,288,37,3,3278,3245,4495,15n015892
15n015931,2,182,24,2,3279,3246,4609,15n015931
15n015933,2,182,24,2,3279,3246,4609,15n015933
15n015941,2,376,26,2,3248,3215,486,15n015941
15n015942,2,526,26,2,3249,3216,2183,15n015942
15n015943,3,220,37,3,3250,3217,1437,15n015943
15n016129,2,156,22,2,3280,3247,1197,15n016129
15n016134,2,182,22,2,3281,3248,2855,15n016134
15n016141,3,110,30,3,3282,3249,412,15n016141
15n016144,3,104,32,3,3283,3250,23,15n016144
15n016147,2,260,26,2,3284,3251,2308,15n016147
15n016152,3,72,25,3,3190,3158,4968,15n016152
15n016155,2,370,27,2,3191,3159,71,15n016155
15n016170,2,126,22,2,3165,3053,338,15n016170
15n016171,2,78,22,2,3285,3252,2020,15n016171
15n016174,2,128,23,2,3286,3253,134,15n016174
15n016179,3,90,27,3,3287,3254,3685,15n016179
15n016182,2,278,26,2,3288,3255,1603,15n016182
15n016183,2,326,26,2,3080,3052,4049,15n016183
15n016203,3,138,33,3,3289,3256,3012,15n016203
15n016207,3,168,32,3,3290,3257,187,15n016207
15n016210,3,188,32,3,3291,3258,4472,15n016210
15n016215,2,336,24,2,3292,3259,580,15n016215
15n016216,2,246,26,2,3293,3260,965,15n016216
15n016217,2,344,26,2,3294,3261,1346,15n016217
15n016218,3,130,36,3,3295,3262,2226,15n016218
15n016236,2,406,26,2,3259,3226,1562,15n016236
15n016237,2,568,26,2,3260,3227,867,15n016237
15n016238,3,242,37,3,3261,3228,3049,15n016238
15n016239,2,406,26,2,3259,3226,1562,15n016239
15n016242,2,568,26,2,3260,3227,867,15n016242
15n016243,3,242,37,3,3261,3228,3049,15n016243
15n016343,2,182,22,2,3281,3248,2855,15n016343
15n016344,2,156,22,2,3280,3247,1197,15n016344
15n016351,2,260,26,2,3284,3251,2308,15n016351
15n016352,3,110,30,3,3282,3249,412,15n016352
15n016354,3,104,32,3,3283,3250,23,15n016354
15n016356,2,172,24,2,3296,3263,5072,15n016356
15n016357,2,262,26,2,3297,3264,346,15n016357
15n016358,3,148,35,3,3298,3265,3871,15n016358
15n016359,2,406,26,2,3299,3266,2732,15n016359
15n016360,3,128,35,3,3300,3267,714,15n016360
15n016363,2,154,24,2,3301,3268,4980,15n016363
15n016364,2,280,26,2,3302,3269,521,15n016364
15n016365,3,242,31,3,3303,3270,3691,15n016365
15n016366,2,280,26,2,3304,3271,2309,15n016366
15n016367,3,186,34,3,3305,3272,1013,15n016367
15n016419,2,172,24,2,3296,3263,5072,15n016419
15n016420,2,262,26,2,3297,3264,346,15n016420
15n016421,3,148,35,3,3298,3265,3871,15n016421
15n016422,2,406,26,2,3299,3266,2732,15n016422
15n016423,3,128,35,3,3300,3267,714,15n016423
15n016424,2,154,24,2,3301,3268,4980,15n016424
15n016425,2,280,26,2,3302,3269,521,15n016425
15n016426,3,242,31,3,3303,3270,3691,15n016426
15n016427,2,280,26,2,3304,3271,2309,15n016427
15n016428,3,186,34,3,3305,3272,1013,15n016428
15n016434,2,190,24,2,3306,3273,1015,15n016434
15n016435,2,190,24,2,3306,3273,1015,15n016435
15n016438,2,244,24,2,3307,3274,3838,15n016438
15n016439,2,244,24,2,3307,3274,3838,15n016439
15n016442,3,128,35,3,3308,3275,460,15n016442
15n016443,3,128,35,3,3308,3275,460,15n016443
15n016446,2,406,26,2,3309,3276,3402,15n016446
15n016447,2,406,26,2,3309,3276,3402,15n016447
15n016448,2,172,24,2,3310,3277,4717,15n016448
15n016451,2,262,26,2,3311,3278,591,15n016451
15n016452,3,148,35,3,3312,3279,3237,15n016452
15n016455,2,154,24,2,3313,3280,4563,15n016455
15n016458,2,226,24,2,3314,3281,3664,15n016458
15n016459,2,208,24,2,3315,3282,1233,15n016459
15n016462,2,280,26,2,3316,3283,795,15n016462
15n016463,3,242,31,3,3317,3284,2904,15n016463
15n016466,2,280,26,2,3318,3285,3031,15n016466
15n016467,3,186,34,3,3319,3286,610,15n016467
15n016495,2,172,24,2,3310,3277,4717,15n016495
15n016496,2,262,26,2,3311,3278,591,15n016496
15n016497,3,148,35,3,3312,3279,3237,15n016497
15n016498,2,154,24,2,3313,3280,4563,15n016498
15n016499,2,226,24,2,3314,3281,3664,15n016499
15n016500,2,208,24,2,3315,3282,1233,15n016500
15n016501,2,280,26,2,3316,3283,795,15n016501
15n016502,3,242,31,3,3317,3284,2904,15n016502
15n016503,2,280,26,2,3318,3285,3031,15n016503
15n016504,3,186,34,3,3319,3286,610,15n016504
15n016570,2,406,26,2,3192,3160,1119,15n016570
15n016573,2,568,26,2,3193,3161,1371,15n016573
15n016574,3,242,37,3,3194,3162,2329,15n016574
15n016582,2,134,24,2,3202,3170,4589,15n016582
15n016621,3,104,25,3,3320,3287,1490,15n016621
15n016623,3,226,27,3,3321,3288,1,15n016623
15n016625,2,416,26,2,3028,3000,1314,15n016625
15n016656,2,192,22,2,3322,3289,547,15n016656
15n016663,2,194,22,2,563,560,4015,15n016663
15n016668,2,186,22,2,3323,3290,167,15n016668
15n016677,2,200,24,2,3324,3291,3088,15n016677
15n016760,2,228,24,2,3325,3292,5118,15n016760
15n016761,2,350,26,2,3326,3293,360,15n016761
15n016762,3,204,35,3,3327,3294,3888,15n016762
15n016763,3,182,35,3,3328,3295,1498,15n016763
15n016764,2,492,26,2,3329,3296,1816,15n016764
15n016781,2,326,26,2,37,37,2692,15n016781
15n016784,3,142,34,3,3330,3297,2932,15n016784
15n016787,2,246,24,2,3331,3298,1633,15n016787
15n016840,2,118,22,2,3332,3299,337,15n016840
15n016841,2,136,22,2,3333,3300,1338,15n016841
15n016844,3,98,33,3,3334,3301,1688,15n016844
15n016847,2,190,24,2,3335,3302,3947,15n016847
15n016881,2,274,24,2,3228,3195,667,15n016881
15n016886,2,394,24,2,3229,3196,3534,15n016886
15n016905,2,256,24,2,3336,3303,2500,15n016905
15n016924,3,26,21,3,3337,3304,4259,15n016924
15n016931,2,64,24,2,3338,3305,59,15n016931
15n016976,2,192,22,2,3322,3289,547,15n016976
15n016983,2,194,22,2,563,560,4015,15n016983
15n016986,2,186,22,2,3323,3290,167,15n016986
15n016988,3,104,25,3,3320,3287,1490,15n016988
15n016995,2,200,24,2,3324,3291,3088,15n016995
15n017001,2,416,26,2,3028,3000,1314,15n017001
15n017002,3,226,27,3,3321,3288,1,15n017002
15n017066,2,152,24,2,3246,3213,3072,15n017066
15n017067,3,104,32,3,3245,3212,918,15n017067
15n017068,3,104,32,3,3244,3211,2011,15n017068
15n017081,2,228,24,2,3325,3292,5118,15n017081
15n017082,2,350,26,2,3326,3293,360,15n017082
15n017083,3,204,35,3,3327,3294,3888,15n017083
15n017084,3,182,35,3,3328,3295,1498,15n017084
15n017085,2,492,26,2,3329,3296,1816,15n017085
15n017086,3,218,25,3,3339,3306,3091,15n017086
15n017089,2,362,26,2,3340,3307,2106,15n017089
15n017091,3,202,36,3,3341,3308,117,15n017091
15n017092,2,576,26,2,3342,3309,4411,15n017092
15n017126,2,326,26,2,3197,3165,2113,15n017126
15n017317,2,90,22,2,3236,3203,4972,15n017317
15n017318,2,152,23,2,3237,3204,139,15n017318
15n017323,3,114,27,3,3238,3205,3686,15n017323
15n017324,2,338,27,2,3239,3206,70,15n017324
15n017355,2,344,24,2,680,677,568,15n017355
15n017360,3,154,33,3,3217,3184,2325,15n017360
15n017363,3,138,33,3,3216,2659,2987,15n017363
15n017369,3,272,36,3,3219,3186,1422,15n017369
15n017372,3,192,27,3,3218,3185,1387,15n017372
15n017403,2,286,24,2,3224,3191,2842,15n017403
15n017412,2,310,24,2,3225,3192,1062,15n017412
15n017427,3,154,28,3,3343,3310,3734,15n017427
15n017430,3,92,31,3,3247,3214,4964,15n017430
15n017435,2,326,26,2,37,37,2692,15n017435
15n017443,2,490,26,2,3344,3311,1070,15n017443
15n017444,2,628,26,2,3345,3312,1378,15n017444
15n017445,3,204,36,3,3346,3313,2289,15n017445
15n017486,2,316,26,2,3266,3233,234,15n017486
15n017487,2,442,26,2,3267,3234,2881,15n017487
15n017488,3,176,37,3,3268,3235,904,15n017488
15n017517,2,316,24,2,3276,3243,3112,15n017517
15n017518,2,490,26,2,3277,3244,175,15n017518
15n017519,3,288,37,3,3278,3245,4495,15n017519
15n017520,3,216,25,3,3347,3314,742,15n017520
15n017521,2,354,26,2,3348,3315,1612,15n017521
15n017522,3,264,36,3,3349,3316,2003,15n017522
15n017527,2,436,26,2,3270,3237,248,15n017527
15n017528,2,562,26,2,3271,3238,2892,15n017528
15n017529,3,218,37,3,3272,3239,959,15n017529
15n017540,2,376,26,2,3248,3215,486,15n017540
15n017541,2,526,26,2,3249,3216,2183,15n017541
15n017542,3,220,37,3,3250,3217,1437,15n017542
15n017567,3,160,36,3,3350,3317,2013,15n017567
15n017570,3,160,36,3,3350,3317,2013,15n017570
15n017611,2,316,24,2,3351,3318,578,15n017611
15n017612,2,316,24,2,3351,3318,578,15n017612
15n017646,2,316,26,2,3352,3319,3111,15n017646
15n017647,2,442,26,2,3353,3320,178,15n017647
15n017648,3,176,37,3,3354,3321,4515,15n017648
15n017651,2,352,26,2,3355,3322,3816,15n017651
15n017652,2,226,26,2,3356,3323,125,15n017652
15n017653,2,316,26,2,3357,3324,3216,15n017653
15n017654,3,126,37,3,3358,3325,703,15n017654
15n017656,2,352,26,2,3359,3326,1307,15n017656
15n017657,2,316,26,2,3360,3327,265,15n017657
15n017658,2,442,26,2,3361,3328,2865,15n017658
15n017659,3,176,37,3,3362,3329,924,15n017659
15n017704,3,216,25,3,3347,3314,742,15n017704
15n017705,2,354,26,2,3348,3315,1612,15n017705
15n017706,3,264,36,3,3349,3316,2003,15n017706
15n017711,3,110,32,3,3234,3201,328,15n017711
15n017738,2,164,22,2,3200,3168,2356,15n017738
15n017741,2,162,23,2,3199,3167,66,15n017741
15n017744,2,170,24,2,3203,3171,4597,15n017744
15n017747,2,156,22,2,3201,3169,812,15n017747
15n017807,2,344,24,2,660,657,863,15n017807
15n017829,2,344,24,2,680,677,568,15n017829
15n017862,3,150,33,3,703,696,955,15n017862
15n017863,3,188,32,3,3291,3258,4472,15n017863
15n017866,3,168,32,3,3290,3257,187,15n017866
15n017867,2,366,24,2,3363,3330,2190,15n017867
15n017868,2,406,26,2,3364,3331,2807,15n017868
15n017884,3,154,28,3,3343,3310,3734,15n017884
15n017885,2,202,24,2,3255,3222,1458,15n017885
15n017897,2,352,26,2,3359,3326,1307,15n017897
15n017909,2,126,22,2,955,944,1449,15n017909
15n017912,2,176,22,2,665,662,319,15n017912
15n017919,3,74,31,3,188,187,2920,15n017919
15n017923,2,326,26,2,3197,3165,2113,15n017923
15n018014,3,96,31,3,2744,2718,1430,15n018014
15n018015,3,110,31,3,3195,3163,582,15n018015
15n018018,3,150,27,3,3198,3166,2907,15n018018
15n018019,2,218,22,2,3196,3164,1180,15n018019
15n018087,2,270,26,2,3269,3236,2687,15n018087
15n018118,2,406,26,2,3365,3332,1526,15n018118
15n018121,2,568,26,2,3366,3333,873,15n018121
15n018122,3,242,37,3,3367,3334,3006,15n018122
15n018169,3,138,33,3,3289,3256,3012,15n018169
15n018172,2,336,24,2,3292,3259,580,15n018172
15n018214,2,376,26,2,3248,3215,486,15n018214
15n018215,2,526,26,2,3249,3216,2183,15n018215
15n018216,3,220,37,3,3250,3217,1437,15n018216
15n018286,2,352,26,2,3355,3322,3816,15n018286
15n018314,2,376,26,2,3207,3175,2416,15n018314
15n018317,2,526,26,2,3208,3176,446,15n018317
15n018318,3,220,37,3,3209,3177,3919,15n018318
15n018396,2,290,24,2,3368,3335,4048,15n018396
15n018399,2,432,26,2,3369,3336,1315,15n018399
15n018401,3,240,36,3,3370,3337,483,15n018401
15n018402,2,578,26,2,3371,3338,3610,15n018402
15n018404,2,208,24,2,3227,3194,5077,15n018404
15n018415,2,82,20,2,2839,2813,4527,15n018415
15n018416,2,394,26,2,3206,3174,164,15n018416
15n018633,2,406,26,2,3259,3226,1562,15n018633
15n018636,2,568,26,2,3260,3227,867,15n018636
15n018637,3,242,37,3,3261,3228,3049,15n018637
15n018646,2,246,26,2,3293,3260,965,15n018646
15n018647,2,344,26,2,3294,3261,1346,15n018647
15n018648,3,130,36,3,3295,3262,2226,15n018648
15n018658,2,400,26,2,3372,3339,241,15n018658
15n018659,2,502,26,2,3373,3340,2885,15n018659
15n018660,3,222,36,3,3374,3341,963,15n018660
15n018675,2,316,26,2,3352,3319,3111,15n018675
15n018676,2,442,26,2,3353,3320,178,15n018676
15n018677,3,176,37,3,3354,3321,4515,15n018677
15n018678,2,226,26,2,3356,3323,125,15n018678
15n018679,2,316,26,2,3357,3324,3216,15n018679
15n018680,3,126,37,3,3358,3325,703,15n018680
15n018681,2,316,26,2,3360,3327,265,15n018681
15n018682,2,442,26,2,3361,3328,2865,15n018682
15n018683,3,176,37,3,3362,3329,924,15n018683
15n018717,2,420,26,2,3273,3240,246,15n018717
15n018718,2,530,26,2,3274,3241,2889,15n018718
15n018719,3,186,36,3,3275,3242,957,15n018719
15n018787,3,76,31,3,3251,3218,4478,15n018787
15n018790,2,190,24,2,3252,3219,50,15n018790
15n018792,3,26,21,3,3337,3304,4259,15n018792
15n018795,2,64,24,2,3338,3305,59,15n018795
15n018811,2,400,26,2,3372,3339,241,15n018811
15n018817,2,502,26,2,3373,3340,2885,15n018817
15n018818,3,222,36,3,3374,3341,963,15n018818
15n018874,2,226,26,2,3375,3342,3288,15n018874
15n018877,2,316,26,2,3376,3343,96,15n018877
15n018878,3,126,37,3,3377,3344,4693,15n018878
15n018881,2,316,26,2,3378,3345,3035,15n018881
15n018884,2,442,26,2,3379,3346,182,15n018884
15n018885,3,176,37,3,3380,3347,4494,15n018885
15n019003,3,74,31,3,188,187,2920,15n019003
15n019006,2,256,24,2,3336,3303,2500,15n019006
15n019008,2,176,22,2,665,662,319,15n019008
15n019113,2,246,26,2,3381,3348,1465,15n019113
15n019114,2,344,26,2,3382,3349,850,15n019114
15n019115,3,130,36,3,3383,3350,2939,15n019115
15n019133,2,406,26,2,3384,3351,1069,15n019133
15n019134,2,568,26,2,3385,3352,1376,15n019134
15n019135,3,242,37,3,3386,3353,2276,15n019135
15n019205,2,78,22,2,3285,3252,2020,15n019205
15n019206,2,128,23,2,3286,3253,134,15n019206
15n019209,3,90,27,3,3287,3254,3685,15n019209
15n019210,2,278,26,2,3288,3255,1603,15n019210
15n019211,2,322,26,2,3256,3223,1559,15n019211
15n019212,2,508,26,2,3257,3224,860,15n019212
15n019213,3,302,36,3,3258,3225,2960,15n019213
15n019303,3,234,36,3,3387,3354,2251,15n019303
15n019310,3,272,36,3,3388,3355,1396,15n019310
15n019350,2,126,22,2,3165,3053,338,15n019350
15n019351,2,176,22,2,3082,3054,1342,15n019351
15n019358,3,74,31,3,3166,3055,1185,15n019358
15n019360,2,326,26,2,3080,3052,4049,15n019360
15n019393,2,118,22,2,3332,3299,337,15n019393
15n019394,2,136,22,2,3333,3300,1338,15n019394
15n019397,3,98,33,3,3334,3301,1688,15n019397
15n019398,2,190,24,2,3335,3302,3947,15n019398
15n019415,2,246,24,2,3331,3298,1633,15n019415
15n019507,2,376,26,2,3248,3215,486,15n019507
15n019508,2,526,26,2,3249,3216,2183,15n019508
15n019509,3,220,37,3,3250,3217,1437,15n019509
15n019558,2,186,22,2,3231,3198,415,15n019558
15n019559,2,212,22,2,3232,3199,1343,15n019559
15n019562,3,140,32,3,3233,3200,1727,15n019562
15n019563,2,290,26,2,3235,3202,3959,15n019563
15n019697,2,376,26,2,3207,3175,2416,15n019697
15n019700,2,526,26,2,3208,3176,446,15n019700
15n019701,3,220,37,3,3209,3177,3919,15n019701
15n019737,3,142,34,3,3330,3297,2932,15n019737
15n019808,2,246,26,2,3381,3348,1465,15n019808
15n019811,2,344,26,2,3382,3349,850,15n019811
15n019812,3,130,36,3,3383,3350,2939,15n019812
15n019906,2,226,26,2,3375,3342,3288,15n019906
15n019907,2,316,26,2,3376,3343,96,15n019907
15n019908,3,126,37,3,3377,3344,4693,15n019908
15n019909,2,316,26,2,3378,3345,3035,15n019909
15n019910,2,442,26,2,3379,3346,182,15n019910
15n019911,3,176,37,3,3380,3347,4494,15n019911
15n019936,2,414,26,2,2921,2893,15,15n019936
15n019937,3,162,36,3,2920,2892,1444,15n019937
15n019940,3,184,35,3,2919,2891,224,15n019940
15n019941,3,318,31,3,2918,2890,2908,15n019941
15n019950,2,246,26,2,3381,3348,1465,15n019950
15n019951,2,344,26,2,3382,3349,850,15n019951
15n019952,3,130,36,3,3383,3350,2939,15n019952
15n019987,2,376,26,2,3207,3175,2416,15n019987
15n019988,2,526,26,2,3208,3176,446,15n019988
15n019989,3,220,37,3,3209,3177,3919,15n019989
15n020045,3,122,34,3,3389,3356,2945,15n020045
15n020046,3,122,34,3,3389,3356,2945,15n020046
15n020049,3,192,29,3,3390,3357,1382,15n020049
15n020050,3,192,29,3,3390,3357,1382,15n020050
15n020059,4,50,34,4,3391,3358,2602,15n020059
15n020060,4,50,33,4,3392,3359,2895,15n020060
15n020063,3,120,33,3,3393,3360,673,15n020063
15n020064,3,120,32,3,3394,3361,842,15n020064
15n020100,2,288,26,2,2923,2895,3036,15n020100
15n020102,3,218,36,3,2922,2894,6,15n020102
15n020140,4,50,33,4,3392,3359,2895,15n020140
15n020142,4,50,34,4,3391,3358,2602,15n020142
15n020145,3,120,32,3,3394,3361,842,15n020145
15n020148,3,120,33,3,3393,3360,673,15n020148
15n020166,2,406,26,2,3384,3351,1069,15n020166
15n020169,2,568,26,2,3385,3352,1376,15n020169
15n020170,3,242,37,3,3386,3353,2276,15n020170
15n020200,2,490,26,2,3344,3311,1070,15n020200
15n020201,2,628,26,2,3345,3312,1378,15n020201
15n020202,3,204,36,3,3346,3313,2289,15n020202
15n020301,3,182,38,3,3395,3362,1403,15n020301
15n020305,2,352,26,2,3241,3208,3131,15n020305
15n020306,2,514,26,2,3242,3209,2175,15n020306
15n020307,3,248,36,3,3243,3210,1433,15n020307
15n020323,3,74,31,3,188,187,2920,15n020323
15n020324,2,176,22,2,665,662,319,15n020324
15n020475,2,196,24,2,3230,3197,3026,15n020475
15n020479,2,282,26,2,3396,3363,128,15n020479
15n020480,2,404,26,2,3397,3364,3225,15n020480
15n020481,3,182,37,3,3398,3365,706,15n020481
15n020482,2,292,26,2,3399,3366,233,15n020482
15n020483,2,418,26,2,3400,3367,2871,15n020483
15n020484,3,184,37,3,3401,3368,902,15n020484
15n020492,2,406,26,2,3365,3332,1526,15n020492
15n020493,2,568,26,2,3366,3333,873,15n020493
15n020494,3,242,37,3,3367,3334,3006,15n020494
15n020626,2,406,26,2,3384,3351,1069,15n020626
15n020627,2,568,26,2,3385,3352,1376,15n020627
15n020628,3,242,37,3,3386,3353,2276,15n020628
15n020646,2,406,26,2,3384,3351,1069,15n020646
15n020647,2,568,26,2,3385,3352,1376,15n020647
15n020648,3,242,37,3,3386,3353,2276,15n020648
15n020661,2,246,26,2,3381,3348,1465,15n020661
15n020662,2,344,26,2,3382,3349,850,15n020662
15n020663,3,130,36,3,3383,3350,2939,15n020663
15n020689,2,376,26,2,3207,3175,2416,15n020689
15n020690,2,526,26,2,3208,3176,446,15n020690
15n020691,3,220,37,3,3209,3177,3919,15n020691
15n020825,2,334,26,2,3402,3369,1478,15n020825
15n020826,3,150,32,3,3403,3370,5049,15n020826
15n020827,2,244,22,2,3404,3371,1969,15n020827
15n020828,3,160,35,3,3405,3372,5469,15n020828
15n020833,3,160,35,3,3406,3372,466,15n020833
15n020834,2,244,22,2,3407,3371,3220,15n020834
15n020835,3,150,32,3,3408,3370,1009,15n020835
15n020836,2,334,26,2,3409,3369,4679,15n020836
15n020842,3,74,31,3,3085,3057,3699,15n020842
15n020847,2,176,23,2,3189,3062,143,15n020847
15n020936,2,326,26,2,3197,3165,2113,15n020936
15n021035,2,344,24,2,660,657,863,15n021035
15n021059,2,550,26,2,3410,3373,4079,15n021059
15n021060,3,272,35,3,3411,3374,1410,15n021060
15n021063,3,272,35,3,3412,3374,5126,15n021063
15n021064,2,550,26,2,3413,3373,2192,15n021064
15n021087,3,250,36,3,3076,3048,2977,15n021087
15n021091,2,532,26,2,3077,3049,3855,15n021091
15n021093,2,376,26,2,3207,3175,2416,15n021093
15n021094,2,526,26,2,3208,3176,446,15n021094
15n021095,3,220,37,3,3209,3177,3919,15n021095
15n021131,2,344,24,2,3205,3173,322,15n021131
15n021142,2,344,24,2,680,677,568,15n021142
15n021191,2,282,26,2,3396,3363,128,15n021191
15n021192,2,404,26,2,3397,3364,3225,15n021192
15n021193,3,182,37,3,3398,3365,706,15n021193
15n021194,2,292,26,2,3399,3366,233,15n021194
15n021195,2,418,26,2,3400,3367,2871,15n021195
15n021196,3,184,37,3,3401,3368,902,15n021196
15n021210,2,550,26,2,3410,3373,4079,15n021210
15n021211,3,272,35,3,3411,3374,1410,15n021211
15n021214,3,272,35,3,3412,3374,5126,15n021214
15n021215,2,550,26,2,3413,3373,2192,15n021215
15n021236,2,334,26,2,3402,3369,1478,15n021236
15n021237,3,150,32,3,3403,3370,5049,15n021237
15n021238,2,244,22,2,3404,3371,1969,15n021238
15n021239,3,160,35,3,3405,3372,5469,15n021239
15n021244,3,160,35,3,3406,3372,466,15n021244
15n021245,2,244,22,2,3407,3371,3220,15n021245
15n021246,3,150,32,3,3408,3370,1009,15n021246
15n021247,2,334,26,2,3409,3369,4679,15n021247
15n021252,3,150,33,3,703,696,955,15n021252
15n021255,2,366,24,2,3363,3330,2190,15n021255
15n021256,2,406,26,2,3364,3331,2807,15n021256
15n021272,2,376,26,2,3248,3215,486,15n021272
15n021273,2,526,26,2,3249,3216,2183,15n021273
15n021274,3,220,37,3,3250,3217,1437,15n021274
15n021354,3,296,31,3,3414,3375,1386,15n021354
15n021355,2,370,26,2,3415,3376,5260,15n021355
15n021356,3,170,36,3,3416,3377,3009,15n021356
15n021359,3,132,35,3,3417,3378,1661,15n021359
15n021366,3,188,31,3,3418,3379,1383,15n021366
15n021369,3,202,36,3,3419,3380,1659,15n021369
15n021372,3,82,34,3,3420,3381,5499,15n021372
15n021375,3,168,36,3,3421,3382,5463,15n021375
15n021382,3,296,31,3,3414,3375,1386,15n021382
15n021383,2,370,26,2,3415,3376,5260,15n021383
15n021384,3,170,36,3,3416,3377,3009,15n021384
15n021420,2,352,26,2,3422,3383,4789,15n021420
15n021421,2,334,26,2,3423,3384,5015,15n021421
15n021422,3,154,36,3,3424,3385,3265,15n021422
15n021426,2,352,26,2,3422,3383,4789,15n021426
15n021427,2,334,26,2,3423,3384,5015,15n021427
15n021428,3,154,36,3,3424,3385,3265,15n021428
15n021490,2,588,26,2,3425,3386,4827,15n021490
15n021491,3,270,36,3,3024,2996,1047,15n021491
15n021492,3,258,37,3,3079,3051,3920,15n021492
15n021495,3,266,36,3,3426,3387,2253,15n021495
15n021512,3,184,37,3,3427,3388,2336,15n021512
15n021514,3,234,36,3,3428,3389,1017,15n021514
15n021515,3,196,34,3,3429,3390,1228,15n021515
15n021516,3,184,37,3,3427,3388,2336,15n021516
15n021543,2,262,24,2,3430,3391,3952,15n021543
15n021544,2,262,24,2,3430,3391,3952,15n021544
15n021545,3,198,35,3,3431,3392,5325,15n021545
15n021546,2,392,26,2,3432,3393,1212,15n021546
15n021547,3,162,35,3,3433,3394,4552,15n021547
15n021548,2,300,24,2,3434,3395,557,15n021548
15n021549,2,242,24,2,3435,3396,1165,15n021549
15n021550,3,212,37,3,3436,3397,2269,15n021550
15n021551,2,480,26,2,3437,3398,4815,15n021551
15n021552,3,314,35,3,3438,3399,1056,15n021552
15n021553,2,300,24,2,3434,3395,557,15n021553
15n021554,2,242,24,2,3435,3396,1165,15n021554
15n021582,3,212,37,3,3436,3397,2269,15n021582
15n021583,2,480,26,2,3437,3398,4815,15n021583
15n021584,3,314,35,3,3438,3399,1056,15n021584
15n021585,3,198,35,3,3431,3392,5325,15n021585
15n021586,2,392,26,2,3432,3393,1212,15n021586
15n021587,3,162,35,3,3433,3394,4552,15n021587
15n021612,3,234,36,3,3428,3389,1017,15n021612
15n021613,3,196,34,3,3429,3390,1228,15n021613
15n021649,3,154,36,3,3439,3400,4534,15n021649
15n021652,3,154,36,3,3439,3400,4534,15n021652
15n021688,3,190,36,3,3440,3401,3935,15n021688
15n021697,3,332,36,3,3072,3044,2407,15n021697
15n021699,2,588,26,2,3425,3386,4827,15n021699
15n021700,3,270,36,3,3024,2996,1047,15n021700
15n021717,3,266,36,3,3426,3387,2253,15n021717
15n021746,3,204,37,3,3441,3402,5061,15n021746
15n021747,3,154,36,3,3442,3403,4957,15n021747
15n021786,3,190,36,3,3440,3401,3935,15n021786
15n021787,3,204,37,3,3441,3402,5061,15n021787
15n021788,3,154,36,3,3442,3403,4957,15n021788
15n021816,3,234,36,3,3443,3404,4514,15n021816
15n021817,2,550,26,2,3444,3405,3469,15n021817
15n021818,3,272,35,3,3445,3406,5357,15n021818
15n021821,3,234,36,3,3443,3404,4514,15n021821
15n021822,2,550,26,2,3444,3405,3469,15n021822
15n021823,3,272,35,3,3445,3406,5357,15n021823
15n021824,3,234,36,3,3446,3407,3901,15n021824
15n021827,3,234,36,3,3446,3407,3901,15n021827
15n021867,3,290,36,3,3073,3045,4045,15n021867
15n021868,2,532,26,2,3074,3046,4453,15n021868
15n021869,3,250,36,3,3075,3047,2252,15n021869
15n021872,3,290,36,3,3073,3045,4045,15n021872
15n021873,2,532,26,2,3074,3046,4453,15n021873
15n021874,3,250,36,3,3075,3047,2252,15n021874
15n021875,3,290,36,3,3078,3050,4619,15n021875
15n021878,3,290,36,3,3078,3050,4619,15n021878
15n021896,2,350,24,2,3447,3408,4051,15n021896
15n021897,3,230,33,3,3448,3409,3367,15n021897
15n021903,2,290,26,2,3449,3410,4620,15n021903
15n021904,2,594,26,2,3450,3411,3548,15n021904
15n021905,3,290,38,3,3087,3059,3997,15n021905
15n021909,2,190,24,2,3451,3412,4599,15n021909
15n021910,2,190,24,2,3451,3412,4599,15n021910
15n021922,3,282,38,3,3089,3061,3061,15n021922
15n021926,2,526,26,2,3452,3413,4166,15n021926
15n021927,2,526,26,2,3452,3413,4166,15n021927
15n021931,3,322,38,3,3094,3066,4131,15n021931
15n021933,2,594,26,2,3450,3411,3548,15n021933
15n021934,2,290,26,2,3449,3410,4620,15n021934
15n021936,3,230,33,3,3448,3409,3367,15n021936
15n021937,2,350,24,2,3447,3408,4051,15n021937
15n021938,3,260,37,3,3453,3414,2353,15n021938
15n021941,3,260,37,3,3453,3414,2353,15n021941
15n021962,2,388,26,2,3454,3415,3104,15n021962
15n021963,2,388,26,2,3454,3415,3104,15n021963
15n021967,2,370,26,2,3455,3416,3382,15n021967
15n021968,2,370,26,2,3455,3416,3382,15n021968
15n022001,2,300,26,2,89,89,2391,15n022001
15n022024,2,82,22,2,3456,3417,4493,15n022024
15n022025,2,82,22,2,3456,3417,4493,15n022025
15n022027,2,148,22,2,3457,819,310,15n022027
15n022028,2,136,22,2,3458,3418,317,15n022028
15n022029,2,136,22,2,3458,3418,317,15n022029
15n022032,2,82,22,2,3459,3419,2063,15n022032
15n022033,2,82,22,2,3459,3419,2063,15n022033
15n022036,2,298,26,2,3460,3420,163,15n022036
15n022037,2,298,26,2,3460,3420,163,15n022037
15n022076,3,48,24,3,3461,3421,87,15n022076
15n022077,3,48,24,3,3461,3421,87,15n022077
15n022083,2,244,26,2,3462,3422,4714,15n022083
15n022085,2,244,26,2,3462,3422,4714,15n022085
15n022171,2,94,20,2,3463,3423,1438,15n022171
15n022180,2,184,22,2,3464,3424,320,15n022180
15n022183,2,178,22,2,3465,3425,2090,15n022183
15n022192,2,454,26,2,3466,3426,2174,15n022192
15n022288,2,98,22,2,3467,3427,3883,15n022288
15n022292,2,168,22,2,639,636,570,15n022292
15n022295,2,114,22,2,3468,3428,1582,15n022295
15n022299,2,378,26,2,3469,3429,433,15n022299
15n022363,2,172,24,2,3470,3430,2291,15n022363
15n022365,2,240,24,2,3471,3431,95,15n022365
15n022366,2,254,24,2,3472,3432,2681,15n022366
15n022368,2,322,26,2,3473,3433,372,15n022368
15n022369,2,280,26,2,3474,3141,3197,15n022369
15n022371,2,198,24,2,3475,3434,1026,15n022371
15n022372,2,296,24,2,3476,3435,4780,15n022372
15n022406,3,64,23,3,3477,3436,296,15n022406
15n022407,2,324,26,2,3478,3437,4298,15n022407
15n022425,2,226,26,2,3479,3438,3943,15n022425
15n022428,2,376,26,2,3480,3439,1354,15n022428
15n022429,2,226,26,2,3481,3440,1588,15n022429
15n022491,3,128,32,3,3482,3441,720,15n022491
15n022545,2,206,24,2,3483,3442,1507,15n022545
15n022549,2,306,24,2,3484,3443,399,15n022549
15n022550,2,308,24,2,3485,3444,1859,15n022550
15n022554,2,408,26,2,3486,3445,823,15n022554
15n022555,2,402,26,2,3487,3446,2133,15n022555
15n022559,2,300,24,2,3488,3447,1857,15n022559
15n022560,2,314,24,2,3489,3448,4142,15n022560
15n022628,2,102,20,2,3490,3449,674,15n022628
15n022631,2,176,22,2,3491,3450,782,15n022631
15n022636,3,138,28,3,3492,3451,1652,15n022636
15n022639,2,398,26,2,3493,3452,3309,15n022639
15n022692,2,94,20,2,3463,3423,1438,15n022692
15n022695,2,184,22,2,3464,3424,320,15n022695
15n022698,2,178,22,2,3465,3425,2090,15n022698
15n022701,2,454,26,2,3466,3426,2174,15n022701
15n022713,3,72,21,3,3494,3453,457,15n022713
15n022714,3,72,21,3,3494,3453,457,15n022714
15n022717,2,138,22,2,3495,3454,1155,15n022717
15n022718,2,138,22,2,3495,3454,1155,15n022718
15n022721,2,144,22,2,3496,3455,792,15n022721
15n022722,2,144,22,2,3496,3455,792,15n022722
15n022725,2,348,26,2,3497,3456,3781,15n022725
15n022726,2,348,26,2,3497,3456,3781,15n022726
15n022789,3,128,32,3,3482,3441,720,15n022789
15n022791,2,226,26,2,3481,3440,1588,15n022791
15n022792,2,376,26,2,3480,3439,1354,15n022792
15n022866,2,244,26,2,3498,3457,5078,15n022866
15n022867,2,406,26,2,3499,3458,441,15n022867
15n022868,2,244,26,2,3500,3459,3191,15n022868
15n022885,2,244,26,2,3498,3457,5078,15n022885
15n022886,2,406,26,2,3499,3458,441,15n022886
15n022887,2,244,26,2,3500,3459,3191,15n022887
15n022916,3,138,32,3,3501,3460,115,15n022916
15n022922,3,138,32,3,3501,3460,115,15n022922
15n022932,2,226,26,2,3479,3438,3943,15n022932
15n022966,2,258,26,2,3502,3461,953,15n022966
15n022971,2,404,26,2,3503,3462,1361,15n022971
15n022972,2,182,26,2,3504,3463,1584,15n022972
15n023028,2,98,22,2,3467,3427,3883,15n023028
15n023029,2,168,22,2,639,636,570,15n023029
15n023032,2,114,22,2,3468,3428,1582,15n023032
15n023033,2,378,26,2,3469,3429,433,15n023033
15n023068,3,64,23,3,3477,3436,296,15n023068
15n023069,2,324,26,2,3478,3437,4298,15n023069
15n023072,2,300,26,2,89,89,2391,15n023072
15n023124,2,150,22,2,3505,3464,1010,15n023124
15n023150,2,172,24,2,3470,3430,2291,15n023150
15n023152,2,240,24,2,3471,3431,95,15n023152
15n023153,2,254,24,2,3472,3432,2681,15n023153
15n023155,2,322,26,2,3473,3433,372,15n023155
15n023156,2,280,26,2,3474,3141,3197,15n023156
15n023158,2,198,24,2,3475,3434,1026,15n023158
15n023159,2,296,24,2,3476,3435,4780,15n023159
15n023209,2,226,26,2,3479,3438,3943,15n023209
15n023211,2,376,26,2,3480,3439,1354,15n023211
15n023212,2,226,26,2,3481,3440,1588,15n023212
15n023221,2,226,26,2,3506,3465,4557,15n023221
15n023222,2,376,26,2,3507,3466,859,15n023222
15n023223,2,226,26,2,3508,3467,2075,15n023223
15n023229,2,102,20,2,3490,3449,674,15n023229
15n023230,2,176,22,2,3491,3450,782,15n023230
15n023233,3,138,28,3,3492,3451,1652,15n023233
15n023234,2,398,26,2,3493,3452,3309,15n023234
15n023269,3,138,32,3,3509,3468,1446,15n023269
15n023270,2,244,26,2,3510,3469,781,15n023270
15n023271,2,406,26,2,3511,3470,2172,15n023271
15n023278,2,206,24,2,3483,3442,1507,15n023278
15n023281,2,306,24,2,3484,3443,399,15n023281
15n023282,2,308,24,2,3485,3444,1859,15n023282
15n023285,2,408,26,2,3486,3445,823,15n023285
15n023286,2,402,26,2,3487,3446,2133,15n023286
15n023289,2,300,24,2,3488,3447,1857,15n023289
15n023290,2,314,24,2,3489,3448,4142,15n023290
15n023347,3,128,32,3,3482,3441,720,15n023347
15n023350,3,128,32,3,3512,3471,463,15n023350
15n023353,2,150,22,2,3505,3464,1010,15n023353
15n023357,2,244,26,2,3513,3472,3025,15n023357
15n023358,2,226,26,2,3479,3438,3943,15n023358
15n023359,2,376,26,2,3480,3439,1354,15n023359
15n023360,2,226,26,2,3481,3440,1588,15n023360
15n023364,2,244,26,2,3513,3472,3025,15n023364
15n023365,2,406,26,2,3511,3470,2172,15n023365
15n023366,2,244,26,2,3510,3469,781,15n023366
15n023391,2,208,26,2,3514,3473,464,15n023391
15n023392,2,334,26,2,3515,3474,2164,15n023392
15n023393,2,172,26,2,3516,3475,777,15n023393
15n023394,2,258,26,2,3502,3461,953,15n023394
15n023395,2,404,26,2,3503,3462,1361,15n023395
15n023396,2,182,26,2,3504,3463,1584,15n023396
15n023400,2,208,26,2,3514,3473,464,15n023400
15n023401,2,334,26,2,3515,3474,2164,15n023401
15n023402,2,172,26,2,3516,3475,777,15n023402
15n023403,3,128,32,3,3482,3441,720,15n023403
15n023405,3,138,32,3,3509,3468,1446,15n023405
15n023412,3,128,32,3,3512,3471,463,15n023412
15n023413,2,226,26,2,3508,3467,2075,15n023413
15n023414,2,376,26,2,3507,3466,859,15n023414
15n023544,2,226,26,2,3506,3465,4557,15n023544
15n023578,2,244,24,2,3517,3476,4754,15n023578
15n023624,3,114,32,3,3518,3477,4543,15n023624
15n023645,2,154,22,2,3519,3478,157,15n023645
15n023646,2,154,22,2,3519,3478,157,15n023646
15n023649,2,172,22,2,3520,3479,1965,15n023649
15n023650,2,172,22,2,3520,3479,1965,15n023650
15n023653,3,132,32,3,3521,3480,1223,15n023653
15n023654,3,132,32,3,3521,3480,1223,15n023654
15n023657,2,226,24,2,3522,3481,4570,15n023657
15n023658,2,226,24,2,3522,3481,4570,15n023658
15n023675,2,208,24,2,3523,3482,229,15n023675
15n023676,2,244,24,2,3524,3483,1847,15n023676
15n023677,2,304,24,2,3525,3484,862,15n023677
15n023678,2,238,24,2,3526,3485,1034,15n023678
15n023679,2,298,24,2,3527,3486,427,15n023679
15n023680,2,334,26,2,3528,3487,2684,15n023680
15n023681,3,220,35,3,3529,3488,896,15n023681
15n023682,3,178,35,3,3530,3489,3989,15n023682
15n023683,3,282,34,3,3531,3490,652,15n023683
15n023684,2,502,26,2,3532,3491,3538,15n023684
15n023685,3,170,35,3,3533,3492,3013,15n023685
15n023686,2,292,24,2,3534,3493,5348,15n023686
15n023687,2,460,26,2,3535,3494,2419,15n023687
15n023790,2,208,24,2,3523,3482,229,15n023790
15n023791,2,244,24,2,3524,3483,1847,15n023791
15n023792,2,304,24,2,3525,3484,862,15n023792
15n023793,2,238,24,2,3526,3485,1034,15n023793
15n023794,2,298,24,2,3527,3486,427,15n023794
15n023795,2,334,26,2,3528,3487,2684,15n023795
15n023796,3,220,35,3,3529,3488,896,15n023796
15n023797,3,282,34,3,3531,3490,652,15n023797
15n023798,3,178,35,3,3530,3489,3989,15n023798
15n023799,2,502,26,2,3532,3491,3538,15n023799
15n023800,3,170,35,3,3533,3492,3013,15n023800
15n023801,2,460,26,2,3535,3494,2419,15n023801
15n023802,2,292,24,2,3534,3493,5348,15n023802
15n023808,3,196,28,3,3536,3495,3085,15n023808
15n023809,2,244,24,2,3524,3483,1847,15n023809
15n023810,2,298,24,2,3527,3486,427,15n023810
15n023811,2,358,26,2,3537,3496,162,15n023811
15n023812,3,356,31,3,3538,3497,4467,15n023812
15n023813,3,178,35,3,3530,3489,3989,15n023813
15n023814,2,460,26,2,3535,3494,2419,15n023814
15n023842,2,126,20,2,3539,3498,419,15n023842
15n024074,2,226,26,2,3540,3499,4598,15n024074
15n024075,2,226,26,2,3540,3499,4598,15n024075
15n024084,2,232,24,2,3541,3500,94,15n024084
15n024088,2,238,24,2,3542,3501,2677,15n024088
15n024091,2,214,24,2,3543,3502,1027,15n024091
15n024095,2,256,24,2,3544,3503,4759,15n024095
15n024131,2,276,26,2,3545,3504,1275,15n024131
15n024135,2,212,24,2,3546,3505,3767,15n024135
15n024139,3,160,23,3,3547,3506,477,15n024139
15n024186,2,280,26,2,3548,3507,5082,15n024186
15n024187,2,370,26,2,3549,3508,430,15n024187
15n024188,3,154,36,3,3550,3509,3922,15n024188
15n024189,2,262,24,2,3551,3510,1510,15n024189
15n024190,2,388,26,2,3552,3511,1865,15n024190
15n024191,2,280,26,2,3548,3507,5082,15n024191
15n024192,2,370,26,2,3549,3508,430,15n024192
15n024193,3,154,36,3,3550,3509,3922,15n024193
15n024194,2,262,24,2,3551,3510,1510,15n024194
15n024195,2,388,26,2,3552,3511,1865,15n024195
15n024332,2,222,24,2,3553,3512,158,15n024332
15n024335,2,224,24,2,3554,3513,2379,15n024335
15n024338,2,216,24,2,3555,3514,1234,15n024338
15n024341,2,230,24,2,3556,3515,4610,15n024341
15n024366,3,158,34,3,3557,3516,602,15n024366
15n024370,3,158,34,3,3557,3516,602,15n024370
15n024474,2,208,24,2,3523,3482,229,15n024474
15n024475,2,334,26,2,3528,3487,2684,15n024475
15n024476,3,220,35,3,3529,3488,896,15n024476
15n024477,3,196,28,3,3536,3495,3085,15n024477
15n024478,2,358,26,2,3537,3496,162,15n024478
15n024479,3,356,31,3,3538,3497,4467,15n024479
15n024550,3,158,35,3,3558,3517,1003,15n024550
15n024551,3,158,35,3,3558,3517,1003,15n024551
15n024552,2,424,26,2,3559,3518,839,15n024552
15n024553,2,424,26,2,3559,3518,839,15n024553
15n024593,3,82,31,3,3560,3519,2946,15n024593
15n024596,2,344,26,2,3561,3520,806,15n024596
15n024626,2,280,26,2,3562,3521,4726,15n024626
15n024628,2,370,26,2,3563,3522,680,15n024628
15n024629,3,154,36,3,3564,3523,3275,15n024629
15n024630,2,262,24,2,3565,3524,1040,15n024630
15n024632,2,388,26,2,3566,3525,2502,15n024632
15n024633,2,280,26,2,3562,3521,4726,15n024633
15n024634,2,370,26,2,3563,3522,680,15n024634
15n024635,3,154,36,3,3564,3523,3275,15n024635
15n024636,2,262,24,2,3565,3524,1040,15n024636
15n024637,2,388,26,2,3566,3525,2502,15n024637
15n024638,3,100,32,3,3567,3526,4497,15n024638
15n024641,3,100,32,3,3567,3526,4497,15n024641
15n024656,2,98,22,2,3568,3527,1145,15n024656
15n024657,2,132,22,2,3569,3528,537,15n024657
15n024660,3,70,32,3,3570,3529,2951,15n024660
15n024661,2,96,24,2,3571,3530,61,15n024661
15n024663,2,234,26,2,3572,3531,2653,15n024663
15n024681,2,66,21,2,3573,3532,4967,15n024681
15n024682,2,104,23,2,3574,3533,131,15n024682
15n024685,3,66,27,3,3575,3534,3684,15n024685
15n024686,2,218,26,2,3576,3535,49,15n024686
15n024699,2,212,24,2,3546,3505,3767,15n024699
15n024702,3,160,23,3,3547,3506,477,15n024702
15n024889,2,302,24,2,3577,3536,2770,15n024889
15n024892,2,294,24,2,3578,3537,1118,15n024892
15n024909,3,82,31,3,3560,3519,2946,15n024909
15n024916,3,134,34,3,3579,3538,930,15n024916
15n024921,2,344,26,2,3561,3520,806,15n024921
15n024961,2,316,26,2,3580,3539,290,15n024961
15n025008,2,208,24,2,3581,3540,472,15n025008
15n025009,2,334,26,2,3582,3541,2114,15n025009
15n025010,3,220,35,3,3583,3542,1393,15n025010
15n025011,2,460,26,2,3584,3543,1808,15n025011
15n025012,3,178,35,3,3585,3544,4592,15n025012
15n025061,2,208,24,2,3581,3540,472,15n025061
15n025062,2,334,26,2,3582,3541,2114,15n025062
15n025063,3,220,35,3,3583,3542,1393,15n025063
15n025064,2,460,26,2,3584,3543,1808,15n025064
15n025065,3,178,35,3,3585,3544,4592,15n025065
15n025218,2,74,20,2,3586,3545,3255,15n025218
15n025221,2,354,26,2,3587,3546,627,15n025221
15n025222,2,342,26,2,3588,3547,1061,15n025222
15n025223,2,464,26,2,3589,3548,1356,15n025223
15n025224,3,170,37,3,3590,3549,2268,15n025224
15n025245,2,74,20,2,3586,3545,3255,15n025245
15n025256,2,354,26,2,3587,3546,627,15n025256
15n025261,2,200,26,2,3591,3550,733,15n025261
15n025262,2,294,26,2,3592,3551,1628,15n025262
15n025263,3,132,35,3,3593,3552,1995,15n025263
15n025268,2,238,24,2,3542,3501,2677,15n025268
15n025271,2,232,24,2,3541,3500,94,15n025271
15n025274,2,256,24,2,3544,3503,4759,15n025274
15n025277,2,214,24,2,3543,3502,1027,15n025277
15n025281,2,224,24,2,3554,3513,2379,15n025281
15n025284,2,222,24,2,3553,3512,158,15n025284
15n025287,2,230,24,2,3556,3515,4610,15n025287
15n025290,2,216,24,2,3555,3514,1234,15n025290
15n025293,2,126,20,2,3539,3498,419,15n025293
15n025294,2,276,26,2,3545,3504,1275,15n025294
15n025298,3,90,21,3,3594,3553,1962,15n025298
15n025301,2,448,26,2,3595,3554,1787,15n025301
15n025322,2,66,21,2,3573,3532,4967,15n025322
15n025323,2,104,23,2,3574,3533,131,15n025323
15n025326,3,66,27,3,3575,3534,3684,15n025326
15n025327,2,218,26,2,3576,3535,49,15n025327
15n025366,2,102,22,2,3596,3555,326,15n025366
15n025367,2,128,22,2,3597,3556,1337,15n025367
15n025371,2,250,26,2,3598,3557,4023,15n025371
15n025372,3,58,31,3,3599,3558,1186,15n025372
15n025374,2,206,26,2,3600,3559,3948,15n025374
15n025432,2,262,26,2,3601,3560,972,15n025432
15n025433,2,388,26,2,3602,3561,4448,15n025433
15n025434,3,192,36,3,3603,3562,192,15n025434
15n025436,2,194,24,2,3604,3563,4569,15n025436
15n025437,2,312,26,2,3605,2819,801,15n025437
15n025438,3,210,35,3,3606,3564,2927,15n025438
15n025439,3,168,35,3,3607,3565,723,15n025439
15n025440,2,470,26,2,3608,3566,2789,15n025440
15n025489,2,194,24,2,3604,3563,4569,15n025489
15n025490,2,312,26,2,3605,2819,801,15n025490
15n025491,3,210,35,3,3606,3564,2927,15n025491
15n025492,3,168,35,3,3607,3565,723,15n025492
15n025493,2,470,26,2,3608,3566,2789,15n025493
15n025503,2,96,24,2,3571,3530,61,15n025503
15n025514,2,334,26,2,3609,3567,617,15n025514
15n025515,2,424,26,2,3610,3568,1975,15n025515
15n025516,3,128,35,3,3611,3569,1685,15n025516
15n025565,2,250,26,2,3598,3557,4023,15n025565
15n025592,2,302,24,2,3577,3536,2770,15n025592
15n025596,2,294,24,2,3578,3537,1118,15n025596
15n025597,2,290,26,2,3612,3570,129,15n025597
15n025598,2,420,26,2,3613,3571,3226,15n025598
15n025599,3,198,37,3,3614,3572,707,15n025599
15n025656,2,460,26,2,3615,3573,1374,15n025656
15n025657,2,460,26,2,3615,3573,1374,15n025657
15n025729,3,144,28,3,3616,3574,2031,15n025729
15n025769,2,342,26,2,3588,3547,1061,15n025769
15n025770,2,464,26,2,3589,3548,1356,15n025770
15n025771,3,170,37,3,3590,3549,2268,15n025771
15n025817,2,316,26,2,3617,3575,5134,15n025817
15n025818,2,478,26,2,3618,3576,445,15n025818
15n025819,3,252,37,3,3619,3577,3882,15n025819
15n025865,2,262,26,2,3601,3560,972,15n025865
15n025866,2,388,26,2,3602,3561,4448,15n025866
15n025867,3,192,36,3,3603,3562,192,15n025867
15n025912,2,298,26,2,3620,3578,3522,15n025912
15n025932,2,172,24,2,3621,3579,544,15n025932
15n026263,2,232,22,2,3622,3580,855,15n026263
15n026264,2,226,22,2,3623,477,3518,15n026264
15n026267,2,250,22,2,3624,3581,437,15n026267
15n026268,2,208,22,2,3625,3582,2499,15n026268
15n026283,2,290,26,2,3612,3570,129,15n026283
15n026284,2,420,26,2,3613,3571,3226,15n026284
15n026285,3,198,37,3,3614,3572,707,15n026285
15n026323,2,252,26,2,3626,3583,226,15n026323
15n026324,2,338,26,2,3627,3584,2859,15n026324
15n026325,3,104,37,3,3628,3585,900,15n026325
15n026388,3,134,34,3,3579,3538,930,15n026388
15n026434,2,172,24,2,3621,3579,544,15n026434
15n026570,2,262,26,2,3629,3586,1468,15n026570
15n026571,2,388,26,2,3630,3587,3845,15n026571
15n026572,3,192,36,3,3631,3588,451,15n026572
15n026610,2,298,26,2,3620,3578,3522,15n026610
15n026629,2,316,26,2,3617,3575,5134,15n026629
15n026631,2,478,26,2,3618,3576,445,15n026631
15n026632,3,252,37,3,3619,3577,3882,15n026632
15n026640,2,250,24,2,3632,3589,4044,15n026640
15n026641,2,286,24,2,3633,3590,1115,15n026641
15n026642,2,364,24,2,3634,3591,3850,15n026642
15n026643,2,400,26,2,3635,3592,1262,15n026643
15n026644,3,266,35,3,3636,3593,2240,15n026644
15n026645,3,216,35,3,3637,3594,476,15n026645
15n026646,2,598,26,2,3638,3595,3569,15n026646
15n026652,3,110,31,3,3639,3596,3721,15n026652
15n026654,3,90,21,3,3594,3553,1962,15n026654
15n026655,2,448,26,2,3595,3554,1787,15n026655
15n026699,2,316,26,2,3580,3539,290,15n026699
15n026771,2,298,25,2,3640,3597,85,15n026771
15n026785,2,244,24,2,3641,3598,2630,15n026785
15n026786,2,252,26,2,3626,3583,226,15n026786
15n026787,2,338,26,2,3627,3584,2859,15n026787
15n026788,3,104,37,3,3628,3585,900,15n026788
15n026818,2,102,22,2,3596,3555,326,15n026818
15n026819,2,128,22,2,3597,3556,1337,15n026819
15n026822,3,58,31,3,3599,3558,1186,15n026822
15n026823,2,206,26,2,3600,3559,3948,15n026823
15n026869,2,334,26,2,3609,3567,617,15n026869
15n026870,2,424,26,2,3610,3568,1975,15n026870
15n026871,3,128,35,3,3611,3569,1685,15n026871
15n026885,2,200,26,2,3591,3550,733,15n026885
15n026886,2,294,26,2,3592,3551,1628,15n026886
15n026887,3,132,35,3,3593,3552,1995,15n026887
15n026986,2,262,26,2,3629,3586,1468,15n026986
15n026987,2,388,26,2,3630,3587,3845,15n026987
15n026988,3,192,36,3,3631,3588,451,15n026988
15n027034,2,232,22,2,3622,3580,855,15n027034
15n027035,2,226,22,2,3623,477,3518,15n027035
15n027038,2,250,22,2,3624,3581,437,15n027038
15n027039,2,208,22,2,3625,3582,2499,15n027039
15n027040,2,250,24,2,3632,3589,4044,15n027040
15n027041,2,286,24,2,3633,3590,1115,15n027041
15n027042,2,364,24,2,3634,3591,3850,15n027042
15n027043,2,400,26,2,3635,3592,1262,15n027043
15n027044,3,266,35,3,3636,3593,2240,15n027044
15n027045,3,216,35,3,3637,3594,476,15n027045
15n027046,2,598,26,2,3638,3595,3569,15n027046
15n027050,3,110,31,3,3639,3596,3721,15n027050
15n027220,2,330,26,2,3642,3599,1470,15n027220
15n027221,3,130,37,3,3643,3600,7,15n027221
15n027222,3,156,36,3,3644,3601,4959,15n027222
15n027223,2,428,26,2,3645,3602,876,15n027223
15n027224,3,132,36,3,3646,3603,2948,15n027224
15n027225,2,302,27,2,3647,3604,67,15n027225
15n027226,2,386,26,2,3648,3605,5310,15n027226
15n027263,3,202,25,3,3649,3606,3078,15n027263
15n027409,2,372,26,2,3017,2989,3039,15n027409
15n027410,3,168,36,3,3016,2988,217,15n027410
15n027413,3,174,36,3,3015,2987,1450,15n027413
15n027414,3,286,34,3,3014,2986,5,15n027414
15n027423,2,204,26,2,3650,3607,5445,15n027423
15n027424,3,182,35,3,3651,3608,2928,15n027424
15n027425,2,260,26,2,3652,3609,784,15n027425
15n027452,2,330,26,2,3019,2991,14,15n027452
15n027454,3,250,33,3,3020,2992,2910,15n027454
15n027458,3,170,26,3,3653,3610,1462,15n027458
15n027695,3,144,28,3,3616,3574,2031,15n027695
15n027735,3,222,36,3,3654,3611,5058,15n027735
15n027736,3,158,31,3,3655,3612,677,15n027736
15n027755,3,202,25,3,3649,3606,3078,15n027755
15n027991,2,98,22,2,3568,3527,1145,15n027991
15n027992,2,132,22,2,3569,3528,537,15n027992
15n027995,3,70,32,3,3570,3529,2951,15n027995
15n027996,2,234,26,2,3572,3531,2653,15n027996
15n028009,3,202,35,3,3656,3613,2217,15n028009
15n028010,2,412,26,2,3657,3614,1869,15n028010
15n028011,3,162,33,3,3658,3615,4565,15n028011
15n028021,3,156,27,3,3659,3616,732,15n028021
15n028022,2,254,26,2,3660,3617,1597,15n028022
15n028023,3,220,34,3,3661,3618,1991,15n028023
15n028040,2,330,26,2,3642,3599,1470,15n028040
15n028041,3,156,36,3,3644,3601,4959,15n028041
15n028042,3,130,37,3,3643,3600,7,15n028042
15n028043,2,428,26,2,3645,3602,876,15n028043
15n028044,3,132,36,3,3646,3603,2948,15n028044
15n028045,2,386,26,2,3648,3605,5310,15n028045
15n028046,2,302,27,2,3647,3604,67,15n028046
15n028079,2,204,26,2,3650,3607,5445,15n028079
15n028080,3,182,35,3,3651,3608,2928,15n028080
15n028081,2,260,26,2,3652,3609,784,15n028081
15n028161,3,182,35,3,2660,2634,1457,15n028161
15n028162,3,182,35,3,2660,2634,1457,15n028162
15n028165,3,240,34,3,3662,2633,1389,15n028165
15n028166,3,240,34,3,3662,2633,1389,15n028166
15n028169,3,202,35,3,2658,2632,2924,15n028169
15n028170,3,202,35,3,2658,2632,2924,15n028170
15n028173,2,478,26,2,3663,2635,2191,15n028173
15n028174,2,478,26,2,3663,2635,2191,15n028174
15n028191,3,170,26,3,3653,3610,1462,15n028191
15n028377,3,156,27,3,3659,3616,732,15n028377
15n028380,2,254,26,2,3660,3617,1597,15n028380
15n028381,3,220,34,3,3661,3618,1991,15n028381
15n028398,2,298,25,2,3640,3597,85,15n028398
15n028407,3,182,35,3,2653,2627,961,15n028407
15n028408,2,424,26,2,2651,2625,1355,15n028408
15n028411,3,202,35,3,3656,3613,2217,15n028411
15n028489,2,460,26,2,3664,3619,3120,15n028489
15n028490,3,214,36,3,3665,3620,5057,15n028490
15n028493,3,214,36,3,3666,3620,1504,15n028493
15n028494,2,460,26,2,3667,3619,3228,15n028494
15n028496,2,514,26,2,3668,3621,5478,15n028496
15n028497,3,256,35,3,3669,3622,1395,15n028497
15n028500,3,256,35,3,3670,3622,5120,15n028500
15n028501,2,514,26,2,3671,3621,184,15n028501
15n028556,3,162,35,3,3672,2637,3019,15n028556
15n028557,3,162,35,3,3672,2637,3019,15n028557
15n028560,2,424,26,2,2662,2636,865,15n028560
15n028561,2,424,26,2,2662,2636,865,15n028561
15n028562,2,514,26,2,3668,3621,5478,15n028562
15n028563,3,256,35,3,3669,3622,1395,15n028563
15n028566,3,256,35,3,3670,3622,5120,15n028566
15n028567,2,514,26,2,3671,3621,184,15n028567
15n028569,2,334,26,2,3673,2658,1474,15n028569
15n028593,2,334,26,2,3673,2658,1474,15n028593
15n028625,2,460,26,2,3664,3619,3120,15n028625
15n028626,3,214,36,3,3665,3620,5057,15n028626
15n028629,3,214,36,3,3666,3620,1504,15n028629
15n028630,2,460,26,2,3667,3619,3228,15n028630
15n028702,3,234,36,3,3446,3407,3901,15n028702
15n028705,3,260,31,3,3674,3623,1384,15n028705
15n028710,3,200,36,3,3675,3624,5467,15n028710
15n028713,3,274,36,3,2871,2844,2934,15n028713
15n028714,2,244,24,2,3641,3598,2630,15n028714
15n028718,3,164,35,3,3676,3625,1686,15n028718
15n028723,3,182,35,3,3677,3626,597,15n028723
15n028726,3,330,35,3,3678,3627,2917,15n028726
15n028729,3,130,35,3,3679,3628,1657,15n028729
15n028733,3,118,34,3,3680,3629,5501,15n028733
15n028737,3,168,34,3,3681,3630,5462,15n028737
15n028742,3,274,36,3,2871,2844,2934,15n028742
15n028745,3,200,36,3,3675,3624,5467,15n028745
15n028748,3,250,36,3,3682,3631,3962,15n028748
15n028751,2,284,26,2,3683,3632,4724,15n028751
15n028794,2,284,26,2,3683,3632,4724,15n028794
15n028796,2,262,24,2,3684,3633,3375,15n028796
15n028799,2,262,24,2,3684,3633,3375,15n028799
15n028815,3,114,27,3,3685,3634,4550,15n028815
15n028817,2,224,22,2,3686,3635,551,15n028817
15n028818,2,234,24,2,3687,3636,1629,15n028818
15n028876,2,334,24,2,2508,2482,4689,15n028876
15n028877,2,222,22,2,2620,2594,2166,15n028877
15n028878,2,244,24,2,3688,3637,3217,15n028878
15n028880,2,240,24,2,712,704,5121,15n028880
15n028891,2,226,24,2,507,505,1609,15n028891
15n028897,2,210,24,2,3689,3638,4016,15n028897
15n028909,2,290,24,2,3368,3335,4048,15n028909
15n028910,3,122,34,3,3690,3639,2229,15n028910
15n028918,2,194,24,2,3691,3640,1158,15n028918
15n028922,3,242,37,3,3692,3641,3344,15n028922
15n028926,3,242,37,3,2613,2587,3995,15n028926
15n028949,3,266,34,3,3693,3642,367,15n028949
15n028951,2,226,24,2,2583,2557,1163,15n028951
15n028983,2,224,22,2,3686,3635,551,15n028983
15n028984,3,114,27,3,3685,3634,4550,15n028984
15n028992,2,226,24,2,507,505,1609,15n028992
15n029002,3,256,34,3,3694,3643,1239,15n029002
15n029018,2,244,24,2,3695,3644,543,15n029018
15n029019,2,244,24,2,3695,3644,543,15n029019
15n029025,3,206,37,3,3696,3645,3937,15n029025
15n029033,2,162,22,2,3697,3646,3999,15n029033
15n029035,3,258,36,3,3698,3647,1029,15n029035
15n029036,2,162,22,2,3697,3646,3999,15n029036
15n029038,3,218,37,3,3699,3648,4530,15n029038
15n029045,2,240,24,2,712,704,5121,15n029045
15n029046,2,222,22,2,2620,2594,2166,15n029046
15n029047,2,244,24,2,3688,3637,3217,15n029047
15n029066,2,234,24,2,3687,3636,1629,15n029066
15n029087,2,334,24,2,2508,2482,4689,15n029087
15n029091,3,256,34,3,3694,3643,1239,15n029091
15n029108,3,242,37,3,2591,2565,4594,15n029108
15n029110,3,242,37,3,2613,2587,3995,15n029110
15n029140,2,210,24,2,3689,3638,4016,15n029140
15n029162,3,266,34,3,3693,3642,367,15n029162
15n029163,2,290,24,2,3368,3335,4048,15n029163
15n029169,2,172,24,2,3700,3649,2620,15n029169
15n029182,3,206,37,3,3696,3645,3937,15n029182
15n029184,3,218,37,3,3699,3648,4530,15n029184
15n029186,3,258,36,3,3698,3647,1029,15n029186
15n029190,2,244,24,2,3701,3650,2624,15n029190
15n029191,2,244,24,2,3701,3650,2624,15n029191
15n029198,2,172,24,2,3700,3649,2620,15n029198
15n029249,3,242,37,3,2613,2587,3995,15n029249
15n029275,2,312,24,2,3702,3651,4786,15n029275
15n029276,3,182,33,3,3703,3652,3290,15n029276
15n029284,2,194,24,2,3691,3640,1158,15n029284
15n029308,3,122,34,3,3690,3639,2229,15n029308
15n029313,3,182,33,3,3703,3652,3290,15n029313
15n029314,2,312,24,2,3702,3651,4786,15n029314
15n029323,3,242,37,3,3692,3641,3344,15n029323
15n029357,2,226,24,2,2583,2557,1163,15n029357
15n029376,3,242,37,3,2613,2587,3995,15n029376
15n029383,3,242,37,3,2591,2565,4594,15n029383
15n029403,3,320,38,3,3704,3653,5123,15n029403
15n029410,3,282,38,3,3705,3654,4555,15n029410
15n029411,3,320,38,3,3704,3653,5123,15n029411
15n029414,3,282,38,3,3705,3654,4555,15n029414
15n029449,3,234,36,3,3443,3404,4514,15n029449
15n029450,2,550,26,2,3444,3405,3469,15n029450
15n029451,3,272,35,3,3445,3406,5357,15n029451
15n029454,3,234,36,3,3443,3404,4514,15n029454
15n029455,2,550,26,2,3444,3405,3469,15n029455
15n029456,3,272,35,3,3445,3406,5357,15n029456
15n029457,3,234,36,3,3446,3407,3901,15n029457
15n029475,2,332,24,2,2532,2506,3223,15n029475
15n029476,3,212,34,3,3706,3655,4487,15n029476
15n029482,3,234,25,3,3707,3656,2616,15n029482
15n029483,2,568,26,2,3708,3657,4456,15n029483
15n029486,2,172,24,2,3709,3658,2609,15n029486
15n029487,2,172,24,2,3709,3658,2609,15n029487
15n029499,3,320,38,3,3704,3653,5123,15n029499
15n029503,2,476,26,2,3710,3659,3827,15n029503
15n029504,2,476,26,2,3710,3659,3827,15n029504
15n029508,3,282,38,3,3705,3654,4555,15n029508
15n029510,2,568,26,2,3708,3657,4456,15n029510
15n029511,3,234,25,3,3707,3656,2616,15n029511
15n029513,3,212,34,3,3706,3655,4487,15n029513
15n029514,2,332,24,2,2532,2506,3223,15n029514
15n029515,3,268,37,3,3711,3660,5354,15n029515
15n029518,3,268,37,3,3711,3660,5354,15n029518
15n029529,2,350,24,2,3447,3408,4051,15n029529
15n029530,3,230,33,3,3448,3409,3367,15n029530
15n029548,3,282,38,3,3089,3061,3061,15n029548
15n029554,3,322,38,3,3094,3066,4131,15n029554
15n029556,3,230,33,3,3448,3409,3367,15n029556
15n029557,2,350,24,2,3447,3408,4051,15n029557
15n029558,3,260,37,3,3453,3414,2353,15n029558
15n029560,3,260,37,3,3453,3414,2353,15n029560
15n029566,2,480,26,2,3712,3661,4861,15n029566
15n029567,2,404,26,2,3713,3662,3106,15n029567
15n029568,2,404,26,2,3713,3662,3106,15n029568
15n029569,2,480,26,2,3712,3661,4861,15n029569
15n029572,2,354,26,2,3714,3663,3379,15n029572
15n029573,2,278,26,2,3715,3664,4603,15n029573
15n029576,2,472,26,2,3716,3665,5157,15n029576
15n029582,2,278,26,2,3715,3664,4603,15n029582
15n029583,2,354,26,2,3714,3663,3379,15n029583
15n029589,3,276,33,3,3717,3666,1856,15n029589
15n029625,3,236,35,3,3002,2974,3865,15n029625
15n029635,3,164,36,3,2924,2896,1662,15n029635
15n029645,3,210,36,3,3018,2990,1660,15n029645
15n029651,3,186,36,3,3040,3012,3875,15n029651
15n029712,2,424,26,2,3718,3667,1334,15n029712
15n029717,3,170,28,3,3719,3668,2201,15n029717
15n029718,3,98,31,3,3720,3669,2278,15n029718
15n029721,2,424,26,2,3721,3670,1297,15n029721
15n029722,2,208,22,2,3722,3671,527,15n029722
15n029727,3,222,36,3,3654,3611,5058,15n029727
15n029728,3,158,31,3,3655,3612,677,15n029728
15n029740,2,424,26,2,3718,3667,1334,15n029740
15n029866,2,118,20,2,3723,3672,1146,15n029866
15n029867,2,478,26,2,3724,3673,2740,15n029867
15n029996,2,244,22,2,3725,2483,1357,15n029996
15n029997,2,298,22,2,3726,3674,438,15n029997
15n030000,3,178,34,3,3727,3675,3512,15n030000
15n030001,2,460,26,2,3728,3676,2455,15n030001
15n030033,2,262,24,2,3729,3677,2049,15n030033
15n030036,2,448,26,2,3730,3678,535,15n030036
15n030037,3,346,36,3,3731,3679,3706,15n030037
15n030066,2,250,24,2,3632,3589,4044,15n030066
15n030067,2,286,24,2,3633,3590,1115,15n030067
15n030070,2,364,24,2,3634,3591,3850,15n030070
15n030071,2,400,26,2,3635,3592,1262,15n030071
15n030072,3,266,35,3,3636,3593,2240,15n030072
15n030073,3,216,35,3,3637,3594,476,15n030073
15n030076,2,598,26,2,3638,3595,3569,15n030076
15n030326,3,116,31,3,3732,3680,716,15n030326
15n030331,2,190,26,2,3733,3681,1585,15n030331
15n030332,2,412,26,2,3734,3682,1362,15n030332
15n030337,2,160,24,2,3735,3683,2290,15n030337
15n030338,2,310,26,2,3736,3684,369,15n030338
15n030339,2,292,26,2,3737,3685,3201,15n030339
15n030360,3,120,27,3,3738,3686,215,15n030360
15n030361,2,226,26,2,3739,3687,2639,15n030361
15n030362,2,280,26,2,3740,3688,528,15n030362
15n030372,3,120,27,3,3738,3686,215,15n030372
15n030373,2,226,26,2,3739,3687,2639,15n030373
15n030374,2,280,26,2,3740,3688,528,15n030374
15n030377,2,172,26,2,3741,3689,4694,15n030377
15n030379,2,262,26,2,3742,3690,678,15n030379
15n030380,2,100,26,2,3743,3691,2608,15n030380
15n030382,2,172,26,2,3741,3689,4694,15n030382
15n030383,2,262,26,2,3742,3690,678,15n030383
15n030384,2,100,26,2,3743,3691,2608,15n030384
15n030390,2,262,26,2,3744,3692,3944,15n030390
15n030391,3,66,30,3,3745,3693,112,15n030391
15n030392,3,116,31,3,3732,3680,716,15n030392
15n030393,2,190,26,2,3733,3681,1585,15n030393
15n030394,2,412,26,2,3734,3682,1362,15n030394
15n030398,3,120,28,3,3746,3694,461,15n030398
15n030401,2,226,26,2,3747,3695,2065,15n030401
15n030402,2,280,26,2,3748,3507,800,15n030402
15n030405,3,66,30,3,3745,3693,112,15n030405
15n030437,3,120,28,3,3746,3694,461,15n030437
15n030438,2,226,26,2,3747,3695,2065,15n030438
15n030439,2,280,26,2,3748,3507,800,15n030439
15n030493,2,150,24,2,3749,3696,2032,15n030493
15n030494,2,296,26,2,3750,3697,524,15n030494
15n030495,2,290,26,2,3751,3698,2680,15n030495
15n030544,2,118,20,2,3723,3672,1146,15n030544
15n030545,2,208,22,2,3722,3671,527,15n030545
15n030548,3,170,28,3,3719,3668,2201,15n030548
15n030549,2,478,26,2,3724,3673,2740,15n030549
15n030552,2,262,26,2,3744,3692,3944,15n030552
15n030553,2,154,26,2,3752,3699,4549,15n030553
15n030554,2,280,26,2,3753,3700,846,15n030554
15n030555,2,226,26,2,3754,3701,2092,15n030555
15n030557,3,120,28,3,3755,3702,454,15n030557
15n030562,2,160,24,2,3735,3683,2290,15n030562
15n030563,2,310,26,2,3736,3684,369,15n030563
15n030564,2,292,26,2,3737,3685,3201,15n030564
15n030565,2,150,24,2,3749,3696,2032,15n030565
15n030566,2,296,26,2,3750,3697,524,15n030566
15n030567,2,290,26,2,3751,3698,2680,15n030567
15n030600,2,154,26,2,3752,3699,4549,15n030600
15n030601,2,280,26,2,3753,3700,846,15n030601
15n030602,2,226,26,2,3754,3701,2092,15n030602
15n030623,3,120,28,3,3755,3702,454,15n030623
15n030786,3,98,31,3,3720,3669,2278,15n030786
15n030789,2,424,26,2,3721,3670,1297,15n030789
15n030839,2,280,24,2,3756,3703,3084,15n030839
15n030840,2,280,24,2,3756,3703,3084,15n030840
15n030841,2,154,24,2,3757,3704,4961,15n030841
15n030843,2,154,24,2,3757,3704,4961,15n030843
15n030844,2,214,24,2,3758,3705,618,15n030844
15n030845,2,328,26,2,3759,3706,1707,15n030845
15n030846,3,194,35,3,3760,3707,1669,15n030846
15n030847,2,270,24,2,3761,3708,1052,15n030847
15n030849,2,378,24,2,3762,3709,181,15n030849
15n030850,2,308,24,2,3763,3710,2505,15n030850
15n030852,2,416,26,2,3764,3711,1283,15n030852
15n030853,3,250,35,3,3765,3712,2245,15n030853
15n030856,2,588,26,2,3766,3713,1903,15n030856
15n030857,3,226,35,3,3767,3714,4608,15n030857
15n030860,2,214,24,2,3758,3705,618,15n030860
15n030861,2,328,26,2,3759,3706,1707,15n030861
15n030862,3,194,35,3,3760,3707,1669,15n030862
15n030899,2,178,22,2,3768,3715,2763,15n030899
15n030902,2,208,22,2,3769,3716,1348,15n030902
15n030905,3,152,33,3,3770,3717,1730,15n030905
15n030908,2,298,24,2,3771,3718,1053,15n030908
15n030909,2,154,24,2,3772,3719,4498,15n030909
15n030911,3,134,27,3,3773,3720,4261,15n030911
15n030912,2,280,24,2,3774,3721,2394,15n030912
15n030913,3,158,35,3,3775,3722,601,15n030913
15n030915,2,154,24,2,3772,3719,4498,15n030915
15n030916,3,134,27,3,3773,3720,4261,15n030916
15n030917,2,280,24,2,3774,3721,2394,15n030917
15n030918,3,158,35,3,3775,3722,601,15n030918
15n030919,2,270,24,2,3761,3708,1052,15n030919
15n030920,2,378,24,2,3762,3709,181,15n030920
15n030921,2,308,24,2,3763,3710,2505,15n030921
15n030922,2,416,26,2,3764,3711,1283,15n030922
15n030923,3,250,35,3,3765,3712,2245,15n030923
15n030924,2,588,26,2,3766,3713,1903,15n030924
15n030925,3,226,35,3,3767,3714,4608,15n030925
15n030962,2,220,24,2,3776,3723,3773,15n030962
15n030969,3,200,25,3,3777,3724,479,15n030969
15n031022,2,196,22,2,3778,3725,316,15n031022
15n031101,2,220,24,2,3776,3723,3773,15n031101
15n031104,3,200,25,3,3777,3724,479,15n031104
15n031149,3,136,34,3,3779,3726,2024,15n031149
15n031175,3,118,34,3,3780,3727,5337,15n031175
15n031191,2,244,24,2,3781,3728,2385,15n031191
15n031246,3,158,35,3,3782,3729,1491,15n031246
15n031285,2,244,22,2,3725,2483,1357,15n031285
15n031290,2,298,22,2,3726,3674,438,15n031290
15n031293,3,178,34,3,3727,3675,3512,15n031293
15n031298,2,460,26,2,3728,3676,2455,15n031298
15n031309,3,158,35,3,3782,3729,1491,15n031309
15n031334,2,218,24,2,3783,625,3363,15n031334
15n031339,2,210,24,2,3784,3730,614,15n031339
15n031373,2,190,22,2,3785,3731,1148,15n031373
15n031374,2,244,22,2,3786,3732,3218,15n031374
15n031377,3,128,33,3,3787,3733,474,15n031377
15n031378,2,406,26,2,3788,3734,2734,15n031378
15n031383,2,208,22,2,3789,3735,1249,15n031383
15n031384,2,226,22,2,3790,3736,2887,15n031384
15n031387,3,186,33,3,3791,3737,611,15n031387
15n031388,2,280,24,2,3792,3738,2442,15n031388
15n031436,2,218,24,2,3783,625,3363,15n031436
15n031439,2,210,24,2,3784,3730,614,15n031439
15n031494,2,250,24,2,3632,3589,4044,15n031494
15n031495,2,286,24,2,3633,3590,1115,15n031495
15n031496,2,364,24,2,3634,3591,3850,15n031496
15n031497,2,400,26,2,3635,3592,1262,15n031497
15n031498,3,266,35,3,3636,3593,2240,15n031498
15n031499,3,216,35,3,3637,3594,476,15n031499
15n031500,2,598,26,2,3638,3595,3569,15n031500
15n031605,3,148,26,3,3793,3739,2033,15n031605
15n031614,2,270,24,2,3761,3708,1052,15n031614
15n031615,2,308,24,2,3763,3710,2505,15n031615
15n031616,2,378,24,2,3762,3709,181,15n031616
15n031617,2,416,26,2,3764,3711,1283,15n031617
15n031618,3,250,35,3,3765,3712,2245,15n031618
15n031619,3,226,35,3,3767,3714,4608,15n031619
15n031620,2,588,26,2,3766,3713,1903,15n031620
15n031649,3,146,25,3,3794,3740,2288,15n031649
15n031805,2,270,24,2,3761,3708,1052,15n031805
15n031806,2,308,24,2,3763,3710,2505,15n031806
15n031807,2,378,24,2,3762,3709,181,15n031807
15n031808,2,416,26,2,3764,3711,1283,15n031808
15n031809,3,250,35,3,3765,3712,2245,15n031809
15n031810,3,226,35,3,3767,3714,4608,15n031810
15n031811,2,588,26,2,3766,3713,1903,15n031811
15n031873,2,288,26,2,3795,3741,231,15n031873
15n031902,2,246,26,2,3293,3260,965,15n031902
15n031903,2,344,26,2,3294,3261,1346,15n031903
15n031904,3,146,37,3,3796,3742,2227,15n031904
15n032067,2,246,26,2,3293,3260,965,15n032067
15n032068,2,344,26,2,3294,3261,1346,15n032068
15n032069,3,146,37,3,3796,3742,2227,15n032069
15n032133,2,246,26,2,3381,3348,1465,15n032133
15n032134,2,344,26,2,3382,3349,850,15n032134
15n032135,3,146,37,3,3797,3743,2940,15n032135
15n032232,3,148,26,3,3793,3739,2033,15n032232
15n032233,3,146,25,3,3794,3740,2288,15n032233
15n032234,3,118,34,3,3780,3727,5337,15n032234
15n032235,2,246,26,2,3381,3348,1465,15n032235
15n032236,2,344,26,2,3382,3349,850,15n032236
15n032237,3,146,37,3,3797,3743,2940,15n032237
15n032242,2,208,22,2,3789,3735,1249,15n032242
15n032243,2,226,22,2,3790,3736,2887,15n032243
15n032246,3,186,33,3,3791,3737,611,15n032246
15n032247,2,280,24,2,3792,3738,2442,15n032247
15n032275,3,136,34,3,3779,3726,2024,15n032275
15n032300,3,58,30,3,3798,3744,2909,15n032300
15n032301,3,58,30,3,3798,3744,2909,15n032301
15n032304,2,176,26,2,3799,3745,843,15n032304
15n032305,2,176,26,2,3799,3745,843,15n032305
15n032321,3,146,37,3,3797,3743,2940,15n032321
15n032322,3,146,37,3,3797,3743,2940,15n032322
15n032325,2,344,26,2,3382,3349,850,15n032325
15n032326,2,344,26,2,3382,3349,850,15n032326
15n032327,2,126,26,2,3800,3746,1402,15n032327
15n032336,2,246,26,2,3381,3348,1465,15n032336
15n032339,2,388,26,2,2657,2631,2316,15n032339
15n032340,3,202,35,3,2655,2629,3704,15n032340
15n032361,2,388,26,2,2664,2638,3034,15n032361
15n032364,2,388,26,2,2664,2638,3034,15n032364
15n032368,2,288,26,2,3795,3741,231,15n032368
15n032369,2,126,26,2,3800,3746,1402,15n032369
15n032372,2,246,26,2,3381,3348,1465,15n032372
15n032393,2,178,22,2,3768,3715,2763,15n032393
15n032394,2,208,22,2,3769,3716,1348,15n032394
15n032397,3,152,33,3,3770,3717,1730,15n032397
15n032398,2,298,24,2,3771,3718,1053,15n032398
15n032592,2,496,26,2,3801,3747,5148,15n032592
15n032595,3,234,35,3,3802,3748,2965,15n032595
15n032600,3,234,35,3,3803,3748,4026,15n032600
15n032603,2,496,26,2,3804,3747,872,15n032603
15n032627,2,496,26,2,3801,3747,5148,15n032627
15n032628,3,234,35,3,3802,3748,2965,15n032628
15n032631,3,234,35,3,3803,3748,4026,15n032631
15n032632,2,496,26,2,3804,3747,872,15n032632
15n032654,2,262,24,2,3729,3677,2049,15n032654
15n032655,2,448,26,2,3730,3678,535,15n032655
15n032656,3,346,36,3,3731,3679,3706,15n032656
15n032664,2,190,22,2,3785,3731,1148,15n032664
15n032665,2,244,22,2,3786,3732,3218,15n032665
15n032668,3,128,33,3,3787,3733,474,15n032668
15n032669,2,406,26,2,3788,3734,2734,15n032669
15n032728,3,150,35,3,3805,3749,589,15n032728
15n032732,3,276,35,3,3806,3750,3866,15n032732
15n032738,3,348,35,3,3807,3751,4474,15n032738
15n032739,3,136,34,3,3808,3752,5401,15n032739
15n032740,2,316,26,2,3809,3753,1802,15n032740
15n032749,3,254,35,3,3810,3754,5053,15n032749
15n032753,3,254,35,3,3810,3754,5053,15n032753
15n032755,2,262,26,2,3811,3755,4008,15n032755
15n032756,2,262,26,2,3811,3755,4008,15n032756
15n032782,3,186,35,3,3812,3756,3872,15n032782
15n032783,3,222,34,3,3813,3757,3356,15n032783
15n032784,3,222,34,3,3813,3757,3356,15n032784
15n032787,2,352,26,2,3814,3758,5083,15n032787
15n032788,2,352,26,2,3814,3758,5083,15n032788
15n032802,2,302,26,2,3815,3759,3377,15n032802
15n032822,2,424,26,2,3816,3760,835,15n032822
15n032823,2,424,26,2,3816,3760,835,15n032823
15n032856,3,186,35,3,3812,3756,3872,15n032856
15n032870,2,412,26,2,3657,3614,1869,15n032870
15n032871,3,162,33,3,3658,3615,4565,15n032871
15n032889,3,186,36,3,3817,3761,4480,15n032889
15n032890,2,352,26,2,3818,3762,4728,15n032890
15n032891,3,222,34,3,3819,3763,4006,15n032891
15n032894,3,166,34,3,3820,3764,335,15n032894
15n032900,3,186,36,3,3817,3761,4480,15n032900
15n032901,2,352,26,2,3818,3762,4728,15n032901
15n032902,3,222,34,3,3819,3763,4006,15n032902
15n032938,2,302,26,2,3815,3759,3377,15n032938
15n032946,3,166,34,3,3820,3764,335,15n032946
15n033018,3,202,35,3,3656,3613,2217,15n033018
15n033033,2,178,24,2,3821,3765,1503,15n033033
15n033048,2,178,24,2,3821,3765,1503,15n033048
15n033060,2,510,26,2,3822,3766,4165,15n033060
15n033061,2,452,26,2,3823,3767,3119,15n033061
15n033063,2,510,26,2,3822,3766,4165,15n033063
15n033064,2,452,26,2,3823,3767,3119,15n033064
15n033110,2,334,26,2,3824,3768,4678,15n033110
15n033111,2,334,26,2,3824,3768,4678,15n033111
15n033114,2,352,26,2,3825,3769,4387,15n033114
15n033115,2,352,26,2,3825,3769,4387,15n033115
15n033128,2,332,24,2,2532,2506,3223,15n033128
15n033129,3,212,34,3,3706,3655,4487,15n033129
15n033147,3,320,38,3,3704,3653,5123,15n033147
15n033153,3,282,38,3,3705,3654,4555,15n033153
15n033155,3,212,34,3,3706,3655,4487,15n033155
15n033156,2,332,24,2,2532,2506,3223,15n033156
15n033157,3,268,37,3,3711,3660,5354,15n033157
15n033159,3,268,37,3,3711,3660,5354,15n033159
15n033168,2,442,26,2,3826,3770,2776,15n033168
15n033169,2,358,26,2,3827,3771,4680,15n033169
15n033170,2,358,26,2,3827,3771,4680,15n033170
15n033171,2,442,26,2,3826,3770,2776,15n033171
15n033174,2,328,26,2,3828,3772,4386,15n033174
15n033175,2,244,26,2,3829,3773,3195,15n033175
15n033178,2,450,26,2,3830,3774,2142,15n033178
15n033184,2,244,26,2,3829,3773,3195,15n033184
15n033185,2,328,26,2,3828,3772,4386,15n033185
15n033191,3,246,34,3,3831,3775,5330,15n033191
15n033203,3,276,33,3,3717,3666,1856,15n033203
15n033211,2,472,26,2,3716,3665,5157,15n033211
15n033225,3,274,37,3,3832,3776,3722,15n033225
15n033226,3,334,37,3,3833,3777,1117,15n033226
15n033228,3,274,37,3,3832,3776,3722,15n033228
15n033229,3,334,37,3,3833,3777,1117,15n033229
15n033358,3,122,34,3,3389,3356,2945,15n033358
15n033359,3,122,34,3,3389,3356,2945,15n033359
15n033362,3,192,29,3,3390,3357,1382,15n033362
15n033363,3,192,29,3,3390,3357,1382,15n033363
15n033364,2,290,24,2,3368,3335,4048,15n033364
15n033367,2,432,26,2,3369,3336,1315,15n033367
15n033369,3,240,36,3,3370,3337,483,15n033369
15n033370,2,578,26,2,3371,3338,3610,15n033370
15n033375,3,182,38,3,3395,3362,1403,15n033375
15n033376,4,54,33,4,3240,3207,5047,15n033376
15n033390,3,218,25,3,3339,3306,3091,15n033390
15n033392,2,362,26,2,3340,3307,2106,15n033392
15n033394,3,202,36,3,3341,3308,117,15n033394
15n033395,2,576,26,2,3342,3309,4411,15n033395
15n033453,3,272,36,3,3388,3355,1396,15n033453
15n033469,3,122,32,3,3834,3778,2323,15n033469
15n033471,3,122,32,3,3834,3778,2323,15n033471
15n033481,3,160,32,3,3835,3779,1421,15n033481
15n033483,3,160,32,3,3835,3779,1421,15n033483
15n033491,2,280,24,2,3836,3780,3158,15n033491
15n033537,3,234,36,3,3387,3354,2251,15n033537
15n033788,2,280,24,2,3836,3780,3158,15n033788
15n033883,3,222,33,3,3837,3781,2686,15n033883
15n033885,2,352,24,2,3838,3782,5142,15n033885
15n033887,2,382,26,2,3839,3783,2774,15n033887
15n033923,3,176,29,3,3840,3784,5076,15n033923
15n033938,2,382,26,2,3839,3783,2774,15n033938
15n033941,3,222,33,3,3837,3781,2686,15n033941
15n033942,2,352,24,2,3838,3782,5142,15n033942
15n033946,3,176,29,3,3840,3784,5076,15n033946
15n033956,3,162,35,3,3841,3785,3248,15n033956
15n033981,3,162,35,3,3841,3785,3248,15n033981
15n033987,3,58,31,3,3842,3786,4499,15n033987
15n033988,3,58,31,3,3842,3786,4499,15n033988
15n033991,2,262,24,2,3843,3787,1630,15n033991
15n033992,2,262,24,2,3843,3787,1630,15n033992
15n033993,2,396,26,2,3844,3788,4858,15n033993
15n034009,2,276,24,2,3845,3789,3155,15n034009
15n034011,2,338,25,2,3846,3790,5486,15n034011
15n034018,2,338,25,2,3846,3790,5486,15n034018
15n034020,2,398,26,2,3847,3791,4144,15n034020
15n034023,2,396,26,2,3844,3788,4858,15n034023
15n034027,2,276,24,2,3845,3789,3155,15n034027
15n034031,2,398,26,2,3847,3791,4144,15n034031
15n034063,3,246,34,3,3831,3775,5330,15n034063
15n034071,2,450,26,2,3830,3774,2142,15n034071
15n034085,3,328,37,3,3119,3090,4854,15n034085
15n034086,3,272,37,3,3118,3089,5519,15n034086
15n034102,2,308,24,2,3848,3792,5178,15n034102
15n034105,2,270,24,2,3849,3793,2126,15n034105
15n034110,2,298,26,2,3850,3794,3376,15n034110
15n034117,2,308,24,2,3848,3792,5178,15n034117
15n034118,2,270,24,2,3849,3793,2126,15n034118
15n034123,2,298,26,2,3850,3794,3376,15n034123
15n034126,2,424,26,2,3851,3795,824,15n034126
15n034127,2,424,26,2,3851,3795,824,15n034127
15n034224,2,442,26,2,3852,3796,2148,15n034224
15n034225,2,442,26,2,3852,3796,2148,15n034225
15n034227,2,496,26,2,3853,3797,2516,15n034227
15n034228,2,496,26,2,3853,3797,2516,15n034228
15n034589,2,226,24,2,3854,3798,4283,15n034589
15n034590,2,226,24,2,3854,3798,4283,15n034590
15n034599,2,424,26,2,3855,3799,3833,15n034599
15n034600,2,424,26,2,3855,3799,3833,15n034600
15n034629,2,126,20,2,3856,3800,1599,15n034629
15n034716,2,442,26,2,3857,3801,4150,15n034716
15n034717,2,442,26,2,3857,3801,4150,15n034717
15n034840,2,352,26,2,3858,3802,3159,15n034840
15n034841,2,352,26,2,3858,3802,3159,15n034841
15n034842,2,442,26,2,3859,3803,2875,15n034842
15n034843,2,442,26,2,3859,3803,2875,15n034843
15n034937,2,348,26,2,3860,3804,802,15n034937
15n034938,2,522,26,2,3861,3805,660,15n034938
15n034939,3,188,36,3,3862,3806,3015,15n034939
15n034940,2,348,26,2,3860,3804,802,15n034940
15n034941,2,522,26,2,3861,3805,660,15n034941
15n034942,3,188,36,3,3862,3806,3015,15n034942
15n034962,2,172,23,2,3863,3807,140,15n034962
15n034963,2,334,26,2,3864,3808,4035,15n034963
15n034964,3,240,35,3,3865,3809,230,15n034964
15n034965,2,406,26,2,3866,3810,431,15n034965
15n034966,3,180,36,3,3867,3811,901,15n034966
15n034974,2,172,23,2,3863,3807,140,15n034974
15n034975,2,334,26,2,3864,3808,4035,15n034975
15n034976,3,240,35,3,3865,3809,230,15n034976
15n034977,2,406,26,2,3866,3810,431,15n034977
15n034978,3,180,36,3,3867,3811,901,15n034978
15n034980,2,334,26,2,3126,3097,3398,15n034980
15n035000,2,190,23,2,3868,3812,74,15n035000
15n035001,2,316,26,2,3869,3813,4322,15n035001
15n035061,2,314,26,2,3870,3814,1608,15n035061
15n035062,2,500,26,2,3871,3815,278,15n035062
15n035063,3,218,36,3,3872,3816,4001,15n035063
15n035071,2,314,26,2,3870,3814,1608,15n035071
15n035072,2,500,26,2,3871,3815,278,15n035072
15n035073,3,218,36,3,3872,3816,4001,15n035073
15n035756,3,154,33,3,3873,3817,3325,15n035756
15n035805,3,280,36,3,3874,3818,1848,15n035805
15n035806,3,214,37,3,3875,3819,3059,15n035806
15n035820,2,378,26,2,3876,3820,380,15n035820
15n035821,2,368,26,2,3877,3821,4791,15n035821
15n035822,3,190,37,3,3878,3822,109,15n035822
15n035924,2,226,24,2,867,858,1604,15n035924
15n036071,2,246,24,2,3879,3823,1610,15n036071
15n036111,2,126,22,2,7,7,2649,15n036111
15n036200,3,220,37,3,3880,3824,2025,15n036200
15n036359,2,246,24,2,3881,3825,1616,15n036359
15n036405,3,172,35,3,3882,3826,3918,15n036405
15n036692,3,280,36,3,3874,3818,1848,15n036692
15n036693,3,214,37,3,3875,3819,3059,15n036693
15n036699,2,378,26,2,3876,3820,380,15n036699
15n036700,2,368,26,2,3877,3821,4791,15n036700
15n036701,3,190,37,3,3878,3822,109,15n036701
15n036740,2,126,22,2,3883,3827,761,15n036740
15n036798,2,100,22,2,3884,3828,772,15n036798
15n036799,2,100,22,2,3884,3828,772,15n036799
15n036802,2,154,22,2,3885,3829,149,15n036802
15n036803,2,154,22,2,3885,3829,149,15n036803
15n036806,3,60,31,3,3886,3830,2937,15n036806
15n036807,3,60,31,3,3886,3830,2937,15n036807
15n036810,2,280,26,2,3887,3831,799,15n036810
15n036811,2,280,26,2,3887,3831,799,15n036811
15n036953,2,276,26,2,3888,3832,510,15n036953
15n036956,2,426,26,2,3889,3833,1067,15n036956
15n036957,3,172,36,3,3890,3834,2285,15n036957
15n036961,2,264,24,2,3891,3835,1241,15n036961
15n036963,2,270,24,2,3892,3836,161,15n036963
15n036966,2,250,24,2,3893,3837,2095,15n036966
15n036968,2,284,24,2,3894,3838,554,15n036968
15n036983,2,156,22,2,3895,3839,505,15n036983
15n036984,2,210,22,2,3896,3840,416,15n036984
15n036987,3,116,34,3,3897,3841,2225,15n036987
15n036990,2,336,26,2,3898,3842,1254,15n036990
15n036994,3,60,30,3,3899,3843,770,15n036994
15n037001,2,154,24,2,3900,3844,1453,15n037001
15n037024,2,298,26,2,3901,3845,1607,15n037024
15n037025,2,460,26,2,3902,3846,274,15n037025
15n037026,3,178,36,3,3903,3847,3936,15n037026
15n037031,2,270,24,2,3892,3836,161,15n037031
15n037034,2,264,24,2,3891,3835,1241,15n037034
15n037037,2,284,24,2,3894,3838,554,15n037037
15n037040,2,250,24,2,3893,3837,2095,15n037040
15n037070,2,276,26,2,3888,3832,510,15n037070
15n037071,2,426,26,2,3889,3833,1067,15n037071
15n037072,3,172,36,3,3890,3834,2285,15n037072
15n037092,2,298,26,2,3901,3845,1607,15n037092
15n037093,2,460,26,2,3902,3846,274,15n037093
15n037094,3,178,36,3,3903,3847,3936,15n037094
15n037101,3,60,30,3,3899,3843,770,15n037101
15n037104,2,154,24,2,3900,3844,1453,15n037104
15n037106,2,298,26,2,3904,3848,152,15n037106
15n037109,2,460,26,2,3905,3849,1806,15n037109
15n037110,3,178,36,3,3906,3850,1451,15n037110
15n037144,2,276,26,2,3907,3851,785,15n037144
15n037147,2,426,26,2,3908,3852,633,15n037147
15n037148,3,172,36,3,3909,3853,3014,15n037148
15n037152,2,156,22,2,3895,3839,505,15n037152
15n037153,2,210,22,2,3896,3840,416,15n037153
15n037156,3,116,34,3,3897,3841,2225,15n037156
15n037157,2,336,26,2,3898,3842,1254,15n037157
15n037177,2,298,26,2,3904,3848,152,15n037177
15n037178,2,460,26,2,3905,3849,1806,15n037178
15n037179,3,178,36,3,3906,3850,1451,15n037179
15n037217,2,276,26,2,3907,3851,785,15n037217
15n037218,2,426,26,2,3908,3852,633,15n037218
15n037219,3,172,36,3,3909,3853,3014,15n037219
15n037277,2,126,22,2,3883,3827,761,15n037277
15n037539,3,178,36,3,3910,3854,3982,15n037539
15n037540,3,178,36,3,3910,3854,3982,15n037540
15n037543,2,352,26,2,3911,3855,3099,15n037543
15n037544,2,352,26,2,3911,3855,3099,15n037544
15n037552,2,370,26,2,3912,3856,2132,15n037552
15n037557,2,370,26,2,3912,3856,2132,15n037557
15n037581,2,152,22,2,152,152,515,15n037581
15n037689,2,376,26,2,3913,3857,1281,15n037689
15n037763,3,154,36,3,3914,3858,2992,15n037763
15n037764,3,154,36,3,3914,3858,2992,15n037764
15n037767,2,442,26,2,3915,3859,4137,15n037767
15n037768,2,442,26,2,3915,3859,4137,15n037768
15n038040,2,244,24,2,940,930,3200,15n038040
15n038046,2,126,22,2,3883,3827,761,15n038046
15n038206,2,156,23,2,3916,3860,136,15n038206
15n038209,2,378,26,2,3917,3861,1065,15n038209
15n038210,2,364,26,2,2724,2698,2410,15n038210
15n038222,2,172,26,2,3918,3862,773,15n038222
15n038224,2,334,26,2,3919,3863,3303,15n038224
15n038225,2,208,26,2,3920,3864,471,15n038225
15n038227,2,172,26,2,3918,3862,773,15n038227
15n038228,2,334,26,2,3919,3863,3303,15n038228
15n038229,2,208,26,2,3920,3864,471,15n038229
15n038230,3,100,31,3,3921,3865,768,15n038230
15n038231,2,156,23,2,3916,3860,136,15n038231
15n038232,2,378,26,2,3917,3861,1065,15n038232
15n038233,2,364,26,2,2724,2698,2410,15n038233
15n038237,3,100,31,3,3921,3865,768,15n038237
15n038246,2,256,24,2,3922,3866,1240,15n038246
15n038252,2,236,24,2,3923,3867,517,15n038252
15n038279,2,256,24,2,3922,3866,1240,15n038279
15n038282,2,236,24,2,3923,3867,517,15n038282
15n038306,3,148,24,3,3924,3868,760,15n038306
15n038310,3,148,24,3,3924,3868,760,15n038310
15n038400,2,152,22,2,152,152,515,15n038400
15n038489,2,280,24,2,3925,3869,2631,15n038489
15n038493,2,280,24,2,3925,3869,2631,15n038493
15n038590,2,148,22,2,857,848,514,15n038590
15n038594,2,50,19,2,820,812,303,15n038594
15n038640,2,190,23,2,3868,3812,74,15n038640
15n038641,2,316,26,2,3869,3813,4322,15n038641
15n038678,2,246,24,2,3926,3870,1164,15n038678
15n038980,2,376,26,2,3913,3857,1281,15n038980
15n039180,2,310,26,2,3927,3871,3378,15n039180
15n039192,2,294,24,2,3928,3872,1554,15n039192
15n039198,3,128,23,3,3929,3873,726,15n039198
15n039209,2,356,24,2,3930,3874,2509,15n039209
15n039215,2,294,24,2,3928,3872,1554,15n039215
15n039221,2,356,24,2,3930,3874,2509,15n039221
15n039227,2,308,26,2,3931,3875,3032,15n039227
15n039259,3,170,33,3,3932,3876,3064,15n039259
15n039260,2,172,23,2,3933,3877,142,15n039260
15n039261,2,244,24,2,3934,3878,3082,15n039261
15n039262,3,134,27,3,3935,3879,3689,15n039262
15n039265,2,244,26,2,3936,3880,2307,15n039265
15n039266,3,218,36,3,3937,3881,3058,15n039266
15n039281,3,170,33,3,3932,3876,3064,15n039281
15n039282,2,172,23,2,3933,3877,142,15n039282
15n039283,2,244,24,2,3934,3878,3082,15n039283
15n039284,3,134,27,3,3935,3879,3689,15n039284
15n039285,2,244,26,2,3936,3880,2307,15n039285
15n039286,3,218,36,3,3937,3881,3058,15n039286
15n039287,3,170,34,3,3938,3882,2358,15n039287
15n039290,2,280,24,2,3939,3883,1332,15n039290
15n039291,2,244,24,2,3940,3884,1238,15n039291
15n039294,2,172,22,2,3941,3885,318,15n039294
15n039295,2,244,24,2,3781,3728,2385,15n039295
15n039296,3,134,27,3,3942,3886,2900,15n039296
15n039299,2,244,26,2,3943,3887,3029,15n039299
15n039300,3,218,36,3,3944,3888,2341,15n039300
15n039308,3,170,34,3,3938,3882,2358,15n039308
15n039309,2,280,24,2,3939,3883,1332,15n039309
15n039310,2,244,24,2,3940,3884,1238,15n039310
15n039311,2,172,22,2,3941,3885,318,15n039311
15n039312,3,134,27,3,3942,3886,2900,15n039312
15n039313,2,244,26,2,3943,3887,3029,15n039313
15n039314,3,218,36,3,3944,3888,2341,15n039314
15n039342,2,208,22,2,3945,3889,1769,15n039342
15n039343,2,208,22,2,3945,3889,1769,15n039343
15n039346,2,208,24,2,3946,3890,3766,15n039346
15n039347,2,208,24,2,3946,3890,3766,15n039347
15n039350,3,96,31,3,3947,3891,459,15n039350
15n039351,3,96,31,3,3947,3891,459,15n039351
15n039354,2,496,26,2,3948,3892,2518,15n039354
15n039355,2,496,26,2,3948,3892,2518,15n039355
15n039396,2,310,26,2,3927,3871,3378,15n039396
15n039402,2,294,24,2,3928,3872,1554,15n039402
15n039407,3,128,23,3,3929,3873,726,15n039407
15n039413,2,356,24,2,3930,3874,2509,15n039413
15n039419,2,294,24,2,3928,3872,1554,15n039419
15n039425,2,356,24,2,3930,3874,2509,15n039425
15n039431,2,308,26,2,3931,3875,3032,15n039431
15n039437,3,142,36,3,3949,3893,4698,15n039437
15n039438,2,352,26,2,3950,3894,236,15n039438
15n039439,2,262,26,2,3951,3895,5411,15n039439
15n039447,3,160,35,3,3952,3896,5394,15n039447
15n039448,2,334,26,2,3953,3897,989,15n039448
15n039449,3,296,31,3,3954,3898,4779,15n039449
15n039450,2,370,26,2,3159,3130,395,15n039450
15n039451,3,170,36,3,3955,3899,3277,15n039451
15n039454,3,186,34,3,3956,3900,5321,15n039454
15n039455,2,352,26,2,3957,3901,1207,15n039455
15n039456,3,132,35,3,3958,3902,4541,15n039456
15n039461,3,276,34,3,3959,3903,4473,15n039461
15n039462,2,514,26,2,3960,3904,385,15n039462
15n039463,3,182,35,3,3961,3905,5344,15n039463
15n039466,3,128,36,3,3962,3906,5391,15n039466
15n039467,2,298,26,2,3963,3907,973,15n039467
15n039468,3,188,31,3,3964,3908,4718,15n039468
15n039469,2,262,26,2,3965,3909,358,15n039469
15n039470,2,100,22,2,3966,3910,1578,15n039470
15n039473,3,182,36,3,3967,3911,5327,15n039473
15n039474,2,388,26,2,3968,3912,1282,15n039474
15n039475,3,202,36,3,3969,3913,4568,15n039475
15n039476,2,280,26,2,3970,3914,511,15n039476
15n039477,2,226,24,2,3971,3075,1613,15n039477
15n039480,3,134,30,3,3972,3915,691,15n039480
15n039481,2,244,26,2,3973,3916,5449,15n039481
15n039482,3,82,34,3,3974,3917,105,15n039482
15n039485,3,184,35,3,3975,3918,895,15n039485
15n039486,2,370,26,2,3976,3919,5400,15n039486
15n039487,3,168,36,3,3977,3920,221,15n039487
15n039490,3,142,36,3,3978,3921,908,15n039490
15n039496,2,208,24,2,3979,3922,538,15n039496
15n039502,3,160,35,3,3952,3896,5394,15n039502
15n039503,2,334,26,2,3953,3897,989,15n039503
15n039504,3,296,31,3,3954,3898,4779,15n039504
15n039505,2,370,26,2,3159,3130,395,15n039505
15n039506,3,170,36,3,3955,3899,3277,15n039506
15n039510,3,210,35,3,3980,3923,1716,15n039510
15n039511,2,460,26,2,3981,3924,2454,15n039511
15n039512,3,330,35,3,3982,3925,3528,15n039512
15n039520,2,190,24,2,3983,3926,3751,15n039520
15n039556,3,308,35,3,3984,3927,3889,15n039556
15n039557,3,114,32,3,3985,3928,2651,15n039557
15n039558,3,114,32,3,3985,3928,2651,15n039558
15n039559,2,622,26,2,3986,3929,3559,15n039559
15n039560,3,250,36,3,3987,3930,2402,15n039560
15n039561,2,244,24,2,3988,3931,2300,15n039561
15n039562,2,244,24,2,3988,3931,2300,15n039562
15n039565,3,204,34,3,3989,3932,4471,15n039565
15n039566,2,370,26,2,3990,3933,353,15n039566
15n039567,3,150,35,3,3991,3934,5340,15n039567
15n039568,2,298,24,2,3992,3935,1637,15n039568
15n039571,3,196,36,3,3993,3936,920,15n039571
15n039572,2,442,26,2,3994,3937,3455,15n039572
15n039573,3,276,35,3,3995,3938,2404,15n039573
15n039574,2,298,24,2,3992,3935,1637,15n039574
15n039577,2,334,24,2,3996,3939,1648,15n039577
15n039580,3,160,36,3,3997,3940,5393,15n039580
15n039581,2,370,26,2,3998,3941,990,15n039581
15n039582,3,260,31,3,3999,3942,4774,15n039582
15n039583,2,190,24,2,4000,3943,1161,15n039583
15n039584,2,244,24,2,4001,3944,559,15n039584
15n039587,3,170,30,3,4002,3945,692,15n039587
15n039588,2,280,26,2,4003,3946,5450,15n039588
15n039589,3,118,34,3,4004,3947,106,15n039589
15n039592,3,148,35,3,4005,3948,891,15n039592
15n039593,2,334,26,2,4006,3949,5399,15n039593
15n039594,3,168,34,3,4007,3950,223,15n039594
15n039595,3,114,32,3,4008,3951,1183,15n039595
15n039596,2,352,26,2,4009,3952,1278,15n039596
15n039609,3,258,34,3,4010,3953,5322,15n039609
15n039610,2,496,26,2,4011,3954,1285,15n039610
15n039611,3,164,35,3,4012,3955,4560,15n039611
15n039615,3,214,36,3,4013,3956,4700,15n039615
15n039616,2,460,26,2,4014,3957,2449,15n039616
15n039617,3,274,36,3,4015,3958,3393,15n039617
15n039620,3,256,35,3,4016,3959,897,15n039620
15n039621,2,514,26,2,4017,3960,5418,15n039621
15n039622,3,200,36,3,4018,3961,228,15n039622
15n039626,3,196,36,3,3993,3936,920,15n039626
15n039627,2,442,26,2,3994,3937,3455,15n039627
15n039628,3,276,35,3,3995,3938,2404,15n039628
15n039629,3,204,34,3,3989,3932,4471,15n039629
15n039630,2,370,26,2,3990,3933,353,15n039630
15n039631,3,150,35,3,3991,3934,5340,15n039631
15n039634,2,244,26,2,4019,3962,1236,15n039634
15n039640,3,256,35,3,4016,3959,897,15n039640
15n039641,2,514,26,2,4017,3960,5418,15n039641
15n039642,3,200,36,3,4018,3961,228,15n039642
15n039645,2,316,24,2,4020,3963,2632,15n039645
15n039648,3,150,34,3,4021,3964,5320,15n039648
15n039649,2,316,26,2,4022,3965,1205,15n039649
15n039650,3,130,35,3,4023,3966,4545,15n039650
15n039656,2,334,24,2,3996,3939,1648,15n039656
15n039662,3,214,36,3,4013,3956,4700,15n039662
15n039663,2,460,26,2,4014,3957,2449,15n039663
15n039664,3,274,36,3,4015,3958,3393,15n039664
15n039667,3,162,35,3,3841,3785,3248,15n039667
15n039670,2,316,24,2,4020,3963,2632,15n039670
15n039674,2,352,26,2,4024,3967,1763,15n039674
15n039675,3,172,36,3,4025,3968,4696,15n039675
15n039676,2,312,26,2,4026,3969,3097,15n039676
15n039677,2,350,26,2,4027,3293,5422,15n039677
15n039682,2,368,24,2,4028,3970,3224,15n039682
15n039683,3,406,35,3,4029,3971,2918,15n039683
15n039684,2,616,26,2,4030,3972,4879,15n039684
15n039685,3,244,37,3,4031,3973,4607,15n039685
15n039686,2,354,26,2,4032,3974,2131,15n039686
15n039687,3,188,36,3,4033,3975,4490,15n039687
15n039690,2,364,26,2,4034,3976,1309,15n039690
15n039692,2,426,24,2,4035,3977,2189,15n039692
15n039693,3,340,36,3,4036,3978,3891,15n039693
15n039694,2,562,26,2,4037,3979,4190,15n039694
15n039695,3,316,37,3,4038,3980,5176,15n039695
15n039696,2,368,24,2,4028,3970,3224,15n039696
15n039697,3,406,35,3,4029,3971,2918,15n039697
15n039698,2,616,26,2,4030,3972,4879,15n039698
15n039699,3,244,37,3,4031,3973,4607,15n039699
15n039700,2,426,24,2,4035,3977,2189,15n039700
15n039701,3,340,36,3,4036,3978,3891,15n039701
15n039702,2,562,26,2,4037,3979,4190,15n039702
15n039703,3,316,37,3,4038,3980,5176,15n039703
15n039754,3,234,35,3,4039,3981,2244,15n039754
15n039755,3,152,27,3,4040,3982,880,15n039755
15n039756,2,226,22,2,4041,3983,5027,15n039756
15n039757,2,496,26,2,4042,3984,4825,15n039757
15n039758,3,254,35,3,4043,3985,1046,15n039758
15n039759,3,136,34,3,4044,3986,195,15n039759
15n039761,2,316,26,2,4045,3987,3769,15n039761
15n039784,3,234,35,3,4039,3981,2244,15n039784
15n039785,2,496,26,2,4042,3984,4825,15n039785
15n039786,3,254,35,3,4043,3985,1046,15n039786
15n039791,3,210,35,3,4046,3988,3320,15n039791
15n039792,2,442,26,2,4047,3989,4090,15n039792
15n039793,3,348,35,3,4048,3990,1864,15n039793
15n039794,3,118,34,3,3780,3727,5337,15n039794
15n039796,2,244,24,2,3641,3598,2630,15n039796
15n039797,3,104,32,3,4049,3991,5470,15n039797
15n039798,2,280,26,2,4050,3992,1663,15n039798
15n039819,3,276,35,3,3806,3750,3866,15n039819
15n039822,3,142,36,3,3978,3921,908,15n039822
15n039823,2,262,26,2,3951,3895,5411,15n039823
15n039824,2,352,26,2,3950,3894,236,15n039824
15n039825,2,208,24,2,3979,3922,538,15n039825
15n039826,3,142,36,3,3949,3893,4698,15n039826
15n039827,3,234,35,3,4039,3981,2244,15n039827
15n039828,3,152,27,3,4040,3982,880,15n039828
15n039829,2,226,22,2,4041,3983,5027,15n039829
15n039830,2,496,26,2,4042,3984,4825,15n039830
15n039831,3,254,35,3,4043,3985,1046,15n039831
15n039832,3,136,34,3,4044,3986,195,15n039832
15n039833,2,316,26,2,4045,3987,3769,15n039833
15n039834,3,234,35,3,4039,3981,2244,15n039834
15n039835,2,496,26,2,4042,3984,4825,15n039835
15n039836,3,254,35,3,4043,3985,1046,15n039836
15n039837,3,210,35,3,4046,3988,3320,15n039837
15n039838,2,442,26,2,4047,3989,4090,15n039838
15n039839,3,348,35,3,4048,3990,1864,15n039839
15n039846,3,160,36,3,3997,3940,5393,15n039846
15n039847,2,370,26,2,3998,3941,990,15n039847
15n039848,3,260,31,3,3999,3942,4774,15n039848
15n039849,2,244,24,2,4001,3944,559,15n039849
15n039850,2,190,24,2,4000,3943,1161,15n039850
15n039851,3,150,34,3,4021,3964,5320,15n039851
15n039852,2,316,26,2,4022,3965,1205,15n039852
15n039853,3,130,35,3,4023,3966,4545,15n039853
15n039854,3,114,32,3,4008,3951,1183,15n039854
15n039855,2,352,26,2,4009,3952,1278,15n039855
15n039856,3,308,35,3,3984,3927,3889,15n039856
15n039857,2,622,26,2,3986,3929,3559,15n039857
15n039858,3,250,36,3,3987,3930,2402,15n039858
15n039859,2,190,24,2,3983,3926,3751,15n039859
15n039860,2,334,24,2,3996,3939,1648,15n039860
15n039861,2,244,26,2,4019,3962,1236,15n039861
15n039862,2,316,24,2,4020,3963,2632,15n039862
15n039863,3,256,35,3,4016,3959,897,15n039863
15n039864,2,514,26,2,4017,3960,5418,15n039864
15n039865,3,200,36,3,4018,3961,228,15n039865
15n039866,3,258,34,3,4010,3953,5322,15n039866
15n039867,2,496,26,2,4011,3954,1285,15n039867
15n039868,3,164,35,3,4012,3955,4560,15n039868
15n039869,3,214,36,3,4013,3956,4700,15n039869
15n039870,2,460,26,2,4014,3957,2449,15n039870
15n039871,3,274,36,3,4015,3958,3393,15n039871
15n039872,2,334,24,2,3996,3939,1648,15n039872
15n039873,3,214,36,3,4013,3956,4700,15n039873
15n039874,2,460,26,2,4014,3957,2449,15n039874
15n039875,3,274,36,3,4015,3958,3393,15n039875
15n039876,2,316,24,2,4020,3963,2632,15n039876
15n039877,3,170,30,3,4002,3945,692,15n039877
15n039878,2,280,26,2,4003,3946,5450,15n039878
15n039879,3,118,34,3,4004,3947,106,15n039879
15n039880,3,148,35,3,4005,3948,891,15n039880
15n039881,2,334,26,2,4006,3949,5399,15n039881
15n039882,3,168,34,3,4007,3950,223,15n039882
15n039883,3,276,34,3,3959,3903,4473,15n039883
15n039884,2,514,26,2,3960,3904,385,15n039884
15n039885,3,182,35,3,3961,3905,5344,15n039885
15n039886,3,256,35,3,4016,3959,897,15n039886
15n039887,2,514,26,2,4017,3960,5418,15n039887
15n039888,3,200,36,3,4018,3961,228,15n039888
15n039889,3,210,35,3,3980,3923,1716,15n039889
15n039890,2,460,26,2,3981,3924,2454,15n039890
15n039891,3,330,35,3,3982,3925,3528,15n039891
15n039892,2,354,26,2,4032,3974,2131,15n039892
15n039893,3,188,36,3,4033,3975,4490,15n039893
15n039894,2,350,26,2,4027,3293,5422,15n039894
15n039895,2,312,26,2,4026,3969,3097,15n039895
15n039896,2,352,26,2,4024,3967,1763,15n039896
15n039897,3,172,36,3,4025,3968,4696,15n039897
15n039898,2,368,24,2,4028,3970,3224,15n039898
15n039899,3,406,35,3,4029,3971,2918,15n039899
15n039900,2,616,26,2,4030,3972,4879,15n039900
15n039901,3,244,37,3,4031,3973,4607,15n039901
15n039902,2,364,26,2,4034,3976,1309,15n039902
15n039903,2,426,24,2,4035,3977,2189,15n039903
15n039904,3,340,36,3,4036,3978,3891,15n039904
15n039905,2,562,26,2,4037,3979,4190,15n039905
15n039906,3,316,37,3,4038,3980,5176,15n039906
15n039907,2,368,24,2,4028,3970,3224,15n039907
15n039908,3,406,35,3,4029,3971,2918,15n039908
15n039909,2,616,26,2,4030,3972,4879,15n039909
15n039910,3,244,37,3,4031,3973,4607,15n039910
15n039911,2,426,24,2,4035,3977,2189,15n039911
15n039912,3,340,36,3,4036,3978,3891,15n039912
15n039913,2,562,26,2,4037,3979,4190,15n039913
15n039914,3,316,37,3,4038,3980,5176,15n039914
15n039915,3,186,34,3,3956,3900,5321,15n039915
15n039916,2,352,26,2,3957,3901,1207,15n039916
15n039917,3,132,35,3,3958,3902,4541,15n039917
15n039918,3,160,35,3,3952,3896,5394,15n039918
15n039919,2,334,26,2,3953,3897,989,15n039919
15n039920,3,296,31,3,3954,3898,4779,15n039920
15n039921,3,170,36,3,3955,3899,3277,15n039921
15n039922,2,370,26,2,3159,3130,395,15n039922
15n039923,3,128,36,3,3962,3906,5391,15n039923
15n039924,2,298,26,2,3963,3907,973,15n039924
15n039925,3,188,31,3,3964,3908,4718,15n039925
15n039926,2,100,22,2,3966,3910,1578,15n039926
15n039927,2,262,26,2,3965,3909,358,15n039927
15n039928,3,182,36,3,3967,3911,5327,15n039928
15n039929,2,388,26,2,3968,3912,1282,15n039929
15n039930,3,202,36,3,3969,3913,4568,15n039930
15n039931,2,226,24,2,3971,3075,1613,15n039931
15n039932,2,280,26,2,3970,3914,511,15n039932
15n039933,3,134,30,3,3972,3915,691,15n039933
15n039934,2,244,26,2,3973,3916,5449,15n039934
15n039935,3,82,34,3,3974,3917,105,15n039935
15n039936,3,184,35,3,3975,3918,895,15n039936
15n039937,2,370,26,2,3976,3919,5400,15n039937
15n039938,3,168,36,3,3977,3920,221,15n039938
15n039939,3,160,35,3,3952,3896,5394,15n039939
15n039940,2,334,26,2,3953,3897,989,15n039940
15n039941,3,296,31,3,3954,3898,4779,15n039941
15n039942,3,170,36,3,3955,3899,3277,15n039942
15n039943,2,370,26,2,3159,3130,395,15n039943
15n040297,3,74,31,3,188,187,2920,15n040297
15n040303,2,76,20,2,4,4,1192,15n040303
15n040385,2,76,22,2,3105,3077,3716,15n040385
15n040422,2,228,24,2,4051,3993,481,15n040422
15n040423,2,518,26,2,4052,3994,688,15n040423
15n040424,3,150,35,3,4053,3995,3326,15n040424
15n040425,2,402,26,2,4054,3996,656,15n040425
15n040426,2,344,26,2,4055,3997,821,15n040426
15n040427,3,186,35,3,4056,3998,2953,15n040427
15n040436,2,228,24,2,4051,3993,481,15n040436
15n040437,2,518,26,2,4052,3994,688,15n040437
15n040438,3,150,35,3,4053,3995,3326,15n040438
15n040439,2,402,26,2,4054,3996,656,15n040439
15n040440,2,344,26,2,4055,3997,821,15n040440
15n040441,3,186,35,3,4056,3998,2953,15n040441
15n040586,2,244,24,2,3517,3476,4754,15n040586
15n040588,3,260,31,3,3674,3623,1384,15n040588
15n041088,2,194,24,2,4057,3999,126,15n041088
15n041089,2,504,26,2,4058,4000,1373,15n041089
15n041090,3,138,35,3,4059,4001,2262,15n041090
15n041091,2,380,26,2,4060,4002,269,15n041091
15n041092,2,318,26,2,4061,4003,1617,15n041092
15n041093,3,228,35,3,4062,4004,2000,15n041093
15n041263,2,194,24,2,4057,3999,126,15n041263
15n041264,2,504,26,2,4058,4000,1373,15n041264
15n041265,3,138,35,3,4059,4001,2262,15n041265
15n041266,2,380,26,2,4060,4002,269,15n041266
15n041267,2,318,26,2,4061,4003,1617,15n041267
15n041268,3,228,35,3,4062,4004,2000,15n041268
15n041309,2,226,24,2,4063,4005,1169,15n041309
15n041327,2,100,26,2,4064,4006,2947,15n041327
15n041328,2,172,26,2,4065,4007,774,15n041328
15n041329,3,66,31,3,4066,4008,5379,15n041329
15n041330,2,262,26,2,4067,4009,5235,15n041330
15n041333,2,370,26,2,4068,4010,5248,15n041333
15n041348,2,226,26,2,4069,4011,3293,15n041348
15n041349,2,154,26,2,4070,4012,1150,15n041349
15n041351,2,280,26,2,4071,4013,5080,15n041351
15n041359,2,280,26,2,4072,4014,787,15n041359
15n041604,3,82,30,3,755,747,3254,15n041604
15n041684,2,188,22,2,4073,4015,1748,15n041684
15n041685,3,102,24,3,4074,4016,133,15n041685
15n041708,2,148,22,2,4075,822,2058,15n041708
15n041775,3,242,37,3,4076,4017,3723,15n041775
15n041929,3,90,31,3,4077,4018,4511,15n041929
15n042113,2,376,26,2,4078,4019,2412,15n042113
15n042333,2,246,24,2,3881,3825,1616,15n042333
15n042459,3,148,26,3,4079,4020,4987,15n042459
15n042460,2,454,26,2,4080,4021,5314,15n042460
15n042575,3,120,25,3,4081,4022,1978,15n042575
15n042577,2,234,26,2,4082,4023,5397,15n042577
15n042578,2,194,24,2,4083,4024,4276,15n042578
15n042647,2,366,26,2,4084,3001,4037,15n042647
15n042648,3,194,36,3,4085,4025,951,15n042648
15n042649,2,566,26,2,4086,4026,5317,15n042649
15n042650,2,388,26,2,4087,4027,3108,15n042650
15n042652,2,388,26,2,4088,4027,3213,15n042652
15n042659,2,246,24,2,4089,656,4677,15n042659
15n042719,3,220,37,3,4090,4028,2286,15n042719
15n042720,3,286,37,3,4091,4029,3371,15n042720
15n042721,3,220,37,3,4090,4028,2286,15n042721
15n042722,3,286,37,3,4091,4029,3371,15n042722
15n042727,2,276,26,2,85,85,2303,15n042727
15n042729,2,226,26,2,79,79,2650,15n042729
15n042751,2,226,24,2,3103,3075,4020,15n042751
15n042934,2,246,24,2,4092,676,4279,15n042934
15n043179,2,148,22,2,168,168,1225,15n043179
15n043233,2,244,22,2,4093,4030,3842,15n043233
15n043234,2,442,26,2,4094,4031,4163,15n043234
15n043306,2,214,23,2,4095,4032,69,15n043306
15n043834,3,174,36,3,4096,4033,5502,15n043834
15n043842,3,154,38,3,4097,4034,2949,15n043842
15n043844,2,100,24,2,4098,4035,62,15n043844
15n043982,2,50,20,2,984,973,4963,15n043982
15n043993,2,246,24,2,3926,3870,1164,15n043993
15n043994,2,242,26,2,4099,4036,911,15n043994
15n044052,2,176,24,2,3092,3064,2292,15n044052
15n044135,3,58,28,3,789,781,2641,15n044135
15n044448,2,82,20,2,4100,4037,2646,15n044448
15n044450,2,406,26,2,4101,4038,4146,15n044450
15n044787,2,284,24,2,4102,4039,5125,15n044787
15n044788,2,468,26,2,4103,4040,4454,15n044788
15n044798,3,186,29,3,4104,4041,4990,15n044798
15n044799,2,402,26,2,4105,4042,4684,15n044799
15n044895,3,178,36,3,4106,4043,3281,15n044895
15n044898,3,178,36,3,4106,4043,3281,15n044898
15n044946,2,276,26,2,4107,88,4315,15n044946
15n044950,2,276,24,2,2935,2907,2501,15n044950
15n044952,2,126,22,2,955,944,1449,15n044952
15n044956,2,326,24,2,4108,2906,3526,15n044956
15n044958,2,276,24,2,2935,2907,2501,15n044958
15n044960,2,326,24,2,4108,2906,3526,15n044960
15n044984,2,154,22,2,4109,4044,1011,15n044984
15n044985,2,154,22,2,4109,4044,1011,15n044985
15n044988,2,442,26,2,4110,4045,3413,15n044988
15n044989,2,442,26,2,4110,4045,3413,15n044989
15n044992,2,276,26,2,73,73,2383,15n044992
15n044998,2,276,26,2,93,93,4313,15n044998
15n045006,2,126,22,2,614,611,3933,15n045006
15n045008,2,226,24,2,837,829,1031,15n045008
15n045009,2,226,24,2,17,17,2675,15n045009
15n045010,2,226,24,2,17,17,2675,15n045010
15n045013,2,370,26,2,4111,4046,1522,15n045013
15n045014,2,370,26,2,4111,4046,1522,15n045014
15n045015,2,226,26,2,94,94,3942,15n045015
15n045289,3,92,31,3,4112,4047,775,15n045289
15n045296,3,124,32,3,4113,4048,1961,15n045296
15n045399,2,244,24,2,954,548,1755,15n045399
15n045610,2,106,20,2,4114,4049,2157,15n045610
15n045808,2,280,24,2,4115,4050,560,15n045808
15n045834,3,224,35,3,4116,4051,5113,15n045834
15n045835,2,426,26,2,4117,4052,687,15n045835
15n045836,3,176,36,3,4118,4053,5466,15n045836
15n045973,2,246,24,2,4119,3825,4030,15n045973
15n046054,2,406,26,2,4120,4054,3529,15n046054
15n046055,2,406,26,2,4121,4054,2775,15n046055
15n046154,2,388,26,2,4087,4027,3108,15n046154
15n046155,2,388,26,2,4088,4027,3213,15n046155
15n046163,2,366,26,2,4084,3001,4037,15n046163
15n046164,2,566,26,2,4086,4026,5317,15n046164
15n046165,3,194,36,3,4085,4025,951,15n046165
15n046168,2,246,24,2,4089,656,4677,15n046168
15n046173,2,126,24,2,3101,3073,2029,15n046173
15n046177,2,176,24,2,3102,3074,2357,15n046177
15n046205,2,244,24,2,4122,4055,5122,15n046205
15n046233,2,284,24,2,4102,4039,5125,15n046233
15n046234,2,468,26,2,4103,4040,4454,15n046234
15n046235,3,186,29,3,4104,4041,4990,15n046235
15n046236,2,402,26,2,4105,4042,4684,15n046236
15n046307,2,312,24,2,4123,4056,5363,15n046307
15n046308,2,560,26,2,4124,4057,3858,15n046308
15n046309,3,206,36,3,4125,4058,2994,15n046309
15n046370,2,312,24,2,4123,4056,5363,15n046370
15n046371,2,560,26,2,4124,4057,3858,15n046371
15n046372,3,206,36,3,4125,4058,2994,15n046372
15n046442,2,406,26,2,4126,4059,628,15n046442
15n046443,2,406,26,2,4126,4059,628,15n046443
15n046494,3,86,33,3,4127,4060,1400,15n046494
15n046497,3,86,32,3,4128,4061,4666,15n046497
15n046697,3,116,33,3,4129,4062,4971,15n046697
15n046698,3,214,36,3,4130,4063,1014,15n046698
15n046715,3,116,33,3,4129,4062,4971,15n046715
15n046716,3,214,36,3,4130,4063,1014,15n046716
15n046717,3,116,33,3,4131,4064,4539,15n046717
15n046720,2,262,24,2,4132,4065,3667,15n046720
15n046721,3,214,36,3,4133,4066,609,15n046721
15n046725,3,116,33,3,4131,4064,4539,15n046725
15n046726,2,262,24,2,4132,4065,3667,15n046726
15n046727,3,214,36,3,4133,4066,609,15n046727
15n046748,2,226,24,2,899,889,4007,15n046748
15n046749,3,176,35,3,4134,4067,2018,15n046749
15n046756,2,226,24,2,899,889,4007,15n046756
15n046757,3,176,35,3,4134,4067,2018,15n046757
15n046762,2,226,24,2,4135,4068,3366,15n046762
15n046765,2,226,24,2,4136,4068,2100,15n046765
15n046766,3,176,35,3,4137,4069,1432,15n046766
15n046771,2,226,24,2,4135,4068,3366,15n046771
15n046772,2,226,24,2,4136,4068,2100,15n046772
15n046773,3,176,35,3,4137,4069,1432,15n046773
15n046778,3,124,32,3,4113,4048,1961,15n046778
15n046782,3,92,31,3,4112,4047,775,15n046782
15n046846,2,126,24,2,615,612,5233,15n046846
15n046848,2,176,24,2,616,613,5070,15n046848
15n046850,2,226,24,2,992,981,5243,15n046850
15n046853,2,76,21,2,618,615,5059,15n046853
15n046855,2,26,18,2,619,616,4956,15n046855
15n046914,2,148,22,2,168,168,1225,15n046914
15n047113,2,238,24,2,4138,4070,151,15n047113
15n047275,2,82,20,2,4139,4071,3321,15n047275
15n047278,2,406,26,2,4140,4072,3411,15n047278
15n047332,3,186,37,3,4141,4073,3280,15n047332
15n047415,3,92,31,3,4142,4074,789,15n047415
15n047417,3,92,31,3,4143,4075,3885,15n047417
15n047447,2,406,26,2,4120,4054,3529,15n047447
15n047448,2,406,26,2,4121,4054,2775,15n047448
15n047456,2,252,24,2,4144,4076,5376,15n047456
15n047457,2,500,26,2,4145,4077,3848,15n047457
15n047534,2,246,22,2,4146,4078,2869,15n047534
15n047541,3,178,34,3,4147,4079,3337,15n047541
15n047565,2,164,24,2,4148,4080,3735,15n047565
15n047566,2,348,26,2,4149,4081,5387,15n047566
15n047567,3,162,35,3,4150,4082,697,15n047567
15n047568,2,290,24,2,4151,4083,4135,15n047568
15n047569,2,522,26,2,4152,4084,5313,15n047569
15n047570,3,204,37,3,4153,4085,933,15n047570
15n047627,2,244,24,2,4122,4055,5122,15n047627
15n047632,2,82,21,2,4154,4086,4970,15n047632
15n047677,3,220,37,3,4090,4028,2286,15n047677
15n047678,3,286,37,3,4091,4029,3371,15n047678
15n047679,3,220,37,3,4090,4028,2286,15n047679
15n047680,3,286,37,3,4091,4029,3371,15n047680
15n048265,3,124,34,3,4155,4087,2012,15n048265
15n048268,3,124,34,3,758,750,2264,15n048268
15n048402,2,276,26,2,85,85,2303,15n048402
15n048444,2,246,24,2,4092,676,4279,15n048444
15n048738,2,246,24,2,4156,4088,4614,15n048738
15n048739,2,446,26,2,4157,4089,5037,15n048739
15n048740,3,152,35,3,4158,4090,1414,15n048740
15n048741,2,360,26,2,4159,4091,4790,15n048741
15n048742,2,512,26,2,4160,4092,4953,15n048742
15n048743,3,196,35,3,4161,4093,1738,15n048743
15n048806,2,252,24,2,4144,4076,5376,15n048806
15n048807,2,500,26,2,4145,4077,3848,15n048807
15n048808,2,278,26,2,4162,4094,5403,15n048808
15n048809,2,414,26,2,4163,4095,3675,15n048809
15n048810,3,138,35,3,4164,4096,3268,15n048810
15n048811,2,328,26,2,4165,4097,5360,15n048811
15n048812,2,544,26,2,4166,4098,3862,15n048812
15n048813,3,196,37,3,4167,4099,3005,15n048813
15n048862,2,164,24,2,4148,4080,3735,15n048862
15n048863,2,348,26,2,4149,4081,5387,15n048863
15n048864,3,162,35,3,4150,4082,697,15n048864
15n048865,2,290,24,2,4151,4083,4135,15n048865
15n048866,2,522,26,2,4152,4084,5313,15n048866
15n048867,3,204,37,3,4153,4085,933,15n048867
15n049277,2,226,24,2,3103,3075,4020,15n049277
15n049287,2,76,22,2,3105,3077,3716,15n049287
15n049301,3,256,35,3,4168,4100,1752,15n049301
15n049389,3,190,37,3,4169,4101,3016,15n049389
15n049458,3,78,31,3,4170,4102,325,15n049458
15n049557,3,242,37,3,3367,3334,3006,15n049557
15n049569,2,276,26,2,4107,88,4315,15n049569
15n049571,2,276,24,2,2935,2907,2501,15n049571
15n049573,2,126,22,2,955,944,1449,15n049573
15n049575,2,326,24,2,4108,2906,3526,15n049575
15n049577,2,276,24,2,2935,2907,2501,15n049577
15n049579,2,326,24,2,4108,2906,3526,15n049579
15n049592,3,224,35,3,4116,4051,5113,15n049592
15n049593,2,426,26,2,4117,4052,687,15n049593
15n049594,3,176,36,3,4118,4053,5466,15n049594
15n049733,2,350,25,2,4171,4103,5487,15n049733
15n049734,2,582,26,2,4172,4104,2883,15n049734
15n049735,3,194,36,3,4173,4105,3975,15n049735
15n049750,2,198,24,2,4174,4106,5475,15n049750
15n049882,2,278,26,2,4162,4094,5403,15n049882
15n049883,2,414,26,2,4163,4095,3675,15n049883
15n049884,3,138,35,3,4164,4096,3268,15n049884
15n049885,2,328,26,2,4165,4097,5360,15n049885
15n049886,2,544,26,2,4166,4098,3862,15n049886
15n049887,3,196,37,3,4167,4099,3005,15n049887
15n049927,3,286,35,3,4175,4107,702,15n049927
15n049928,2,508,26,2,4176,4108,4816,15n049928
15n049929,3,210,36,3,4177,4109,122,15n049929
15n049935,3,248,35,3,4178,4110,5117,15n049935
15n049936,2,514,26,2,4179,4111,689,15n049936
15n049937,3,208,36,3,4180,4112,5468,15n049937
15n049972,2,384,26,2,4181,4113,4782,15n049972
15n049973,2,198,26,2,4182,4114,123,15n049973
15n049975,2,438,26,2,4183,4115,4632,15n049975
15n049976,2,376,26,2,4184,4116,272,15n049976
15n049988,3,132,35,3,4185,4117,5063,15n049988
15n049989,2,398,26,2,4186,4118,685,15n049989
15n049990,2,224,26,2,4187,4119,5384,15n049990
15n049992,3,194,37,3,4188,4120,4976,15n049992
15n049993,2,464,26,2,4189,4121,866,15n049993
15n049994,2,406,26,2,4190,4122,5274,15n049994
15n050012,3,156,35,3,4191,4123,2604,15n050012
15n050014,3,202,37,3,4192,4124,2999,15n050014
15n050023,3,286,35,3,4175,4107,702,15n050023
15n050024,2,508,26,2,4176,4108,4816,15n050024
15n050025,3,210,36,3,4177,4109,122,15n050025
15n050027,3,248,35,3,4178,4110,5117,15n050027
15n050028,2,514,26,2,4179,4111,689,15n050028
15n050029,3,208,36,3,4180,4112,5468,15n050029
15n050050,3,162,35,3,4193,4125,3270,15n050050
15n050051,3,162,35,3,4194,4126,4536,15n050051
15n050106,3,186,37,3,4141,4073,3280,15n050106
15n050145,2,350,25,2,4171,4103,5487,15n050145
15n050146,2,582,26,2,4172,4104,2883,15n050146
15n050147,3,194,36,3,4173,4105,3975,15n050147
15n050301,2,246,24,2,4156,4088,4614,15n050301
15n050302,2,446,26,2,4157,4089,5037,15n050302
15n050303,3,152,35,3,4158,4090,1414,15n050303
15n050304,2,360,26,2,4159,4091,4790,15n050304
15n050305,2,512,26,2,4160,4092,4953,15n050305
15n050306,3,196,35,3,4161,4093,1738,15n050306
15n050310,2,228,24,2,4195,4127,3028,15n050310
15n050311,3,300,31,3,4196,4128,1983,15n050311
15n050312,2,414,26,2,4197,4129,5416,15n050312
15n050313,2,194,24,2,4083,4024,4276,15n050313
15n050314,3,180,37,3,4198,4130,722,15n050314
15n050387,3,102,32,3,4199,4131,4272,15n050387
15n050780,3,132,35,3,3417,3378,1661,15n050780
15n050813,3,248,35,3,4178,4110,5117,15n050813
15n050814,2,514,26,2,4179,4111,689,15n050814
15n050815,3,208,36,3,4180,4112,5468,15n050815
15n050816,3,132,35,3,4185,4117,5063,15n050816
15n050817,2,398,26,2,4186,4118,685,15n050817
15n050818,2,224,26,2,4187,4119,5384,15n050818
15n050819,3,194,37,3,4188,4120,4976,15n050819
15n050820,2,464,26,2,4189,4121,866,15n050820
15n050821,2,406,26,2,4190,4122,5274,15n050821
15n050822,3,156,35,3,4191,4123,2604,15n050822
15n050823,3,202,37,3,4192,4124,2999,15n050823
15n050824,3,248,35,3,4178,4110,5117,15n050824
15n050825,2,514,26,2,4179,4111,689,15n050825
15n050826,3,208,36,3,4180,4112,5468,15n050826
15n050829,2,298,26,2,3850,3794,3376,15n050829
15n050830,2,298,26,2,3850,3794,3376,15n050830
15n050834,3,212,28,3,4200,4132,4025,15n050834
15n050835,3,140,27,3,4201,4133,1984,15n050835
15n050836,2,298,24,2,4202,4134,1553,15n050836
15n050837,2,298,24,2,4202,4134,1553,15n050837
15n050841,2,136,24,2,4203,4135,727,15n050841
15n050842,2,136,24,2,4203,4135,727,15n050842
15n050845,3,198,28,3,4204,4136,3087,15n050845
15n050846,3,126,31,3,4205,4137,2916,15n050846
15n050847,2,352,24,2,4206,4138,2508,15n050847
15n050848,2,352,24,2,4206,4138,2508,15n050848
15n050850,3,212,28,3,4200,4132,4025,15n050850
15n050851,3,140,27,3,4201,4133,1984,15n050851
15n050852,2,298,24,2,4202,4134,1553,15n050852
15n050853,2,298,24,2,4202,4134,1553,15n050853
15n050855,3,198,28,3,4204,4136,3087,15n050855
15n050856,3,126,31,3,4205,4137,2916,15n050856
15n050857,2,352,24,2,4206,4138,2508,15n050857
15n050858,2,352,24,2,4206,4138,2508,15n050858
15n051008,3,264,36,3,4207,4139,1753,15n051008
15n051011,3,208,37,3,4208,4140,5065,15n051011
15n051013,2,228,24,2,4195,4127,3028,15n051013
15n051014,3,300,31,3,4196,4128,1983,15n051014
15n051015,2,414,26,2,4197,4129,5416,15n051015
15n051016,3,180,37,3,4198,4130,722,15n051016
15n051108,3,120,25,3,4081,4022,1978,15n051108
15n051109,2,234,26,2,4082,4023,5397,15n051109
15n051499,3,92,31,3,4143,4075,3885,15n051499
15n051500,3,92,31,3,4142,4074,789,15n051500
15n051697,3,84,29,3,4209,4141,4507,15n051697
15n051747,3,68,29,3,4210,4142,2007,15n051747
15n051748,4,26,23,4,4211,4143,3681,15n051748
15n051922,2,430,26,2,4212,4144,2706,15n051922
15n051923,3,168,36,3,4213,4145,220,15n051923
15n051935,2,412,26,2,4214,4146,1786,15n051935
15n051936,3,246,35,3,4215,4147,619,15n051936
15n051937,3,146,33,3,4216,4148,3733,15n051937
15n051938,2,450,26,2,4217,4149,2782,15n051938
15n051939,3,192,35,3,4218,4150,894,15n051939
15n051942,3,170,33,3,3114,3085,4595,15n051942
15n051943,2,488,26,2,4219,4151,1949,15n051943
15n051944,3,170,36,3,4220,4152,1678,15n051944
15n052146,3,114,32,3,3518,3477,4543,15n052146
15n052148,3,130,35,3,3679,3628,1657,15n052148
15n052325,3,146,33,3,4216,4148,3733,15n052325
15n052326,2,450,26,2,4217,4149,2782,15n052326
15n052327,3,192,35,3,4218,4150,894,15n052327
15n052331,3,170,33,3,3114,3085,4595,15n052331
15n052332,2,488,26,2,4219,4151,1949,15n052332
15n052333,3,170,36,3,4220,4152,1678,15n052333
15n052339,2,430,26,2,4212,4144,2706,15n052339
15n052340,3,168,36,3,4213,4145,220,15n052340
15n052344,2,412,26,2,4214,4146,1786,15n052344
15n052345,3,246,35,3,4215,4147,619,15n052345
15n052728,3,102,32,3,4199,4131,4272,15n052728
15n052801,2,220,26,2,4221,4153,5352,15n052801
15n052802,3,152,35,3,4222,4154,1693,15n052802
15n052803,2,484,26,2,4223,4155,4952,15n052803
15n052848,2,64,20,2,4224,4156,88,15n052848
15n052849,2,64,20,2,4224,4156,88,15n052849
15n052852,2,154,22,2,4225,4157,676,15n052852
15n052853,2,154,22,2,4225,4157,676,15n052853
15n052856,3,42,29,3,4226,4158,2061,15n052856
15n052857,3,42,29,3,4226,4158,2061,15n052857
15n052860,2,208,26,2,4227,4159,4713,15n052860
15n052861,2,208,26,2,4227,4159,4713,15n052861
15n052863,2,118,22,2,4228,4160,148,15n052863
15n052864,2,118,22,2,4228,4160,148,15n052864
15n052867,2,100,22,2,4229,4161,776,15n052867
15n052868,2,100,22,2,4229,4161,776,15n052868
15n052871,3,62,27,3,4230,4162,1650,15n052871
15n052872,3,62,27,3,4230,4162,1650,15n052872
15n052875,2,262,26,2,4231,4163,4571,15n052875
15n052876,2,262,26,2,4231,4163,4571,15n052876
15n053058,2,226,24,2,3103,3075,4020,15n053058
15n053064,2,190,22,2,4232,4164,4014,15n053064
15n053073,2,76,22,2,3105,3077,3716,15n053073
15n053258,2,176,24,2,4233,4165,730,15n053258
15n053261,2,426,26,2,4234,4166,440,15n053261
15n053262,3,122,35,3,4235,4167,3912,15n053262
15n053266,2,224,24,2,4236,4168,93,15n053266
15n053268,2,234,24,2,4237,4169,1033,15n053268
15n053271,2,218,24,2,4238,4170,2673,15n053271
15n053273,2,240,24,2,4239,4171,4753,15n053273
15n053274,2,326,26,2,4240,4172,1043,15n053274
15n053277,2,276,26,2,4241,4173,520,15n053277
15n053278,3,174,35,3,4242,4174,3701,15n053278
15n053282,2,230,24,2,4243,4175,159,15n053282
15n053285,2,228,24,2,4244,4176,1235,15n053285
15n053288,2,212,24,2,4245,4177,2374,15n053288
15n053291,2,246,24,2,4156,4088,4614,15n053291
15n053328,2,112,20,2,4246,4178,299,15n053328
15n053329,2,202,22,2,4247,4179,420,15n053329
15n053332,3,90,32,3,4248,4180,3256,15n053332
15n053335,2,256,26,2,4249,4181,4295,15n053335
15n053337,2,166,22,2,4250,4182,414,15n053337
15n053338,2,148,22,2,4251,4183,512,15n053338
15n053341,3,110,34,3,4252,4184,2972,15n053341
15n053344,2,310,26,2,4253,4185,3960,15n053344
15n053372,2,154,22,2,4254,4186,1594,15n053372
15n053378,2,82,20,2,4255,4187,4538,15n053378
15n053382,2,406,26,2,4256,4188,3532,15n053382
15n053397,3,42,30,3,4257,4189,4475,15n053397
15n053404,2,154,24,2,4258,4190,48,15n053404
15n053417,2,190,24,2,4259,4191,1016,15n053417
15n053510,2,190,24,2,4260,4192,124,15n053510
15n053511,2,460,26,2,4261,4193,1360,15n053511
15n053512,3,124,35,3,4262,4194,2261,15n053512
15n053515,2,352,26,2,4263,4195,267,15n053515
15n053516,2,298,26,2,4264,4196,1615,15n053516
15n053517,3,184,35,3,4265,4197,1998,15n053517
15n053522,2,234,24,2,4237,4169,1033,15n053522
15n053525,2,224,24,2,4236,4168,93,15n053525
15n053528,2,240,24,2,4239,4171,4753,15n053528
15n053531,2,218,24,2,4238,4170,2673,15n053531
15n053535,2,228,24,2,4244,4176,1235,15n053535
15n053538,2,230,24,2,4243,4175,159,15n053538
15n053543,2,246,24,2,4156,4088,4614,15n053543
15n053546,2,212,24,2,4245,4177,2374,15n053546
15n053626,2,176,24,2,4233,4165,730,15n053626
15n053627,2,426,26,2,4234,4166,440,15n053627
15n053628,3,122,35,3,4235,4167,3912,15n053628
15n053632,2,326,26,2,4240,4172,1043,15n053632
15n053633,2,276,26,2,4241,4173,520,15n053633
15n053634,3,174,35,3,4242,4174,3701,15n053634
15n053726,2,190,24,2,4260,4192,124,15n053726
15n053727,2,460,26,2,4261,4193,1360,15n053727
15n053728,3,124,35,3,4262,4194,2261,15n053728
15n053729,2,352,26,2,4263,4195,267,15n053729
15n053730,2,298,26,2,4264,4196,1615,15n053730
15n053731,3,184,35,3,4265,4197,1998,15n053731
15n053745,3,90,31,3,989,978,1670,15n053745
15n053771,3,42,30,3,4257,4189,4475,15n053771
15n053774,2,154,24,2,4258,4190,48,15n053774
15n053789,2,190,24,2,4266,4198,1463,15n053789
15n053792,2,460,26,2,4267,4199,98,15n053792
15n053793,3,124,35,3,4268,4200,4702,15n053793
15n053796,2,352,26,2,4269,4201,1774,15n053796
15n053799,2,298,26,2,4270,4202,160,15n053799
15n053800,3,184,35,3,4271,4203,4482,15n053800
15n053868,2,176,24,2,4272,4204,470,15n053868
15n053871,2,426,26,2,4273,4205,686,15n053871
15n053872,3,122,35,3,4274,4206,3257,15n053872
15n053876,2,112,20,2,4246,4178,299,15n053876
15n053877,2,202,22,2,4247,4179,420,15n053877
15n053880,3,90,32,3,4248,4180,3256,15n053880
15n053881,2,256,26,2,4249,4181,4295,15n053881
15n053882,2,326,26,2,4275,4207,624,15n053882
15n053885,2,276,26,2,4276,4208,798,15n053885
15n053886,3,174,35,3,4277,4209,2923,15n053886
15n053890,2,166,22,2,4250,4182,414,15n053890
15n053891,2,148,22,2,4251,4183,512,15n053891
15n053894,3,110,34,3,4252,4184,2972,15n053894
15n053895,2,310,26,2,4253,4185,3960,15n053895
15n053966,2,190,24,2,4266,4198,1463,15n053966
15n053967,2,460,26,2,4267,4199,98,15n053967
15n053968,3,124,35,3,4268,4200,4702,15n053968
15n053969,2,352,26,2,4269,4201,1774,15n053969
15n053970,2,298,26,2,4270,4202,160,15n053970
15n053971,3,184,35,3,4271,4203,4482,15n053971
15n054061,2,176,24,2,4272,4204,470,15n054061
15n054062,2,426,26,2,4273,4205,686,15n054062
15n054063,3,122,35,3,4274,4206,3257,15n054063
15n054067,2,326,26,2,4275,4207,624,15n054067
15n054068,2,276,26,2,4276,4208,798,15n054068
15n054069,3,174,35,3,4277,4209,2923,15n054069
15n054071,3,220,36,3,4278,4210,2494,15n054071
15n054072,2,460,26,2,4279,4211,3826,15n054072
15n054080,3,98,27,3,4280,4212,2899,15n054080
15n054081,3,98,27,3,4281,4213,767,15n054081
15n054082,2,352,26,2,4282,4214,5136,15n054082
15n054086,3,248,36,3,4283,4215,4852,15n054086
15n054087,2,352,26,2,4284,4216,807,15n054087
15n054090,3,78,30,3,4285,4217,5048,15n054090
15n054091,2,244,26,2,4286,4218,786,15n054091
15n054094,3,114,30,3,4287,4219,5050,15n054094
15n054097,3,114,35,3,4288,4220,5500,15n054097
15n054105,3,136,35,3,4289,4221,5461,15n054105
15n054112,3,226,35,3,4290,4222,2328,15n054112
15n054114,2,190,22,2,4291,4223,3752,15n054114
15n054118,2,316,24,2,4292,4224,1778,15n054118
15n054121,3,132,32,3,4293,4225,4716,15n054121
15n054122,2,136,22,2,4294,4226,4995,15n054122
15n054127,2,298,24,2,4295,4227,3399,15n054127
15n054128,2,406,26,2,4296,4228,2116,15n054128
15n054339,3,242,37,3,4076,4017,3723,15n054339
15n054344,2,244,24,2,4297,4229,4320,15n054344
15n054345,2,244,24,2,4297,4229,4320,15n054345
15n054348,3,168,32,3,4298,4230,5103,15n054348
15n054349,3,168,32,3,4298,4230,5103,15n054349
15n054352,2,352,26,2,4299,4231,3103,15n054352
15n054353,2,352,26,2,4299,4231,3103,15n054353
15n054358,2,172,22,2,4300,4232,2366,15n054358
15n054359,2,172,22,2,4300,4232,2366,15n054359
15n054362,3,132,32,3,4301,4233,5069,15n054362
15n054363,3,132,32,3,4301,4233,5069,15n054363
15n054366,2,280,24,2,4302,4234,1305,15n054366
15n054367,2,280,24,2,4302,4234,1305,15n054367
15n054370,2,424,26,2,4303,4235,4769,15n054370
15n054371,2,424,26,2,4303,4235,4769,15n054371
15n054554,2,290,24,2,839,831,4139,15n054554
15n054673,3,148,26,3,4079,4020,4987,15n054673
15n054674,2,454,26,2,4080,4021,5314,15n054674
15n054946,2,352,24,2,4304,4236,4857,15n054946
15n054948,3,120,34,3,4305,4237,5395,15n054948
15n054949,2,280,24,2,4306,4238,4776,15n054949
15n054969,2,226,24,2,867,858,1604,15n054969
15n055294,2,442,26,2,4094,4031,4163,15n055294
15n055333,3,78,30,3,4307,4239,2069,15n055333
15n055334,3,78,30,3,4307,4239,2069,15n055334
15n055338,3,132,32,3,4308,4240,584,15n055338
15n055339,2,406,26,2,4309,4241,165,15n055339
15n055340,3,132,32,3,4308,4240,584,15n055340
15n055341,2,406,26,2,4309,4241,165,15n055341
15n055511,3,74,31,3,4310,4242,4505,15n055511
15n055541,3,140,36,3,4311,4243,4513,15n055541
15n055542,3,140,36,3,4311,4243,4513,15n055542
15n055563,2,352,26,2,4312,4244,828,15n055563
15n055591,3,156,35,3,4313,4245,3911,15n055591
15n055592,2,352,26,2,4314,4246,803,15n055592
15n055593,3,120,34,3,4315,4247,89,15n055593
15n055597,3,102,32,3,4316,4248,5383,15n055597
15n055598,2,352,26,2,3130,3101,4788,15n055598
15n055606,3,118,33,3,4317,4249,146,15n055606
15n055613,2,316,26,2,2729,2703,3768,15n055613
15n055614,2,352,26,2,4312,4244,828,15n055614
15n055860,2,154,22,2,4318,4250,2117,15n055860
15n055861,2,154,22,2,4318,4250,2117,15n055861
15n055866,2,334,26,2,4319,4251,4622,15n055866
15n055867,2,334,26,2,4319,4251,4622,15n055867
15n056237,2,262,24,2,4320,4252,5406,15n056237
15n057176,3,144,35,3,4321,4253,1399,15n057176
15n057183,3,216,35,3,4322,4254,1412,15n057183
15n057184,3,130,33,3,4323,4255,2334,15n057184
15n057185,2,316,24,2,4324,4256,3221,15n057185
15n057188,2,352,26,2,4325,4257,4326,15n057188
15n057192,3,188,36,3,4326,4258,3965,15n057192
15n057195,2,190,24,2,4327,4259,4281,15n057195
15n057198,2,388,26,2,4328,4260,1805,15n057198
15n057341,3,90,31,3,4329,4261,2067,15n057341
15n057435,3,42,23,3,929,919,3683,15n057435
15n057436,4,42,28,4,4330,4262,3695,15n057436
15n057439,3,118,32,3,4331,4263,2645,15n057439
15n057440,3,206,35,3,4332,4264,3351,15n057440
15n057463,2,82,20,2,4139,4071,3321,15n057463
15n057465,2,406,26,2,4140,4072,3411,15n057465
15n057603,3,118,32,3,4331,4263,2645,15n057603
15n057606,4,42,32,4,4333,4265,3682,15n057606
15n057642,3,90,31,3,852,844,2963,15n057642
15n057827,2,100,20,2,4334,4266,3011,15n057827
15n058025,2,76,22,2,3105,3077,3716,15n058025
15n058042,2,244,24,2,4335,4267,4773,15n058042
15n058266,2,316,26,2,4336,4268,4321,15n058266
15n058281,2,352,26,2,4337,4269,5179,15n058281
15n058289,3,100,32,3,4338,4270,1190,15n058289
15n058294,3,100,32,3,4338,4270,1190,15n058294
15n058528,3,184,35,3,4339,4271,1391,15n058528
15n058529,2,406,26,2,4340,4272,2703,15n058529
15n058536,3,140,35,3,4341,4273,1431,15n058536
15n058537,2,406,26,2,4342,4274,2780,15n058537
15n058543,3,250,36,3,4343,4275,649,15n058543
15n058546,3,194,36,3,4344,4276,3991,15n058546
15n058547,2,442,26,2,4345,4277,409,15n058547
15n058551,3,202,35,3,4346,4278,5242,15n058551
15n058555,3,142,35,3,4347,4279,5056,15n058555
15n058559,2,226,24,2,4348,4280,3294,15n058559
15n058767,2,276,26,2,3084,3056,4758,15n058767
15n058771,2,226,26,2,3086,3058,4600,15n058771
15n059371,2,244,24,2,4349,4281,1770,15n059371
15n059373,2,244,24,2,4350,4282,4757,15n059373
15n059374,2,244,24,2,4349,4281,1770,15n059374
15n059393,3,156,32,3,4351,4283,2352,15n059393
15n059397,3,242,37,3,4352,4284,3350,15n059397
15n059456,2,244,24,2,4353,4285,2384,15n059456
15n059540,3,206,36,3,4354,4286,3339,15n059540
15n059545,3,186,36,3,4355,4287,3974,15n059545
15n059557,3,180,37,3,4356,4288,2975,15n059557
15n059558,3,258,35,3,4357,4289,4270,15n059558
15n059657,2,228,26,2,4358,4290,3727,15n059657
15n059658,3,58,31,3,4359,3558,4468,15n059658
15n059756,2,220,26,2,4221,4153,5352,15n059756
15n059757,2,484,26,2,4223,4155,4952,15n059757
15n059758,3,152,35,3,4222,4154,1693,15n059758
15n059849,3,270,37,3,4360,4291,719,15n059849
15n059851,3,248,37,3,4361,4292,5101,15n059851
15n059862,3,140,35,3,4362,4293,4522,15n059862
15n059865,3,246,37,3,4363,4294,1502,15n059865
15n059867,3,272,37,3,4364,4295,4533,15n059867
15n059869,3,246,37,3,4363,4294,1502,15n059869
15n059871,3,270,37,3,4360,4291,719,15n059871
15n059872,2,280,24,2,4115,4050,560,15n059872
15n059875,3,244,36,3,4365,4296,2372,15n059875
15n059877,3,272,37,3,4364,4295,4533,15n059877
15n059879,3,248,37,3,4361,4292,5101,15n059879
15n059882,3,282,36,3,4366,4297,3714,15n059882
15n059886,3,218,35,3,4367,4298,4268,15n059886
15n059890,3,302,37,3,4368,4299,1550,15n059890
15n059893,3,328,37,3,4369,4300,4587,15n059893
15n059907,3,256,35,3,4168,4100,1752,15n059907
15n059909,3,190,37,3,4169,4101,3016,15n059909
15n059910,2,376,26,2,4078,4019,2412,15n059910
15n059917,3,162,35,3,4194,4126,4536,15n059917
15n059918,3,162,35,3,4193,4125,3270,15n059918
15n060090,2,262,22,2,4370,4301,3521,15n060090
15n060091,2,262,22,2,4370,4301,3521,15n060091
15n060094,2,442,26,2,4371,4302,4065,15n060094
15n060095,2,442,26,2,4371,4302,4065,15n060095
15n060120,3,208,37,3,4208,4140,5065,15n060120
15n060128,3,264,36,3,4207,4139,1753,15n060128
15n060337,3,172,36,3,3890,3834,2285,15n060337
15n060341,2,278,24,2,4372,4303,3373,15n060341
15n060347,3,116,32,3,4373,4304,1692,15n060347
15n060350,2,282,26,2,4374,4305,2655,15n060350
15n060360,3,178,36,3,4375,4306,950,15n060360
15n060363,2,278,24,2,4372,4303,3373,15n060363
15n060375,3,172,36,3,3890,3834,2285,15n060375
15n060380,3,178,36,3,4375,4306,950,15n060380
15n060385,2,100,24,2,4098,4035,62,15n060385
15n060395,3,172,36,3,4376,4307,1696,15n060395
15n060399,3,116,32,3,4373,4304,1692,15n060399
15n060400,2,282,26,2,4374,4305,2655,15n060400
15n060414,3,172,36,3,4376,4307,1696,15n060414
15n060416,3,286,35,3,4175,4107,702,15n060416
15n060417,2,508,26,2,4176,4108,4816,15n060417
15n060418,3,210,36,3,4177,4109,122,15n060418
15n060419,2,384,26,2,4181,4113,4782,15n060419
15n060420,2,198,26,2,4182,4114,123,15n060420
15n060421,2,438,26,2,4183,4115,4632,15n060421
15n060422,2,376,26,2,4184,4116,272,15n060422
15n060423,3,286,35,3,4175,4107,702,15n060423
15n060424,2,508,26,2,4176,4108,4816,15n060424
15n060425,3,210,36,3,4177,4109,122,15n060425
15n060428,2,298,26,2,4377,4308,1473,15n060428
15n060429,2,298,26,2,4377,4308,1473,15n060429
15n060435,3,328,37,3,4369,4300,4587,15n060435
15n060436,3,272,37,3,4364,4295,4533,15n060436
15n060437,3,248,37,3,4361,4292,5101,15n060437
15n060438,3,140,35,3,4362,4293,4522,15n060438
15n060439,3,218,35,3,4367,4298,4268,15n060439
15n060440,3,248,37,3,4361,4292,5101,15n060440
15n060441,3,282,36,3,4366,4297,3714,15n060441
15n060442,3,272,37,3,4364,4295,4533,15n060442
15n060459,2,244,24,2,4378,4309,3081,15n060459
15n060460,2,244,24,2,4378,4309,3081,15n060460
15n060467,3,98,27,3,4280,4212,2899,15n060467
15n060469,2,244,24,2,4353,4285,2384,15n060469
15n060470,3,226,36,3,4379,4310,1501,15n060470
15n060473,3,226,36,3,4379,4310,1501,15n060473
15n060475,3,242,37,3,3367,3334,3006,15n060475
15n060513,2,226,24,2,4380,4311,1467,15n060513
15n060529,2,406,26,2,4381,4312,2145,15n060529
15n060530,2,406,26,2,4381,4312,2145,15n060530
15n060802,3,292,37,3,4382,4313,2386,15n060802
15n060803,3,220,37,3,4383,4314,1452,15n060803
15n060804,3,292,37,3,4382,4313,2386,15n060804
15n060805,3,220,37,3,4383,4314,1452,15n060805
15n061020,2,244,22,2,4093,4030,3842,15n061020
15n061022,2,214,23,2,4095,4032,69,15n061022
15n061323,3,258,35,3,4357,4289,4270,15n061323
15n061437,2,126,22,2,3883,3827,761,15n061437
15n061505,2,126,20,2,3856,3800,1599,15n061505
15n061526,2,226,24,2,3103,3075,4020,15n061526
15n061603,2,226,24,2,4063,4005,1169,15n061603
15n061606,3,220,37,3,4383,4314,1452,15n061606
15n061608,3,292,37,3,4382,4313,2386,15n061608
15n061694,3,62,25,3,4384,4315,4260,15n061694
15n061701,2,100,24,2,4385,4316,63,15n061701
15n061770,3,106,32,3,4386,4317,2661,15n061770
15n061782,3,62,25,3,4384,4315,4260,15n061782
15n061785,2,100,24,2,4385,4316,63,15n061785
15n061865,2,460,26,2,4387,4318,3851,15n061865
15n062009,3,242,37,3,4388,3228,4002,15n062009
15n062013,2,242,26,2,4099,4036,911,15n062013
15n062017,2,406,26,2,4389,4319,3386,15n062017
15n062018,2,406,26,2,4389,4319,3386,15n062018
15n062028,2,376,26,2,3913,3857,1281,15n062028
15n062150,3,194,35,3,4390,4320,3057,15n062150
15n062211,2,268,24,2,4391,4321,4760,15n062211
15n062213,3,150,32,3,4392,4322,694,15n062213
15n062276,3,268,36,3,4393,4323,2377,15n062276
15n062279,3,268,36,3,4393,4323,2377,15n062279
15n062358,3,112,33,3,4394,4324,713,15n062358
15n062361,2,414,26,2,4395,4325,402,15n062361
15n062362,2,180,24,2,4396,4326,2614,15n062362
15n062366,2,266,24,2,4397,4327,1036,15n062366
15n062369,2,192,24,2,4398,4328,314,15n062369
15n062370,2,402,26,2,4399,4329,2772,15n062370
15n062388,2,244,26,2,4400,4330,4720,15n062388
15n062390,2,190,26,2,4401,4331,2074,15n062390
15n062391,2,244,26,2,4402,4332,783,15n062391
15n062393,2,244,26,2,4400,4330,4720,15n062393
15n062394,2,190,26,2,4401,4331,2074,15n062394
15n062395,2,244,26,2,4402,4332,783,15n062395
15n062396,3,102,34,3,4403,4333,113,15n062396
15n062397,3,112,33,3,4394,4324,713,15n062397
15n062398,2,414,26,2,4395,4325,402,15n062398
15n062399,2,180,24,2,4396,4326,2614,15n062399
15n062403,2,136,24,2,4404,4334,462,15n062403
15n062404,2,82,22,2,4405,4335,495,15n062404
15n062405,2,352,26,2,4406,4336,1968,15n062405
15n062406,2,266,24,2,4397,4327,1036,15n062406
15n062407,2,192,24,2,4398,4328,314,15n062407
15n062408,2,402,26,2,4399,4329,2772,15n062408
15n062412,3,102,34,3,4403,4333,113,15n062412
15n062413,2,136,24,2,4404,4334,462,15n062413
15n062414,2,82,22,2,4405,4335,495,15n062414
15n062415,2,352,26,2,4406,4336,1968,15n062415
15n062454,2,216,24,2,4407,4337,3772,15n062454
15n062460,2,200,24,2,4408,4338,480,15n062460
15n062539,2,216,24,2,4407,4337,3772,15n062539
15n062542,2,200,24,2,4408,4338,480,15n062542
15n062586,2,254,24,2,4409,4339,4024,15n062586
15n062634,2,254,24,2,4409,4339,4024,15n062634
15n062808,2,298,26,2,4410,4340,4672,15n062808
15n062809,2,298,26,2,4410,4340,4672,15n062809
15n062811,2,226,24,2,4380,4311,1467,15n062811
15n062861,2,82,20,2,4100,4037,2646,15n062861
15n062866,2,406,26,2,4101,4038,4146,15n062866
15n062885,2,244,24,2,4122,4055,5122,15n062885
15n062991,3,170,35,3,4411,4341,3930,15n062991
15n063019,3,170,35,3,4411,4341,3930,15n063019
15n063025,2,298,26,2,4412,4342,2084,15n063025
15n063028,3,132,31,3,4413,4343,1963,15n063028
15n063029,3,100,32,3,4414,4344,769,15n063029
15n063032,2,136,22,2,4415,4345,779,15n063032
15n063033,3,234,36,3,4416,4346,613,15n063033
15n063036,2,298,26,2,4412,4342,2084,15n063036
15n063037,3,132,31,3,4413,4343,1963,15n063037
15n063038,3,100,32,3,4414,4344,769,15n063038
15n063039,2,136,22,2,4415,4345,779,15n063039
15n063040,3,234,36,3,4416,4346,613,15n063040
15n063041,3,170,35,3,4417,4347,4542,15n063041
15n063049,3,170,35,3,4417,4347,4542,15n063049
15n063285,3,314,31,3,4418,4348,2905,15n063285
15n063295,3,198,36,3,4419,4349,2941,15n063295
15n063297,2,316,26,2,4420,4350,1761,15n063297
15n063298,2,406,26,2,3168,3137,2866,15n063298
15n063300,3,190,36,3,4421,4351,2995,15n063300
15n063302,3,314,31,3,4418,4348,2905,15n063302
15n063468,3,66,29,3,4422,4352,3884,15n063468
15n063477,3,134,32,3,4423,4353,2996,15n063477
15n063899,2,352,26,2,4424,4354,5174,15n063899
15n063901,3,214,36,3,4425,4355,3359,15n063901
15n063907,3,208,37,3,4426,4356,5095,15n063907
15n063909,2,406,26,2,4427,4357,3444,15n063909
15n064426,2,280,24,2,4428,4358,4763,15n064426
15n064557,3,130,35,3,4429,4359,5232,15n064557
15n064560,3,172,37,3,4430,4360,5064,15n064560
15n064631,3,102,32,3,4431,4361,329,15n064631
15n064877,2,226,26,2,4069,4011,3293,15n064877
15n064887,3,204,36,3,4432,4362,2023,15n064887
15n064893,3,204,36,3,4432,4362,2023,15n064893
15n064908,3,342,36,3,4433,4363,710,15n064908
15n064909,3,200,34,3,4434,4364,262,15n064909
15n064910,2,446,26,2,4435,4365,4087,15n064910
15n064914,3,304,36,3,4436,4366,5172,15n064914
15n064915,3,214,34,3,4437,970,5329,15n064915
15n064916,2,456,26,2,4438,4367,1323,15n064916
15n064917,3,218,25,3,4439,2530,2378,15n064917
15n064918,2,254,24,2,4440,4368,2125,15n064918
15n064919,3,260,36,3,4441,4369,1493,15n064919
15n064920,2,230,24,2,4442,4370,1032,15n064920
15n064921,2,266,24,2,4443,4371,171,15n064921
15n064922,3,250,36,3,4444,4372,4591,15n064922
15n064926,3,218,25,3,4439,2530,2378,15n064926
15n064927,2,254,24,2,4440,4368,2125,15n064927
15n064928,3,260,36,3,4441,4369,1493,15n064928
15n064931,2,230,24,2,4442,4370,1032,15n064931
15n064932,2,266,24,2,4443,4371,171,15n064932
15n064933,3,250,36,3,4444,4372,4591,15n064933
15n065149,2,242,24,2,4445,4373,615,15n065149
15n065161,2,242,24,2,4445,4373,615,15n065161
15n065189,3,302,37,3,4368,4299,1550,15n065189
15n065190,3,246,37,3,4363,4294,1502,15n065190
15n065191,3,270,37,3,4360,4291,719,15n065191
15n065192,3,270,37,3,4360,4291,719,15n065192
15n065193,3,244,36,3,4365,4296,2372,15n065193
15n065194,3,246,37,3,4363,4294,1502,15n065194
15n065206,2,460,26,2,4446,4374,3825,15n065206
15n065207,2,460,26,2,4446,4374,3825,15n065207
15n065212,3,250,36,3,4444,4372,4591,15n065212
15n065213,3,214,34,3,4437,970,5329,15n065213
15n065214,2,456,26,2,4438,4367,1323,15n065214
15n065215,3,250,36,3,4444,4372,4591,15n065215
15n065216,3,304,36,3,4436,4366,5172,15n065216
15n065224,2,320,26,2,4447,4375,235,15n065224
15n065225,2,342,26,2,4448,4376,3401,15n065225
15n065226,3,174,36,3,4449,4377,949,15n065226
15n065243,2,320,26,2,4447,4375,235,15n065243
15n065244,2,342,26,2,4448,4376,3401,15n065244
15n065245,3,174,36,3,4449,4377,949,15n065245
15n065327,2,406,26,2,4450,4378,4056,15n065327
15n065328,2,406,26,2,4450,4378,4056,15n065328
15n065408,3,78,31,3,4170,4102,325,15n065408
15n065549,3,92,31,3,4451,4379,1191,15n065549
15n065607,3,124,32,3,991,980,899,15n065607
15n065839,3,180,37,3,4356,4288,2975,15n065839
15n066039,2,460,26,2,4452,4380,4794,15n066039
15n066040,2,460,26,2,4452,4380,4794,15n066040
15n066338,3,160,35,3,4453,4381,465,15n066338
15n066339,3,160,35,3,4453,4381,465,15n066339
15n066352,3,222,37,3,4454,4382,3988,15n066352
15n066353,3,110,31,3,4455,4383,2237,15n066353
15n066355,2,460,26,2,4456,4384,1876,15n066355
15n066358,2,460,26,2,4457,4385,3847,15n066358
15n066493,2,176,20,2,2972,2944,4444,15n066493
15n066544,3,102,32,3,4431,4361,329,15n066544
15n066556,3,114,32,3,4458,4386,3926,15n066556
15n066557,3,114,32,3,4458,4386,3926,15n066557
15n066560,2,406,26,2,4459,4387,2844,15n066560
15n066561,2,406,26,2,4459,4387,2844,15n066561
15n066655,3,220,37,3,4383,4314,1452,15n066655
15n066657,3,292,37,3,4382,4313,2386,15n066657
15n066658,3,244,36,3,4460,4388,2360,15n066658
15n066661,3,244,36,3,4460,4388,2360,15n066661
15n066676,2,82,22,2,4461,4389,4496,15n066676
15n066679,2,82,22,2,4461,4389,4496,15n066679
15n066711,2,222,24,2,4462,4390,3365,15n066711
15n066717,2,206,24,2,4463,4391,612,15n066717
15n066732,2,222,24,2,4462,4390,3365,15n066732
15n066735,2,206,24,2,4463,4391,612,15n066735
15n066762,3,114,33,3,4464,4392,3717,15n066762
15n066774,3,114,33,3,4464,4392,3717,15n066774
15n066867,3,130,32,3,862,853,3972,15n066867
15n066892,2,208,22,2,4465,4393,827,15n066892
15n066893,2,208,22,2,4465,4393,827,15n066893
15n066897,2,280,24,2,4466,4394,2628,15n066897
15n066898,2,280,24,2,4466,4394,2628,15n066898
15n066901,2,262,22,2,4467,4395,2177,15n066901
15n066902,2,262,22,2,4467,4395,2177,15n066902
15n066905,2,388,26,2,4468,4396,4388,15n066905
15n066906,2,388,26,2,4468,4396,4388,15n066906
15n066933,3,268,36,3,4393,4323,2377,15n066933
15n066936,3,268,36,3,4393,4323,2377,15n066936
15n067024,2,176,24,2,3092,3064,2292,15n067024
15n067262,3,166,35,3,4469,4397,2926,15n067262
15n067264,2,226,26,2,3481,3440,1588,15n067264
15n067266,3,138,35,3,4470,4398,3258,15n067266
15n067268,2,316,26,2,4471,4399,1253,15n067268
15n067313,3,102,32,3,4472,4400,4697,15n067313
15n067571,3,252,35,3,4473,4401,4509,15n067571
15n067573,2,352,26,2,4474,4402,526,15n067573
15n067575,3,130,35,3,4475,4403,2925,15n067575
15n067577,2,370,26,2,4476,4404,398,15n067577
15n067579,3,172,37,3,4477,4405,3262,15n067579
15n067684,2,280,24,2,4478,4406,5361,15n067684
15n067686,3,176,33,3,4479,4407,917,15n067686
15n067770,3,260,36,3,4441,4369,1493,15n067770
15n067771,3,200,34,3,4434,4364,262,15n067771
15n067772,2,446,26,2,4435,4365,4087,15n067772
15n067774,3,260,36,3,4441,4369,1493,15n067774
15n067775,3,342,36,3,4433,4363,710,15n067775
15n067972,2,370,24,2,4480,4408,1647,15n067972
15n067973,2,370,24,2,4480,4408,1647,15n067973
15n068013,3,156,32,3,4351,4283,2352,15n068013
15n068017,3,242,37,3,4352,4284,3350,15n068017
15n068252,3,170,36,3,4481,4409,5234,15n068252
15n068781,2,370,26,2,4482,4410,5277,15n068781
15n068944,3,232,36,3,4483,4411,1419,15n068944
15n068947,3,122,34,3,4484,4412,3910,15n068947
15n068950,3,222,34,3,4485,4413,3696,15n068950
15n068953,3,170,36,3,4486,4414,2273,15n068953
15n068956,3,238,37,3,4487,4415,2340,15n068956
15n069040,2,150,24,2,4488,4416,5473,15n069040
15n069281,3,238,35,3,4489,4417,2931,15n069281
15n069283,2,406,26,2,4490,4418,2705,15n069283
15n069286,3,164,36,3,4491,4419,3874,15n069286
15n069288,2,442,26,2,4492,4420,5278,15n069288
15n069291,3,222,34,3,4493,4421,2206,15n069291
15n069294,3,146,36,3,4494,4422,3705,15n069294
15n069421,3,242,37,3,4388,3228,4002,15n069421
15n069505,3,244,36,3,4460,4388,2360,15n069505
15n069508,3,244,36,3,4460,4388,2360,15n069508
15n069821,3,176,35,3,4495,4423,4739,15n069821
15n069824,3,236,35,3,4496,4424,4501,15n069824
15n069827,3,224,37,3,4497,4425,4582,15n069827
15n069845,2,126,24,2,3101,3073,2029,15n069845
15n069848,2,176,24,2,3102,3074,2357,15n069848
15n069914,3,178,34,3,4147,4079,3337,15n069914
15n069915,2,246,22,2,4146,4078,2869,15n069915
15n069944,3,178,36,3,4498,4426,2979,15n069944
15n069947,3,188,37,3,4499,4427,3272,15n069947
15n070927,3,212,35,3,4500,4428,4518,15n070927
15n070931,3,228,36,3,4501,4429,5106,15n070931
15n070994,2,212,24,2,4502,4430,3022,15n070994
15n071170,3,66,29,3,4422,4352,3884,15n071170
15n071175,3,134,32,3,4423,4353,2996,15n071175
15n071492,2,360,26,2,4503,4431,5506,15n071492
15n071493,2,290,26,2,4504,4432,2083,15n071493
15n071754,2,334,24,2,4505,4433,3400,15n071754
15n071756,3,230,29,3,4506,4434,3693,15n071756
15n071918,3,102,32,3,4472,4400,4697,15n071918
15n072022,2,150,24,2,4488,4416,5473,15n072022
15n072265,2,370,26,2,4507,4435,432,15n072265
15n072266,2,280,26,2,4508,4436,4775,15n072266
15n072267,3,174,36,3,4509,4437,103,15n072267
15n072447,2,370,26,2,4507,4435,432,15n072447
15n072448,2,280,26,2,4508,4436,4775,15n072448
15n072449,3,174,36,3,4509,4437,103,15n072449
15n072511,2,344,26,2,4510,4438,5129,15n072511
15n072512,2,354,26,2,3587,3546,627,15n072512
15n072513,3,176,37,3,4511,4439,5471,15n072513
15n072739,2,246,24,2,3879,3823,1610,15n072739
15n072831,3,154,38,3,4512,4440,3261,15n072831
15n072988,2,326,26,2,3099,3071,4032,15n072988
15n073055,2,344,26,2,4510,4438,5129,15n073055
15n073056,2,354,26,2,3587,3546,627,15n073056
15n073057,3,176,37,3,4511,4439,5471,15n073057
15n073168,3,154,38,3,4512,4440,3261,15n073168
15n073590,2,456,26,2,4513,4441,3831,15n073590
15n073591,2,404,26,2,4514,4442,3161,15n073591
15n073699,2,530,26,2,2834,2808,2877,15n073699
15n073700,2,486,26,2,4515,4443,4153,15n073700
15n073773,2,404,26,2,4514,4442,3161,15n073773
15n073774,2,456,26,2,4513,4441,3831,15n073774
15n073781,2,388,26,2,4516,4444,3160,15n073781
15n073782,2,388,26,2,4516,4444,3160,15n073782
15n073794,3,180,36,3,4517,4445,2344,15n073794
15n073795,3,180,36,3,4517,4445,2344,15n073795
15n073796,2,370,26,2,4518,4446,2143,15n073796
15n073797,2,370,26,2,4518,4446,2143,15n073797
15n073802,2,478,26,2,4519,4447,4152,15n073802
15n073803,2,478,26,2,4519,4447,4152,15n073803
15n073951,3,174,34,3,4520,4448,1012,15n073951
15n073982,2,486,26,2,4515,4443,4153,15n073982
15n073983,2,530,26,2,2834,2808,2877,15n073983
15n074170,3,206,35,3,4332,4264,3351,15n074170
15n074322,3,174,34,3,4520,4448,1012,15n074322
15n074610,2,148,22,2,4075,822,2058,15n074610
15n074771,2,478,26,2,4521,4449,2878,15n074771
15n074772,2,478,26,2,4521,4449,2878,15n074772
15n075085,3,176,35,3,4522,4450,1481,15n075085
15n075086,3,78,30,3,4523,4451,410,15n075086
15n075087,2,100,22,2,4524,4452,1576,15n075087
15n075088,2,244,26,2,4525,4453,4721,15n075088
15n075089,2,280,24,2,4526,4454,576,15n075089
15n075090,2,352,24,2,4527,4455,581,15n075090
15n075095,3,236,35,3,4528,4456,1844,15n075095
15n075096,2,208,22,2,4529,4457,548,15n075096
15n075097,2,226,24,2,4530,4458,1632,15n075097
15n075098,3,98,27,3,4531,4459,4540,15n075098
15n075100,2,460,26,2,4532,4460,1950,15n075100
15n075107,2,244,24,2,4533,4461,552,15n075107
15n075108,2,244,24,2,4533,4461,552,15n075108
15n075120,3,130,35,3,4534,4462,3267,15n075120
15n075121,2,370,26,2,4535,4463,5276,15n075121
15n075124,3,172,37,3,4536,4464,3004,15n075124
15n075134,3,252,35,3,4537,4465,1846,15n075134
15n075137,2,298,24,2,4538,4466,1640,15n075137
15n075138,3,186,33,3,4539,4467,2208,15n075138
15n075149,2,334,26,2,4540,4468,4682,15n075149
15n075154,2,352,26,2,4541,4469,4450,15n075154
15n075157,3,130,35,3,4542,4470,696,15n075157
15n075160,3,172,37,3,4543,4471,932,15n075160
15n075169,3,206,36,3,4544,4472,3048,15n075169
15n075170,3,96,30,3,4545,4473,4470,15n075170
15n075171,2,118,21,2,4546,4474,72,15n075171
15n075172,2,82,21,2,4547,4086,304,15n075172
15n075173,2,154,22,2,4548,4475,2854,15n075173
15n075174,2,190,24,2,4549,4476,4277,15n075174
15n075175,2,352,26,2,4550,4477,558,15n075175
15n075178,3,186,36,3,4551,4478,2332,15n075178
15n075179,2,190,22,2,4552,4479,765,15n075179
15n075195,3,180,36,3,4553,4480,1224,15n075195
15n075196,3,200,35,3,4554,4481,208,15n075196
15n075197,2,496,26,2,4555,4482,1272,15n075197
15n075198,3,230,35,3,4556,4483,971,15n075198
15n075199,3,214,36,3,4557,4484,605,15n075199
15n075200,2,490,26,2,4558,4485,638,15n075200
15n075201,3,324,35,3,4559,4486,1783,15n075201
15n075202,3,200,35,3,4554,4481,208,15n075202
15n075203,2,496,26,2,4555,4482,1272,15n075203
15n075204,3,230,35,3,4556,4483,971,15n075204
15n075205,3,214,36,3,4557,4484,605,15n075205
15n075206,2,490,26,2,4558,4485,638,15n075206
15n075207,3,324,35,3,4559,4486,1783,15n075207
15n075209,2,326,26,2,3099,3071,4032,15n075209
15n075215,2,324,26,2,4560,4487,3095,15n075215
15n075220,3,176,37,3,4561,4488,2607,15n075220
15n075221,3,176,35,3,4522,4450,1481,15n075221
15n075222,2,280,24,2,4526,4454,576,15n075222
15n075223,2,244,26,2,4525,4453,4721,15n075223
15n075224,3,78,30,3,4523,4451,410,15n075224
15n075225,2,100,22,2,4524,4452,1576,15n075225
15n075226,2,352,24,2,4527,4455,581,15n075226
15n075245,3,130,35,3,4562,4489,2210,15n075245
15n075246,2,352,26,2,4563,4490,5456,15n075246
15n075247,3,114,35,3,4564,4491,108,15n075247
15n075253,3,188,29,3,4565,4492,1981,15n075253
15n075254,2,262,26,2,4566,4493,5398,15n075254
15n075255,3,136,35,3,4567,4494,216,15n075255
15n075259,3,236,35,3,4528,4456,1844,15n075259
15n075260,3,98,27,3,4531,4459,4540,15n075260
15n075261,2,208,22,2,4529,4457,548,15n075261
15n075262,2,226,24,2,4530,4458,1632,15n075262
15n075263,2,460,26,2,4532,4460,1950,15n075263
15n075278,2,572,26,2,4568,4495,2534,15n075278
15n075281,3,122,33,3,4569,4496,2211,15n075281
15n075282,3,114,33,3,4570,4497,3002,15n075282
15n075284,2,630,26,2,4571,4498,2884,15n075284
15n075285,3,242,36,3,4572,4499,4124,15n075285
15n075288,2,308,24,2,4573,4500,3230,15n075288
15n075289,3,204,29,3,4574,4501,4466,15n075289
15n075301,3,156,35,3,4575,4502,2279,15n075301
15n075302,2,352,26,2,4576,4503,4856,15n075302
15n075304,2,190,22,2,4552,4479,765,15n075304
15n075306,3,120,34,3,4577,4504,191,15n075306
15n075307,2,280,24,2,4578,4505,566,15n075307
15n075308,2,352,26,2,4579,4506,822,15n075308
15n075313,3,222,37,3,4580,4507,2282,15n075313
15n075314,3,110,31,3,4581,4508,2851,15n075314
15n075315,2,190,24,2,4582,4509,1025,15n075315
15n075316,2,460,26,2,4583,4510,1878,15n075316
15n075319,3,166,35,3,4584,4511,3283,15n075319
15n075329,3,216,35,3,4585,4512,4749,15n075329
15n075330,2,334,24,2,4586,4513,2779,15n075330
15n075331,3,130,33,3,4587,4514,3242,15n075331
15n075332,2,316,24,2,4588,4515,1858,15n075332
15n075333,2,316,24,2,4589,4516,3231,15n075333
15n075334,2,262,24,2,4590,4517,3394,15n075334
15n075335,2,352,26,2,4591,4518,1296,15n075335
15n075336,2,244,24,2,4592,4519,2403,15n075336
15n075339,3,138,35,3,4593,4520,2990,15n075339
15n075350,2,334,26,2,4594,4521,2129,15n075350
15n075358,2,286,25,2,4595,4522,5472,15n075358
15n075359,3,272,29,3,4596,4523,5223,15n075359
15n075360,3,170,35,3,4597,4524,3941,15n075360
15n075361,2,436,26,2,4598,4525,1973,15n075361
15n075362,3,184,35,3,4599,4526,4744,15n075362
15n075363,2,406,26,2,4600,4527,2870,15n075363
15n075364,3,148,35,3,4601,4528,1675,15n075364
15n075365,3,146,33,3,4602,4529,5444,15n075365
15n075366,3,150,36,3,4603,4530,5331,15n075366
15n075367,3,190,35,3,4604,4531,3703,15n075367
15n075368,2,322,26,2,4605,4532,2096,15n075368
15n075369,3,164,35,3,4606,4533,4500,15n075369
15n075370,2,280,26,2,4607,4534,3199,15n075370
15n075371,2,352,26,2,4608,4535,830,15n075371
15n075376,3,190,36,3,4609,4536,3330,15n075376
15n075377,2,316,24,2,4588,4515,1858,15n075377
15n075378,2,334,24,2,4586,4513,2779,15n075378
15n075379,2,172,22,2,4610,4537,813,15n075379
15n075380,2,262,24,2,4611,4538,1048,15n075380
15n075381,2,244,26,2,4612,4539,3192,15n075381
15n075382,2,316,24,2,4589,4516,3231,15n075382
15n075383,2,244,24,2,4592,4519,2403,15n075383
15n075384,2,262,24,2,4590,4517,3394,15n075384
15n075387,3,140,35,3,4613,4540,4706,15n075387
15n075388,2,406,26,2,4614,4541,2781,15n075388
15n075389,2,190,24,2,4549,4476,4277,15n075389
15n075390,2,154,22,2,4548,4475,2854,15n075390
15n075391,2,82,21,2,4547,4086,304,15n075391
15n075392,2,118,21,2,4546,4474,72,15n075392
15n075393,2,316,26,2,4615,4542,1276,15n075393
15n075396,3,224,37,3,4616,4543,940,15n075396
15n075397,2,172,22,2,4610,4537,813,15n075397
15n075398,2,262,24,2,4611,4538,1048,15n075398
15n075399,2,244,26,2,4612,4539,3192,15n075399
15n075402,3,214,36,3,4617,4544,2980,15n075402
15n075403,2,352,26,2,4550,4477,558,15n075403
15n075404,3,96,30,3,4545,4473,4470,15n075404
15n075407,3,208,37,3,4618,4545,934,15n075407
15n075410,3,176,37,3,4619,4546,1694,15n075410
15n075413,2,280,26,2,4620,4547,3811,15n075413
15n075416,2,244,24,2,4621,4548,2623,15n075416
15n075419,2,298,25,2,4622,4549,81,15n075419
15n075422,2,172,24,2,4623,4550,2057,15n075422
15n075423,2,406,26,2,4614,4541,2781,15n075423
15n075426,2,316,26,2,4624,4551,1304,15n075426
15n075432,2,262,24,2,4625,4552,1175,15n075432
15n075435,2,334,24,2,4626,4553,1646,15n075435
15n075438,3,170,35,3,4597,4524,3941,15n075438
15n075439,2,436,26,2,4598,4525,1973,15n075439
15n075440,3,198,34,3,4627,4554,5051,15n075440
15n075443,3,190,35,3,4604,4531,3703,15n075443
15n075444,2,322,26,2,4605,4532,2096,15n075444
15n075445,2,520,26,2,4628,4555,4458,15n075445
15n075448,3,58,30,3,4629,4556,3697,15n075448
15n075449,3,58,30,3,4629,4556,3697,15n075449
15n075454,2,172,24,2,4630,4557,2613,15n075454
15n075455,2,172,24,2,4630,4557,2613,15n075455
15n075459,3,250,36,3,4631,4558,5335,15n075459
15n075460,2,352,26,2,4632,4559,529,15n075460
15n075461,3,184,35,3,4599,4526,4744,15n075461
15n075462,3,148,35,3,4601,4528,1675,15n075462
15n075463,2,406,26,2,4600,4527,2870,15n075463
15n075464,3,140,35,3,4613,4540,4706,15n075464
15n075465,2,316,26,2,4615,4542,1276,15n075465
15n075472,2,226,24,2,4633,4560,1166,15n075472
15n075473,2,226,24,2,4633,4560,1166,15n075473
15n075475,2,244,24,2,4634,4055,532,15n075475
15n075476,2,244,24,2,4634,4055,532,15n075476
15n075477,3,164,35,3,4606,4533,4500,15n075477
15n075478,2,352,26,2,4608,4535,830,15n075478
15n075479,2,280,26,2,4607,4534,3199,15n075479
15n075482,3,202,35,3,4635,4561,699,15n075482
15n075488,3,142,35,3,4636,4562,943,15n075488
15n075489,2,334,26,2,4637,4563,2123,15n075489
15n075490,2,316,26,2,4638,4564,3206,15n075490
15n075540,3,150,35,3,3805,3749,589,15n075540
15n075589,2,326,26,2,3099,3071,4032,15n075589
15n075591,2,324,26,2,4560,4487,3095,15n075591
15n075625,2,334,26,2,4637,4563,2123,15n075625
15n075634,3,206,36,3,4544,4472,3048,15n075634
15n075635,3,190,36,3,4609,4536,3330,15n075635
15n075636,3,120,34,3,4577,4504,191,15n075636
15n075639,3,196,36,3,4639,4565,2294,15n075639
15n075640,2,190,24,2,4582,4509,1025,15n075640
15n075644,2,280,26,2,4620,4547,3811,15n075644
15n075645,2,172,24,2,4623,4550,2057,15n075645
15n075650,2,244,24,2,4640,4566,549,15n075650
15n075653,2,262,24,2,4625,4552,1175,15n075653
15n075657,2,444,26,2,4641,4567,3165,15n075657
15n075658,2,518,26,2,4642,4568,2154,15n075658
15n075659,3,320,37,3,4643,4569,4517,15n075659
15n075666,2,454,26,2,4644,4570,4059,15n075666
15n075667,2,508,26,2,4645,4571,1369,15n075667
15n075669,2,264,24,2,4646,4572,5356,15n075669
15n075671,2,404,26,2,4647,4573,5458,15n075671
15n075673,2,206,24,2,4648,4574,2043,15n075673
15n075674,2,426,26,2,4649,4575,2845,15n075674
15n075680,2,334,26,2,4540,4468,4682,15n075680
15n075682,3,216,35,3,4585,4512,4749,15n075682
15n075683,3,130,33,3,4587,4514,3242,15n075683
15n075684,2,352,26,2,4591,4518,1296,15n075684
15n075686,2,352,26,2,4541,4469,4450,15n075686
15n075692,3,188,36,3,4650,4576,2283,15n075692
15n075693,3,148,33,3,4651,4577,893,15n075693
15n075694,2,388,26,2,4652,4578,3823,15n075694
15n075697,2,276,24,2,4653,4579,5358,15n075697
15n075698,3,170,36,3,4654,4580,2993,15n075698
15n075699,3,170,36,3,4654,4580,2993,15n075699
15n075702,2,476,26,2,4655,4581,3853,15n075702
15n075703,2,476,26,2,4655,4581,3853,15n075703
15n075704,3,198,34,3,4627,4554,5051,15n075704
15n075705,2,388,26,2,4656,4582,3114,15n075705
15n075706,2,454,26,2,4657,4583,2152,15n075706
15n075707,2,520,26,2,4628,4555,4458,15n075707
15n075756,3,196,36,3,4639,4565,2294,15n075756
15n075759,3,238,35,3,4658,4584,3368,15n075759
15n075760,3,186,33,3,4539,4467,2208,15n075760
15n075761,2,298,24,2,4538,4466,1640,15n075761
15n075762,2,406,26,2,4659,4585,2868,15n075762
15n075763,3,188,36,3,4650,4576,2283,15n075763
15n075764,3,148,33,3,4651,4577,893,15n075764
15n075765,2,388,26,2,4652,4578,3823,15n075765
15n075769,2,244,24,2,4640,4566,549,15n075769
15n075782,2,316,26,2,4638,4564,3206,15n075782
15n075786,2,572,26,2,4568,4495,2534,15n075786
15n075787,3,114,33,3,4570,4497,3002,15n075787
15n075788,3,122,33,3,4569,4496,2211,15n075788
15n075789,2,630,26,2,4571,4498,2884,15n075789
15n075790,3,242,36,3,4572,4499,4124,15n075790
15n075791,3,204,29,3,4574,4501,4466,15n075791
15n075792,2,308,24,2,4573,4500,3230,15n075792
15n075798,2,262,24,2,4660,4586,1167,15n075798
15n075803,3,156,35,3,4575,4502,2279,15n075803
15n075804,2,352,26,2,4576,4503,4856,15n075804
15n075805,2,352,26,2,4579,4506,822,15n075805
15n075806,2,280,24,2,4578,4505,566,15n075806
15n075807,2,394,26,2,4661,4587,4631,15n075807
15n075808,2,448,26,2,4662,4588,834,15n075808
15n075809,3,206,36,3,4663,4589,5336,15n075809
15n075826,3,180,36,3,4553,4480,1224,15n075826
15n075827,3,200,35,3,4554,4481,208,15n075827
15n075828,2,496,26,2,4555,4482,1272,15n075828
15n075829,3,230,35,3,4556,4483,971,15n075829
15n075830,3,214,36,3,4557,4484,605,15n075830
15n075831,2,490,26,2,4558,4485,638,15n075831
15n075832,3,324,35,3,4559,4486,1783,15n075832
15n075833,3,200,35,3,4554,4481,208,15n075833
15n075834,2,496,26,2,4555,4482,1272,15n075834
15n075835,3,230,35,3,4556,4483,971,15n075835
15n075836,3,214,36,3,4557,4484,605,15n075836
15n075837,2,490,26,2,4558,4485,638,15n075837
15n075838,3,324,35,3,4559,4486,1783,15n075838
15n075847,3,176,37,3,4561,4488,2607,15n075847
15n075850,3,170,36,3,4664,4590,3970,15n075850
15n075851,3,224,37,3,4616,4543,940,15n075851
15n075852,3,214,36,3,4617,4544,2980,15n075852
15n075853,3,176,37,3,4619,4546,1694,15n075853
15n075854,3,202,35,3,4635,4561,699,15n075854
15n075855,3,142,35,3,4636,4562,943,15n075855
15n075858,3,122,34,3,4665,4591,2254,15n075858
15n075859,2,370,26,2,4666,4592,394,15n075859
15n075862,3,222,34,3,4667,4593,2674,15n075862
15n075872,3,212,35,3,4668,4594,1843,15n075872
15n075873,3,252,35,3,4537,4465,1846,15n075873
15n075876,3,232,36,3,4669,4595,4851,15n075876
15n075877,3,212,35,3,4668,4594,1843,15n075877
15n075879,3,154,37,3,4670,4596,3260,15n075879
15n075882,2,298,25,2,4622,4549,81,15n075882
15n075883,3,186,36,3,4551,4478,2332,15n075883
15n075884,3,208,37,3,4618,4545,934,15n075884
15n075892,3,166,35,3,4584,4511,3283,15n075892
15n075893,3,138,35,3,4593,4520,2990,15n075893
15n075894,3,238,35,3,4658,4584,3368,15n075894
15n075895,2,406,26,2,4659,4585,2868,15n075895
15n075901,2,244,24,2,4621,4548,2623,15n075901
15n075902,2,316,26,2,4624,4551,1304,15n075902
15n075906,2,334,26,2,4594,4521,2129,15n075906
15n075907,2,334,24,2,4626,4553,1646,15n075907
15n075914,2,452,26,2,4671,4597,2515,15n075914
15n075915,2,510,26,2,4672,4598,2847,15n075915
15n075916,3,218,36,3,4673,4599,3966,15n075916
15n075917,2,394,26,2,4661,4587,4631,15n075917
15n075918,2,448,26,2,4662,4588,834,15n075918
15n075919,3,206,36,3,4663,4589,5336,15n075919
15n075920,2,462,26,2,4674,4600,3414,15n075920
15n075921,2,500,26,2,4675,4601,1974,15n075921
15n075922,3,216,36,3,4676,4602,4748,15n075922
15n075926,3,226,35,3,4677,4603,4125,15n075926
15n075929,3,220,36,3,4678,4604,3977,15n075929
15n075930,2,406,26,2,4679,4605,2140,15n075930
15n075931,3,130,35,3,4562,4489,2210,15n075931
15n075932,2,352,26,2,4563,4490,5456,15n075932
15n075933,3,114,35,3,4564,4491,108,15n075933
15n075934,3,188,29,3,4565,4492,1981,15n075934
15n075935,2,262,26,2,4566,4493,5398,15n075935
15n075936,3,136,35,3,4567,4494,216,15n075936
15n075940,3,226,35,3,4677,4603,4125,15n075940
15n075941,3,250,36,3,4631,4558,5335,15n075941
15n075942,2,352,26,2,4632,4559,529,15n075942
15n075946,3,130,35,3,4542,4470,696,15n075946
15n075947,3,172,37,3,4543,4471,932,15n075947
15n075948,3,122,34,3,4665,4591,2254,15n075948
15n075949,2,370,26,2,4535,4463,5276,15n075949
15n075950,2,370,26,2,4666,4592,394,15n075950
15n075951,3,130,35,3,4534,4462,3267,15n075951
15n075952,3,172,37,3,4536,4464,3004,15n075952
15n075953,3,170,36,3,4664,4590,3970,15n075953
15n075954,3,222,34,3,4667,4593,2674,15n075954
15n075955,3,232,36,3,4669,4595,4851,15n075955
15n075959,3,154,37,3,4670,4596,3260,15n075959
15n075960,2,388,26,2,4656,4582,3114,15n075960
15n075961,2,454,26,2,4657,4583,2152,15n075961
15n075962,2,444,26,2,4641,4567,3165,15n075962
15n075963,2,518,26,2,4642,4568,2154,15n075963
15n075964,3,320,37,3,4643,4569,4517,15n075964
15n075965,2,454,26,2,4644,4570,4059,15n075965
15n075966,2,508,26,2,4645,4571,1369,15n075966
15n075967,2,452,26,2,4671,4597,2515,15n075967
15n075968,2,510,26,2,4672,4598,2847,15n075968
15n075969,3,218,36,3,4673,4599,3966,15n075969
15n075970,2,462,26,2,4674,4600,3414,15n075970
15n075971,2,500,26,2,4675,4601,1974,15n075971
15n075972,3,216,36,3,4676,4602,4748,15n075972
15n075973,2,206,24,2,4648,4574,2043,15n075973
15n075974,2,426,26,2,4649,4575,2845,15n075974
15n075975,3,222,37,3,4580,4507,2282,15n075975
15n075976,3,110,31,3,4581,4508,2851,15n075976
15n075977,2,460,26,2,4583,4510,1878,15n075977
15n075978,2,264,24,2,4646,4572,5356,15n075978
15n075979,2,404,26,2,4647,4573,5458,15n075979
15n075980,3,220,36,3,4678,4604,3977,15n075980
15n075981,2,406,26,2,4679,4605,2140,15n075981
15n075982,2,262,24,2,4660,4586,1167,15n075982
15n076068,3,148,31,3,4680,4606,4562,15n076068
15n076069,2,296,26,2,4681,4607,5385,15n076069
15n076070,3,214,32,3,4682,4608,693,15n076070
15n076071,2,372,26,2,4683,4609,4730,15n076071
15n076072,3,154,36,3,4684,4610,111,15n076072
15n076099,3,148,31,3,4680,4606,4562,15n076099
15n076100,2,296,26,2,4681,4607,5385,15n076100
15n076101,3,214,32,3,4682,4608,693,15n076101
15n076102,2,372,26,2,4683,4609,4730,15n076102
15n076103,3,154,36,3,4684,4610,111,15n076103
15n076387,2,352,26,2,4685,4611,4793,15n076387
15n076397,3,60,28,3,4686,4612,1987,15n076397
15n076400,2,226,26,2,4687,4613,3950,15n076400
15n076692,2,276,24,2,4688,4614,5127,15n076692
15n076693,3,170,36,3,4689,4615,2267,15n076693
15n076694,2,300,23,2,4690,4616,5460,15n076694
15n076695,2,432,26,2,4691,4617,4811,15n076695
15n076696,2,212,22,2,4692,4618,1970,15n076696
15n076697,3,144,33,3,4693,4619,218,15n076697
15n076698,2,476,26,2,4694,4620,4452,15n076698
15n076699,3,182,34,3,4695,4621,3737,15n076699
15n076700,3,258,35,3,4696,4622,701,15n076700
15n076701,2,232,23,2,4697,4623,5459,15n076701
15n076702,2,340,26,2,4698,4624,4727,15n076702
15n076703,2,160,20,2,4699,4625,1967,15n076703
15n076704,3,120,33,3,4700,4626,212,15n076704
15n076705,2,320,24,2,4701,4627,564,15n076705
15n076706,2,372,26,2,4702,4628,5386,15n076706
15n076748,2,324,26,2,4703,4629,4300,15n076748
15n076900,2,280,26,2,4704,4630,788,15n076900
15n076906,2,316,26,2,4705,4631,4299,15n076906
15n077375,2,226,24,2,4706,4632,1171,15n077375
15n077380,3,120,34,3,4707,4633,5396,15n077380
15n077521,2,220,24,2,4708,4634,5107,15n077521
15n077522,2,376,26,2,4709,4635,5388,15n077522
15n077523,2,234,24,2,4710,4636,4991,15n077523
15n077524,2,494,26,2,4711,4637,5312,15n077524
15n077549,3,194,35,3,4712,4638,3063,15n077549
15n077550,3,194,35,3,4712,4638,3063,15n077550
15n077553,2,532,26,2,4713,4639,3857,15n077553
15n077554,2,532,26,2,4713,4639,3857,15n077554
15n077585,2,334,26,2,4714,4640,1557,15n077585
15n077586,2,438,26,2,4715,4641,2150,15n077586
15n077840,3,172,34,3,4716,4642,3903,15n077840
15n077882,2,286,26,2,4717,4643,5407,15n077882
15n077883,2,418,26,2,4718,4644,5042,15n077883
15n077884,3,150,37,3,4719,4645,1426,15n077884
15n077885,2,320,26,2,4720,4646,5359,15n077885
15n077886,2,540,26,2,4721,4647,4951,15n077886
15n077887,3,184,37,3,4722,4648,1724,15n077887
15n077901,2,220,24,2,4708,4634,5107,15n077901
15n077902,2,376,26,2,4709,4635,5388,15n077902
15n077903,2,234,24,2,4710,4636,4991,15n077903
15n077904,2,494,26,2,4711,4637,5312,15n077904
15n077951,3,166,37,3,4723,4649,1439,15n077951
15n077957,3,278,35,3,4724,4650,3374,15n077957
15n077963,3,180,37,3,4725,4651,4491,15n077963
15n078063,2,82,20,2,846,838,496,15n078063
15n078076,2,286,26,2,4717,4643,5407,15n078076
15n078077,2,418,26,2,4718,4644,5042,15n078077
15n078078,3,150,37,3,4719,4645,1426,15n078078
15n078079,2,320,26,2,4720,4646,5359,15n078079
15n078080,2,540,26,2,4721,4647,4951,15n078080
15n078081,3,184,37,3,4722,4648,1724,15n078081
15n078299,2,106,20,2,4114,4049,2157,15n078299
15n078629,3,154,28,3,4726,4652,2156,15n078629
15n078680,2,226,24,2,4727,4653,3957,15n078680
15n078683,3,188,29,3,4728,4654,4955,15n078683
15n078684,2,226,24,2,4729,4655,4604,15n078684
15n078685,3,202,36,3,4730,4656,2337,15n078685
15n078688,2,226,24,2,4729,4655,4604,15n078688
15n078716,3,146,33,3,4731,4657,2216,15n078716
15n078718,3,156,33,3,4732,4658,5096,15n078718
15n078719,3,138,33,3,4733,4659,4551,15n078719
15n078720,2,278,26,2,4734,4660,5522,15n078720
15n078721,3,300,35,3,4735,4661,1852,15n078721
15n078722,2,536,26,2,4736,4662,4866,15n078722
15n078723,2,272,24,2,2557,2531,1251,15n078723
15n078724,2,486,26,2,4737,4663,4068,15n078724
15n078725,2,260,24,2,4738,4664,3815,15n078725
15n078727,3,250,29,3,4739,4665,5319,15n078727
15n078728,3,156,33,3,4732,4658,5096,15n078728
15n078729,3,138,33,3,4733,4659,4551,15n078729
15n078731,2,414,26,2,4740,4666,4057,15n078731
15n078732,2,290,24,2,4741,939,3524,15n078732
15n078733,3,228,36,3,4742,4667,5097,15n078733
15n078734,2,536,26,2,4736,4662,4866,15n078734
15n078735,2,272,24,2,2557,2531,1251,15n078735
15n078736,2,486,26,2,4737,4663,4068,15n078736
15n078737,2,252,24,2,4743,4668,522,15n078737
15n078771,2,148,22,2,4075,822,2058,15n078771
15n078777,2,314,24,2,4744,4669,4034,15n078777
15n078778,3,132,33,3,4745,4670,5068,15n078778
15n078779,3,166,35,3,4746,4671,944,15n078779
15n078782,2,498,26,2,4747,4672,5315,15n078782
15n078783,2,344,26,2,4748,4673,1279,15n078783
15n078788,2,442,26,2,4749,4674,4151,15n078788
15n078795,2,442,26,2,4750,4674,2151,15n078795
15n078814,3,170,34,3,4751,4675,3900,15n078814
15n078815,2,436,26,2,4752,4676,2426,15n078815
15n079123,2,208,22,2,4753,4677,550,15n079123
15n079124,2,298,24,2,4754,4678,371,15n079124
15n079125,3,130,33,3,4755,4679,2212,15n079125
15n079126,2,424,26,2,4756,4680,832,15n079126
15n079127,2,208,22,2,4753,4677,550,15n079127
15n079128,2,298,24,2,4754,4678,371,15n079128
15n079129,3,130,33,3,4755,4679,2212,15n079129
15n079130,2,424,26,2,4756,4680,832,15n079130
15n079226,2,226,24,2,4727,4653,3957,15n079226
15n079227,3,188,29,3,4728,4654,4955,15n079227
15n079228,3,202,36,3,4730,4656,2337,15n079228
15n079229,3,250,29,3,4739,4665,5319,15n079229
15n079230,2,414,26,2,4740,4666,4057,15n079230
15n079231,2,290,24,2,4741,939,3524,15n079231
15n079232,3,228,36,3,4742,4667,5097,15n079232
15n079233,2,252,24,2,4743,4668,522,15n079233
15n079326,3,176,35,3,4757,4681,211,15n079326
15n079360,3,178,35,3,4758,4682,3276,15n079360
15n079426,3,218,35,3,4759,4683,4005,15n079426
15n079427,2,550,26,2,4760,4684,2890,15n079427
15n079428,3,218,35,3,4759,4683,4005,15n079428
15n079429,2,550,26,2,4760,4684,2890,15n079429
15n079441,3,146,33,3,4731,4657,2216,15n079441
15n079442,2,278,26,2,4734,4660,5522,15n079442
15n079443,3,300,35,3,4735,4661,1852,15n079443
15n079444,2,260,24,2,4738,4664,3815,15n079444
15n079638,3,184,33,3,4761,4685,2001,15n079638
15n079639,2,406,26,2,4762,4686,3420,15n079639
15n079703,3,228,38,3,4763,4687,2277,15n079703
15n079717,2,270,26,2,4764,4688,1469,15n079717
15n079926,2,226,24,2,4765,4689,4573,15n079926
15n079927,2,262,24,2,4766,4690,2765,15n079927
15n079932,3,188,29,3,4767,4691,4464,15n079932
15n079933,2,226,24,2,2874,858,4027,15n079933
15n079934,2,262,24,2,4766,4690,2765,15n079934
15n079935,3,202,36,3,4768,4692,3054,15n079935
15n079938,2,226,24,2,2874,858,4027,15n079938
15n079985,3,218,25,3,4769,4693,3738,15n079985
15n079986,2,416,26,2,4770,4694,5389,15n079986
15n079987,2,238,24,2,4771,4695,4021,15n079987
15n079988,2,454,26,2,4772,4696,5311,15n079988
15n080017,3,194,33,3,4773,4697,2929,15n080017
15n080018,2,454,26,2,4774,4698,3426,15n080018
15n080021,2,298,24,2,4775,4699,1042,15n080021
15n080022,2,298,24,2,4775,4699,1042,15n080022
15n080169,2,286,25,2,4595,4522,5472,15n080169
15n080170,3,272,29,3,4596,4523,5223,15n080170
15n080171,3,148,35,3,4601,4528,1675,15n080171
15n080172,3,146,33,3,4602,4529,5444,15n080172
15n080173,3,150,36,3,4603,4530,5331,15n080173
15n080174,2,352,26,2,4608,4535,830,15n080174
15n080189,2,276,24,2,4653,4579,5358,15n080189
15n080199,3,170,34,3,4751,4675,3900,15n080199
15n080200,2,436,26,2,4752,4676,2426,15n080200
15n080372,2,442,26,2,4749,4674,4151,15n080372
15n080373,2,442,26,2,4750,4674,2151,15n080373
15n080397,2,226,24,2,4765,4689,4573,15n080397
15n080398,3,188,29,3,4767,4691,4464,15n080398
15n080399,3,202,36,3,4768,4692,3054,15n080399
15n080415,2,276,24,2,4688,4614,5127,15n080415
15n080416,2,300,23,2,4690,4616,5460,15n080416
15n080417,2,212,22,2,4692,4618,1970,15n080417
15n080418,2,476,26,2,4694,4620,4452,15n080418
15n080419,3,170,36,3,4689,4615,2267,15n080419
15n080420,2,432,26,2,4691,4617,4811,15n080420
15n080421,3,144,33,3,4693,4619,218,15n080421
15n080422,3,182,34,3,4695,4621,3737,15n080422
15n080423,2,232,23,2,4697,4623,5459,15n080423
15n080424,2,160,20,2,4699,4625,1967,15n080424
15n080425,2,372,26,2,4702,4628,5386,15n080425
15n080426,3,258,35,3,4696,4622,701,15n080426
15n080427,2,340,26,2,4698,4624,4727,15n080427
15n080428,3,120,33,3,4700,4626,212,15n080428
15n080429,2,320,24,2,4701,4627,564,15n080429
15n080439,2,478,26,2,4776,4700,2153,15n080439
15n080440,2,478,26,2,4776,4700,2153,15n080440
15n080484,2,424,26,2,4777,4701,1767,15n080484
15n080485,2,424,26,2,4777,4701,1767,15n080485
15n080499,2,460,26,2,4778,4702,1365,15n080499
15n080500,2,460,26,2,4778,4702,1365,15n080500
15n080551,2,314,24,2,4744,4669,4034,15n080551
15n080552,3,132,33,3,4745,4670,5068,15n080552
15n080553,2,498,26,2,4747,4672,5315,15n080553
15n080554,3,166,35,3,4746,4671,944,15n080554
15n080555,2,344,26,2,4748,4673,1279,15n080555
15n080647,3,218,25,3,4769,4693,3738,15n080647
15n080648,2,416,26,2,4770,4694,5389,15n080648
15n080649,2,238,24,2,4771,4695,4021,15n080649
15n080650,2,454,26,2,4772,4696,5311,15n080650
15n080651,2,356,26,2,4779,4703,3100,15n080651
15n080652,2,318,26,2,4780,4704,4673,15n080652
15n080679,3,244,31,3,4781,4705,4623,15n080679
15n080680,2,470,26,2,4782,4706,5032,15n080680
15n080681,3,248,36,3,4783,4707,1420,15n080681
15n080833,3,174,36,3,4784,4708,5504,15n080833
15n080842,2,226,24,2,4706,4632,1171,15n080842
15n081044,2,298,25,2,4785,4709,5476,15n081044
15n081046,2,514,26,2,4786,4710,2882,15n081046
15n081047,3,172,36,3,4787,4711,3915,15n081047
15n081049,3,244,31,3,4781,4705,4623,15n081049
15n081050,2,470,26,2,4782,4706,5032,15n081050
15n081051,3,248,36,3,4783,4707,1420,15n081051
15n081062,3,154,28,3,4726,4652,2156,15n081062
15n081069,3,194,33,3,4773,4697,2929,15n081069
15n081070,2,454,26,2,4774,4698,3426,15n081070
15n081151,2,326,24,2,3093,3065,4141,15n081151
15n081152,2,606,26,2,4788,4712,5316,15n081152
15n081153,3,240,37,3,4789,4713,936,15n081153
15n081154,2,302,24,2,4790,4714,1055,15n081154
15n081155,2,178,24,2,4791,4715,4989,15n081155
15n081156,2,394,26,2,4792,4716,4687,15n081156
15n081157,3,196,35,3,4793,4717,1999,15n081157
15n081158,2,288,24,2,4794,4718,5377,15n081158
15n081159,2,584,26,2,4795,4719,3856,15n081159
15n081160,3,254,36,3,4796,4720,2981,15n081160
15n081161,2,302,24,2,4790,4714,1055,15n081161
15n081162,3,134,34,3,4797,4721,5443,15n081162
15n081165,2,208,22,2,4798,4722,4445,15n081165
15n081166,3,236,35,3,4799,4723,2376,15n081166
15n081275,2,238,24,2,4800,4724,4616,15n081275
15n081276,2,454,26,2,4801,4725,5035,15n081276
15n081277,3,184,35,3,4802,4726,1417,15n081277
15n081314,3,220,37,3,4803,4727,4531,15n081314
15n081361,2,314,26,2,4804,4728,4618,15n081361
15n081362,2,498,26,2,4805,4729,5044,15n081362
15n081363,3,166,37,3,4723,4649,1439,15n081363
15n081364,2,292,26,2,4806,4730,4761,15n081364
15n081365,2,460,26,2,4807,4731,4950,15n081365
15n081366,3,168,37,3,4808,4732,1690,15n081366
15n081370,2,178,24,2,4791,4715,4989,15n081370
15n081371,2,394,26,2,4792,4716,4687,15n081371
15n081372,3,196,35,3,4793,4717,1999,15n081372
15n081373,2,288,24,2,4794,4718,5377,15n081373
15n081374,2,584,26,2,4795,4719,3856,15n081374
15n081375,3,254,36,3,4796,4720,2981,15n081375
15n081376,2,326,24,2,3093,3065,4141,15n081376
15n081377,2,606,26,2,4788,4712,5316,15n081377
15n081378,3,240,37,3,4789,4713,936,15n081378
15n081379,3,134,34,3,4797,4721,5443,15n081379
15n081380,2,208,22,2,4798,4722,4445,15n081380
15n081381,3,236,35,3,4799,4723,2376,15n081381
15n081408,2,298,25,2,4785,4709,5476,15n081408
15n081409,2,514,26,2,4786,4710,2882,15n081409
15n081410,3,172,36,3,4787,4711,3915,15n081410
15n081555,3,102,24,3,4074,4016,133,15n081555
15n081840,3,156,31,3,4809,4733,4566,15n081840
15n081841,2,318,26,2,4810,4734,5014,15n081841
15n081842,3,192,35,3,4811,4735,1392,15n081842
15n081843,3,154,35,3,4812,4736,110,15n081843
15n081844,2,434,26,2,4813,4737,5255,15n081844
15n081862,2,298,24,2,4814,4738,4625,15n081862
15n081863,2,514,26,2,4815,4739,5041,15n081863
15n081864,3,172,36,3,4816,4740,1435,15n081864
15n081883,2,244,24,2,4817,4741,1772,15n081883
15n081884,3,112,32,3,4818,4742,458,15n081884
15n081885,2,244,24,2,4817,4741,1772,15n081885
15n081886,3,112,32,3,4818,4742,458,15n081886
15n081891,2,460,26,2,4819,4743,2517,15n081891
15n081892,2,460,26,2,4819,4743,2517,15n081892
15n081894,3,134,27,3,4820,4744,1006,15n081894
15n081895,3,134,27,3,4820,4744,1006,15n081895
15n081898,2,478,26,2,4821,4745,3427,15n081898
15n081899,2,478,26,2,4821,4745,3427,15n081899
15n081911,3,220,37,3,4803,4727,4531,15n081911
15n081963,2,402,26,2,4822,4746,4650,15n081963
15n081964,2,650,26,2,4823,4747,5046,15n081964
15n081965,3,222,37,3,4824,4748,1494,15n081965
15n081966,2,330,26,2,4825,4749,5409,15n081966
15n081967,2,482,26,2,4826,4750,3677,15n081967
15n081968,3,166,35,3,4827,4751,3282,15n081968
15n081969,2,440,26,2,4828,4752,5183,15n081969
15n081970,2,672,26,2,4829,4753,4459,15n081970
15n081971,3,220,36,3,4830,4754,2355,15n081971
15n081977,3,134,34,3,4831,4755,5338,15n081977
15n081980,2,208,22,2,4832,4756,4943,15n081980
15n081981,3,236,35,3,4833,4757,1750,15n081981
15n082030,2,276,24,2,4653,4579,5358,15n082030
15n082031,2,476,26,2,4655,4581,3853,15n082031
15n082032,3,170,36,3,4654,4580,2993,15n082032
15n082033,2,438,26,2,4834,4758,2784,15n082033
15n082034,2,368,26,2,4835,4759,4766,15n082034
15n082035,2,504,26,2,4836,4760,4954,15n082035
15n082036,3,228,35,3,4837,4761,1743,15n082036
15n082057,3,210,37,3,4838,4762,3343,15n082057
15n082064,3,204,37,3,4839,4763,4529,15n082064
15n082116,2,440,26,2,4828,4752,5183,15n082116
15n082117,2,672,26,2,4829,4753,4459,15n082117
15n082118,3,220,36,3,4830,4754,2355,15n082118
15n082119,2,402,26,2,4822,4746,4650,15n082119
15n082120,2,650,26,2,4823,4747,5046,15n082120
15n082121,3,222,37,3,4824,4748,1494,15n082121
15n082122,2,330,26,2,4825,4749,5409,15n082122
15n082123,2,482,26,2,4826,4750,3677,15n082123
15n082124,3,166,35,3,4827,4751,3282,15n082124
15n082125,3,134,34,3,4831,4755,5338,15n082125
15n082126,2,208,22,2,4832,4756,4943,15n082126
15n082127,3,236,35,3,4833,4757,1750,15n082127
15n082140,2,374,25,2,4840,4764,5477,15n082140
15n082141,2,558,26,2,4841,4765,2886,15n082141
15n082142,3,226,36,3,4842,4766,4000,15n082142
15n082147,2,298,24,2,4814,4738,4625,15n082147
15n082148,2,514,26,2,4815,4739,5041,15n082148
15n082149,3,172,36,3,4816,4740,1435,15n082149
15n082258,3,228,38,3,4763,4687,2277,15n082258
15n082353,2,132,23,2,4843,4767,498,15n082353
15n082484,2,246,24,2,4092,676,4279,15n082484
15n082528,2,374,25,2,4840,4764,5477,15n082528
15n082529,2,558,26,2,4841,4765,2886,15n082529
15n082530,3,226,36,3,4842,4766,4000,15n082530
15n082531,2,438,26,2,4834,4758,2784,15n082531
15n082567,3,242,38,3,4844,4768,3018,15n082567
15n082674,2,314,26,2,4804,4728,4618,15n082674
15n082675,2,498,26,2,4805,4729,5044,15n082675
15n082676,2,292,26,2,4806,4730,4761,15n082676
15n082677,2,460,26,2,4807,4731,4950,15n082677
15n082678,3,168,37,3,4808,4732,1690,15n082678
15n082682,3,242,38,3,4844,4768,3018,15n082682
15n082763,2,238,24,2,4800,4724,4616,15n082763
15n082764,2,454,26,2,4801,4725,5035,15n082764
15n082765,3,184,35,3,4802,4726,1417,15n082765
15n082805,3,124,37,3,4845,4769,2968,15n082805
15n082809,3,154,35,3,4846,4770,4266,15n082809
15n082851,2,368,26,2,4835,4759,4766,15n082851
15n082852,2,504,26,2,4836,4760,4954,15n082852
15n082853,3,228,35,3,4837,4761,1743,15n082853
15n082854,2,276,24,2,4653,4579,5358,15n082854
15n082855,2,476,26,2,4655,4581,3853,15n082855
15n082856,3,170,36,3,4654,4580,2993,15n082856
15n082874,3,156,31,3,4809,4733,4566,15n082874
15n082875,2,318,26,2,4810,4734,5014,15n082875
15n082876,3,192,35,3,4811,4735,1392,15n082876
15n082877,2,434,26,2,4813,4737,5255,15n082877
15n082878,3,154,35,3,4812,4736,110,15n082878
15n082902,3,198,36,3,4847,4771,1456,15n082902
15n082922,2,478,26,2,4848,4772,4066,15n082922
15n082923,2,478,26,2,4848,4772,4066,15n082923
15n083060,3,82,33,3,4849,4773,4273,15n083060
15n083061,3,104,32,3,4850,4774,885,15n083061
15n083062,2,242,26,2,4851,4775,4997,15n083062
15n083063,2,270,26,2,4852,4776,5245,15n083063
15n083064,3,96,35,3,4853,4777,197,15n083064
15n083078,2,262,24,2,4320,4252,5406,15n083078
15n083079,3,144,35,3,4321,4253,1399,15n083079
15n083112,3,180,37,3,4725,4651,4491,15n083112
15n083114,3,178,37,3,4854,4778,4271,15n083114
15n083158,3,198,36,3,4847,4771,1456,15n083158
15n083209,2,500,26,2,4855,4779,1368,15n083209
15n083210,2,412,26,2,4856,4780,2512,15n083210
15n083269,2,438,26,2,4857,4781,4054,15n083269
15n083270,2,404,26,2,4858,4782,3841,15n083270
15n083271,3,170,36,3,4859,4783,2974,15n083271
15n083276,2,334,26,2,4860,4640,4674,15n083276
15n083277,2,334,26,2,4860,4640,4674,15n083277
15n083319,2,226,24,2,3103,3075,4020,15n083319
15n083320,2,76,22,2,3105,3077,3716,15n083320
15n083391,3,124,32,3,4861,4784,2638,15n083391
15n083535,2,424,26,2,4862,4785,833,15n083535
15n083536,2,424,26,2,4862,4785,833,15n083536
15n083550,2,438,26,2,4715,4641,2150,15n083550
15n083551,2,334,26,2,4714,4640,1557,15n083551
15n083552,2,500,26,2,4855,4779,1368,15n083552
15n083553,2,412,26,2,4856,4780,2512,15n083553
15n083614,2,356,26,2,4779,4703,3100,15n083614
15n083615,2,318,26,2,4780,4704,4673,15n083615
15n083619,2,438,26,2,4857,4781,4054,15n083619
15n083620,2,404,26,2,4858,4782,3841,15n083620
15n083621,3,170,36,3,4859,4783,2974,15n083621
15n083746,3,82,33,3,4849,4773,4273,15n083746
15n083747,2,270,26,2,4852,4776,5245,15n083747
15n083748,3,104,32,3,4850,4774,885,15n083748
15n083749,2,242,26,2,4851,4775,4997,15n083749
15n083750,3,96,35,3,4853,4777,197,15n083750
15n083906,3,230,29,3,4863,4786,1037,15n083906
15n083907,3,194,35,3,4864,4787,3318,15n083907
15n083908,2,532,26,2,4865,4788,1881,15n083908
15n083909,3,236,35,3,4866,4789,5116,15n083909
15n083910,2,490,26,2,4867,4790,668,15n083910
15n083911,3,184,33,3,4868,4791,478,15n083911
15n083912,3,218,35,3,4869,4792,2238,15n083912
15n083913,2,550,26,2,4870,4793,2796,15n083913
15n083914,3,180,35,3,4871,4794,4561,15n083914
15n083915,2,448,26,2,4872,4795,1312,15n083915
15n083925,2,452,26,2,4873,4796,1364,15n083925
15n083926,2,408,26,2,4874,4797,2511,15n083926
15n084155,3,144,35,3,4875,4798,4306,15n084155
15n084176,3,118,34,3,4876,4799,906,15n084176
15n084177,2,302,26,2,4877,4800,5002,15n084177
15n084178,3,152,34,3,4878,4801,200,15n084178
15n084241,3,204,37,3,4879,4802,5520,15n084241
15n084242,2,424,26,2,4880,4803,3808,15n084242
15n084243,2,358,26,2,4881,4804,4675,15n084243
15n084244,3,302,36,3,4882,4805,4047,15n084244
15n084245,2,424,26,2,4880,4803,3808,15n084245
15n084246,2,358,26,2,4881,4804,4675,15n084246
15n084609,3,230,29,3,4863,4786,1037,15n084609
15n084610,3,194,35,3,4864,4787,3318,15n084610
15n084611,2,532,26,2,4865,4788,1881,15n084611
15n084612,3,236,35,3,4866,4789,5116,15n084612
15n084613,2,490,26,2,4867,4790,668,15n084613
15n084614,3,184,33,3,4868,4791,478,15n084614
15n084615,3,218,35,3,4869,4792,2238,15n084615
15n084616,2,550,26,2,4870,4793,2796,15n084616
15n084617,3,180,35,3,4871,4794,4561,15n084617
15n084618,2,448,26,2,4872,4795,1312,15n084618
15n084620,2,452,26,2,4873,4796,1364,15n084620
15n084621,2,408,26,2,4874,4797,2511,15n084621
15n084652,2,550,26,2,4883,4806,4157,15n084652
15n084653,2,550,26,2,4883,4806,4157,15n084653
15n084689,3,206,38,3,4884,4807,3020,15n084689
15n084697,3,178,37,3,4854,4778,4271,15n084697
15n084705,3,118,34,3,4876,4799,906,15n084705
15n084706,2,302,26,2,4877,4800,5002,15n084706
15n084707,3,152,34,3,4878,4801,200,15n084707
15n084800,2,176,24,2,3092,3064,2292,15n084800
15n084923,2,212,24,2,4502,4430,3022,15n084923
15n085213,3,60,33,3,4885,4808,4692,15n085213
15n085214,3,60,33,3,4885,4808,4692,15n085214
15n085218,3,106,35,3,4886,4809,4492,15n085218
15n085219,3,106,35,3,4886,4809,4492,15n085219
15n085231,2,262,26,2,4887,4810,150,15n085231
15n085235,2,262,26,2,4887,4810,150,15n085235
15n085314,3,194,35,3,4888,4811,2339,15n085314
15n085531,2,280,24,2,4889,4812,4777,15n085531
15n085615,3,154,36,3,3550,3509,3922,15n085615
15n085790,3,206,38,3,4884,4807,3020,15n085790
15n085848,3,228,38,3,4763,4687,2277,15n085848
15n086053,2,136,26,2,4890,4813,306,15n086053
15n086066,3,226,35,3,4891,4814,3514,15n086066
15n086067,3,204,33,3,4892,4815,1301,15n086067
15n086070,2,352,26,2,4893,4816,5141,15n086070
15n086071,2,136,26,2,4890,4813,306,15n086071
15n086087,3,204,37,3,4879,4802,5520,15n086087
15n086088,3,302,36,3,4882,4805,4047,15n086088
15n086240,2,190,22,2,4894,4817,1021,15n086240
15n086241,3,146,34,3,4895,4818,3940,15n086241
15n086242,2,190,22,2,4894,4817,1021,15n086242
15n086243,3,146,34,3,4895,4818,3940,15n086243
15n086244,2,298,24,2,4896,4819,435,15n086244
15n086245,2,406,26,2,4897,4820,3387,15n086245
15n086246,2,298,24,2,4896,4819,435,15n086246
15n086247,2,406,26,2,4897,4820,3387,15n086247
15n086251,3,206,35,3,4898,4821,5090,15n086251
15n086252,3,146,33,3,4899,4822,3358,15n086252
15n086255,2,406,26,2,4900,4823,3419,15n086255
15n086260,3,166,35,3,4901,4824,3702,15n086260
15n086261,3,166,35,3,4901,4824,3702,15n086261
15n086262,2,280,26,2,4902,4825,3083,15n086262
15n086263,2,280,26,2,4902,4825,3083,15n086263
15n086800,3,126,37,3,4903,4826,5231,15n086800
15n086803,3,176,37,3,4904,4827,5066,15n086803
15n086816,2,276,26,2,3098,3070,3080,15n086816
15n086979,2,304,24,2,4905,4828,4785,15n086979
15n087141,2,236,26,2,4906,4829,2234,15n087141
15n087189,3,74,30,3,4907,4830,2066,15n087189
15n087279,3,124,35,3,4908,4831,3895,15n087279
15n087282,3,184,35,3,4909,4832,4307,15n087282
15n087287,3,130,33,3,4910,4833,3334,15n087287
15n087288,2,262,24,2,4911,4834,4280,15n087288
15n087290,2,388,26,2,4912,4835,1807,15n087290
15n087293,2,298,24,2,4913,4836,1621,15n087293
15n087297,2,334,26,2,4914,4837,3305,15n087297
15n087527,2,226,26,2,3100,3072,3354,15n087527
15n087539,2,260,26,2,59,59,4296,15n087539
15n087646,3,134,37,3,4915,4838,2942,15n087646
15n087739,3,228,38,3,4763,4687,2277,15n087739
15n087849,2,174,22,2,4916,4839,3291,15n087849
15n088037,2,132,23,2,4843,4767,498,15n088037
15n088591,2,388,26,2,4656,4582,3114,15n088591
15n088592,2,388,26,2,4656,4582,3114,15n088592
15n088641,3,204,37,3,4839,4763,4529,15n088641
15n088682,2,442,26,2,4917,4840,2787,15n088682
15n088689,3,176,37,3,4918,4841,1401,15n088689
15n088720,3,118,33,3,4317,4249,146,15n088720
15n088721,2,316,26,2,2729,2703,3768,15n088721
15n088860,3,134,37,3,4915,4838,2942,15n088860
15n088869,3,154,35,3,4846,4770,4266,15n088869
15n088958,2,280,24,2,4428,4358,4763,15n088958
15n088959,2,370,26,2,4476,4404,398,15n088959
15n089131,3,206,29,3,4919,4842,4690,15n089131
15n089133,2,316,26,2,4920,4843,3780,15n089133
15n089346,3,204,36,3,4921,4844,2343,15n089346
15n089347,3,90,31,3,4922,4845,3894,15n089347
15n089350,2,406,26,2,4923,4846,2173,15n089350
15n089358,2,170,24,2,822,814,3946,15n089358
15n089386,2,290,24,2,839,831,4139,15n089386
15n089508,2,174,22,2,4916,4839,3291,15n089508
15n089706,3,134,35,3,4924,4847,586,15n089706
15n089711,2,388,26,2,4925,4848,3809,15n089711
15n089713,2,262,26,2,4926,4849,1039,15n089713
15n089714,2,190,24,2,4927,4850,4278,15n089714
15n089715,3,134,35,3,4924,4847,586,15n089715
15n089811,3,238,36,3,4928,4851,1024,15n089811
15n089812,2,482,26,2,4929,4852,4164,15n089812
15n089813,2,420,26,2,4930,4853,3118,15n089813
15n089814,3,252,36,3,4931,4854,4519,15n089814
15n089815,2,482,26,2,4929,4852,4164,15n089815
15n089816,2,420,26,2,4930,4853,3118,15n089816
15n089875,3,240,37,3,4932,4855,5100,15n089875
15n089878,3,148,35,3,4933,4856,4289,15n089878
15n090060,2,298,24,2,4934,4857,4136,15n090060
15n090064,2,298,24,2,4935,4857,1636,15n090064
15n090149,3,168,34,3,4936,4858,4715,15n090149
15n090150,3,168,34,3,4936,4858,4715,15n090150
15n090249,3,160,35,3,4937,4859,4711,15n090249
15n090251,2,370,26,2,4938,4860,401,15n090251
15n090452,2,262,26,2,4926,4849,1039,15n090452
15n090463,3,74,31,3,4310,4242,4505,15n090463
15n090503,3,182,35,3,4939,4861,3284,15n090503
15n090505,2,172,23,2,4940,4862,137,15n090505
15n090507,3,212,36,3,4941,4863,2354,15n090507
15n090553,3,252,36,3,4931,4854,4519,15n090553
15n090586,3,230,36,3,4942,4864,3352,15n090586
15n090710,2,276,26,2,4943,4865,3030,15n090710
15n090711,3,74,31,3,4944,148,3893,15n090711
15n090741,3,108,32,3,4945,4866,5226,15n090741
15n090743,2,276,26,2,4943,4865,3030,15n090743
15n090975,2,316,26,2,4920,4843,3780,15n090975
15n090976,2,406,26,2,4946,4867,2867,15n090976
15n091051,3,238,36,3,4928,4851,1024,15n091051
15n091263,2,246,24,2,4119,3825,4030,15n091263
15n091486,3,260,35,3,4947,4868,1757,15n091486
15n091504,2,316,26,2,4420,4350,1761,15n091504
15n091505,3,198,36,3,4419,4349,2941,15n091505
15n091580,3,210,37,3,4838,4762,3343,15n091580
15n091607,3,260,35,3,4947,4868,1757,15n091607
15n091774,3,124,37,3,4845,4769,2968,15n091774
15n091818,3,172,35,3,4948,4869,3964,15n091818
15n091820,3,80,27,3,4949,4870,4461,15n091820
15n091822,2,190,26,2,4950,4871,1587,15n091822
15n091825,3,174,35,3,4951,4872,5089,15n091825
15n091826,2,172,23,2,4940,4862,137,15n091826
15n091876,3,182,36,3,4952,4873,5240,15n091876
15n091879,3,200,36,3,4953,4874,5093,15n091879
15n091883,2,352,26,2,4954,3383,1280,15n091883
15n091911,3,126,34,3,4955,4875,2962,15n091911
15n091914,3,178,35,3,4956,4876,3340,15n091914
15n091972,3,236,35,3,4957,4877,4502,15n091972
15n091975,3,188,36,3,4958,4878,4738,15n091975
15n092097,3,278,35,3,4724,4650,3374,15n092097
15n092170,2,316,26,2,4959,4879,1353,15n092170
15n092187,3,210,36,3,4960,4880,4564,15n092187
15n092231,3,190,37,3,4961,4881,4705,15n092231
15n092234,3,198,35,3,4962,4882,2966,15n092234
15n092237,3,196,36,3,4963,4883,3902,15n092237
15n092349,2,236,26,2,4906,4829,2234,15n092349
15n092369,2,352,24,2,4304,4236,4857,15n092369
15n092373,2,352,24,2,4964,4236,875,15n092373
15n092464,3,220,35,3,4965,4884,4484,15n092464
15n092485,2,204,24,2,4966,4885,5345,15n092485
15n092486,3,258,36,3,4967,4886,5441,15n092486
15n092612,2,298,24,2,4934,4857,4136,15n092612
15n092616,2,298,24,2,4935,4857,1636,15n092616
15n092679,3,132,34,3,4968,4887,1988,15n092679
15n092682,3,178,36,3,4969,4888,2250,15n092682
15n092753,3,134,34,3,4970,4889,5503,15n092753
15n092761,3,210,36,3,4960,4880,4564,15n092761
15n092789,3,244,36,3,4971,4890,3967,15n092789
15n092792,3,174,37,3,4972,4891,4701,15n092792
15n092795,3,182,35,3,4973,4892,2955,15n092795
15n093072,3,192,37,3,4974,4893,4516,15n093072
15n093084,3,154,33,3,3873,3817,3325,15n093084
15n093177,3,108,32,3,4945,4866,5226,15n093177
15n093357,2,204,24,2,4966,4885,5345,15n093357
15n093358,3,258,36,3,4967,4886,5441,15n093358
15n093769,3,242,37,3,4352,4284,3350,15n093769
15n093843,3,222,35,3,4975,4894,646,15n093843
15n093918,3,282,36,3,4976,4895,2327,15n093918
15n093920,2,460,26,2,4977,4896,1879,15n093920
15n093922,3,164,33,3,4978,4897,4747,15n093922
15n094143,3,228,36,3,4501,4429,5106,15n094143
15n094330,2,352,24,2,4304,4236,4857,15n094330
15n094334,2,352,24,2,4964,4236,875,15n094334
15n094517,3,308,35,3,4979,4898,4504,15n094517
15n094520,3,186,36,3,4980,4899,3328,15n094520
15n095244,2,298,24,2,4295,4227,3399,15n095244
15n095245,3,212,35,3,4500,4428,4518,15n095245
15n095354,2,276,26,2,4943,4865,3030,15n095354
15n095408,3,296,31,3,3414,3375,1386,15n095408
15n095409,2,370,26,2,3415,3376,5260,15n095409
15n095410,3,170,36,3,3416,3377,3009,15n095410
15n095411,3,182,35,3,3677,3626,597,15n095411
15n095412,3,188,31,3,3418,3379,1383,15n095412
15n095413,2,262,26,2,3185,3154,5244,15n095413
15n095414,2,100,22,2,3187,3156,3010,15n095414
15n095415,3,202,36,3,3419,3380,1659,15n095415
15n095416,2,280,26,2,3186,3155,5124,15n095416
15n095417,2,226,24,2,3188,3157,3392,15n095417
15n095418,3,82,34,3,3420,3381,5499,15n095418
15n095419,3,168,36,3,3421,3382,5463,15n095419
15n095420,3,296,31,3,3414,3375,1386,15n095420
15n095421,2,370,26,2,3415,3376,5260,15n095421
15n095422,3,170,36,3,3416,3377,3009,15n095422
15n095423,3,330,35,3,3678,3627,2917,15n095423
15n095424,3,250,36,3,3682,3631,3962,15n095424
15n095425,3,118,34,3,3680,3629,5501,15n095425
15n095426,3,168,34,3,3681,3630,5462,15n095426
15n095427,3,164,35,3,3676,3625,1686,15n095427
15n095428,3,274,36,3,2871,2844,2934,15n095428
15n095429,3,200,36,3,3675,3624,5467,15n095429
15n095430,3,200,36,3,3675,3624,5467,15n095430
15n095431,3,274,36,3,2871,2844,2934,15n095431
15n095440,3,254,35,3,3810,3754,5053,15n095440
15n095441,3,136,34,3,3808,3752,5401,15n095441
15n095442,2,316,26,2,3809,3753,1802,15n095442
15n095443,3,254,35,3,3810,3754,5053,15n095443
15n095444,3,348,35,3,3807,3751,4474,15n095444
15n095676,2,266,24,2,4981,4900,4576,15n095676
15n095988,3,90,29,3,4982,4901,2850,15n095988
15n096014,3,194,35,3,4888,4811,2339,15n096014
15n096026,2,298,24,2,4983,4902,3527,15n096026
15n096054,2,110,22,2,957,946,754,15n096054
15n096073,2,172,22,2,4984,4903,5112,15n096073
15n096229,2,128,20,2,4985,4904,3837,15n096229
15n096430,3,228,36,3,4986,4905,2359,15n096430
15n096452,2,82,21,2,4154,4086,4970,15n096452
15n096580,2,388,26,2,4925,4848,3809,15n096580
15n096581,3,120,34,3,4707,4633,5396,15n096581
15n096582,2,190,24,2,4927,4850,4278,15n096582
15n097002,3,194,35,3,4987,4906,2989,15n097002
15n097003,3,146,33,3,4988,4907,3985,15n097003
15n097006,2,406,26,2,4989,4908,2737,15n097006
15n097313,2,246,24,2,4092,676,4279,15n097313
15n097315,3,144,34,3,4990,4909,2006,15n097315
15n097318,3,144,34,3,4990,4909,2006,15n097318
15n097404,3,236,35,3,4957,4877,4502,15n097404
15n097405,2,334,26,2,4914,4837,3305,15n097405
15n097406,3,130,33,3,4910,4833,3334,15n097406
15n097407,2,262,24,2,4911,4834,4280,15n097407
15n097420,3,202,36,3,4991,4910,4585,15n097420
15n097422,2,352,26,2,4992,4911,534,15n097422
15n097483,2,316,26,2,4959,4879,1353,15n097483
15n097545,2,406,26,2,4993,4912,2181,15n097545
15n097758,3,182,35,3,4939,4861,3284,15n097758
15n098056,2,128,20,2,4985,4904,3837,15n098056
15n098246,3,242,37,3,3367,3334,3006,15n098246
15n098510,3,120,34,3,4994,4913,190,15n098510
15n098511,2,280,26,2,4995,4914,4762,15n098511
15n098519,2,316,26,2,4996,4915,1347,15n098519
15n098541,2,280,26,2,4995,4914,4762,15n098541
15n098542,2,316,26,2,4996,4915,1347,15n098542
15n098559,2,244,26,2,4997,4916,2363,15n098559
15n098563,3,120,34,3,4994,4913,190,15n098563
15n098569,2,244,26,2,4997,4916,2363,15n098569
15n098607,3,174,36,3,4998,4917,102,15n098607
15n098612,2,244,24,2,4999,4918,820,15n098612
15n098671,3,174,36,3,4998,4917,102,15n098671
15n098708,2,334,26,2,5000,4919,4606,15n098708
15n098709,2,334,26,2,5000,4919,4606,15n098709
15n099136,3,346,35,3,5001,4920,669,15n099136
15n099140,3,246,36,3,5002,4921,3713,15n099140
15n099141,2,282,24,2,5003,4922,4617,15n099141
15n099145,3,174,37,3,5004,4923,1488,15n099145
15n099146,2,280,24,2,5005,4924,562,15n099146
15n099149,3,182,35,3,5006,4925,3333,15n099149
15n099160,3,230,36,3,5007,4926,3046,15n099160
15n099161,2,406,26,2,5008,4927,3410,15n099161
15n099164,3,126,37,3,5009,4928,1425,15n099164
15n099167,3,176,37,3,5010,4929,1723,15n099167
15n099169,2,202,24,2,5011,4930,4981,15n099169
15n099170,3,148,36,3,5012,4931,2005,15n099170
15n099171,3,208,35,3,5013,4932,5514,15n099171
15n099172,2,412,26,2,5014,4933,3846,15n099172
15n099174,2,262,25,2,5015,4934,79,15n099174
15n099188,3,162,35,3,5016,4935,4544,15n099188
15n099189,3,118,33,3,5017,4936,5323,15n099189
15n099191,2,322,26,2,5018,4937,626,15n099191
15n099192,3,246,35,3,5019,4938,4269,15n099192
15n099193,2,318,26,2,5020,4939,3954,15n099193
15n099194,2,300,24,2,5021,4940,3839,15n099194
15n099199,3,186,36,3,5022,4941,3050,15n099199
15n099200,2,460,26,2,5023,4942,3834,15n099200
15n099205,2,406,26,2,5024,4943,2149,15n099205
15n099206,2,406,26,2,5024,4943,2149,15n099206
15n099210,3,236,35,3,5025,4944,916,15n099210
15n099215,3,160,35,3,5026,4945,1416,15n099215
15n099216,3,112,32,3,5027,4946,209,15n099216
15n099217,2,370,26,2,5028,4947,5251,15n099217
15n099223,3,146,34,3,5029,4948,4537,15n099223
15n099224,3,146,34,3,5029,4948,4537,15n099224
15n099230,3,206,35,3,5030,4949,1007,15n099230
15n099234,2,100,24,2,5031,4950,60,15n099234
15n099235,2,100,24,2,5031,4950,60,15n099235
15n099237,3,146,35,3,5032,4951,4274,15n099237
15n099238,2,310,26,2,5033,4952,4575,15n099238
15n099240,3,170,36,3,5034,4953,3718,15n099240
15n099241,3,150,33,3,5035,4954,5324,15n099241
15n099242,2,410,26,2,5036,4955,654,15n099242
15n099243,3,158,35,3,5037,4956,3934,15n099243
15n099250,3,180,35,3,5038,4957,1715,15n099250
15n099255,3,220,35,3,5039,4958,1742,15n099255
15n099256,3,236,35,3,5025,4944,916,15n099256
15n099261,2,298,26,2,5040,4959,4685,15n099261
15n099266,2,388,26,2,5041,4960,4447,15n099266
15n099269,3,154,36,3,5042,3400,2266,15n099269
15n099270,2,280,24,2,5005,4924,562,15n099270
15n099271,3,236,37,3,5043,4961,4532,15n099271
15n099272,2,282,24,2,5003,4922,4617,15n099272
15n099273,3,236,37,3,5043,4961,4532,15n099273
15n099278,3,182,35,3,5044,4962,2956,15n099278
15n099279,2,154,21,2,5045,4963,77,15n099279
15n099281,3,174,37,3,5004,4923,1488,15n099281
15n099284,3,192,37,3,5046,4964,1725,15n099284
15n099287,3,196,36,3,5047,4965,2350,15n099287
15n099293,3,198,35,3,5048,4966,3346,15n099293
15n099294,3,180,35,3,5038,4957,1715,15n099294
15n099297,3,148,35,3,5049,4967,1996,15n099297
15n099300,3,240,37,3,5050,4968,1002,15n099300
15n099304,3,282,36,3,5051,4969,4130,15n099304
15n099305,2,352,26,2,5052,4970,530,15n099305
15n099308,3,188,36,3,5053,4971,1484,15n099308
15n099313,3,236,35,3,5054,4972,1745,15n099313
15n099314,2,334,26,2,5055,4973,2135,15n099314
15n099315,2,172,22,2,4984,4903,5112,15n099315
15n099316,2,262,24,2,5056,4974,1049,15n099316
15n099319,3,204,36,3,5057,4975,3971,15n099319
15n099320,3,236,35,3,5025,4944,916,15n099320
15n099321,3,180,35,3,5038,4957,1715,15n099321
15n099328,2,154,21,2,5045,4963,77,15n099328
15n099333,2,226,24,2,5058,4976,1159,15n099333
15n099334,2,226,24,2,5058,4976,1159,15n099334
15n099336,2,262,26,2,5059,4977,2668,15n099336
15n099337,2,262,26,2,5059,4977,2668,15n099337
15n099338,3,212,36,3,5060,4978,3073,15n099338
15n099340,2,300,24,2,5021,4940,3839,15n099340
15n099341,3,192,37,3,5046,4964,1725,15n099341
15n099342,3,230,36,3,5007,4926,3046,15n099342
15n099343,2,406,26,2,5008,4927,3410,15n099343
15n099347,2,244,26,2,5061,4979,2298,15n099347
15n099349,2,244,26,2,5061,4979,2298,15n099349
15n099353,2,280,24,2,5062,4980,556,15n099353
15n099354,2,316,26,2,5063,4981,1762,15n099354
15n099355,2,196,24,2,5064,4982,5071,15n099355
15n099356,3,82,35,3,5065,4983,2223,15n099356
15n099357,3,182,29,3,5066,4984,5496,15n099357
15n099358,2,346,26,2,5067,4985,3666,15n099358
15n099359,3,94,34,3,5068,4986,3250,15n099359
15n099360,2,136,25,2,5069,4987,132,15n099360
15n099361,2,316,26,2,5070,4988,4446,15n099361
15n099386,3,218,36,3,5071,4989,4596,15n099386
15n099387,2,410,26,2,5036,4955,654,15n099387
15n099388,3,150,33,3,5035,4954,5324,15n099388
15n099403,2,298,26,2,5040,4959,4685,15n099403
15n099406,2,388,26,2,5041,4960,4447,15n099406
15n099410,2,370,26,2,5072,4990,1511,15n099410
15n099411,3,138,36,3,5073,4991,3914,15n099411
15n099412,2,430,26,2,5074,4992,2864,15n099412
15n099432,3,250,37,3,5075,4993,1020,15n099432
15n099435,3,228,36,3,5076,4994,3074,15n099435
15n099438,2,262,24,2,5056,4974,1049,15n099438
15n099440,3,228,36,3,5076,4994,3074,15n099440
15n099441,3,172,36,3,5077,4995,2022,15n099441
15n099443,3,172,36,3,5077,4995,2022,15n099443
15n099444,3,204,36,3,5057,4975,3971,15n099444
15n099448,2,262,25,2,5015,4934,79,15n099448
15n099449,2,370,26,2,5072,4990,1511,15n099449
15n099450,3,138,36,3,5073,4991,3914,15n099450
15n099451,3,148,36,3,5012,4931,2005,15n099451
15n099452,2,412,26,2,5014,4933,3846,15n099452
15n099453,2,430,26,2,5074,4992,2864,15n099453
15n099454,2,310,26,2,5033,4952,4575,15n099454
15n099455,3,146,35,3,5032,4951,4274,15n099455
15n099456,3,170,36,3,5034,4953,3718,15n099456
15n099457,3,158,35,3,5037,4956,3934,15n099457
15n099458,3,154,36,3,5042,3400,2266,15n099458
15n099459,3,148,35,3,5049,4967,1996,15n099459
15n099462,3,212,36,3,5078,4996,3909,15n099462
15n099468,2,334,26,2,5079,4997,2130,15n099468
15n099472,3,94,34,3,5068,4986,3250,15n099472
15n099473,2,316,26,2,5070,4988,4446,15n099473
15n099474,2,136,25,2,5069,4987,132,15n099474
15n099477,3,82,35,3,5065,4983,2223,15n099477
15n099478,2,346,26,2,5067,4985,3666,15n099478
15n099479,2,256,26,2,5080,4998,3214,15n099479
15n099482,3,126,34,3,5081,4999,3263,15n099482
15n099487,3,178,35,3,5082,5000,2970,15n099487
15n099491,2,388,26,2,5083,5001,3819,15n099491
15n099495,3,186,36,3,5084,5002,2280,15n099495
15n099496,2,316,24,2,5085,5003,1860,15n099496
15n099497,2,298,24,2,4983,4902,3527,15n099497
15n099498,3,206,29,3,5086,5004,1028,15n099498
15n099518,3,216,35,3,5087,5005,5105,15n099518
15n099519,3,118,33,3,5017,4936,5323,15n099519
15n099520,2,322,26,2,5018,4937,626,15n099520
15n099521,3,180,35,3,5088,5006,4965,15n099521
15n099522,2,318,26,2,5020,4939,3954,15n099522
15n099526,2,280,24,2,5089,5007,561,15n099526
15n099529,2,280,24,2,5062,4980,556,15n099529
15n099530,2,316,26,2,5063,4981,1762,15n099530
15n099535,3,346,35,3,5001,4920,669,15n099535
15n099538,3,240,36,3,5090,5008,2014,15n099538
15n099539,2,404,26,2,5091,5009,2414,15n099539
15n099543,2,256,26,2,5080,4998,3214,15n099543
15n099558,3,218,36,3,5071,4989,4596,15n099558
15n099571,3,220,36,3,5092,5010,2370,15n099571
15n099572,3,162,35,3,5016,4935,4544,15n099572
15n099573,3,246,35,3,5019,4938,4269,15n099573
15n099574,3,160,35,3,5026,4945,1416,15n099574
15n099575,3,112,32,3,5027,4946,209,15n099575
15n099576,2,370,26,2,5028,4947,5251,15n099576
15n099577,3,220,35,3,5039,4958,1742,15n099577
15n099578,2,280,24,2,5089,5007,561,15n099578
15n099579,3,206,29,3,5086,5004,1028,15n099579
15n099582,2,388,26,2,5093,5011,1866,15n099582
15n099585,2,234,24,2,5094,5012,4612,15n099585
15n099586,2,434,26,2,5095,5013,5030,15n099586
15n099587,3,186,36,3,5084,5002,2280,15n099587
15n099588,2,316,24,2,5085,5003,1860,15n099588
15n099589,2,388,26,2,5083,5001,3819,15n099589
15n099608,3,162,35,3,5096,5014,4554,15n099608
15n099609,3,144,35,3,5097,5015,5464,15n099609
15n099610,2,408,26,2,5098,5016,301,15n099610
15n099612,3,188,35,3,5099,5017,2605,15n099612
15n099613,3,170,36,3,4654,4580,2993,15n099613
15n099614,2,404,26,2,5091,5009,2414,15n099614
15n099615,3,236,35,3,5054,4972,1745,15n099615
15n099616,2,334,26,2,5055,4973,2135,15n099616
15n099617,3,182,35,3,5006,4925,3333,15n099617
15n099618,3,186,36,3,5022,4941,3050,15n099618
15n099619,2,460,26,2,5023,4942,3834,15n099619
15n099620,3,126,34,3,5081,4999,3263,15n099620
15n099621,3,178,35,3,5082,5000,2970,15n099621
15n099624,3,124,35,3,5100,5018,1413,15n099624
15n099627,3,184,35,3,5101,5019,1737,15n099627
15n099633,3,210,35,3,5102,5020,3998,15n099633
15n099638,3,220,36,3,5092,5010,2370,15n099638
15n099639,3,304,34,3,5103,5021,1306,15n099639
15n099640,3,228,36,3,4986,4905,2359,15n099640
15n099641,3,172,36,3,5104,5022,4526,15n099641
15n099642,3,172,36,3,5104,5022,4526,15n099642
15n099643,3,188,36,3,5053,4971,1484,15n099643
15n099649,2,334,26,2,5079,4997,2130,15n099649
15n099653,2,360,24,2,5105,5023,5365,15n099653
15n099654,2,422,25,2,5106,5024,86,15n099654
15n099655,3,280,35,3,5107,5025,5516,15n099655
15n099664,3,240,36,3,5090,5008,2014,15n099664
15n099668,3,282,36,3,5051,4969,4130,15n099668
15n099669,2,352,26,2,5052,4970,530,15n099669
15n099678,3,226,35,3,5108,5026,3047,15n099678
15n099680,3,246,36,3,5002,4921,3713,15n099680
15n099681,3,196,36,3,5047,4965,2350,15n099681
15n099684,3,132,34,3,5109,5027,4288,15n099684
15n099687,3,178,36,3,5110,5028,3938,15n099687
15n099688,3,126,37,3,5009,4928,1425,15n099688
15n099689,3,176,37,3,5010,4929,1723,15n099689
15n099692,3,172,35,3,5111,5029,2335,15n099692
15n099698,3,174,35,3,5112,5030,947,15n099698
15n099708,3,210,35,3,5102,5020,3998,15n099708
15n099709,2,360,24,2,5105,5023,5365,15n099709
15n099710,2,422,25,2,5106,5024,86,15n099710
15n099711,3,280,35,3,5107,5025,5516,15n099711
15n099715,3,218,37,3,5113,5031,4986,15n099715
15n099716,3,218,37,3,5113,5031,4986,15n099716
15n099717,3,240,37,3,5050,4968,1002,15n099717
15n099718,2,388,26,2,5093,5011,1866,15n099718
15n099719,3,250,37,3,5075,4993,1020,15n099719
15n099720,3,304,34,3,5103,5021,1306,15n099720
15n099721,3,162,35,3,5096,5014,4554,15n099721
15n099722,2,408,26,2,5098,5016,301,15n099722
15n099723,3,144,35,3,5097,5015,5464,15n099723
15n099724,3,188,35,3,5099,5017,2605,15n099724
15n099725,3,170,36,3,4654,4580,2993,15n099725
15n099726,3,132,34,3,5109,5027,4288,15n099726
15n099727,3,198,35,3,5048,4966,3346,15n099727
15n099728,3,178,36,3,5110,5028,3938,15n099728
15n099729,3,124,35,3,5100,5018,1413,15n099729
15n099730,3,182,35,3,5044,4962,2956,15n099730
15n099731,3,212,36,3,5078,4996,3909,15n099731
15n099732,2,234,24,2,5094,5012,4612,15n099732
15n099733,2,434,26,2,5095,5013,5030,15n099733
15n099734,3,216,35,3,5087,5005,5105,15n099734
15n099735,3,180,35,3,5088,5006,4965,15n099735
15n099736,3,206,35,3,5030,4949,1007,15n099736
15n099737,3,184,35,3,5101,5019,1737,15n099737
15n099739,3,212,36,3,5060,4978,3073,15n099739
15n099740,3,226,35,3,5108,5026,3047,15n099740
15n099741,3,174,35,3,5112,5030,947,15n099741
15n099742,3,172,35,3,5111,5029,2335,15n099742
15n099750,2,308,24,2,5114,3792,563,15n099750
15n099751,2,464,26,2,5115,5032,492,15n099751
15n099752,2,390,26,2,5116,5033,381,15n099752
15n099753,2,522,26,2,5117,5034,1120,15n099753
15n099758,2,336,26,2,5118,5035,5135,15n099758
15n099759,2,506,26,2,5119,5036,5045,15n099759
15n099760,3,174,37,3,5120,5037,1440,15n099760
15n099763,3,208,35,3,5013,4932,5514,15n099763
15n099764,2,242,24,2,5121,5038,4613,15n099764
15n099765,2,432,26,2,5122,5039,5390,15n099765
15n099846,2,308,24,2,5114,3792,563,15n099846
15n099847,2,464,26,2,5115,5032,492,15n099847
15n099848,2,390,26,2,5116,5033,381,15n099848
15n099849,2,522,26,2,5117,5034,1120,15n099849
15n099850,2,242,24,2,5121,5038,4613,15n099850
15n099851,2,432,26,2,5122,5039,5390,15n099851
15n099855,2,336,26,2,5118,5035,5135,15n099855
15n099856,2,506,26,2,5119,5036,5045,15n099856
15n099857,3,174,37,3,5120,5037,1440,15n099857
15n100154,2,202,24,2,5011,4930,4981,15n100154
15n100288,3,120,35,3,5123,5040,5392,15n100288
15n100440,2,406,26,2,5124,5041,653,15n100440
15n100441,2,146,24,2,5125,5042,759,15n100441
15n100517,3,290,37,3,5126,5043,4028,15n100517
15n100521,3,266,37,3,5127,5044,3017,15n100521
15n100523,2,328,24,2,5128,5045,5137,15n100523
15n100524,3,196,36,3,5129,5046,2281,15n100524
15n100525,2,544,26,2,5130,5047,4455,15n100525
15n100641,3,120,35,3,5123,5040,5392,15n100641
15n100998,2,176,20,2,2972,2944,4444,15n100998
15n101093,2,196,24,2,5064,4982,5071,15n101093
15n101094,3,182,29,3,5066,4984,5496,15n101094
15n101095,2,136,25,2,5069,4987,132,15n101095
15n101203,2,328,24,2,5128,5045,5137,15n101203
15n101204,2,544,26,2,5130,5047,4455,15n101204
15n101205,3,196,36,3,5129,5046,2281,15n101205
15n101225,3,118,27,3,5131,5048,4275,15n101225
15n101226,2,374,26,2,5132,5049,5309,15n101226
15n101333,2,82,20,2,846,838,496,15n101333
15n101376,3,218,36,3,5133,5050,4590,15n101376
15n101388,2,290,24,2,5134,5051,4627,15n101388
15n101389,2,522,26,2,5135,5052,5040,15n101389
15n101390,3,204,36,3,5136,5053,1436,15n101390
15n101509,3,218,36,3,5133,5050,4590,15n101509
15n101525,3,290,37,3,5126,5043,4028,15n101525
15n101527,3,266,37,3,5127,5044,3017,15n101527
15n101811,2,388,26,2,4912,4835,1807,15n101811
15n101813,2,298,24,2,4913,4836,1621,15n101813
15n101831,2,290,24,2,5134,5051,4627,15n101831
15n101832,2,522,26,2,5135,5052,5040,15n101832
15n101833,3,204,36,3,5136,5053,1436,15n101833
15n102039,2,406,26,2,4340,4272,2703,15n102039
15n102040,3,184,35,3,4339,4271,1391,15n102040
15n102070,2,398,26,2,5137,5054,4053,15n102070
15n102071,3,238,35,3,5138,5055,2957,15n102071
15n102072,2,360,26,2,5139,5056,3782,15n102072
15n102215,2,398,26,2,5137,5054,4053,15n102215
15n102216,2,360,26,2,5139,5056,3782,15n102216
15n102217,3,238,35,3,5138,5055,2957,15n102217
15n102275,2,216,26,2,5140,5057,506,15n102275
15n102276,2,436,26,2,5141,5058,1311,15n102276
15n102287,2,182,26,2,5142,5059,4979,15n102287
15n102288,2,420,26,2,5143,5060,4949,15n102288
15n102289,3,128,35,3,5144,5061,1689,15n102289
15n102384,2,146,24,2,5125,5042,759,15n102384
15n102385,2,406,26,2,5124,5041,653,15n102385
15n102386,2,216,26,2,5140,5057,506,15n102386
15n102387,2,436,26,2,5141,5058,1311,15n102387
15n102395,3,118,27,3,5131,5048,4275,15n102395
15n102396,2,374,26,2,5132,5049,5309,15n102396
15n102400,2,182,26,2,5142,5059,4979,15n102400
15n102401,2,420,26,2,5143,5060,4949,15n102401
15n102402,3,128,35,3,5144,5061,1689,15n102402
15n102448,3,152,29,3,5145,5062,225,15n102448
15n102449,3,146,34,3,5146,5063,1666,15n102449
15n102454,2,352,26,2,5147,5064,1746,15n102454
15n102455,3,152,29,3,5145,5062,225,15n102455
15n102456,3,146,34,3,5146,5063,1666,15n102456
15n102457,2,352,26,2,5147,5064,1746,15n102457
15n102459,3,248,35,3,5148,5065,1751,15n102459
15n102570,3,242,37,3,3367,3334,3006,15n102570
15n102571,2,266,24,2,4981,4900,4576,15n102571
15n102624,3,146,34,3,5149,5066,2235,15n102624
15n102625,2,406,26,2,5150,5067,2713,15n102625
15n102626,3,146,34,3,5149,5066,2235,15n102626
15n102627,2,406,26,2,5150,5067,2713,15n102627
15n102730,3,248,35,3,5148,5065,1751,15n102730
15n103031,3,242,35,3,5151,5068,4127,15n103031
15n103032,3,240,33,3,5152,5069,4853,15n103032
15n103035,2,460,26,2,5153,5070,3830,15n103035
15n103038,2,460,26,2,5154,5071,1898,15n103038
15n103050,2,352,26,2,5155,5072,239,15n103050
15n103282,3,174,35,3,4951,4872,5089,15n103282
15n103306,3,220,36,3,5156,5073,3978,15n103306
15n103321,2,246,24,2,5157,5074,2045,15n103321
15n103768,2,232,26,2,5158,5075,1188,15n103768
15n104334,2,170,24,2,822,814,3946,15n104334
15n104380,3,74,31,3,4310,4242,4505,15n104380
15n104458,3,232,36,3,5159,5076,5170,15n104458
15n104460,2,172,24,2,5160,5077,312,15n104460
15n104495,3,156,36,3,5161,5078,4708,15n104495
15n104497,2,370,26,2,5162,5079,400,15n104497
15n104533,3,178,36,3,5163,5080,3984,15n104533
15n104536,3,204,34,3,5164,5081,4309,15n104536
15n104547,3,138,36,3,5165,5082,4524,15n104547
15n104550,3,254,35,3,5166,5083,3517,15n104550
15n104599,3,74,30,3,4907,4830,2066,15n104599
15n104701,2,406,26,2,4993,4912,2181,15n104701
15n104709,2,232,26,2,5158,5075,1188,15n104709
15n104763,2,352,26,2,5155,5072,239,15n104763
15n104837,3,304,36,3,5167,5084,5173,15n104837
15n104842,3,186,34,3,5168,5085,5241,15n104842
15n104844,2,262,26,2,5169,5086,366,15n104844
15n104847,3,196,36,3,5170,5087,5092,15n104847
15n104849,2,280,26,2,5171,5088,523,15n104849
15n104857,3,128,34,3,5172,5089,4709,15n104857
15n104860,3,172,36,3,5104,5022,4526,15n104860
15n104891,2,406,26,2,5173,5090,3956,15n104891
15n104892,2,406,26,2,5173,5090,3956,15n104892
15n104941,3,122,36,3,5174,5091,2971,15n104941
15n104944,3,174,36,3,5175,5092,3329,15n104944
15n104947,3,200,35,3,5176,5093,4745,15n104947
15n105316,3,64,26,3,5177,5094,5227,15n105316
15n105648,3,180,34,3,5178,5095,4506,15n105648
15n105867,3,64,26,3,5177,5094,5227,15n105867
15n106018,2,244,24,2,4350,4282,4757,15n106018
15n106019,3,222,34,3,4493,4421,2206,15n106019
15n106189,2,226,24,2,4348,4280,3294,15n106189
15n106191,2,388,26,2,4328,4260,1805,15n106191
15n106193,3,232,36,3,4483,4411,1419,15n106193
15n106476,3,170,36,3,4486,4414,2273,15n106476
15n106484,2,238,24,2,4138,4070,151,15n106484
15n106618,2,246,24,2,5157,5074,2045,15n106618
15n106716,2,460,26,2,4387,4318,3851,15n106716
15n106772,2,280,26,2,4050,3992,1663,15n106772
15n106809,2,268,24,2,4391,4321,4760,15n106809
15n106812,3,150,32,3,4392,4322,694,15n106812
15n106824,3,86,33,3,4127,4060,1400,15n106824
15n106829,3,86,32,3,4128,4061,4666,15n106829
15n106842,3,104,32,3,4049,3991,5470,15n106842
15n106963,3,170,36,3,4481,4409,5234,15n106963
15n106967,2,360,26,2,4503,4431,5506,15n106967
15n106968,2,290,26,2,4504,4432,2083,15n106968
15n107003,2,280,24,2,4478,4406,5361,15n107003
15n107004,3,176,33,3,4479,4407,917,15n107004
15n107006,2,334,24,2,4505,4433,3400,15n107006
15n107007,3,230,29,3,4506,4434,3693,15n107007
15n107309,2,546,26,2,5179,5096,2849,15n107309
15n107315,2,476,26,2,5180,5097,2526,15n107315
15n107316,2,476,26,2,5180,5097,2526,15n107316
15n107318,2,546,26,2,5179,5096,2849,15n107318
15n107431,3,218,35,3,5181,5098,4013,15n107431
15n107790,2,316,24,2,4324,4256,3221,15n107790
15n107791,3,120,34,3,4305,4237,5395,15n107791
15n107792,2,190,24,2,4259,4191,1016,15n107792
15n107843,3,194,35,3,5182,5099,3348,15n107843
15n107847,2,406,26,2,5183,5100,2806,15n107847
15n107874,2,304,24,2,4905,4828,4785,15n107874
15n107943,3,218,35,3,5184,5101,3086,15n107943
15n107957,2,280,24,2,4889,4812,4777,15n107957
15n107958,2,352,26,2,4685,4611,4793,15n107958
15n107959,2,352,26,2,3130,3101,4788,15n107959
15n107960,2,352,26,2,4314,4246,803,15n107960
15n107988,3,218,35,3,5181,5098,4013,15n107988
15n108283,3,194,34,3,5185,5102,3992,15n108283
15n108333,2,406,26,2,3168,3137,2866,15n108333
15n108436,3,202,36,3,5186,5103,1722,15n108436
15n108564,2,226,26,2,3481,3440,1588,15n108564
15n108565,2,406,26,2,4490,4418,2705,15n108565
15n109077,3,122,36,3,5174,5091,2971,15n109077
15n109078,2,370,26,2,5162,5079,400,15n109078
15n109079,3,174,36,3,5175,5092,3329,15n109079
15n109080,2,172,24,2,5160,5077,312,15n109080
15n109131,3,220,36,3,5156,5073,3978,15n109131
15n109132,3,164,33,3,4978,4897,4747,15n109132
15n109133,3,110,31,3,4455,4383,2237,15n109133
15n109134,2,460,26,2,4457,4385,3847,15n109134
15n109135,2,460,26,2,4977,4896,1879,15n109135
15n109145,3,218,35,3,5184,5101,3086,15n109145
15n109454,3,176,35,3,4495,4423,4739,15n109454
15n109455,2,280,26,2,4072,4014,787,15n109455
15n109456,3,78,30,3,4285,4217,5048,15n109456
15n109457,3,66,31,3,4066,4008,5379,15n109457
15n109458,2,100,20,2,4334,4266,3011,15n109458
15n109459,2,172,26,2,4065,4007,774,15n109459
15n109460,2,100,26,2,4064,4006,2947,15n109460
15n109461,2,244,26,2,4286,4218,786,15n109461
15n109462,2,352,24,2,4304,4236,4857,15n109462
15n109463,3,236,35,3,4496,4424,4501,15n109463
15n109464,2,154,26,2,4070,4012,1150,15n109464
15n109465,3,98,27,3,4281,4213,767,15n109465
15n109466,2,460,26,2,4279,4211,3826,15n109466
15n109467,2,370,26,2,4068,4010,5248,15n109467
15n109468,3,174,36,3,4096,4033,5502,15n109468
15n109469,3,178,36,3,4498,4426,2979,15n109469
15n109470,3,114,30,3,4287,4219,5050,15n109470
15n109471,2,352,26,2,4284,4216,807,15n109471
15n109472,3,188,37,3,4499,4427,3272,15n109472
15n109473,2,460,26,2,4456,4384,1876,15n109473
15n109474,2,262,26,2,4067,4009,5235,15n109474
15n109475,2,280,26,2,4071,4013,5080,15n109475
15n109476,3,130,35,3,4475,4403,2925,15n109476
15n109477,3,172,37,3,4477,4405,3262,15n109477
15n109478,3,252,35,3,4473,4401,4509,15n109478
15n109479,2,190,22,2,4291,4223,3752,15n109479
15n109480,2,352,26,2,4474,4402,526,15n109480
15n109481,3,130,35,3,4429,4359,5232,15n109481
15n109482,3,172,37,3,4430,4360,5064,15n109482
15n109483,3,206,36,3,4354,4286,3339,15n109483
15n109484,2,82,20,2,4255,4187,4538,15n109484
15n109485,2,154,22,2,4254,4186,1594,15n109485
15n109486,2,352,26,2,4282,4214,5136,15n109486
15n109487,3,186,36,3,4355,4287,3974,15n109487
15n109488,2,190,22,2,4232,4164,4014,15n109488
15n109489,3,224,37,3,4497,4425,4582,15n109489
15n109490,2,406,26,2,4296,4228,2116,15n109490
15n109491,2,136,22,2,4294,4226,4995,15n109491
15n109492,2,190,24,2,4327,4259,4281,15n109492
15n109493,2,406,26,2,4427,4357,3444,15n109493
15n109494,3,114,35,3,4288,4220,5500,15n109494
15n109495,3,136,35,3,4289,4221,5461,15n109495
15n109496,2,352,26,2,4424,4354,5174,15n109496
15n109502,3,156,35,3,4313,4245,3911,15n109502
15n109503,3,120,34,3,4315,4247,89,15n109503
15n109504,3,102,32,3,4316,4248,5383,15n109504
15n109505,2,280,24,2,4306,4238,4776,15n109505
15n109506,3,222,37,3,4454,4382,3988,15n109506
15n109507,3,166,35,3,4469,4397,2926,15n109507
15n109508,3,216,35,3,4322,4254,1412,15n109508
15n109509,3,130,33,3,4323,4255,2334,15n109509
15n109510,2,316,24,2,4292,4224,1778,15n109510
15n109511,3,132,32,3,4293,4225,4716,15n109511
15n109512,2,352,26,2,4325,4257,4326,15n109512
15n109513,3,138,35,3,4470,4398,3258,15n109513
15n109514,2,316,26,2,4471,4399,1253,15n109514
15n109515,3,190,36,3,4421,4351,2995,15n109515
15n109516,3,140,35,3,4341,4273,1431,15n109516
15n109517,2,406,26,2,4342,4274,2780,15n109517
15n109518,2,316,26,2,4336,4268,4321,15n109518
15n109519,3,214,36,3,4425,4355,3359,15n109519
15n109520,3,208,37,3,4426,4356,5095,15n109520
15n109529,3,250,36,3,4343,4275,649,15n109529
15n109530,2,352,26,2,4337,4269,5179,15n109530
15n109531,3,194,36,3,4344,4276,3991,15n109531
15n109532,2,442,26,2,4345,4277,409,15n109532
15n109533,2,226,24,2,3103,3075,4020,15n109533
15n109534,2,244,24,2,4335,4267,4773,15n109534
15n109535,3,202,35,3,4346,4278,5242,15n109535
15n109536,3,142,35,3,4347,4279,5056,15n109536
15n109537,3,154,38,3,4097,4034,2949,15n109537
15n109541,3,188,36,3,4326,4258,3965,15n109541
15n109543,3,238,35,3,4489,4417,2931,15n109543
15n109546,3,122,34,3,4484,4412,3910,15n109546
15n109547,2,370,26,2,4482,4410,5277,15n109547
15n109548,3,222,34,3,4485,4413,3696,15n109548
15n109553,3,164,36,3,4491,4419,3874,15n109553
15n109554,2,442,26,2,4492,4420,5278,15n109554
15n109555,3,146,36,3,4494,4422,3705,15n109555
15n109558,3,226,35,3,4290,4222,2328,15n109558
15n109559,3,220,36,3,4278,4210,2494,15n109559
15n109560,2,406,26,2,4256,4188,3532,15n109560
15n109561,3,248,36,3,4283,4215,4852,15n109561
15n109562,3,238,37,3,4487,4415,2340,15n109562
15n109739,2,188,22,2,4073,4015,1748,15n109739
15n109740,2,198,24,2,4174,4106,5475,15n109740
15n110081,3,242,35,3,5151,5068,4127,15n110081
15n110082,3,206,29,3,4919,4842,4690,15n110082
15n110083,2,460,26,2,5154,5071,1898,15n110083
15n110084,3,240,33,3,5152,5069,4853,15n110084
15n110085,2,460,26,2,5153,5070,3830,15n110085
15n110241,3,194,35,3,4987,4906,2989,15n110241
15n110242,2,406,26,2,4989,4908,2737,15n110242
15n110243,3,146,33,3,4988,4907,3985,15n110243
15n110396,3,290,37,3,5126,5043,4028,15n110396
15n110401,3,266,37,3,5127,5044,3017,15n110401
15n110564,3,156,36,3,5161,5078,4708,15n110564
15n110565,3,138,36,3,5165,5082,4524,15n110565
15n110977,3,128,34,3,5172,5089,4709,15n110977
15n110978,2,262,26,2,5169,5086,366,15n110978
15n110979,3,172,36,3,5104,5022,4526,15n110979
15n110980,2,280,26,2,5171,5088,523,15n110980
15n111231,3,200,35,3,5176,5093,4745,15n111231
15n111232,2,370,26,2,4938,4860,401,15n111232
15n111239,2,406,26,2,4946,4867,2867,15n111239
15n111254,3,180,34,3,5178,5095,4506,15n111254
15n111367,3,290,37,3,5126,5043,4028,15n111367
15n111372,3,266,37,3,5127,5044,3017,15n111372
15n112167,3,194,35,3,5182,5099,3348,15n112167
15n112168,2,406,26,2,5183,5100,2806,15n112168
15n112268,3,242,35,3,5187,5104,2331,15n112268
15n112271,2,460,26,2,5188,5105,3828,15n112271
15n112275,3,242,35,3,5187,5104,2331,15n112275
15n112276,2,460,26,2,5188,5105,3828,15n112276
15n112292,2,220,24,2,5189,5106,5346,15n112292
15n112293,2,220,24,2,5189,5106,5346,15n112293
15n112300,3,156,36,3,5190,5107,1423,15n112300
15n112301,3,112,33,3,5191,5108,213,15n112301
15n112302,2,370,26,2,5192,5109,5259,15n112302
15n112313,3,194,36,3,5193,5110,4547,15n112313
15n112314,2,106,24,2,5194,5111,5228,15n112314
15n112317,3,122,36,3,5195,5112,3251,15n112317
15n112318,3,112,33,3,5191,5108,213,15n112318
15n112319,2,370,26,2,5192,5109,5259,15n112319
15n112324,3,174,36,3,5196,5113,2982,15n112324
15n112325,3,134,29,3,5197,5114,334,15n112325
15n112326,2,172,24,2,5198,5115,5075,15n112326
15n112331,3,128,34,3,5199,5116,1405,15n112331
15n112332,3,80,32,3,5200,5117,204,15n112332
15n112333,2,262,26,2,5201,5118,5236,15n112333
15n112338,3,172,36,3,5202,5119,1720,15n112338
15n112339,3,170,29,3,5203,5120,365,15n112339
15n112340,2,280,26,2,5204,5121,5087,15n112340
15n112343,3,220,36,3,5205,5122,2349,15n112343
15n112362,2,106,24,2,5194,5111,5228,15n112362
15n112365,3,254,35,3,5206,5123,2958,15n112365
15n112366,3,134,29,3,5197,5114,334,15n112366
15n112367,2,172,24,2,5198,5115,5075,15n112367
15n112370,3,138,36,3,5207,5124,1683,15n112370
15n112395,3,202,36,3,5208,5125,3719,15n112395
15n112398,2,298,25,2,5209,5126,82,15n112398
15n112408,3,232,36,3,5210,5127,923,15n112408
15n112409,3,202,36,3,5186,5103,1722,15n112409
15n112414,3,210,35,3,5211,5128,3990,15n112414
15n112415,3,194,36,3,5193,5110,4547,15n112415
15n112416,3,156,36,3,5190,5107,1423,15n112416
15n112417,3,138,36,3,5207,5124,1683,15n112417
15n112418,2,298,25,2,5209,5126,82,15n112418
15n112421,3,200,35,3,5212,5129,1408,15n112421
15n112422,3,80,32,3,5200,5117,204,15n112422
15n112423,2,262,26,2,5201,5118,5236,15n112423
15n112426,3,180,34,3,5213,5130,1734,15n112426
15n112427,3,170,29,3,5203,5120,365,15n112427
15n112428,2,280,26,2,5204,5121,5087,15n112428
15n112434,3,128,34,3,5199,5116,1405,15n112434
15n112435,3,172,36,3,5202,5119,1720,15n112435
15n112450,3,178,36,3,5214,5131,2248,15n112450
15n112453,3,186,34,3,5215,5132,695,15n112453
15n112456,3,196,36,3,5216,5133,922,15n112456
15n112457,3,254,35,3,5206,5123,2958,15n112457
15n112458,3,210,35,3,5211,5128,3990,15n112458
15n112461,3,232,36,3,5210,5127,923,15n112461
15n112464,3,204,34,3,5217,5134,1990,15n112464
15n112466,3,122,36,3,5195,5112,3251,15n112466
15n112467,3,200,35,3,5212,5129,1408,15n112467
15n112468,3,174,36,3,5196,5113,2982,15n112468
15n112469,3,202,36,3,5208,5125,3719,15n112469
15n112470,3,180,34,3,5213,5130,1734,15n112470
15n112471,3,220,36,3,5205,5122,2349,15n112471
15n112472,3,178,36,3,5214,5131,2248,15n112472
15n112473,3,204,34,3,5217,5134,1990,15n112473
15n112480,3,186,34,3,5215,5132,695,15n112480
15n112481,3,196,36,3,5216,5133,922,15n112481
15n112512,2,284,24,2,5218,5135,5133,15n112512
15n112515,2,474,26,2,5219,5136,5038,15n112515
15n112516,3,188,36,3,5220,5137,1424,15n112516
15n112523,2,284,24,2,5218,5135,5133,15n112523
15n112524,2,474,26,2,5219,5136,5038,15n112524
15n112525,3,188,36,3,5220,5137,1424,15n112525
15n113350,2,176,20,2,2972,2944,4444,15n113350
15n113427,2,228,26,2,4358,4290,3727,15n113427
15n113428,3,58,31,3,4359,3558,4468,15n113428
15n113497,3,176,35,3,4757,4681,211,15n113497
15n113499,3,254,35,3,5166,5083,3517,15n113499
15n113508,3,174,28,3,5221,5138,3077,15n113508
15n113530,3,178,35,3,4758,4682,3276,15n113530
15n113575,2,276,26,2,3084,3056,4758,15n113575
15n113667,2,138,24,2,5222,5139,4978,15n113667
15n113668,3,106,35,3,5223,5140,1681,15n113668
15n113669,2,404,26,2,5224,5141,4945,15n113669
15n113767,2,138,24,2,5222,5139,4978,15n113767
15n113768,2,404,26,2,5224,5141,4945,15n113768
15n113769,3,106,35,3,5223,5140,1681,15n113769
15n113800,3,212,35,3,5225,5142,1740,15n113800
15n113868,3,212,35,3,5225,5142,1740,15n113868
15n113973,3,232,36,3,5159,5076,5170,15n113973
15n114001,3,186,34,3,5168,5085,5241,15n114001
15n114002,3,196,36,3,5170,5087,5092,15n114002
15n114003,3,178,36,3,5163,5080,3984,15n114003
15n114127,3,204,34,3,5164,5081,4309,15n114127
15n114363,3,124,34,3,758,750,2264,15n114363
15n114449,3,304,36,3,5167,5084,5173,15n114449
15n114450,2,352,26,2,4992,4911,534,15n114450
15n114452,3,202,36,3,4991,4910,4585,15n114452
15n115262,3,174,37,3,4972,4891,4701,15n115262
15n115263,3,192,37,3,4974,4893,4516,15n115263
15n115294,3,194,35,3,4864,4787,3318,15n115294
15n115295,3,236,35,3,4866,4789,5116,15n115295
15n115296,2,532,26,2,4865,4788,1881,15n115296
15n115297,3,270,37,3,4360,4291,719,15n115297
15n115298,3,248,37,3,4361,4292,5101,15n115298
15n115299,2,270,26,2,4764,4688,1469,15n115299
15n115302,2,324,26,2,4703,4629,4300,15n115302
15n115304,3,144,35,3,4875,4798,4306,15n115304
15n115327,3,218,35,3,4869,4792,2238,15n115327
15n115328,3,180,35,3,4871,4794,4561,15n115328
15n115329,2,550,26,2,4870,4793,2796,15n115329
15n115330,3,246,37,3,4363,4294,1502,15n115330
15n115331,3,272,37,3,4364,4295,4533,15n115331
15n115332,3,170,34,3,4751,4675,3900,15n115332
15n115334,2,436,26,2,4752,4676,2426,15n115334
15n115342,3,242,37,3,4352,4284,3350,15n115342
15n115343,3,174,36,3,4784,4708,5504,15n115343
15n115352,3,194,33,3,4773,4697,2929,15n115352
15n115354,2,454,26,2,4774,4698,3426,15n115354
15n115375,4,26,23,4,5226,5143,3694,15n115375
15n115381,3,182,35,3,4973,4892,2955,15n115381
15n115382,2,280,26,2,4704,4630,788,15n115382
15n115383,3,230,36,3,4942,4864,3352,15n115383
15n115384,3,90,31,3,4922,4845,3894,15n115384
15n115385,2,406,26,2,4923,4846,2173,15n115385
15n115437,3,186,36,3,4980,4899,3328,15n115437
15n115453,3,84,29,3,4209,4141,4507,15n115453
15n115460,3,68,29,3,4210,4142,2007,15n115460
15n115528,3,204,36,3,4921,4844,2343,15n115528
15n115552,2,226,26,2,4687,4613,3950,15n115552
15n115581,3,242,38,3,4844,4768,3018,15n115581
15n115589,3,270,37,3,4360,4291,719,15n115589
15n115591,3,246,37,3,4363,4294,1502,15n115591
15n115592,2,276,26,2,4943,4865,3030,15n115592
15n115593,3,74,31,3,4944,148,3893,15n115593
15n115650,3,126,37,3,4903,4826,5231,15n115650
15n115651,3,176,37,3,4904,4827,5066,15n115651
15n115682,3,270,36,3,5227,5144,650,15n115682
15n115706,3,194,35,3,4864,4787,3318,15n115706
15n115707,3,236,35,3,4866,4789,5116,15n115707
15n115708,2,532,26,2,4865,4788,1881,15n115708
15n115709,3,248,37,3,4361,4292,5101,15n115709
15n115861,3,196,36,3,4963,4883,3902,15n115861
15n115862,3,212,36,3,4941,4863,2354,15n115862
15n115863,3,154,36,3,3550,3509,3922,15n115863
15n115864,3,148,35,3,4933,4856,4289,15n115864
15n115897,3,218,35,3,4869,4792,2238,15n115897
15n115898,3,180,35,3,4871,4794,4561,15n115898
15n115899,2,550,26,2,4870,4793,2796,15n115899
15n115900,3,272,37,3,4364,4295,4533,15n115900
15n115922,3,170,34,3,4751,4675,3900,15n115922
15n115924,2,436,26,2,4752,4676,2426,15n115924
15n115986,3,240,37,3,4932,4855,5100,15n115986
15n115987,3,132,34,3,4968,4887,1988,15n115987
15n115988,3,178,36,3,4969,4888,2250,15n115988
15n115997,3,124,35,3,4908,4831,3895,15n115997
15n116026,3,184,35,3,4909,4832,4307,15n116026
15n116044,3,72,29,3,5228,5145,4962,15n116044
15n116094,3,194,33,3,4773,4697,2929,15n116094
15n116096,2,454,26,2,4774,4698,3426,15n116096
15n116213,2,262,25,2,5229,5146,65,15n116213
15n116242,2,176,20,2,5230,5147,4384,15n116242
15n116314,3,242,38,3,4844,4768,3018,15n116314
15n116318,3,244,36,3,4971,4890,3967,15n116318
15n116319,3,80,27,3,4949,4870,4461,15n116319
15n116320,2,190,26,2,4950,4871,1587,15n116320
15n116324,3,308,35,3,4979,4898,4504,15n116324
15n116325,3,146,33,3,4899,4822,3358,15n116325
15n116326,2,406,26,2,4900,4823,3419,15n116326
15n116327,3,184,33,3,4761,4685,2001,15n116327
15n116328,2,406,26,2,4762,4686,3420,15n116328
15n116373,2,316,26,2,4705,4631,4299,15n116373
15n116377,3,126,34,3,4955,4875,2962,15n116377
15n116378,3,188,36,3,4958,4878,4738,15n116378
15n116379,3,282,36,3,4976,4895,2327,15n116379
15n116380,2,352,26,2,4893,4816,5141,15n116380
15n116381,3,204,33,3,4892,4815,1301,15n116381
15n116406,3,160,35,3,4937,4859,4711,15n116406
15n116408,3,220,35,3,4965,4884,4484,15n116408
15n116497,3,206,35,3,4898,4821,5090,15n116497
15n116534,3,226,35,3,4891,4814,3514,15n116534
15n116576,3,198,35,3,4962,4882,2966,15n116576
15n116577,3,190,37,3,4961,4881,4705,15n116577
15n116616,3,172,35,3,4948,4869,3964,15n116616
15n116832,3,178,35,3,4956,4876,3340,15n116832
15n116833,2,352,26,2,4954,3383,1280,15n116833
15n116850,3,134,34,3,4970,4889,5503,15n116850
15n116851,3,222,35,3,4975,4894,646,15n116851
15n116852,3,182,36,3,4952,4873,5240,15n116852
15n116853,3,200,36,3,4953,4874,5093,15n116853
15n117296,3,270,36,3,5227,5144,650,15n117296
15n117478,2,262,25,2,5229,5146,65,15n117478
15n117602,3,268,37,3,5231,5148,3153,15n117602
15n117606,2,436,24,2,5232,5149,1951,15n117606
15n117609,2,478,24,2,5233,5150,4235,15n117609
15n117612,3,188,33,3,5234,5151,2495,15n117612
15n117617,2,502,26,2,5235,5152,3531,15n117617
15n117621,3,274,37,3,5236,5153,1549,15n117621
15n117626,2,478,24,2,5233,5150,4235,15n117626
15n117629,2,436,24,2,5232,5149,1951,15n117629
15n117649,3,268,37,3,5231,5148,3153,15n117649
15n117659,3,274,37,3,5236,5153,1549,15n117659
15n117666,3,274,37,3,5237,5154,4126,15n117666
15n117677,3,268,37,3,5238,5155,2497,15n117677
15n117681,3,188,33,3,5234,5151,2495,15n117681
15n117682,2,502,26,2,5235,5152,3531,15n117682
15n117689,3,274,37,3,5237,5154,4126,15n117689
15n117699,3,268,37,3,5238,5155,2497,15n117699
15n117735,2,322,24,2,5239,5156,1618,15n117735
15n117738,2,322,24,2,5239,5156,1618,15n117738
15n117772,2,346,24,2,5240,5157,1623,15n117772
15n117774,2,346,24,2,5240,5157,1623,15n117774
15n117986,3,168,37,3,5241,5158,2606,15n117986
15n117987,3,190,37,3,5242,5159,2978,15n117987
15n118060,3,176,36,3,5243,5160,728,15n118060
15n118062,2,426,26,2,5244,5161,442,15n118062
15n118063,3,224,35,3,5245,5162,2002,15n118063
15n118066,2,184,22,2,5246,5163,92,15n118066
15n118071,2,208,24,2,5247,5164,3090,15n118071
15n118081,3,104,30,3,5248,5165,298,15n118081
15n118082,2,194,22,2,5249,5166,423,15n118082
15n118085,3,120,33,3,5250,5167,1415,15n118085
15n118086,2,284,26,2,5251,5168,2311,15n118086
15n118107,3,186,36,3,5252,5169,120,15n118107
15n118108,2,460,26,2,5253,5170,1366,15n118108
15n118109,3,238,35,3,5254,5171,700,15n118109
15n118113,2,184,22,2,5246,5163,92,15n118113
15n118116,2,208,24,2,5247,5164,3090,15n118116
15n118135,3,176,36,3,5243,5160,728,15n118135
15n118136,2,426,26,2,5244,5161,442,15n118136
15n118137,3,224,35,3,5245,5162,2002,15n118137
15n118157,3,186,36,3,5252,5169,120,15n118157
15n118158,2,460,26,2,5253,5170,1366,15n118158
15n118159,3,238,35,3,5254,5171,700,15n118159
15n118171,3,186,36,3,5255,5172,1460,15n118171
15n118174,2,460,26,2,5256,5173,99,15n118174
15n118175,3,238,35,3,5257,5174,2930,15n118175
15n118204,3,176,36,3,5258,4053,467,15n118204
15n118207,2,426,26,2,4117,4052,687,15n118207
15n118208,3,224,35,3,5259,4051,1394,15n118208
15n118212,3,104,30,3,5248,5165,298,15n118212
15n118213,2,194,22,2,5249,5166,423,15n118213
15n118216,3,120,33,3,5250,5167,1415,15n118216
15n118217,2,284,26,2,5251,5168,2311,15n118217
15n118236,3,186,36,3,5255,5172,1460,15n118236
15n118237,2,460,26,2,5256,5173,99,15n118237
15n118238,3,238,35,3,5257,5174,2930,15n118238
15n118261,3,176,36,3,5258,4053,467,15n118261
15n118262,2,426,26,2,4117,4052,687,15n118262
15n118263,3,224,35,3,5259,4051,1394,15n118263
15n118272,3,168,37,3,5241,5158,2606,15n118272
15n118273,3,190,37,3,5242,5159,2978,15n118273
15n118295,3,224,37,3,5260,5175,717,15n118295
15n118296,2,450,26,2,5261,5176,405,15n118296
15n118297,2,440,26,2,5262,5177,1316,15n118297
15n118302,3,224,37,3,5260,5175,717,15n118302
15n118303,2,450,26,2,5261,5176,405,15n118303
15n118304,2,440,26,2,5262,5177,1316,15n118304
15n118314,3,142,36,3,5263,5178,945,15n118314
15n118315,2,344,26,2,5264,5179,300,15n118315
15n118316,3,162,35,3,5265,5180,2215,15n118316
15n118317,3,108,36,3,5266,5181,708,15n118317
15n118318,2,270,26,2,5267,5182,417,15n118318
15n118319,3,156,29,3,5268,5183,1979,15n118319
15n118322,3,142,36,3,5263,5178,945,15n118322
15n118323,2,344,26,2,5264,5179,300,15n118323
15n118324,3,162,35,3,5265,5180,2215,15n118324
15n118338,3,224,37,3,5269,5184,2026,15n118338
15n118342,3,108,36,3,5266,5181,708,15n118342
15n118343,2,270,26,2,5267,5182,417,15n118343
15n118344,3,156,29,3,5268,5183,1979,15n118344
15n118347,3,224,37,3,5269,5184,2026,15n118347
15n118377,3,202,35,3,5270,5185,3949,15n118377
15n118378,2,448,26,2,5271,5186,302,15n118378
15n118379,3,170,35,3,5272,5187,2256,15n118379
15n118382,2,184,22,2,5246,5163,92,15n118382
15n118383,2,184,22,2,5246,5163,92,15n118383
15n118386,2,208,24,2,5247,5164,3090,15n118386
15n118387,2,208,24,2,5247,5164,3090,15n118387
15n118389,3,224,37,3,5269,5184,2026,15n118389
15n118392,2,440,26,2,5262,5177,1316,15n118392
15n118393,2,450,26,2,5261,5176,405,15n118393
15n118396,3,224,37,3,5260,5175,717,15n118396
15n118418,3,224,37,3,5260,5175,717,15n118418
15n118419,2,450,26,2,5261,5176,405,15n118419
15n118420,2,440,26,2,5262,5177,1316,15n118420
15n118421,3,202,35,3,5270,5185,3949,15n118421
15n118422,2,448,26,2,5271,5186,302,15n118422
15n118423,3,170,35,3,5272,5187,2256,15n118423
15n118424,3,224,37,3,5269,5184,2026,15n118424
15n118444,3,210,36,3,5273,5188,118,15n118444
15n118445,2,472,26,2,5274,5189,4441,15n118445
15n118446,3,348,34,3,5275,5190,2,15n118446
15n118452,3,210,36,3,5273,5188,118,15n118452
15n118453,2,472,26,2,5274,5189,4441,15n118453
15n118454,3,348,34,3,5275,5190,2,15n118454
15n118523,3,176,36,3,5243,5160,728,15n118523
15n118524,2,426,26,2,5244,5161,442,15n118524
15n118525,3,224,35,3,5245,5162,2002,15n118525
15n118526,3,186,36,3,5252,5169,120,15n118526
15n118527,2,460,26,2,5253,5170,1366,15n118527
15n118528,3,238,35,3,5254,5171,700,15n118528
15n118532,3,186,36,3,5255,5172,1460,15n118532
15n118535,2,460,26,2,5256,5173,99,15n118535
15n118536,3,238,35,3,5257,5174,2930,15n118536
15n118542,3,176,36,3,5258,4053,467,15n118542
15n118543,2,426,26,2,4117,4052,687,15n118543
15n118544,3,224,35,3,5259,4051,1394,15n118544
15n118602,3,104,30,3,5248,5165,298,15n118602
15n118603,2,194,22,2,5249,5166,423,15n118603
15n118606,3,120,33,3,5250,5167,1415,15n118606
15n118607,2,284,26,2,5251,5168,2311,15n118607
15n118617,2,194,22,2,5249,5166,423,15n118617
15n118618,3,104,30,3,5248,5165,298,15n118618
15n118621,2,284,26,2,5251,5168,2311,15n118621
15n118622,3,120,33,3,5250,5167,1415,15n118622
15n118629,3,176,36,3,5243,5160,728,15n118629
15n118630,2,426,26,2,5244,5161,442,15n118630
15n118631,3,224,35,3,5245,5162,2002,15n118631
15n118679,3,176,36,3,5258,4053,467,15n118679
15n118680,2,426,26,2,4117,4052,687,15n118680
15n118681,3,224,35,3,5259,4051,1394,15n118681
15n118688,3,186,36,3,5252,5169,120,15n118688
15n118689,2,460,26,2,5253,5170,1366,15n118689
15n118690,3,238,35,3,5254,5171,700,15n118690
15n118697,3,186,36,3,5255,5172,1460,15n118697
15n118698,2,460,26,2,5256,5173,99,15n118698
15n118699,3,238,35,3,5257,5174,2930,15n118699
15n118884,3,248,35,3,5276,5191,5524,15n118884
15n118914,3,280,35,3,5277,5192,5515,15n118914
15n118915,2,666,26,2,5278,5193,2813,15n118915
15n118970,3,228,36,3,5279,5194,5355,15n118970
15n118983,3,302,35,3,5280,5195,5333,15n118983
15n118984,2,688,26,2,5281,5196,1329,15n118984
15n119190,2,334,26,2,5282,5197,426,15n119190
15n119220,2,334,26,2,5282,5197,426,15n119220
15n119228,2,276,26,2,5283,3056,1202,15n119228
15n119229,2,276,26,2,5283,3056,1202,15n119229
15n119293,2,126,22,2,3091,3063,2030,15n119293
15n119298,2,126,22,2,3091,3063,2030,15n119298
15n119356,2,292,26,2,5284,5198,3740,15n119356
15n119379,2,158,22,2,5285,5199,3345,15n119379
15n119381,2,168,24,2,5286,5200,502,15n119381
15n119424,3,220,37,3,3880,3824,2025,15n119424
15n119457,2,364,25,2,5287,5201,57,15n119457
15n119472,3,150,27,3,5288,5202,3680,15n119472
15n119474,2,264,26,2,5289,5203,1201,15n119474
15n119480,3,72,32,3,5290,5204,53,15n119480
15n119481,2,276,26,2,5291,5205,3728,15n119481
15n119490,2,126,22,2,3091,3063,2030,15n119490
15n119500,3,214,37,3,5292,5206,1445,15n119500
15n119522,3,220,37,3,4803,4727,4531,15n119522
15n119604,2,292,26,2,5284,5198,3740,15n119604
15n119611,3,130,36,3,5293,5207,3707,15n119611
15n119682,3,98,27,3,5294,5208,3679,15n119682
15n119683,2,172,24,2,5295,5209,810,15n119683
15n119686,2,364,25,2,5287,5201,57,15n119686
15n119760,3,72,32,3,5290,5204,53,15n119760
15n119761,2,276,26,2,5291,5205,3728,15n119761
15n119805,2,168,24,2,5286,5200,502,15n119805
15n119807,2,158,22,2,5285,5199,3345,15n119807
15n119824,2,296,24,2,5296,5210,237,15n119824
15n119873,3,220,37,3,4803,4727,4531,15n119873
15n119892,3,220,37,3,3880,3824,2025,15n119892
15n119969,3,130,36,3,5293,5207,3707,15n119969
15n120050,3,130,36,3,3383,3350,2939,15n120050
15n120111,3,98,27,3,5294,5208,3679,15n120111
15n120112,2,172,24,2,5295,5209,810,15n120112
15n120137,3,220,37,3,4803,4727,4531,15n120137
15n120155,3,150,27,3,5288,5202,3680,15n120155
15n120156,2,264,26,2,5289,5203,1201,15n120156
15n120198,3,220,37,3,3880,3824,2025,15n120198
15n120269,3,214,37,3,5292,5206,1445,15n120269
15n120329,3,130,36,3,3383,3350,2939,15n120329
15n120353,2,126,22,2,3091,3063,2030,15n120353
15n120375,3,220,37,3,3880,3824,2025,15n120375
15n120399,2,296,24,2,5296,5210,237,15n120399
15n120401,3,220,37,3,4803,4727,4531,15n120401
15n120425,3,262,36,3,5297,5211,647,15n120425
15n120455,3,418,35,3,5298,5212,659,15n120455
15n120456,2,656,26,2,5299,5213,4460,15n120456
15n120511,3,236,36,3,5300,5214,1731,15n120511
15n120524,3,444,35,3,5301,5215,1897,15n120524
15n120525,2,682,26,2,5302,5216,5318,15n120525
15n120579,3,110,31,3,5303,5217,5332,15n120579
15n120580,2,462,26,2,5304,5218,1643,15n120580
15n120608,3,342,35,3,5305,5219,5423,15n120608
15n120617,2,462,26,2,5304,5218,1643,15n120617
15n120618,3,110,31,3,5303,5217,5332,15n120618
15n120627,2,276,24,2,5306,3060,2618,15n120627
15n120628,2,276,24,2,5306,3060,2618,15n120628
15n120640,3,282,37,3,5307,5220,4648,15n120640
15n120642,3,342,35,3,5305,5219,5423,15n120642
15n120646,2,552,26,2,5308,5221,4457,15n120646
15n120764,2,364,26,2,5309,5222,3101,15n120764
15n120765,2,308,26,2,5310,5223,2304,15n120765
15n120769,2,282,24,2,5311,5224,429,15n120769
15n120771,2,254,26,2,5312,5225,1147,15n120771
15n120779,2,364,26,2,5309,5222,3101,15n120779
15n120784,2,308,26,2,5310,5223,2304,15n120784
15n120787,2,254,26,2,5312,5225,1147,15n120787
15n120788,2,282,24,2,5311,5224,429,15n120788
15n120866,2,250,24,2,5313,5226,418,15n120866
15n120918,2,228,24,2,5314,5227,542,15n120918
15n120961,3,62,29,3,5315,5228,2199,15n120961
15n120962,2,200,26,2,5316,5229,2296,15n120962
15n120967,3,48,31,3,5317,5230,22,15n120967
15n120968,2,180,26,2,5318,5231,3725,15n120968
15n121040,3,194,37,3,5319,5232,3709,15n121040
15n121042,3,108,37,3,5320,5233,3880,15n121042
15n121044,2,250,24,2,5313,5226,418,15n121044
15n121048,2,228,24,2,5314,5227,542,15n121048
15n121051,2,358,26,2,5321,5234,683,15n121051
15n121058,3,48,31,3,5317,5230,22,15n121058
15n121059,2,180,26,2,5318,5231,3725,15n121059
15n121070,3,66,25,3,5322,5235,3678,15n121070
15n121071,2,180,26,2,5323,5236,1187,15n121071
15n121090,3,186,34,3,5324,5237,4265,15n121090
15n121137,3,194,37,3,5319,5232,3709,15n121137
15n121144,3,194,38,3,5325,5238,114,15n121144
15n121265,3,194,38,3,5325,5238,114,15n121265
15n121267,3,184,35,3,5326,5239,725,15n121267
15n121268,3,210,35,3,5327,5240,2964,15n121268
15n121269,2,520,26,2,5328,5241,100,15n121269
15n121270,2,358,26,2,5321,5234,683,15n121270
15n121307,3,66,25,3,5322,5235,3678,15n121307
15n121308,2,180,26,2,5323,5236,1187,15n121308
15n121316,3,186,34,3,5324,5237,4265,15n121316
15n121322,3,108,37,3,5320,5233,3880,15n121322
15n121347,3,184,35,3,5326,5239,725,15n121347
15n121348,3,210,35,3,5327,5240,2964,15n121348
15n121349,2,520,26,2,5328,5241,100,15n121349
15n121573,3,62,29,3,5315,5228,2199,15n121573
15n121574,2,200,26,2,5316,5229,2296,15n121574
15n121582,3,142,35,3,5329,5242,3924,15n121582
15n121633,3,142,35,3,5329,5242,3924,15n121633
15n121709,3,242,38,3,5330,5243,3347,15n121709
15n121717,3,156,31,3,5331,5244,852,15n121717
15n121718,2,476,26,2,5332,5245,5185,15n121718
15n121746,3,260,36,3,5333,5246,1489,15n121746
15n121755,2,476,26,2,5332,5245,5185,15n121755
15n121756,3,156,31,3,5331,5244,852,15n121756
15n121765,2,326,24,2,3093,3065,4141,15n121765
15n121766,2,326,24,2,3093,3065,4141,15n121766
15n121778,3,322,37,3,5334,5247,3520,15n121778
15n121780,3,260,36,3,5333,5246,1489,15n121780
15n121784,2,530,26,2,5335,5248,2791,15n121784
15n121829,3,130,32,3,5336,5249,2853,15n121829
15n121830,2,540,26,2,5337,5250,4863,15n121830
15n121843,3,298,36,3,5338,5251,4649,15n121843
15n121845,3,202,36,3,5339,5252,3055,15n121845
15n121849,2,430,26,2,5340,5253,2876,15n121849
15n121850,3,352,36,3,5341,5254,5180,15n121850
15n121852,3,258,36,3,5342,5255,3513,15n121852
15n121878,3,130,32,3,5336,5249,2853,15n121878
15n121879,2,540,26,2,5337,5250,4863,15n121879
15n121891,2,430,26,2,5340,5253,2876,15n121891
15n121892,3,202,36,3,5339,5252,3055,15n121892
15n121926,3,298,36,3,5338,5251,4649,15n121926
15n121928,3,352,36,3,5341,5254,5180,15n121928
15n121929,3,258,36,3,5342,5255,3513,15n121929
15n122042,2,334,26,2,5343,3384,1060,15n122042
15n122056,2,388,26,2,5344,5256,2601,15n122056
15n122096,3,210,36,3,5345,5257,2365,15n122096
15n122108,3,184,35,3,5326,5239,725,15n122108
15n122109,3,210,35,3,5327,5240,2964,15n122109
15n122112,2,520,26,2,5328,5241,100,15n122112
15n122152,2,388,26,2,5344,5256,2601,15n122152
15n122171,2,334,26,2,5343,3384,1060,15n122171
15n122181,3,186,35,3,5346,5258,3724,15n122181
15n122184,2,518,26,2,5347,5259,3672,15n122184
15n122185,3,232,35,3,5348,5260,1409,15n122185
15n122191,3,186,35,3,5346,5258,3724,15n122191
15n122192,2,518,26,2,5347,5259,3672,15n122192
15n122193,3,232,35,3,5348,5260,1409,15n122193
15n122276,3,130,33,3,4755,4679,2212,15n122276
15n122277,2,352,26,2,5349,5261,271,15n122277
15n122279,3,188,29,3,5350,5262,1982,15n122279
15n122280,2,262,24,2,5351,5263,168,15n122280
15n122310,3,184,35,3,5326,5239,725,15n122310
15n122311,3,210,35,3,5327,5240,2964,15n122311
15n122312,2,520,26,2,5328,5241,100,15n122312
15n122339,3,186,35,3,5346,5258,3724,15n122339
15n122340,3,232,35,3,5348,5260,1409,15n122340
15n122341,2,518,26,2,5347,5259,3672,15n122341
15n122384,3,186,35,3,5346,5258,3724,15n122384
15n122385,3,232,35,3,5348,5260,1409,15n122385
15n122386,2,518,26,2,5347,5259,3672,15n122386
15n122398,3,146,37,3,5352,5264,3708,15n122398
15n122431,3,146,37,3,5352,5264,3708,15n122431
15n122448,3,146,37,3,3797,3743,2940,15n122448
15n122477,3,146,37,3,3797,3743,2940,15n122477
15n122480,3,188,29,3,5350,5262,1982,15n122480
15n122481,2,262,24,2,5351,5263,168,15n122481
15n122548,3,210,36,3,5345,5257,2365,15n122548
15n122552,3,130,33,3,4755,4679,2212,15n122552
15n122553,2,352,26,2,5349,5261,271,15n122553
15n122600,3,138,32,3,5353,5265,3973,15n122600
15n122601,2,542,26,2,5354,5266,2186,15n122601
15n122614,3,256,36,3,5355,5267,4755,15n122614
15n122618,2,412,26,2,5356,5268,4318,15n122618
15n122619,3,250,36,3,5357,5269,2326,15n122619
15n122646,3,138,32,3,5353,5265,3973,15n122646
15n122647,2,542,26,2,5354,5266,2186,15n122647
15n122659,2,412,26,2,5356,5268,4318,15n122659
15n122660,3,256,36,3,5355,5267,4755,15n122660
15n122692,3,250,36,3,5357,5269,2326,15n122692
15n122711,3,320,34,3,5358,5270,4922,15n122711
15n122712,2,630,26,2,5359,5271,3644,15n122712
15n122722,3,218,37,3,5360,5272,3060,15n122722
15n122723,3,174,34,3,4520,4448,1012,15n122723
15n122740,3,192,29,3,5361,5273,1229,15n122740
15n122742,3,206,37,3,5362,5274,3331,15n122742
15n122746,3,194,34,3,5363,5275,3319,15n122746
15n122747,2,532,26,2,5364,5276,4435,15n122747
15n122749,3,194,34,3,5363,5275,3319,15n122749
15n122750,2,532,26,2,5364,5276,4435,15n122750
15n122751,3,218,37,3,5360,5272,3060,15n122751
15n122752,3,206,37,3,5362,5274,3331,15n122752
15n122782,2,380,24,2,5365,5277,2522,15n122782
15n122783,3,282,37,3,5307,5220,4648,15n122783
15n122786,2,380,24,2,5365,5277,2522,15n122786
15n122787,3,282,37,3,5307,5220,4648,15n122787
15n122862,3,142,32,3,5366,5278,675,15n122862
15n122864,3,142,32,3,5366,5278,675,15n122864
15n123000,2,398,24,2,5367,5279,4162,15n123000
15n123002,2,324,24,2,5368,5280,3163,15n123002
15n123004,2,242,24,2,5369,5281,4022,15n123004
15n123007,2,236,24,2,5370,5282,4312,15n123007
15n123010,2,324,24,2,5368,5280,3163,15n123010
15n123012,2,366,24,2,5371,5283,2873,15n123012
15n123013,2,396,24,2,5372,5284,4859,15n123013
15n123015,2,398,24,2,5367,5279,4162,15n123015
15n123022,3,282,35,3,5373,5285,2330,15n123022
15n123023,2,596,26,2,5374,5286,3836,15n123023
15n123033,3,240,37,3,5375,5287,4746,15n123033
15n123053,3,214,37,3,5376,5288,4593,15n123053
15n123057,3,218,33,3,5377,5289,4128,15n123057
15n123058,2,550,26,2,5378,5290,2814,15n123058
15n123060,3,218,33,3,5377,5289,4128,15n123060
15n123061,2,550,26,2,5378,5290,2814,15n123061
15n123062,3,240,37,3,5375,5287,4746,15n123062
15n123063,3,214,37,3,5376,5288,4593,15n123063
15n123089,2,532,26,2,5364,5276,4435,15n123089
15n123090,3,194,34,3,5363,5275,3319,15n123090
15n123095,2,552,26,2,5308,5221,4457,15n123095
15n123105,3,320,34,3,5358,5270,4922,15n123105
15n123108,2,630,26,2,5359,5271,3644,15n123108
15n123114,3,192,29,3,5361,5273,1229,15n123114
15n123137,3,218,37,3,5360,5272,3060,15n123137
15n123139,2,276,24,2,5306,3060,2618,15n123139
15n123151,3,194,34,3,5363,5275,3319,15n123151
15n123152,2,532,26,2,5364,5276,4435,15n123152
15n123161,3,206,37,3,5362,5274,3331,15n123161
15n123174,3,218,37,3,5360,5272,3060,15n123174
15n123175,2,276,24,2,5306,3060,2618,15n123175
15n123176,3,206,37,3,5362,5274,3331,15n123176
15n123193,2,380,24,2,5365,5277,2522,15n123193
15n123194,3,282,37,3,5307,5220,4648,15n123194
15n123195,2,380,24,2,5365,5277,2522,15n123195
15n123196,3,282,37,3,5307,5220,4648,15n123196
15n123204,2,324,24,2,5379,5291,3817,15n123204
15n123205,2,196,20,2,5380,5292,1349,15n123205
15n123206,2,362,24,2,5381,2478,4161,15n123206
15n123207,3,300,37,3,5382,5293,3154,15n123207
15n123211,2,324,24,2,5379,5291,3817,15n123211
15n123212,2,362,24,2,5381,2478,4161,15n123212
15n123213,3,300,37,3,5382,5293,3154,15n123213
15n123216,2,246,22,2,5383,5294,4284,15n123216
15n123217,2,288,24,2,5384,5295,3162,15n123217
15n123220,2,550,26,2,5378,5290,2814,15n123220
15n123221,3,218,33,3,5377,5289,4128,15n123221
15n123226,2,530,26,2,5335,5248,2791,15n123226
15n123236,3,282,35,3,5373,5285,2330,15n123236
15n123239,2,596,26,2,5374,5286,3836,15n123239
15n123268,3,240,37,3,5375,5287,4746,15n123268
15n123270,2,326,24,2,3093,3065,4141,15n123270
15n123282,3,218,33,3,5377,5289,4128,15n123282
15n123283,2,550,26,2,5378,5290,2814,15n123283
15n123292,3,214,37,3,5376,5288,4593,15n123292
15n123305,3,240,37,3,5375,5287,4746,15n123305
15n123306,2,326,24,2,3093,3065,4141,15n123306
15n123307,3,214,37,3,5376,5288,4593,15n123307
15n123319,3,298,36,3,5338,5251,4649,15n123319
15n123321,3,352,36,3,5341,5254,5180,15n123321
15n123322,3,258,36,3,5342,5255,3513,15n123322
15n123326,2,430,26,2,5340,5253,2876,15n123326
15n123344,2,430,26,2,5340,5253,2876,15n123344
15n123366,2,540,26,2,5337,5250,4863,15n123366
15n123367,3,130,32,3,5336,5249,2853,15n123367
15n123374,3,202,36,3,5339,5252,3055,15n123374
15n123385,3,130,32,3,5336,5249,2853,15n123385
15n123386,2,540,26,2,5337,5250,4863,15n123386
15n123395,3,298,36,3,5338,5251,4649,15n123395
15n123398,3,352,36,3,5341,5254,5180,15n123398
15n123400,3,258,36,3,5342,5255,3513,15n123400
15n123407,3,202,36,3,5339,5252,3055,15n123407
15n123455,2,246,22,2,5383,5294,4284,15n123455
15n123456,2,196,20,2,5380,5292,1349,15n123456
15n123457,2,288,24,2,5384,5295,3162,15n123457
15n123461,2,324,24,2,5379,5291,3817,15n123461
15n123462,2,362,24,2,5381,2478,4161,15n123462
15n123463,3,300,37,3,5382,5293,3154,15n123463
15n123464,2,362,24,2,5381,2478,4161,15n123464
15n123465,3,300,37,3,5382,5293,3154,15n123465
15n123466,3,250,36,3,5357,5269,2326,15n123466
15n123470,2,412,26,2,5356,5268,4318,15n123470
15n123488,2,412,26,2,5356,5268,4318,15n123488
15n123510,2,542,26,2,5354,5266,2186,15n123510
15n123511,3,138,32,3,5353,5265,3973,15n123511
15n123518,3,256,36,3,5355,5267,4755,15n123518
15n123529,3,138,32,3,5353,5265,3973,15n123529
15n123530,2,542,26,2,5354,5266,2186,15n123530
15n123540,3,250,36,3,5357,5269,2326,15n123540
15n123548,3,256,36,3,5355,5267,4755,15n123548
15n123576,3,110,31,3,5303,5217,5332,15n123576
15n123579,2,462,26,2,5304,5218,1643,15n123579
15n123586,3,282,37,3,5307,5220,4648,15n123586
15n123592,3,110,31,3,5303,5217,5332,15n123592
15n123593,2,462,26,2,5304,5218,1643,15n123593
15n123615,3,342,35,3,5305,5219,5423,15n123615
15n123645,3,342,35,3,5305,5219,5423,15n123645
15n123679,2,398,24,2,5367,5279,4162,15n123679
15n123681,2,324,24,2,5368,5280,3163,15n123681
15n123683,2,242,24,2,5369,5281,4022,15n123683
15n123685,2,366,24,2,5371,5283,2873,15n123685
15n123686,2,396,24,2,5372,5284,4859,15n123686
15n123688,2,236,24,2,5370,5282,4312,15n123688
15n123690,2,324,24,2,5368,5280,3163,15n123690
15n123692,2,398,24,2,5367,5279,4162,15n123692
15n123695,3,156,31,3,5331,5244,852,15n123695
15n123698,2,476,26,2,5332,5245,5185,15n123698
15n123705,3,322,37,3,5334,5247,3520,15n123705
15n123711,3,156,31,3,5331,5244,852,15n123711
15n123712,2,476,26,2,5332,5245,5185,15n123712
15n123724,3,242,38,3,5330,5243,3347,15n123724
15n123734,3,260,36,3,5333,5246,1489,15n123734
15n123764,3,260,36,3,5333,5246,1489,15n123764
15n123790,3,302,35,3,5280,5195,5333,15n123790
15n123792,2,688,26,2,5281,5196,1329,15n123792
15n123826,3,228,36,3,5279,5194,5355,15n123826
15n123840,3,280,35,3,5277,5192,5515,15n123840
15n123842,2,666,26,2,5278,5193,2813,15n123842
15n123876,3,248,35,3,5276,5191,5524,15n123876
15n123920,3,444,35,3,5301,5215,1897,15n123920
15n123922,2,682,26,2,5302,5216,5318,15n123922
15n123956,3,236,36,3,5300,5214,1731,15n123956
15n123970,3,418,35,3,5298,5212,659,15n123970
15n123972,2,656,26,2,5299,5213,4460,15n123972
15n124006,3,262,36,3,5297,5211,647,15n124006
15n124652,2,226,22,2,5385,5296,436,15n124652
15n124838,3,98,32,3,5386,5297,2068,15n124838
15n124849,3,98,32,3,5387,5298,1189,15n124849
15n125375,3,68,29,3,5388,5299,914,15n125375
15n125404,3,84,29,3,5389,5300,3247,15n125404
15n125615,2,176,26,2,5390,5301,729,15n125615
15n125616,2,326,26,2,5391,5302,425,15n125616
15n125617,3,124,35,3,5392,5303,1994,15n125617
15n125632,2,104,22,2,5393,5304,297,15n125632
15n125633,2,158,22,2,5394,5305,413,15n125633
15n125636,3,84,34,3,5395,5306,1411,15n125636
15n125637,2,248,26,2,5396,5307,2299,15n125637
15n125649,2,190,26,2,5397,5308,121,15n125649
15n125650,2,352,26,2,5398,5309,1352,15n125650
15n125668,2,176,26,2,5390,5301,729,15n125668
15n125669,2,326,26,2,5391,5302,425,15n125669
15n125670,3,124,35,3,5392,5303,1994,15n125670
15n125685,2,190,26,2,5397,5308,121,15n125685
15n125686,2,352,26,2,5398,5309,1352,15n125686
15n125690,2,190,26,2,5399,5310,1461,15n125690
15n125693,2,352,26,2,5400,5311,97,15n125693
15n125714,2,176,26,2,5401,5312,469,15n125714
15n125717,2,326,26,2,5402,5313,679,15n125717
15n125718,3,124,35,3,5403,5314,1390,15n125718
15n125722,2,104,22,2,5393,5304,297,15n125722
15n125723,2,158,22,2,5394,5305,413,15n125723
15n125726,3,84,34,3,5395,5306,1411,15n125726
15n125727,2,248,26,2,5396,5307,2299,15n125727
15n125743,2,190,26,2,5399,5310,1461,15n125743
15n125744,2,352,26,2,5400,5311,97,15n125744
15n125765,2,176,26,2,5401,5312,469,15n125765
15n125766,2,326,26,2,5402,5313,679,15n125766
15n125767,3,124,35,3,5403,5314,1390,15n125767
15n125795,2,326,26,2,2559,2533,1057,15n125795
15n125796,2,376,26,2,5404,5315,565,15n125796
15n125797,3,170,37,3,3590,3549,2268,15n125797
15n125811,2,174,22,2,5405,5316,421,15n125811
15n125812,2,192,22,2,5406,5317,546,15n125812
15n125815,3,114,34,3,5407,5318,1718,15n125815
15n125816,2,318,26,2,2555,2529,2691,15n125816
15n125827,2,352,26,2,5408,5319,270,15n125827
15n125828,2,406,26,2,5409,5320,1641,15n125828
15n125844,2,326,26,2,2559,2533,1057,15n125844
15n125845,2,376,26,2,5404,5315,565,15n125845
15n125846,3,170,37,3,3590,3549,2268,15n125846
15n125860,2,352,26,2,5408,5319,270,15n125860
15n125861,2,406,26,2,5409,5320,1641,15n125861
15n125865,2,352,26,2,5410,5321,1803,15n125865
15n125867,2,406,26,2,5411,5322,179,15n125867
15n125883,2,326,26,2,5412,5323,631,15n125883
15n125886,2,376,26,2,5413,5324,858,15n125886
15n125887,3,170,37,3,5414,5325,1687,15n125887
15n125891,2,174,22,2,5405,5316,421,15n125891
15n125892,2,192,22,2,5406,5317,546,15n125892
15n125895,3,114,34,3,5407,5318,1718,15n125895
15n125896,2,318,26,2,2555,2529,2691,15n125896
15n125912,2,352,26,2,5410,5321,1803,15n125912
15n125913,2,406,26,2,5411,5322,179,15n125913
15n125934,2,326,26,2,5412,5323,631,15n125934
15n125935,2,376,26,2,5413,5324,858,15n125935
15n125936,3,170,37,3,5414,5325,1687,15n125936
15n126042,3,98,32,3,5387,5298,1189,15n126042
15n126050,3,98,32,3,5386,5297,2068,15n126050
15n126523,2,80,22,2,5415,5326,712,15n126523
15n126524,2,302,26,2,5416,5327,368,15n126524
15n126525,2,292,26,2,5417,4730,1242,15n126525
15n126529,2,80,22,2,5415,5326,712,15n126529
15n126530,2,302,26,2,5416,5327,368,15n126530
15n126531,2,292,26,2,5417,4730,1242,15n126531
15n126559,3,76,22,3,5418,5328,2021,15n126559
15n126563,3,76,22,3,5418,5328,2021,15n126563
15n126585,2,304,26,2,5419,5329,525,15n126585
15n126586,2,290,26,2,5420,5330,1606,15n126586
15n126588,2,304,26,2,5419,5329,525,15n126588
15n126589,2,290,26,2,5420,5330,1606,15n126589
15n127346,2,344,24,2,5421,5331,836,15n127346
15n127634,3,84,29,3,5389,5300,3247,15n127634
15n127711,2,170,22,2,5422,5332,1170,15n127711
15n128054,3,58,29,3,792,784,1184,15n128054
15n128115,2,126,20,2,3539,3498,419,15n128115
15n128173,3,68,29,3,5388,5299,914,15n128173
15n128280,3,124,35,3,5423,5303,4707,15n128280
15n128939,3,190,35,3,5424,5333,3986,15n128939
15n128960,2,442,26,2,4917,4840,2787,15n128960
15n129074,3,92,31,3,4451,4379,1191,15n129074
15n129266,3,172,35,3,5425,5334,2009,15n129266
15n129269,3,250,37,3,5426,5335,2351,15n129269
15n129321,2,244,24,2,4999,4918,820,15n129321
15n129547,3,180,36,3,5427,5336,3051,15n129547
15n129550,3,274,35,3,5428,5337,3519,15n129550
15n129578,3,196,35,3,5429,5338,4742,15n129578
15n129603,3,172,35,3,5425,5334,2009,15n129603
15n129606,3,250,37,3,5426,5335,2351,15n129606
15n129619,3,190,35,3,5424,5333,3986,15n129619
15n129910,3,196,35,3,5429,5338,4742,15n129910
15n130171,3,180,36,3,5427,5336,3051,15n130171
15n130174,3,274,35,3,5428,5337,3519,15n130174
15n130477,3,220,37,3,3209,3177,3919,15n130477
15n130484,3,156,33,3,5430,5339,3873,15n130484
15n130487,2,414,26,2,5431,5340,2846,15n130487
15n130491,3,226,37,3,5432,5341,5062,15n130491
15n130502,3,220,37,3,3209,3177,3919,15n130502
15n130504,3,194,38,3,5433,5342,3007,15n130504
15n130505,3,198,38,3,5434,5343,3271,15n130505
15n130508,3,226,37,3,5435,5344,3000,15n130508
15n130514,3,220,37,3,4803,4727,4531,15n130514
15n130518,3,156,33,3,5430,5339,3873,15n130518
15n130519,2,414,26,2,5431,5340,2846,15n130519
15n130524,3,226,37,3,5435,5344,3000,15n130524
15n130528,3,194,38,3,5433,5342,3007,15n130528
15n130529,3,198,38,3,5434,5343,3271,15n130529
15n130532,3,220,37,3,4803,4727,4531,15n130532
15n130706,3,100,31,3,5436,5345,2008,15n130706
15n130722,3,58,29,3,788,780,3698,15n130722
15n130760,3,192,34,3,5437,5346,937,15n130760
15n130770,3,172,35,3,3882,3826,3918,15n130770
15n130781,3,84,27,3,5438,5347,4286,15n130781
15n130782,2,194,26,2,5439,5348,960,15n130782
15n130787,2,300,26,2,5440,5349,1277,15n130787
15n130860,3,220,37,3,3880,3824,2025,15n130860
15n130861,3,122,35,3,5441,4167,2967,15n130861
15n130862,3,174,35,3,5442,4174,3342,15n130862
15n130863,3,220,37,3,3880,3824,2025,15n130863
15n130864,3,222,36,3,5443,5350,4011,15n130864
15n131175,3,226,37,3,5444,5351,718,15n131175
15n131191,3,226,37,3,5444,5351,718,15n131191
15n131198,3,232,36,3,5445,5352,2371,15n131198
15n131296,2,226,22,2,5385,5296,436,15n131296
15n131344,3,42,24,3,927,917,497,15n131344
15n132539,2,50,19,2,820,812,303,15n132539
15n132540,2,148,22,2,4075,822,2058,15n132540
15n132548,2,82,20,2,846,838,496,15n132548
15n132580,2,148,22,2,3457,819,310,15n132580
15n132618,2,196,22,2,3778,3725,316,15n132618
15n132884,3,124,32,3,4861,4784,2638,15n132884
15n133208,2,300,26,2,5440,5349,1277,15n133208
15n133216,3,170,37,3,3590,3549,2268,15n133216
15n133224,3,170,37,3,5446,5353,2997,15n133224
15n133236,3,170,37,3,5446,5353,2997,15n133236
15n133237,3,280,36,3,2801,2775,2504,15n133237
15n133238,3,260,36,3,5447,5354,1845,15n133238
15n133244,3,280,36,3,2801,2775,2504,15n133244
15n133246,3,260,36,3,5447,5354,1845,15n133246
15n133629,2,170,22,2,5422,5332,1170,15n133629
15n133697,4,42,32,4,5448,5355,2915,15n133697
15n133753,2,226,22,2,5449,5356,2858,15n133753
15n133783,3,132,32,3,5450,5357,1485,15n133783
15n133919,3,140,34,3,5451,5358,1487,15n133919
15n133920,2,380,26,2,5452,5359,3818,15n133920
15n133924,3,90,33,3,5453,5360,2258,15n133924
15n133925,2,274,26,2,5454,5361,2679,15n133925
15n133930,2,414,26,2,5431,5340,2846,15n133930
15n133934,3,140,34,3,5451,5358,1487,15n133934
15n133935,2,380,26,2,5452,5359,3818,15n133935
15n133939,3,158,32,3,5455,5362,3341,15n133939
15n133940,2,396,26,2,5456,5363,1948,15n133940
15n133944,3,110,27,3,5457,5364,2647,15n133944
15n133945,2,220,26,2,5458,5365,2297,15n133945
15n133947,3,124,35,3,5459,5366,2603,15n133947
15n134163,2,522,26,2,5460,5367,5428,15n134163
15n134164,3,190,33,3,5461,5368,5054,15n134164
15n134165,3,150,33,3,5462,5369,1005,15n134165
15n134166,2,410,26,2,5463,5370,404,15n134166
15n134167,3,282,36,3,5464,5371,3053,15n134167
15n134168,2,522,26,2,5460,5367,5428,15n134168
15n134169,3,190,33,3,5461,5368,5054,15n134169
15n134170,3,150,33,3,5462,5369,1005,15n134170
15n134171,2,410,26,2,5463,5370,404,15n134171
15n134172,3,282,36,3,5464,5371,3053,15n134172
15n134204,2,126,24,2,3101,3073,2029,15n134204
15n134205,2,176,24,2,3102,3074,2357,15n134205
15n134207,3,218,36,3,5465,5372,3056,15n134207
15n134208,3,174,34,3,4520,4448,1012,15n134208
15n134209,2,376,26,2,5466,5373,5139,15n134209
15n134210,3,218,36,3,5465,5372,3056,15n134210
15n134211,3,272,36,3,5467,5374,2016,15n134211
15n134415,2,526,26,2,5468,5375,3638,15n134415
15n134417,2,366,26,2,5469,5376,5017,15n134417
15n134418,2,196,23,2,5470,5377,138,15n134418
15n134420,3,220,36,3,5471,5378,1492,15n134420
15n134421,3,184,34,3,5472,5379,260,15n134421
15n134422,2,406,26,2,5473,5380,4085,15n134422
15n134426,2,526,26,2,5468,5375,3638,15n134426
15n134427,2,366,26,2,5469,5376,5017,15n134427
15n134428,2,196,23,2,5470,5377,138,15n134428
15n134429,3,220,36,3,5471,5378,1492,15n134429
15n134439,3,286,36,3,5474,5381,709,15n134439
15n134624,3,206,35,3,5475,5382,3349,15n134624
15n134625,3,192,29,3,5361,5273,1229,15n134625
15n134627,3,206,35,3,5475,5382,3349,15n134627
15n135221,3,194,35,3,4390,4320,3057,15n135221
15n135571,2,126,20,2,3539,3498,419,15n135571
15n135581,3,194,34,3,5185,5102,3992,15n135581
15n135711,4,42,28,4,5476,5383,2913,15n135711
15n135712,3,132,32,3,5450,5357,1485,15n135712
15n136145,3,106,32,3,4386,4317,2661,15n136145
15n136200,3,172,34,3,4716,4642,3903,15n136200
15n136242,3,192,34,3,5437,5346,937,15n136242
15n136427,3,226,37,3,5477,5344,3996,15n136427
15n136434,3,232,36,3,5478,5384,2015,15n136434
15n136436,3,226,37,3,5435,5344,3000,15n136436
15n136459,3,72,29,3,5228,5145,4962,15n136459
15n136539,2,226,22,2,5449,5356,2858,15n136539
15n136772,3,152,33,3,5479,5385,1483,15n136772
15n136773,3,102,25,3,5480,5386,447,15n136773
15n136774,2,176,22,2,5481,5387,4383,15n136774
15n136775,2,372,26,2,5482,5388,3807,15n136775
15n136779,2,516,26,2,5483,5389,1900,15n136779
15n136780,3,178,33,3,5484,5390,2243,15n136780
15n136781,3,146,33,3,5485,5391,2347,15n136781
15n136782,2,406,26,2,5486,4686,2783,15n136782
15n136783,3,304,36,3,5487,5392,1482,15n136783
15n136784,2,516,26,2,5483,5389,1900,15n136784
15n136785,3,178,33,3,5484,5390,2243,15n136785
15n136786,3,146,33,3,5485,5391,2347,15n136786
15n136787,2,406,26,2,5486,4686,2783,15n136787
15n136788,3,304,36,3,5487,5392,1482,15n136788
15n136818,3,220,37,3,5488,3217,5099,15n136818
15n136819,3,122,35,3,5489,5393,4521,15n136819
15n136821,3,174,35,3,5490,5394,4267,15n136821
15n136835,3,220,37,3,5488,3217,5099,15n136835
15n136836,3,222,36,3,5491,5395,3712,15n136836
15n136837,3,220,37,3,4803,4727,4531,15n136837
15n137000,2,522,26,2,5460,5367,5428,15n137000
15n137002,3,190,33,3,5461,5368,5054,15n137002
15n137003,3,150,33,3,5462,5369,1005,15n137003
15n137005,2,410,26,2,5463,5370,404,15n137005
15n137006,3,282,36,3,5464,5371,3053,15n137006
15n137009,2,522,26,2,5460,5367,5428,15n137009
15n137010,3,190,33,3,5461,5368,5054,15n137010
15n137011,3,150,33,3,5462,5369,1005,15n137011
15n137012,2,410,26,2,5463,5370,404,15n137012
15n137013,3,282,36,3,5464,5371,3053,15n137013
15n137176,3,272,36,3,5467,5374,2016,15n137176
15n137177,2,376,26,2,5466,5373,5139,15n137177
15n137178,3,174,34,3,4520,4448,1012,15n137178
15n137186,3,218,36,3,5465,5372,3056,15n137186
15n137188,3,218,36,3,5465,5372,3056,15n137188
15n137343,3,286,36,3,5474,5381,709,15n137343
15n137344,2,406,26,2,5473,5380,4085,15n137344
15n137345,3,184,34,3,5472,5379,260,15n137345
15n137346,3,220,36,3,5471,5378,1492,15n137346
15n137347,3,220,36,3,5471,5378,1492,15n137347
15n137454,3,192,29,3,5361,5273,1229,15n137454
15n137457,3,206,35,3,5475,5382,3349,15n137457
15n137458,3,206,35,3,5475,5382,3349,15n137458
15n137522,3,122,34,3,5492,5396,3710,15n137522
15n137920,3,364,36,3,5493,5397,1335,15n137920
15n137921,3,218,36,3,5494,5398,3065,15n137921
15n137924,3,382,36,3,5495,5399,670,15n137924
15n137925,3,364,36,3,5493,5397,1335,15n137925
15n137926,3,218,36,3,5494,5398,3065,15n137926
15n137928,3,382,36,3,5495,5399,670,15n137928
15n137977,3,274,35,3,5428,5337,3519,15n137977
15n138015,3,318,37,3,5496,5400,104,15n138015
15n138020,3,318,37,3,5496,5400,104,15n138020
15n138027,3,226,37,3,5497,5401,4010,15n138027
15n138028,3,226,37,3,5497,5401,4010,15n138028
15n138039,2,414,26,2,5431,5340,2846,15n138039
15n138047,3,220,37,3,3209,3177,3919,15n138047
15n138058,3,220,37,3,4803,4727,4531,15n138058
15n138059,3,226,37,3,5432,5341,5062,15n138059
15n138060,3,226,37,3,5435,5344,3000,15n138060
15n138125,3,84,27,3,5438,5347,4286,15n138125
15n138127,2,194,26,2,5439,5348,960,15n138127
15n139216,2,512,26,2,5498,5402,4923,15n139216
15n139219,2,376,26,2,2870,2843,805,15n139219
15n139220,3,178,23,3,5499,5403,2059,15n139220
15n139221,3,220,36,3,5500,5073,3066,15n139221
15n139222,3,184,34,3,5501,5404,4486,15n139222
15n139223,2,406,26,2,5502,5405,403,15n139223
15n139224,2,512,26,2,5498,5402,4923,15n139224
15n139225,2,376,26,2,2870,2843,805,15n139225
15n139226,3,178,23,3,5499,5403,2059,15n139226
15n139227,3,220,36,3,5500,5073,3066,15n139227
15n139232,3,286,36,3,5503,5406,4132,15n139232
15n139315,3,236,35,3,5504,5407,4752,15n139315
15n139321,3,236,35,3,5504,5407,4752,15n139321
15n139357,3,124,34,3,4155,4087,2012,15n139357
15n139412,2,516,26,2,5483,5389,1900,15n139412
15n139415,3,178,33,3,5484,5390,2243,15n139415
15n139416,3,146,33,3,5485,5391,2347,15n139416
15n139417,3,102,25,3,5480,5386,447,15n139417
15n139418,2,176,22,2,5481,5387,4383,15n139418
15n139419,2,406,26,2,5486,4686,2783,15n139419
15n139420,3,304,36,3,5487,5392,1482,15n139420
15n139423,2,516,26,2,5483,5389,1900,15n139423
15n139424,3,178,33,3,5484,5390,2243,15n139424
15n139425,3,146,33,3,5485,5391,2347,15n139425
15n139426,2,406,26,2,5486,4686,2783,15n139426
15n139427,3,304,36,3,5487,5392,1482,15n139427
15n139430,3,152,33,3,5479,5385,1483,15n139430
15n139431,2,372,26,2,5482,5388,3807,15n139431
15n139490,3,218,36,3,5133,5050,4590,15n139490
15n139491,3,174,34,3,5505,5408,5328,15n139491
15n139492,2,376,26,2,5506,5409,1310,15n139492
15n139493,3,218,36,3,5133,5050,4590,15n139493
15n139495,3,272,36,3,5507,5410,5171,15n139495
15n139657,3,220,37,3,3880,3824,2025,15n139657
15n139658,3,122,35,3,5441,4167,2967,15n139658
15n139659,3,222,36,3,5443,5350,4011,15n139659
15n139660,3,174,35,3,5442,4174,3342,15n139660
15n139661,3,220,37,3,3880,3824,2025,15n139661
15n139754,3,232,36,3,5445,5352,2371,15n139754
15n139755,3,226,37,3,5444,5351,718,15n139755
15n140104,3,274,35,3,5428,5337,3519,15n140104
15n141738,3,286,36,3,5503,5406,4132,15n141738
15n141739,2,406,26,2,5502,5405,403,15n141739
15n141740,3,184,34,3,5501,5404,4486,15n141740
15n141741,3,220,36,3,5500,5073,3066,15n141741
15n141742,3,220,36,3,5500,5073,3066,15n141742
15n141827,3,236,35,3,5504,5407,4752,15n141827
15n141828,3,236,35,3,5504,5407,4752,15n141828
15n141837,3,140,34,3,5451,5358,1487,15n141837
15n141838,2,380,26,2,5452,5359,3818,15n141838
15n141842,3,158,32,3,5455,5362,3341,15n141842
15n141843,2,396,26,2,5456,5363,1948,15n141843
15n141847,3,140,34,3,5451,5358,1487,15n141847
15n141848,2,380,26,2,5452,5359,3818,15n141848
15n141852,3,90,33,3,5453,5360,2258,15n141852
15n141853,2,274,26,2,5454,5361,2679,15n141853
15n141857,3,110,27,3,5457,5364,2647,15n141857
15n141858,2,220,26,2,5458,5365,2297,15n141858
15n141941,3,272,36,3,5507,5410,5171,15n141941
15n141942,2,376,26,2,5506,5409,1310,15n141942
15n141943,3,174,34,3,5505,5408,5328,15n141943
15n141944,3,218,36,3,5133,5050,4590,15n141944
15n141945,3,218,36,3,5133,5050,4590,15n141945
15n141983,3,140,32,3,5508,5411,1336,15n141983
15n142022,3,124,35,3,5423,5303,4707,15n142022
15n142843,3,98,32,3,990,979,1676,15n142843
15n143073,3,232,36,3,5478,5384,2015,15n143073
15n143074,3,226,37,3,5477,5344,3996,15n143074
15n143171,3,150,32,3,5509,5412,2159,15n143171
15n143197,3,220,37,3,5488,3217,5099,15n143197
15n143198,3,122,35,3,5489,5393,4521,15n143198
15n143199,3,222,36,3,5491,5395,3712,15n143199
15n143200,3,174,35,3,5490,5394,4267,15n143200
15n143201,3,220,37,3,5488,3217,5099,15n143201
15n143823,3,100,31,3,5436,5345,2008,15n143823
15n143971,3,124,35,3,5459,5366,2603,15n143971
15n143972,3,242,38,3,5330,5243,3347,15n143972
15n143976,3,250,37,3,5426,5335,2351,15n143976
15n143978,3,250,37,3,5426,5335,2351,15n143978
15n143982,3,242,38,3,5330,5243,3347,15n143982
15n143985,3,194,38,3,5433,5342,3007,15n143985
15n143990,3,198,38,3,5434,5343,3271,15n143990
15n144000,3,212,37,3,5510,5413,2027,15n144000
15n144001,3,228,37,3,5511,5414,3907,15n144001
15n144002,3,212,37,3,5510,5413,2027,15n144002
15n144003,3,228,37,3,5511,5414,3907,15n144003
15n144010,3,210,37,3,5512,5415,2272,15n144010
15n144011,3,226,37,3,5513,5416,3715,15n144011
15n144012,3,210,37,3,5512,5415,2272,15n144012
15n144013,3,226,37,3,5513,5416,3715,15n144013
15n144014,3,212,37,3,5510,5413,2027,15n144014
15n144017,3,228,37,3,5511,5414,3907,15n144017
15n144020,3,212,37,3,5510,5413,2027,15n144020
15n144021,3,228,37,3,5511,5414,3907,15n144021
15n144024,3,210,37,3,5512,5415,2272,15n144024
15n144027,3,226,37,3,5513,5416,3715,15n144027
15n144030,3,210,37,3,5512,5415,2272,15n144030
15n144031,3,226,37,3,5513,5416,3715,15n144031
15n144034,3,194,38,3,5433,5342,3007,15n144034
15n144039,3,198,38,3,5434,5343,3271,15n144039
15n144913,3,90,31,3,4077,4018,4511,15n144913
15n144915,3,90,31,3,4329,4261,2067,15n144915
15n145353,3,150,34,3,5514,5417,4699,15n145353
15n145469,3,152,34,3,5515,5418,921,15n145469
15n146184,3,122,34,3,5492,5396,3710,15n146184
15n147386,3,280,35,3,5516,5419,2010,15n147386
15n147436,3,228,35,3,5517,5420,2367,15n147436
15n147593,3,276,36,3,5518,5421,4583,15n147593
15n147665,3,210,35,3,5519,5128,3052,15n147665
15n147674,3,280,35,3,5516,5419,2010,15n147674
15n147705,3,276,36,3,5518,5421,4583,15n147705
15n147714,3,200,35,3,5520,5422,258,15n147714
15n147718,3,202,35,3,5521,5423,3335,15n147718
15n147874,3,310,36,3,5522,5424,4138,15n147874
15n147914,3,310,35,3,5523,5425,3523,15n147914
15n147925,3,228,35,3,5517,5420,2367,15n147925
15n147955,3,310,36,3,5522,5424,4138,15n147955
15n148106,3,210,35,3,5519,5128,3052,15n148106
15n148130,3,310,35,3,5523,5425,3523,15n148130
15n149701,3,202,35,3,5521,5423,3335,15n149701
15n150147,3,200,35,3,5520,5422,258,15n150147
15n151056,2,176,20,2,5230,5147,4384,15n151056
15n151063,3,90,29,3,4982,4901,2850,15n151063
15n153289,2,344,24,2,5421,5331,836,15n153289
15n154202,3,152,34,3,5515,5418,921,15n154202
15n154301,3,150,34,3,5514,5417,4699,15n154301
15n154345,3,136,34,3,5524,5426,4290,15n154345
15n154351,3,130,34,3,5525,5427,3274,15n154351
15n154377,3,218,35,3,5526,5428,3070,15n154377
15n157254,3,218,35,3,5526,5428,3070,15n157254
15n157673,3,150,35,3,5527,5429,931,15n157673
15n157689,3,150,35,3,5527,5429,931,15n157689
15n157832,3,178,36,3,5528,5430,3720,15n157832
15n157839,3,118,34,3,5529,5431,3916,15n157839
15n157874,3,178,36,3,5528,5430,3720,15n157874
15n157882,3,264,34,3,5530,5432,1398,15n157882
15n157884,3,258,36,3,5531,5433,4012,15n157884
15n157903,3,250,36,3,5532,5434,3067,15n157903
15n157905,3,250,36,3,5532,5434,3067,15n157905
15n157922,3,264,36,3,5533,5435,711,15n157922
15n157933,3,118,34,3,5529,5431,3916,15n157933
15n157951,3,250,36,3,5532,5434,3067,15n157951
15n157968,3,264,36,3,5533,5435,711,15n157968
15n157972,3,258,36,3,5531,5433,4012,15n157972
15n161344,3,190,35,3,5424,5333,3986,15n161344
15n161345,3,172,35,3,5425,5334,2009,15n161345
15n161347,3,180,36,3,5427,5336,3051,15n161347
15n161348,3,196,35,3,5429,5338,4742,15n161348
15n161349,3,172,35,3,5425,5334,2009,15n161349
15n161350,3,190,35,3,5424,5333,3986,15n161350
15n161353,3,196,35,3,5429,5338,4742,15n161353
15n161356,3,180,36,3,5427,5336,3051,15n161356
15n162121,3,150,32,3,5509,5412,2159,15n162121
15n162125,3,250,36,3,5532,5434,3067,15n162125
15n162132,3,258,36,3,5531,5433,4012,15n162132
15n162403,3,258,36,3,5531,5433,4012,15n162403
15n164032,3,280,35,3,5516,5419,2010,15n164032
15n164035,3,228,35,3,5517,5420,2367,15n164035
15n164038,3,276,36,3,5518,5421,4583,15n164038
15n164041,3,210,35,3,5519,5128,3052,15n164041
15n164042,3,280,35,3,5516,5419,2010,15n164042
15n164045,3,276,36,3,5518,5421,4583,15n164045
15n164046,3,310,36,3,5522,5424,4138,15n164046
15n164047,3,310,35,3,5523,5425,3523,15n164047
15n164048,3,228,35,3,5517,5420,2367,15n164048
15n164050,3,310,36,3,5522,5424,4138,15n164050
15n164054,3,210,35,3,5519,5128,3052,15n164054
15n164056,3,310,35,3,5523,5425,3523,15n164056
15n164343,3,140,32,3,5508,5411,1336,15n164343
15n164530,3,292,36,3,5534,5436,5175,15n164530
15n164531,3,292,36,3,5534,5436,5175,15n164531
15n164619,3,318,37,3,5496,5400,104,15n164619
15n164712,3,264,34,3,5530,5432,1398,15n164712
15n164997,3,136,34,3,5524,5426,4290,15n164997
15n164999,3,130,34,3,5525,5427,3274,15n164999
15n166497,3,122,35,3,5441,4167,2967,15n166497
15n168024,3,60,28,3,4686,4612,1987,15n168024
