scope,input_family,tuple_group,n_knots,n_pairs,n_width_values,n_free_reflection_orbits,width_diff_pairs,F_diff_mod_reflection_pairs,F_reflection_only_pairs,stored_torsion_direct_diff_pairs
test,HOMFLY_PT_plus_Theta,309,3,3,1,1,0,0,0,0
test,HOMFLY_PT_plus_Theta,2828,2,1,1,1,0,0,0,0
test,HOMFLY_PT_plus_Theta,3559,2,1,1,1,0,0,0,0
test,HOMFLY_PT_plus_Theta,4265,2,1,1,1,0,0,0,0
test,HOMFLY_PT_plus_Theta,5840,2,1,1,1,0,0,0,0
test,HOMFLY_PT_plus_Theta,6247,2,1,1,1,0,0,0,0
test,HOMFLY_PT_plus_Theta,14222,2,1,1,1,0,0,0,0
test,HOMFLY_PT_plus_Theta,15719,2,1,1,1,0,0,0,0
test,HOMFLY_PT_plus_Theta,17561,2,1,1,1,0,0,0,0
test,HOMFLY_PT_plus_Theta,20236,2,1,1,1,0,0,0,0
test,HOMFLY_PT_plus_Theta,24892,2,1,1,1,0,0,0,0
test,HOMFLY_PT_plus_Theta,25558,2,1,1,1,0,0,0,0
test,HOMFLY_PT_plus_Theta,25630,2,1,1,1,0,0,0,0
test,HOMFLY_PT_plus_Theta,26911,2,1,1,1,0,0,0,0
test,HOMFLY_PT_plus_Theta,27266,2,1,1,1,0,0,0,0
test,HOMFLY_PT_plus_Theta,28320,2,1,1,1,0,0,0,0
test,HOMFLY_PT_plus_Theta,30094,2,1,1,1,0,0,0,0
test,HOMFLY_PT_plus_Theta,36567,2,1,1,1,0,0,0,0
test,HOMFLY_PT_plus_Theta,38819,2,1,1,1,0,0,0,0
test,HOMFLY_PT_plus_Theta,38908,2,1,1,1,0,0,0,0
test,HOMFLY_PT_plus_Theta,40621,2,1,1,1,0,0,0,0
test,HOMFLY_PT_plus_Theta,41577,2,1,1,1,0,0,0,0
test,HOMFLY_PT_plus_Theta,42035,2,1,1,1,0,0,0,0
test,HOMFLY_PT_plus_Theta,42270,2,1,1,1,0,0,0,0
test,HOMFLY_PT_plus_Theta,43054,2,1,1,1,0,0,0,0
test,HOMFLY_PT_plus_Theta,44011,2,1,1,1,0,0,0,0
test,HOMFLY_PT_plus_Theta,44553,2,1,1,1,0,0,0,0
test,HOMFLY_PT_plus_Theta,45025,2,1,1,1,0,0,0,0
test,HOMFLY_PT_plus_Theta,47150,2,1,1,1,0,0,0,0
test,HOMFLY_PT_plus_Theta,48427,2,1,1,1,0,0,0,0
test,HOMFLY_PT_plus_Theta,48519,2,1,1,1,0,0,0,0
test,HOMFLY_PT_plus_Theta,49862,2,1,1,1,0,0,0,0
test,HOMFLY_PT_plus_Theta,51106,2,1,1,1,0,0,0,0
test,HOMFLY_PT_plus_Theta,51291,2,1,1,1,0,0,0,0
test,HOMFLY_PT_plus_Theta,51444,2,1,1,1,0,0,0,0
test,HOMFLY_PT_plus_Theta,52032,2,1,1,1,0,0,0,0
test,HOMFLY_PT_plus_Theta,52091,2,1,1,1,0,0,0,0
test,HOMFLY_PT_plus_Theta,52397,2,1,1,1,0,0,0,0
test,HOMFLY_PT_plus_Theta,56339,2,1,1,1,0,0,0,0
test,HOMFLY_PT_plus_Theta,57071,2,1,1,1,0,0,0,0
test,HOMFLY_PT_plus_Theta,58983,2,1,1,1,0,0,0,0
test,HOMFLY_PT_plus_Theta,59189,2,1,1,1,0,0,0,0
test,HOMFLY_PT_plus_Theta,62198,2,1,1,1,0,0,0,0
test,HOMFLY_PT_plus_Theta,67809,2,1,1,1,0,0,0,0
test,HOMFLY_PT_plus_Theta,68207,2,1,1,1,0,0,0,0
test,HOMFLY_PT_plus_Theta,70717,2,1,1,1,0,0,0,0
test,HOMFLY_PT_plus_Theta,71327,2,1,1,1,0,0,0,0
test,HOMFLY_PT_plus_Theta,80325,2,1,1,1,0,0,0,0
test,HOMFLY_PT_plus_Theta,83126,2,1,1,1,0,0,0,0
test,HOMFLY_PT_plus_Theta,85231,2,1,1,1,0,0,0,0
test,HOMFLY_PT_plus_Theta,88573,2,1,1,1,0,0,0,0
test,HOMFLY_PT_plus_Theta,88693,2,1,1,1,0,0,0,0
test,HOMFLY_PT_plus_Theta,89873,2,1,1,1,0,0,0,0
test,HOMFLY_PT_plus_Theta,91460,2,1,1,1,0,0,0,0
test,HOMFLY_PT_plus_Theta,92813,2,1,1,1,0,0,0,0
test,HOMFLY_PT_plus_Theta,93371,2,1,1,1,0,0,0,0
test,HOMFLY_PT_plus_Theta,95295,2,1,1,1,0,0,0,0
test,HOMFLY_PT_plus_Theta,100319,2,1,1,1,0,0,0,0
test,HOMFLY_PT_plus_Theta,102803,2,1,1,1,0,0,0,0
test,HOMFLY_PT_plus_Theta,103034,2,1,1,1,0,0,0,0
test,HOMFLY_PT_plus_Theta,103204,2,1,1,1,0,0,0,0
test,HOMFLY_PT_plus_Theta,103659,2,1,1,1,0,0,0,0
test,HOMFLY_PT_plus_Theta,104384,2,1,1,1,0,0,0,0
test,HOMFLY_PT_plus_Theta,109076,2,1,1,1,0,0,0,0
test,HOMFLY_PT_plus_Theta,110351,3,3,1,1,0,0,0,0
test,HOMFLY_PT_plus_Theta,113128,2,1,1,1,0,0,0,0
test,HOMFLY_PT_plus_Theta,113858,2,1,1,1,0,0,0,0
test,HOMFLY_PT_plus_Theta,115684,2,1,1,1,0,0,0,0
test,HOMFLY_PT_plus_Theta,116945,2,1,1,1,0,0,0,0
test,HOMFLY_PT_plus_Theta,117092,2,1,1,1,0,0,0,0
test,HOMFLY_PT_plus_Theta,123107,2,1,1,1,0,0,0,0
test,HOMFLY_PT_plus_Theta,125512,2,1,1,1,0,0,0,0
test,HOMFLY_PT_plus_Theta,128059,2,1,1,1,0,0,0,0
test,HOMFLY_PT_plus_Theta,132208,2,1,1,1,0,0,0,0
test,HOMFLY_PT_plus_Theta,133764,2,1,1,1,0,0,0,0
test,HOMFLY_PT_plus_Theta,134167,2,1,1,1,0,0,0,0
test,HOMFLY_PT_plus_Theta,135434,2,1,1,1,0,0,0,0
test,HOMFLY_PT_plus_Theta,135530,2,1,1,1,0,0,0,0
test,HOMFLY_PT_plus_Theta,137648,2,1,1,1,0,0,0,0
test,HOMFLY_PT_plus_Theta,138779,2,1,1,1,0,0,0,0
test,HOMFLY_PT_plus_Theta,139599,2,1,1,1,0,0,0,0
test,HOMFLY_PT_plus_Theta,145435,2,1,1,1,0,0,0,0
test,HOMFLY_PT_plus_Theta,145805,2,1,1,1,0,0,0,0
test,HOMFLY_PT_plus_Theta,146150,2,1,1,1,0,0,0,0
test,HOMFLY_PT_plus_Theta,146952,2,1,1,1,0,0,0,0
test,HOMFLY_PT_plus_Theta,147655,2,1,1,1,0,0,0,0
test,HOMFLY_PT_plus_Theta,149724,2,1,1,1,0,0,0,0
test,HOMFLY_PT_plus_Theta,150048,2,1,1,1,0,0,0,0
test,HOMFLY_PT_plus_Theta,150723,2,1,1,1,0,0,0,0
test,HOMFLY_PT_plus_Theta,151141,2,1,1,1,0,0,0,0
test,HOMFLY_PT_plus_Theta,153381,2,1,1,1,0,0,0,0
test,HOMFLY_PT_plus_Theta,154250,2,1,1,1,0,0,0,0
test,HOMFLY_PT_plus_Theta,157599,2,1,1,1,0,0,0,0
test,HOMFLY_PT_plus_Theta,157974,2,1,1,1,0,0,0,0
test,HOMFLY_PT_plus_Theta,158298,2,1,1,1,0,0,0,0
test,HOMFLY_PT_plus_Theta,158487,2,1,1,1,0,0,0,0
test,HOMFLY_PT_plus_Theta,158595,2,1,1,1,0,0,0,0
test,HOMFLY_PT_plus_Theta,158668,2,1,1,1,0,0,0,0
test,HOMFLY_PT_plus_Theta,159277,2,1,1,1,0,0,0,0
test,HOMFLY_PT_plus_Theta,160754,2,1,1,1,0,0,0,0
test,HOMFLY_PT_plus_Theta,162076,2,1,1,1,0,0,0,0
test,HOMFLY_PT_plus_Theta,162532,2,1,1,1,0,0,0,0
test,HOMFLY_PT_plus_Theta,164652,2,1,1,1,0,0,0,0
test,HOMFLY_PT_plus_Theta,167877,2,1,1,1,0,0,0,0
test,HOMFLY_PT_plus_Theta,170655,2,1,1,1,0,0,0,0
test,HOMFLY_PT_plus_Theta,172723,2,1,1,1,0,0,0,0
test,HOMFLY_PT_plus_Theta,175252,2,1,1,1,0,0,0,0
test,HOMFLY_PT_plus_Theta,179001,2,1,1,1,0,0,0,0
test,HOMFLY_PT_plus_Theta,187126,2,1,1,1,0,0,0,0
test,HOMFLY_PT_plus_Theta,189963,2,1,1,1,0,0,0,0
test,HOMFLY_PT_plus_Theta,192817,2,1,1,1,0,0,0,0
test,HOMFLY_PT_plus_Theta,194205,2,1,1,1,0,0,0,0
test,HOMFLY_PT_plus_Theta,196498,2,1,1,1,0,0,0,0
test,HOMFLY_PT_plus_Theta,202913,2,1,1,1,0,0,0,0
test,HOMFLY_PT_plus_Theta,203609,2,1,1,1,0,0,0,0
test,HOMFLY_PT_plus_Theta,206053,2,1,1,1,0,0,0,0
test,HOMFLY_PT_plus_Theta,206689,2,1,1,1,0,0,0,0
test,HOMFLY_PT_plus_Theta,210262,2,1,1,1,0,0,0,0
test,HOMFLY_PT_plus_Theta,211616,2,1,1,1,0,0,0,0
test,HOMFLY_PT_plus_Theta,212281,2,1,1,1,0,0,0,0
test,HOMFLY_PT_plus_Theta,215799,2,1,1,1,0,0,0,0
test,HOMFLY_PT_plus_Theta,223430,2,1,1,1,0,0,0,0
test,HOMFLY_PT_plus_Theta,225378,2,1,1,1,0,0,0,0
test,HOMFLY_PT_plus_Theta,227096,2,1,1,1,0,0,0,0
test,HOMFLY_PT_plus_Theta,227216,2,1,1,1,0,0,0,0
test,HOMFLY_PT_plus_Theta,227551,2,1,1,1,0,0,0,0
test,HOMFLY_PT_plus_Theta,229839,2,1,1,1,0,0,0,0
test,HOMFLY_PT_plus_Theta,230597,2,1,1,1,0,0,0,0
test,HOMFLY_PT_plus_Theta,230598,2,1,1,1,0,0,0,0
test,HOMFLY_PT_plus_Theta,232618,2,1,1,1,0,0,0,0
test,HOMFLY_PT_plus_Theta,233717,2,1,1,1,0,0,0,0
test,HOMFLY_PT_plus_Theta,234930,2,1,1,1,0,0,0,0
test,HOMFLY_PT_plus_Theta,237222,2,1,1,1,0,0,0,0
test,HOMFLY_PT_plus_Theta,238163,2,1,1,1,0,0,0,0
test,HOMFLY_PT_plus_Theta,250845,2,1,1,1,0,0,0,0
test,HOMFLY_PT_plus_Theta,252125,2,1,1,1,0,0,0,0
test,HOMFLY_PT_plus_Theta,252255,2,1,1,1,0,0,0,0
test,HOMFLY_PT_plus_Theta,254274,2,1,1,1,0,0,0,0
test,HOMFLY_PT_plus_Theta,257169,2,1,1,1,0,0,0,0
test,HOMFLY_PT_plus_Theta,257414,2,1,1,1,0,0,0,0
test,HOMFLY_PT_plus_Theta,260887,2,1,1,1,0,0,0,0
test,HOMFLY_PT_plus_Theta,262063,2,1,1,1,0,0,0,0
test,HOMFLY_PT_plus_Theta,266205,2,1,1,1,0,0,0,0
test,HOMFLY_PT_plus_Theta,266484,2,1,1,1,0,0,0,0
test,HOMFLY_PT_plus_Theta,269096,2,1,1,1,0,0,0,0
test,HOMFLY_PT_plus_Theta,269165,2,1,1,1,0,0,0,0
test,HOMFLY_PT_plus_Theta,270951,2,1,1,1,0,0,0,0
test,HOMFLY_PT_plus_Theta,273061,2,1,1,1,0,0,0,0
test,HOMFLY_PT_plus_Theta,275071,2,1,1,1,0,0,0,0
test,HOMFLY_PT_plus_Theta,276290,2,1,1,1,0,0,0,0
test,HOMFLY_PT_plus_Theta,278533,2,1,1,1,0,0,0,0
test,HOMFLY_PT_plus_Theta,279157,2,1,1,1,0,0,0,0
test,HOMFLY_PT_plus_Theta,280202,2,1,1,1,0,0,0,0
test,HOMFLY_PT_plus_Theta,281555,2,1,1,1,0,0,0,0
test,HOMFLY_PT_plus_Theta,285318,2,1,1,1,0,0,0,0
test,HOMFLY_PT_plus_Theta,290157,2,1,1,1,0,0,0,0
test,HOMFLY_PT_plus_Theta,292747,2,1,1,1,0,0,0,0
test,HOMFLY_PT_plus_Theta,296086,2,1,1,1,0,0,0,0
test,HOMFLY_PT_plus_Theta,302442,3,3,1,1,0,0,0,0
test,four_view_noKh,4066,2,1,1,1,0,0,0,0
test,four_view_noKh,6430,2,1,1,1,0,0,0,0
test,four_view_noKh,8860,2,1,1,1,0,0,0,0
test,four_view_noKh,9211,2,1,1,1,0,0,0,0
test,four_view_noKh,11531,2,1,1,1,0,0,0,0
test,four_view_noKh,18359,2,1,1,1,0,0,0,0
test,four_view_noKh,22208,2,1,1,1,0,0,0,0
test,four_view_noKh,25402,2,1,1,1,0,0,0,0
test,four_view_noKh,27370,2,1,1,1,0,0,0,0
test,four_view_noKh,27569,2,1,1,1,0,0,0,0
test,four_view_noKh,32695,2,1,1,1,0,0,0,0
test,four_view_noKh,35094,2,1,1,1,0,0,0,0
test,four_view_noKh,40868,2,1,1,1,0,0,0,0
test,four_view_noKh,41053,2,1,1,1,0,0,0,0
test,four_view_noKh,41249,2,1,1,1,0,0,0,0
test,four_view_noKh,43724,2,1,1,1,0,0,0,0
test,four_view_noKh,44773,2,1,1,1,0,0,0,0
test,four_view_noKh,46240,2,1,1,1,0,0,0,0
test,four_view_noKh,50128,2,1,1,1,0,0,0,0
test,four_view_noKh,53174,2,1,1,1,0,0,0,0
test,four_view_noKh,53556,2,1,1,1,0,0,0,0
test,four_view_noKh,54916,2,1,1,1,0,0,0,0
test,four_view_noKh,56492,2,1,1,1,0,0,0,0
test,four_view_noKh,65190,2,1,1,1,0,0,0,0
test,four_view_noKh,68139,2,1,1,1,0,0,0,0
test,four_view_noKh,69210,2,1,1,1,0,0,0,0
test,four_view_noKh,76335,2,1,1,1,0,0,0,0
test,four_view_noKh,76870,2,1,1,1,0,0,0,0
test,four_view_noKh,76939,2,1,1,1,0,0,0,0
test,four_view_noKh,79549,2,1,1,1,0,0,0,0
test,four_view_noKh,82486,2,1,1,1,0,0,0,0
test,four_view_noKh,82677,2,1,1,1,0,0,0,0
test,four_view_noKh,83322,2,1,1,1,0,0,0,0
test,four_view_noKh,84486,2,1,1,1,0,0,0,0
test,four_view_noKh,87068,2,1,1,1,0,0,0,0
test,four_view_noKh,87239,2,1,1,1,0,0,0,0
test,four_view_noKh,90994,2,1,1,1,0,0,0,0
test,four_view_noKh,93929,2,1,1,1,0,0,0,0
test,four_view_noKh,95786,2,1,1,1,0,0,0,0
test,four_view_noKh,97127,2,1,1,1,0,0,0,0
test,four_view_noKh,98005,2,1,1,1,0,0,0,0
test,four_view_noKh,98740,2,1,1,1,0,0,0,0
test,four_view_noKh,103371,2,1,1,1,0,0,0,0
test,four_view_noKh,104588,2,1,1,1,0,0,0,0
test,four_view_noKh,106202,2,1,1,1,0,0,0,0
test,four_view_noKh,106637,2,1,1,1,0,0,0,0
test,four_view_noKh,109106,2,1,1,1,0,0,0,0
test,four_view_noKh,109923,2,1,1,1,0,0,0,0
test,four_view_noKh,114361,2,1,1,1,0,0,0,0
test,four_view_noKh,114388,2,1,1,1,0,0,0,0
test,four_view_noKh,114431,2,1,1,1,0,0,0,0
test,four_view_noKh,115031,2,1,1,1,0,0,0,0
test,four_view_noKh,115358,2,1,1,1,0,0,0,0
test,four_view_noKh,117360,2,1,1,1,0,0,0,0
test,four_view_noKh,123343,2,1,1,1,0,0,0,0
test,four_view_noKh,126993,2,1,1,1,0,0,0,0
test,four_view_noKh,130317,2,1,1,1,0,0,0,0
test,four_view_noKh,131062,2,1,1,1,0,0,0,0
test,four_view_noKh,131170,2,1,1,1,0,0,0,0
test,four_view_noKh,135914,2,1,1,1,0,0,0,0
test,four_view_noKh,136602,2,1,1,1,0,0,0,0
test,four_view_noKh,136743,2,1,1,1,0,0,0,0
test,four_view_noKh,138762,2,1,1,1,0,0,0,0
test,four_view_noKh,139875,2,1,1,1,0,0,0,0
test,four_view_noKh,142924,2,1,1,1,0,0,0,0
test,four_view_noKh,144138,2,1,1,1,0,0,0,0
test,four_view_noKh,144144,2,1,1,1,0,0,0,0
test,four_view_noKh,144153,2,1,1,1,0,0,0,0
test,four_view_noKh,153361,2,1,1,1,0,0,0,0
test,four_view_noKh,154373,2,1,1,1,0,0,0,0
test,four_view_noKh,154765,2,1,1,1,0,0,0,0
test,four_view_noKh,159420,2,1,1,1,0,0,0,0
test,four_view_noKh,160391,2,1,1,1,0,0,0,0
test,four_view_noKh,164381,2,1,1,1,0,0,0,0
test,four_view_noKh,164771,2,1,1,1,0,0,0,0
test,four_view_noKh,165444,2,1,1,1,0,0,0,0
test,four_view_noKh,165618,2,1,1,1,0,0,0,0
test,four_view_noKh,165629,2,1,1,1,0,0,0,0
test,four_view_noKh,168033,2,1,1,1,0,0,0,0
test,four_view_noKh,169254,2,1,1,1,0,0,0,0
test,four_view_noKh,170287,2,1,1,1,0,0,0,0
test,four_view_noKh,171834,2,1,1,1,0,0,0,0
test,four_view_noKh,174435,2,1,1,1,0,0,0,0
test,four_view_noKh,175818,2,1,1,1,0,0,0,0
test,four_view_noKh,176093,2,1,1,1,0,0,0,0
test,four_view_noKh,176815,2,1,1,1,0,0,0,0
test,four_view_noKh,179198,2,1,1,1,0,0,0,0
test,four_view_noKh,180144,2,1,1,1,0,0,0,0
test,four_view_noKh,180209,2,1,1,1,0,0,0,0
test,four_view_noKh,180751,2,1,1,1,0,0,0,0
test,four_view_noKh,182754,2,1,1,1,0,0,0,0
test,four_view_noKh,183251,2,1,1,1,0,0,0,0
test,four_view_noKh,184369,2,1,1,1,0,0,0,0
test,four_view_noKh,185591,2,1,1,1,0,0,0,0
test,four_view_noKh,187524,2,1,1,1,0,0,0,0
test,four_view_noKh,187562,2,1,1,1,0,0,0,0
test,four_view_noKh,190703,2,1,1,1,0,0,0,0
test,four_view_noKh,193303,2,1,1,1,0,0,0,0
test,four_view_noKh,193888,2,1,1,1,0,0,0,0
test,four_view_noKh,194331,2,1,1,1,0,0,0,0
test,four_view_noKh,194427,2,1,1,1,0,0,0,0
test,four_view_noKh,200343,2,1,1,1,0,0,0,0
test,four_view_noKh,204140,2,1,1,1,0,0,0,0
test,four_view_noKh,205230,2,1,1,1,0,0,0,0
test,four_view_noKh,206502,2,1,1,1,0,0,0,0
test,four_view_noKh,209626,2,1,1,1,0,0,0,0
test,four_view_noKh,210206,2,1,1,1,0,0,0,0
test,four_view_noKh,212858,2,1,1,1,0,0,0,0
test,four_view_noKh,213317,2,1,1,1,0,0,0,0
test,four_view_noKh,215938,2,1,1,1,0,0,0,0
test,four_view_noKh,219980,2,1,1,1,0,0,0,0
test,four_view_noKh,220507,2,1,1,1,0,0,0,0
test,four_view_noKh,220629,2,1,1,1,0,0,0,0
test,four_view_noKh,222647,2,1,1,1,0,0,0,0
test,four_view_noKh,229944,2,1,1,1,0,0,0,0
test,four_view_noKh,230904,2,1,1,1,0,0,0,0
test,four_view_noKh,232272,2,1,1,1,0,0,0,0
test,four_view_noKh,233210,2,1,1,1,0,0,0,0
test,four_view_noKh,234536,2,1,1,1,0,0,0,0
test,four_view_noKh,235332,2,1,1,1,0,0,0,0
test,four_view_noKh,238193,2,1,1,1,0,0,0,0
test,four_view_noKh,238714,2,1,1,1,0,0,0,0
test,four_view_noKh,240999,2,1,1,1,0,0,0,0
test,four_view_noKh,241985,2,1,1,1,0,0,0,0
test,four_view_noKh,244845,2,1,1,1,0,0,0,0
test,four_view_noKh,248459,2,1,1,1,0,0,0,0
test,four_view_noKh,249585,2,1,1,1,0,0,0,0
test,four_view_noKh,249686,2,1,1,1,0,0,0,0
test,four_view_noKh,250188,2,1,1,1,0,0,0,0
test,four_view_noKh,250675,2,1,1,1,0,0,0,0
test,four_view_noKh,250760,2,1,1,1,0,0,0,0
test,four_view_noKh,254386,2,1,1,1,0,0,0,0
test,four_view_noKh,254544,2,1,1,1,0,0,0,0
test,four_view_noKh,255440,2,1,1,1,0,0,0,0
test,four_view_noKh,267729,3,3,1,1,0,0,0,0
test,four_view_noKh,268703,2,1,1,1,0,0,0,0
test,four_view_noKh,269716,2,1,1,1,0,0,0,0
test,four_view_noKh,272723,2,1,1,1,0,0,0,0
test,four_view_noKh,273134,3,3,1,1,0,0,0,0
test,four_view_noKh,274918,2,1,1,1,0,0,0,0
test,four_view_noKh,274999,2,1,1,1,0,0,0,0
test,four_view_noKh,275973,2,1,1,1,0,0,0,0
test,four_view_noKh,278257,2,1,1,1,0,0,0,0
test,four_view_noKh,278950,2,1,1,1,0,0,0,0
test,four_view_noKh,278951,2,1,1,1,0,0,0,0
test,four_view_noKh,280580,2,1,1,1,0,0,0,0
test,four_view_noKh,281712,2,1,1,1,0,0,0,0
test,four_view_noKh,281718,2,1,1,1,0,0,0,0
test,four_view_noKh,284361,2,1,1,1,0,0,0,0
test,four_view_noKh,285902,2,1,1,1,0,0,0,0
test,four_view_noKh,285956,2,1,1,1,0,0,0,0
test,four_view_noKh,291507,2,1,1,1,0,0,0,0
test,four_view_noKh,293226,2,1,1,1,0,0,0,0
test,four_view_noKh,296588,2,1,1,1,0,0,0,0
test,four_view_noKh,297233,2,1,1,1,0,0,0,0
test,four_view_noKh,297316,2,1,1,1,0,0,0,0
test,four_view_noKh,298345,2,1,1,1,0,0,0,0
test,four_view_noKh,299294,2,1,1,1,0,0,0,0
test,four_view_noKh,303683,3,3,1,1,0,0,0,0
atlas,HOMFLY_PT_plus_Theta,5,2,1,1,1,0,0,0,0
atlas,HOMFLY_PT_plus_Theta,106,4,6,1,1,0,0,0,0
atlas,HOMFLY_PT_plus_Theta,268,2,1,1,1,0,0,0,0
atlas,HOMFLY_PT_plus_Theta,284,2,1,1,1,0,0,0,0
atlas,HOMFLY_PT_plus_Theta,309,4,6,1,1,0,0,0,0
atlas,HOMFLY_PT_plus_Theta,363,2,1,1,1,0,0,0,0
atlas,HOMFLY_PT_plus_Theta,605,2,1,1,1,0,0,0,0
atlas,HOMFLY_PT_plus_Theta,709,2,1,1,1,0,0,0,0
atlas,HOMFLY_PT_plus_Theta,730,2,1,1,1,0,0,0,0
atlas,HOMFLY_PT_plus_Theta,754,4,6,1,1,0,0,0,0
atlas,HOMFLY_PT_plus_Theta,863,2,1,1,1,0,0,0,0
atlas,HOMFLY_PT_plus_Theta,869,2,1,1,1,0,0,0,0
atlas,HOMFLY_PT_plus_Theta,870,2,1,1,1,0,0,0,0
atlas,HOMFLY_PT_plus_Theta,972,2,1,1,1,0,0,0,0
atlas,HOMFLY_PT_plus_Theta,982,2,1,1,1,0,0,0,0
atlas,HOMFLY_PT_plus_Theta,1017,2,1,1,1,0,0,0,0
atlas,HOMFLY_PT_plus_Theta,1062,2,1,1,1,0,0,0,0
atlas,HOMFLY_PT_plus_Theta,1132,2,1,1,1,0,0,0,0
atlas,HOMFLY_PT_plus_Theta,1189,2,1,1,1,0,0,0,0
atlas,HOMFLY_PT_plus_Theta,1209,2,1,1,1,0,0,0,0
atlas,HOMFLY_PT_plus_Theta,1216,2,1,1,1,0,0,0,0
atlas,HOMFLY_PT_plus_Theta,1221,2,1,1,1,0,0,0,0
atlas,HOMFLY_PT_plus_Theta,1229,2,1,1,1,0,0,0,0
atlas,HOMFLY_PT_plus_Theta,1249,2,1,1,1,0,0,0,0
atlas,HOMFLY_PT_plus_Theta,1250,2,1,1,1,0,0,0,0
atlas,HOMFLY_PT_plus_Theta,1302,2,1,1,1,0,0,0,0
atlas,HOMFLY_PT_plus_Theta,1384,2,1,1,1,0,0,0,0
atlas,HOMFLY_PT_plus_Theta,1416,2,1,1,1,0,0,0,0
atlas,HOMFLY_PT_plus_Theta,1482,2,1,1,1,0,0,0,0
atlas,HOMFLY_PT_plus_Theta,1521,2,1,1,1,0,0,0,0
atlas,HOMFLY_PT_plus_Theta,1583,2,1,1,1,0,0,0,0
atlas,HOMFLY_PT_plus_Theta,1633,2,1,1,1,0,0,0,0
atlas,HOMFLY_PT_plus_Theta,1663,2,1,1,1,0,0,0,0
atlas,HOMFLY_PT_plus_Theta,1757,2,1,1,1,0,0,0,0
atlas,HOMFLY_PT_plus_Theta,1875,2,1,1,1,0,0,0,0
atlas,HOMFLY_PT_plus_Theta,1986,2,1,1,1,0,0,0,0
atlas,HOMFLY_PT_plus_Theta,2020,2,1,1,1,0,0,0,0
atlas,HOMFLY_PT_plus_Theta,2042,2,1,1,1,0,0,0,0
atlas,HOMFLY_PT_plus_Theta,2078,2,1,1,1,0,0,0,0
atlas,HOMFLY_PT_plus_Theta,2126,2,1,1,1,0,0,0,0
atlas,HOMFLY_PT_plus_Theta,2127,2,1,1,1,0,0,0,0
atlas,HOMFLY_PT_plus_Theta,2134,2,1,1,1,0,0,0,0
atlas,HOMFLY_PT_plus_Theta,2245,2,1,1,1,0,0,0,0
atlas,HOMFLY_PT_plus_Theta,2323,3,3,1,1,0,0,0,0
atlas,HOMFLY_PT_plus_Theta,2398,2,1,1,1,0,0,0,0
atlas,HOMFLY_PT_plus_Theta,2442,4,6,1,1,0,0,0,0
atlas,HOMFLY_PT_plus_Theta,2452,2,1,1,1,0,0,0,0
atlas,HOMFLY_PT_plus_Theta,2454,2,1,1,1,0,0,0,0
atlas,HOMFLY_PT_plus_Theta,2464,3,3,1,1,0,0,0,0
atlas,HOMFLY_PT_plus_Theta,2526,2,1,1,1,0,0,0,0
atlas,HOMFLY_PT_plus_Theta,2751,2,1,1,1,0,0,0,0
atlas,HOMFLY_PT_plus_Theta,2828,2,1,1,1,0,0,0,0
atlas,HOMFLY_PT_plus_Theta,2882,2,1,1,1,0,0,0,0
atlas,HOMFLY_PT_plus_Theta,2909,2,1,1,1,0,0,0,0
atlas,HOMFLY_PT_plus_Theta,2952,2,1,1,1,0,0,0,0
atlas,HOMFLY_PT_plus_Theta,3011,2,1,1,1,0,0,0,0
atlas,HOMFLY_PT_plus_Theta,3282,4,6,1,1,0,0,0,0
atlas,HOMFLY_PT_plus_Theta,3285,2,1,1,1,0,0,0,0
atlas,HOMFLY_PT_plus_Theta,3320,2,1,1,1,0,0,0,0
atlas,HOMFLY_PT_plus_Theta,3341,2,1,1,1,0,0,0,0
atlas,HOMFLY_PT_plus_Theta,3419,2,1,1,1,0,0,0,0
atlas,HOMFLY_PT_plus_Theta,3433,2,1,1,1,0,0,0,0
atlas,HOMFLY_PT_plus_Theta,3508,2,1,1,1,0,0,0,0
atlas,HOMFLY_PT_plus_Theta,3528,2,1,1,1,0,0,0,0
atlas,HOMFLY_PT_plus_Theta,3555,2,1,1,1,0,0,0,0
atlas,HOMFLY_PT_plus_Theta,3559,2,1,1,1,0,0,0,0
atlas,HOMFLY_PT_plus_Theta,3574,2,1,1,1,0,0,0,0
atlas,HOMFLY_PT_plus_Theta,3643,2,1,1,1,0,0,0,0
atlas,HOMFLY_PT_plus_Theta,3741,2,1,1,1,0,0,0,0
atlas,HOMFLY_PT_plus_Theta,3742,2,1,1,1,0,0,0,0
atlas,HOMFLY_PT_plus_Theta,3888,2,1,1,1,0,0,0,0
atlas,HOMFLY_PT_plus_Theta,3889,3,3,1,1,0,0,0,0
atlas,HOMFLY_PT_plus_Theta,4191,2,1,1,1,0,0,0,0
atlas,HOMFLY_PT_plus_Theta,4265,2,1,1,1,0,0,0,0
atlas,HOMFLY_PT_plus_Theta,4327,2,1,1,1,0,0,0,0
atlas,HOMFLY_PT_plus_Theta,4330,2,1,1,1,0,0,0,0
atlas,HOMFLY_PT_plus_Theta,4600,2,1,1,1,0,0,0,0
atlas,HOMFLY_PT_plus_Theta,4638,2,1,1,1,0,0,0,0
atlas,HOMFLY_PT_plus_Theta,4673,2,1,1,1,0,0,0,0
atlas,HOMFLY_PT_plus_Theta,4740,2,1,1,1,0,0,0,0
atlas,HOMFLY_PT_plus_Theta,4871,2,1,1,1,0,0,0,0
atlas,HOMFLY_PT_plus_Theta,4947,2,1,1,1,0,0,0,0
atlas,HOMFLY_PT_plus_Theta,4974,2,1,1,1,0,0,0,0
atlas,HOMFLY_PT_plus_Theta,5009,2,1,1,1,0,0,0,0
atlas,HOMFLY_PT_plus_Theta,5038,2,1,1,1,0,0,0,0
atlas,HOMFLY_PT_plus_Theta,5102,2,1,1,1,0,0,0,0
atlas,HOMFLY_PT_plus_Theta,5205,2,1,1,1,0,0,0,0
atlas,HOMFLY_PT_plus_Theta,5228,2,1,1,1,0,0,0,0
atlas,HOMFLY_PT_plus_Theta,5272,2,1,1,1,0,0,0,0
atlas,HOMFLY_PT_plus_Theta,5292,2,1,1,1,0,0,0,0
atlas,HOMFLY_PT_plus_Theta,5382,2,1,1,1,0,0,0,0
atlas,HOMFLY_PT_plus_Theta,5405,2,1,1,1,0,0,0,0
atlas,HOMFLY_PT_plus_Theta,5469,2,1,1,1,0,0,0,0
atlas,HOMFLY_PT_plus_Theta,5581,2,1,1,1,0,0,0,0
atlas,HOMFLY_PT_plus_Theta,5701,2,1,1,1,0,0,0,0
atlas,HOMFLY_PT_plus_Theta,5729,2,1,1,1,0,0,0,0
atlas,HOMFLY_PT_plus_Theta,5776,2,1,1,1,0,0,0,0
atlas,HOMFLY_PT_plus_Theta,5832,2,1,1,1,0,0,0,0
atlas,HOMFLY_PT_plus_Theta,5840,2,1,1,1,0,0,0,0
atlas,HOMFLY_PT_plus_Theta,5894,2,1,1,1,0,0,0,0
atlas,HOMFLY_PT_plus_Theta,6029,2,1,1,1,0,0,0,0
atlas,HOMFLY_PT_plus_Theta,6030,2,1,1,1,0,0,0,0
atlas,HOMFLY_PT_plus_Theta,6079,3,3,1,1,0,0,0,0
atlas,HOMFLY_PT_plus_Theta,6110,2,1,1,1,0,0,0,0
atlas,HOMFLY_PT_plus_Theta,6120,2,1,1,1,0,0,0,0
atlas,HOMFLY_PT_plus_Theta,6199,2,1,1,1,0,0,0,0
atlas,HOMFLY_PT_plus_Theta,6202,2,1,1,1,0,0,0,0
atlas,HOMFLY_PT_plus_Theta,6247,2,1,1,1,0,0,0,0
atlas,HOMFLY_PT_plus_Theta,6278,2,1,1,1,0,0,0,0
atlas,HOMFLY_PT_plus_Theta,6311,2,1,1,1,0,0,0,0
atlas,HOMFLY_PT_plus_Theta,6327,2,1,1,1,0,0,0,0
atlas,HOMFLY_PT_plus_Theta,6328,2,1,1,1,0,0,0,0
atlas,HOMFLY_PT_plus_Theta,6353,4,6,1,1,0,0,0,0
atlas,HOMFLY_PT_plus_Theta,6356,2,1,1,1,0,0,0,0
atlas,HOMFLY_PT_plus_Theta,6375,2,1,1,1,0,0,0,0
atlas,HOMFLY_PT_plus_Theta,6500,2,1,1,1,0,0,0,0
atlas,HOMFLY_PT_plus_Theta,6516,2,1,1,1,0,0,0,0
atlas,HOMFLY_PT_plus_Theta,6550,2,1,1,1,0,0,0,0
atlas,HOMFLY_PT_plus_Theta,6736,2,1,1,1,0,0,0,0
atlas,HOMFLY_PT_plus_Theta,6788,2,1,1,1,0,0,0,0
atlas,HOMFLY_PT_plus_Theta,6814,2,1,1,1,0,0,0,0
atlas,HOMFLY_PT_plus_Theta,6949,2,1,1,1,0,0,0,0
atlas,HOMFLY_PT_plus_Theta,6987,2,1,1,1,0,0,0,0
atlas,HOMFLY_PT_plus_Theta,6994,2,1,1,1,0,0,0,0
atlas,HOMFLY_PT_plus_Theta,7099,2,1,1,1,0,0,0,0
atlas,HOMFLY_PT_plus_Theta,7114,2,1,1,1,0,0,0,0
atlas,HOMFLY_PT_plus_Theta,7118,2,1,1,1,0,0,0,0
atlas,HOMFLY_PT_plus_Theta,7147,4,6,1,1,0,0,0,0
atlas,HOMFLY_PT_plus_Theta,7164,2,1,1,1,0,0,0,0
atlas,HOMFLY_PT_plus_Theta,7182,4,6,1,1,0,0,0,0
atlas,HOMFLY_PT_plus_Theta,7213,2,1,1,1,0,0,0,0
atlas,HOMFLY_PT_plus_Theta,7246,2,1,1,1,0,0,0,0
atlas,HOMFLY_PT_plus_Theta,7248,2,1,1,1,0,0,0,0
atlas,HOMFLY_PT_plus_Theta,7285,2,1,1,1,0,0,0,0
atlas,HOMFLY_PT_plus_Theta,7316,2,1,1,1,0,0,0,0
atlas,HOMFLY_PT_plus_Theta,7328,2,1,1,1,0,0,0,0
atlas,HOMFLY_PT_plus_Theta,7356,2,1,1,1,0,0,0,0
atlas,HOMFLY_PT_plus_Theta,7357,2,1,1,1,0,0,0,0
atlas,HOMFLY_PT_plus_Theta,7372,2,1,1,1,0,0,0,0
atlas,HOMFLY_PT_plus_Theta,7394,2,1,1,1,0,0,0,0
atlas,HOMFLY_PT_plus_Theta,7407,2,1,1,1,0,0,0,0
atlas,HOMFLY_PT_plus_Theta,7491,2,1,1,1,0,0,0,0
atlas,HOMFLY_PT_plus_Theta,7524,2,1,1,1,0,0,0,0
atlas,HOMFLY_PT_plus_Theta,7595,2,1,1,1,0,0,0,0
atlas,HOMFLY_PT_plus_Theta,7609,2,1,1,1,0,0,0,0
atlas,HOMFLY_PT_plus_Theta,7617,2,1,1,1,0,0,0,0
atlas,HOMFLY_PT_plus_Theta,7634,2,1,1,1,0,0,0,0
atlas,HOMFLY_PT_plus_Theta,7657,2,1,1,1,0,0,0,0
atlas,HOMFLY_PT_plus_Theta,7658,2,1,1,1,0,0,0,0
atlas,HOMFLY_PT_plus_Theta,7685,2,1,1,1,0,0,0,0
atlas,HOMFLY_PT_plus_Theta,7796,2,1,1,1,0,0,0,0
atlas,HOMFLY_PT_plus_Theta,7811,2,1,1,1,0,0,0,0
atlas,HOMFLY_PT_plus_Theta,7841,2,1,1,1,0,0,0,0
atlas,HOMFLY_PT_plus_Theta,7842,2,1,1,1,0,0,0,0
atlas,HOMFLY_PT_plus_Theta,7984,2,1,1,1,0,0,0,0
atlas,HOMFLY_PT_plus_Theta,8004,2,1,1,1,0,0,0,0
atlas,HOMFLY_PT_plus_Theta,8012,2,1,1,1,0,0,0,0
atlas,HOMFLY_PT_plus_Theta,8020,2,1,1,1,0,0,0,0
atlas,HOMFLY_PT_plus_Theta,8084,2,1,1,1,0,0,0,0
atlas,HOMFLY_PT_plus_Theta,8087,2,1,1,1,0,0,0,0
atlas,HOMFLY_PT_plus_Theta,8295,2,1,1,1,0,0,0,0
atlas,HOMFLY_PT_plus_Theta,8340,2,1,1,1,0,0,0,0
atlas,HOMFLY_PT_plus_Theta,8341,2,1,1,1,0,0,0,0
atlas,HOMFLY_PT_plus_Theta,8473,2,1,1,1,0,0,0,0
atlas,HOMFLY_PT_plus_Theta,8476,2,1,1,1,0,0,0,0
atlas,HOMFLY_PT_plus_Theta,8490,2,1,1,1,0,0,0,0
atlas,HOMFLY_PT_plus_Theta,8497,2,1,1,1,0,0,0,0
atlas,HOMFLY_PT_plus_Theta,8498,2,1,1,1,0,0,0,0
atlas,HOMFLY_PT_plus_Theta,8501,2,1,1,1,0,0,0,0
atlas,HOMFLY_PT_plus_Theta,8776,2,1,1,1,0,0,0,0
atlas,HOMFLY_PT_plus_Theta,8842,4,6,1,1,0,0,0,0
atlas,HOMFLY_PT_plus_Theta,8942,2,1,1,1,0,0,0,0
atlas,HOMFLY_PT_plus_Theta,8945,2,1,1,1,0,0,0,0
atlas,HOMFLY_PT_plus_Theta,9031,2,1,1,1,0,0,0,0
atlas,HOMFLY_PT_plus_Theta,9089,4,6,1,1,0,0,0,0
atlas,HOMFLY_PT_plus_Theta,9210,2,1,1,1,0,0,0,0
atlas,HOMFLY_PT_plus_Theta,9224,2,1,1,1,0,0,0,0
atlas,HOMFLY_PT_plus_Theta,9243,2,1,1,1,0,0,0,0
atlas,HOMFLY_PT_plus_Theta,9264,2,1,1,1,0,0,0,0
atlas,HOMFLY_PT_plus_Theta,9342,2,1,1,1,0,0,0,0
atlas,HOMFLY_PT_plus_Theta,9398,2,1,1,1,0,0,0,0
atlas,HOMFLY_PT_plus_Theta,9448,2,1,1,1,0,0,0,0
atlas,HOMFLY_PT_plus_Theta,9523,2,1,1,1,0,0,0,0
atlas,HOMFLY_PT_plus_Theta,9524,2,1,1,1,0,0,0,0
atlas,HOMFLY_PT_plus_Theta,9562,2,1,1,1,0,0,0,0
atlas,HOMFLY_PT_plus_Theta,9593,2,1,1,1,0,0,0,0
atlas,HOMFLY_PT_plus_Theta,9774,2,1,1,1,0,0,0,0
atlas,HOMFLY_PT_plus_Theta,9775,2,1,1,1,0,0,0,0
atlas,HOMFLY_PT_plus_Theta,9855,4,6,1,1,0,0,0,0
atlas,HOMFLY_PT_plus_Theta,9892,2,1,1,1,0,0,0,0
atlas,HOMFLY_PT_plus_Theta,9907,2,1,1,1,0,0,0,0
atlas,HOMFLY_PT_plus_Theta,10104,2,1,1,1,0,0,0,0
atlas,HOMFLY_PT_plus_Theta,10212,2,1,1,1,0,0,0,0
atlas,HOMFLY_PT_plus_Theta,10251,2,1,1,1,0,0,0,0
atlas,HOMFLY_PT_plus_Theta,10348,2,1,1,1,0,0,0,0
atlas,HOMFLY_PT_plus_Theta,10426,2,1,1,1,0,0,0,0
atlas,HOMFLY_PT_plus_Theta,10452,2,1,1,1,0,0,0,0
atlas,HOMFLY_PT_plus_Theta,10472,2,1,1,1,0,0,0,0
atlas,HOMFLY_PT_plus_Theta,10543,2,1,1,1,0,0,0,0
atlas,HOMFLY_PT_plus_Theta,10558,2,1,1,1,0,0,0,0
atlas,HOMFLY_PT_plus_Theta,10561,2,1,1,1,0,0,0,0
atlas,HOMFLY_PT_plus_Theta,10649,2,1,1,1,0,0,0,0
atlas,HOMFLY_PT_plus_Theta,10739,2,1,1,1,0,0,0,0
atlas,HOMFLY_PT_plus_Theta,10749,2,1,1,1,0,0,0,0
atlas,HOMFLY_PT_plus_Theta,10795,2,1,1,1,0,0,0,0
atlas,HOMFLY_PT_plus_Theta,10804,2,1,1,1,0,0,0,0
atlas,HOMFLY_PT_plus_Theta,10815,2,1,1,1,0,0,0,0
atlas,HOMFLY_PT_plus_Theta,10821,2,1,1,1,0,0,0,0
atlas,HOMFLY_PT_plus_Theta,10841,2,1,1,1,0,0,0,0
atlas,HOMFLY_PT_plus_Theta,10999,2,1,1,1,0,0,0,0
atlas,HOMFLY_PT_plus_Theta,11035,2,1,1,1,0,0,0,0
atlas,HOMFLY_PT_plus_Theta,11092,2,1,1,1,0,0,0,0
atlas,HOMFLY_PT_plus_Theta,11125,2,1,1,1,0,0,0,0
atlas,HOMFLY_PT_plus_Theta,11157,2,1,1,1,0,0,0,0
atlas,HOMFLY_PT_plus_Theta,11184,2,1,1,1,0,0,0,0
atlas,HOMFLY_PT_plus_Theta,11239,2,1,1,1,0,0,0,0
atlas,HOMFLY_PT_plus_Theta,11276,2,1,1,1,0,0,0,0
atlas,HOMFLY_PT_plus_Theta,11365,2,1,1,1,0,0,0,0
atlas,HOMFLY_PT_plus_Theta,11534,2,1,1,1,0,0,0,0
atlas,HOMFLY_PT_plus_Theta,11536,2,1,1,1,0,0,0,0
atlas,HOMFLY_PT_plus_Theta,11689,2,1,1,1,0,0,0,0
atlas,HOMFLY_PT_plus_Theta,11722,2,1,1,1,0,0,0,0
atlas,HOMFLY_PT_plus_Theta,11723,2,1,1,1,0,0,0,0
atlas,HOMFLY_PT_plus_Theta,11784,2,1,1,1,0,0,0,0
atlas,HOMFLY_PT_plus_Theta,11826,2,1,1,1,0,0,0,0
atlas,HOMFLY_PT_plus_Theta,11854,2,1,1,1,0,0,0,0
atlas,HOMFLY_PT_plus_Theta,11878,2,1,1,1,0,0,0,0
atlas,HOMFLY_PT_plus_Theta,12071,2,1,1,1,0,0,0,0
atlas,HOMFLY_PT_plus_Theta,12209,2,1,1,1,0,0,0,0
atlas,HOMFLY_PT_plus_Theta,12267,2,1,1,1,0,0,0,0
atlas,HOMFLY_PT_plus_Theta,12305,2,1,1,1,0,0,0,0
atlas,HOMFLY_PT_plus_Theta,12568,2,1,1,1,0,0,0,0
atlas,HOMFLY_PT_plus_Theta,12601,4,6,1,1,0,0,0,0
atlas,HOMFLY_PT_plus_Theta,12616,2,1,1,1,0,0,0,0
atlas,HOMFLY_PT_plus_Theta,12912,2,1,1,1,0,0,0,0
atlas,HOMFLY_PT_plus_Theta,12928,2,1,1,1,0,0,0,0
atlas,HOMFLY_PT_plus_Theta,12938,2,1,1,1,0,0,0,0
atlas,HOMFLY_PT_plus_Theta,13018,2,1,1,1,0,0,0,0
atlas,HOMFLY_PT_plus_Theta,13073,2,1,1,1,0,0,0,0
atlas,HOMFLY_PT_plus_Theta,13130,2,1,1,1,0,0,0,0
atlas,HOMFLY_PT_plus_Theta,13146,2,1,1,1,0,0,0,0
atlas,HOMFLY_PT_plus_Theta,13242,2,1,1,1,0,0,0,0
atlas,HOMFLY_PT_plus_Theta,13332,2,1,1,1,0,0,0,0
atlas,HOMFLY_PT_plus_Theta,13373,4,6,1,1,0,0,0,0
atlas,HOMFLY_PT_plus_Theta,13391,2,1,1,1,0,0,0,0
atlas,HOMFLY_PT_plus_Theta,13497,2,1,1,1,0,0,0,0
atlas,HOMFLY_PT_plus_Theta,13615,2,1,1,1,0,0,0,0
atlas,HOMFLY_PT_plus_Theta,13636,2,1,1,1,0,0,0,0
atlas,HOMFLY_PT_plus_Theta,13864,2,1,1,1,0,0,0,0
atlas,HOMFLY_PT_plus_Theta,13896,2,1,1,1,0,0,0,0
atlas,HOMFLY_PT_plus_Theta,13930,2,1,1,1,0,0,0,0
atlas,HOMFLY_PT_plus_Theta,13940,2,1,1,1,0,0,0,0
atlas,HOMFLY_PT_plus_Theta,13961,2,1,1,1,0,0,0,0
atlas,HOMFLY_PT_plus_Theta,13978,2,1,1,1,0,0,0,0
atlas,HOMFLY_PT_plus_Theta,14096,2,1,1,1,0,0,0,0
atlas,HOMFLY_PT_plus_Theta,14127,2,1,1,1,0,0,0,0
atlas,HOMFLY_PT_plus_Theta,14128,2,1,1,1,0,0,0,0
atlas,HOMFLY_PT_plus_Theta,14168,2,1,1,1,0,0,0,0
atlas,HOMFLY_PT_plus_Theta,14222,2,1,1,1,0,0,0,0
atlas,HOMFLY_PT_plus_Theta,14332,2,1,1,1,0,0,0,0
atlas,HOMFLY_PT_plus_Theta,14338,2,1,1,1,0,0,0,0
atlas,HOMFLY_PT_plus_Theta,14360,2,1,1,1,0,0,0,0
atlas,HOMFLY_PT_plus_Theta,14445,2,1,1,1,0,0,0,0
atlas,HOMFLY_PT_plus_Theta,14488,2,1,1,1,0,0,0,0
atlas,HOMFLY_PT_plus_Theta,14491,2,1,1,1,0,0,0,0
atlas,HOMFLY_PT_plus_Theta,14555,2,1,1,1,0,0,0,0
atlas,HOMFLY_PT_plus_Theta,14627,2,1,1,1,0,0,0,0
atlas,HOMFLY_PT_plus_Theta,14687,2,1,1,1,0,0,0,0
atlas,HOMFLY_PT_plus_Theta,14738,5,10,1,1,0,0,0,0
atlas,HOMFLY_PT_plus_Theta,14927,2,1,1,1,0,0,0,0
atlas,HOMFLY_PT_plus_Theta,14928,3,3,1,1,0,0,0,0
atlas,HOMFLY_PT_plus_Theta,14980,2,1,1,1,0,0,0,0
atlas,HOMFLY_PT_plus_Theta,15006,2,1,1,1,0,0,0,0
atlas,HOMFLY_PT_plus_Theta,15010,2,1,1,1,0,0,0,0
atlas,HOMFLY_PT_plus_Theta,15087,2,1,1,1,0,0,0,0
atlas,HOMFLY_PT_plus_Theta,15107,2,1,1,1,0,0,0,0
atlas,HOMFLY_PT_plus_Theta,15184,3,3,1,1,0,0,0,0
atlas,HOMFLY_PT_plus_Theta,15276,2,1,1,1,0,0,0,0
atlas,HOMFLY_PT_plus_Theta,15293,2,1,1,1,0,0,0,0
atlas,HOMFLY_PT_plus_Theta,15329,3,3,1,1,0,0,0,0
atlas,HOMFLY_PT_plus_Theta,15330,2,1,1,1,0,0,0,0
atlas,HOMFLY_PT_plus_Theta,15376,2,1,1,1,0,0,0,0
atlas,HOMFLY_PT_plus_Theta,15397,2,1,1,1,0,0,0,0
atlas,HOMFLY_PT_plus_Theta,15413,2,1,1,1,0,0,0,0
atlas,HOMFLY_PT_plus_Theta,15418,2,1,1,1,0,0,0,0
atlas,HOMFLY_PT_plus_Theta,15426,2,1,1,1,0,0,0,0
atlas,HOMFLY_PT_plus_Theta,15454,2,1,1,1,0,0,0,0
atlas,HOMFLY_PT_plus_Theta,15625,2,1,1,1,0,0,0,0
atlas,HOMFLY_PT_plus_Theta,15638,2,1,1,1,0,0,0,0
atlas,HOMFLY_PT_plus_Theta,15719,2,1,1,1,0,0,0,0
atlas,HOMFLY_PT_plus_Theta,15750,2,1,1,1,0,0,0,0
atlas,HOMFLY_PT_plus_Theta,15844,2,1,1,1,0,0,0,0
atlas,HOMFLY_PT_plus_Theta,15907,2,1,1,1,0,0,0,0
atlas,HOMFLY_PT_plus_Theta,15934,2,1,1,1,0,0,0,0
atlas,HOMFLY_PT_plus_Theta,15996,2,1,1,1,0,0,0,0
atlas,HOMFLY_PT_plus_Theta,15999,2,1,1,1,0,0,0,0
atlas,HOMFLY_PT_plus_Theta,16024,2,1,1,1,0,0,0,0
atlas,HOMFLY_PT_plus_Theta,16048,2,1,1,1,0,0,0,0
atlas,HOMFLY_PT_plus_Theta,16049,2,1,1,1,0,0,0,0
atlas,HOMFLY_PT_plus_Theta,16069,2,1,1,1,0,0,0,0
atlas,HOMFLY_PT_plus_Theta,16110,2,1,1,1,0,0,0,0
atlas,HOMFLY_PT_plus_Theta,16391,2,1,1,1,0,0,0,0
atlas,HOMFLY_PT_plus_Theta,16392,2,1,1,1,0,0,0,0
atlas,HOMFLY_PT_plus_Theta,16406,2,1,1,1,0,0,0,0
atlas,HOMFLY_PT_plus_Theta,16410,3,3,1,1,0,0,0,0
atlas,HOMFLY_PT_plus_Theta,16421,2,1,1,1,0,0,0,0
atlas,HOMFLY_PT_plus_Theta,16471,2,1,1,1,0,0,0,0
atlas,HOMFLY_PT_plus_Theta,16503,2,1,1,1,0,0,0,0
atlas,HOMFLY_PT_plus_Theta,16546,3,3,1,1,0,0,0,0
atlas,HOMFLY_PT_plus_Theta,16580,2,1,1,1,0,0,0,0
atlas,HOMFLY_PT_plus_Theta,16694,2,1,1,1,0,0,0,0
atlas,HOMFLY_PT_plus_Theta,16714,2,1,1,1,0,0,0,0
atlas,HOMFLY_PT_plus_Theta,16744,2,1,1,1,0,0,0,0
atlas,HOMFLY_PT_plus_Theta,16768,2,1,1,1,0,0,0,0
atlas,HOMFLY_PT_plus_Theta,16773,2,1,1,1,0,0,0,0
atlas,HOMFLY_PT_plus_Theta,16783,2,1,1,1,0,0,0,0
atlas,HOMFLY_PT_plus_Theta,16823,2,1,1,1,0,0,0,0
atlas,HOMFLY_PT_plus_Theta,16862,2,1,1,1,0,0,0,0
atlas,HOMFLY_PT_plus_Theta,16876,2,1,1,1,0,0,0,0
atlas,HOMFLY_PT_plus_Theta,16877,2,1,1,1,0,0,0,0
atlas,HOMFLY_PT_plus_Theta,16891,2,1,1,1,0,0,0,0
atlas,HOMFLY_PT_plus_Theta,16915,2,1,1,1,0,0,0,0
atlas,HOMFLY_PT_plus_Theta,17216,2,1,1,1,0,0,0,0
atlas,HOMFLY_PT_plus_Theta,17266,2,1,1,1,0,0,0,0
atlas,HOMFLY_PT_plus_Theta,17340,2,1,1,1,0,0,0,0
atlas,HOMFLY_PT_plus_Theta,17383,2,1,1,1,0,0,0,0
atlas,HOMFLY_PT_plus_Theta,17400,2,1,1,1,0,0,0,0
atlas,HOMFLY_PT_plus_Theta,17420,2,1,1,1,0,0,0,0
atlas,HOMFLY_PT_plus_Theta,17486,2,1,1,1,0,0,0,0
atlas,HOMFLY_PT_plus_Theta,17488,2,1,1,1,0,0,0,0
atlas,HOMFLY_PT_plus_Theta,17495,2,1,1,1,0,0,0,0
atlas,HOMFLY_PT_plus_Theta,17533,2,1,1,1,0,0,0,0
atlas,HOMFLY_PT_plus_Theta,17535,2,1,1,1,0,0,0,0
atlas,HOMFLY_PT_plus_Theta,17548,2,1,1,1,0,0,0,0
atlas,HOMFLY_PT_plus_Theta,17550,2,1,1,1,0,0,0,0
atlas,HOMFLY_PT_plus_Theta,17561,2,1,1,1,0,0,0,0
atlas,HOMFLY_PT_plus_Theta,17562,2,1,1,1,0,0,0,0
atlas,HOMFLY_PT_plus_Theta,17613,2,1,1,1,0,0,0,0
atlas,HOMFLY_PT_plus_Theta,17635,2,1,1,1,0,0,0,0
atlas,HOMFLY_PT_plus_Theta,17723,2,1,1,1,0,0,0,0
atlas,HOMFLY_PT_plus_Theta,17733,2,1,1,1,0,0,0,0
atlas,HOMFLY_PT_plus_Theta,17817,3,3,1,1,0,0,0,0
atlas,HOMFLY_PT_plus_Theta,17835,4,6,1,1,0,0,0,0
atlas,HOMFLY_PT_plus_Theta,17928,2,1,1,1,0,0,0,0
atlas,HOMFLY_PT_plus_Theta,17998,2,1,1,1,0,0,0,0
atlas,HOMFLY_PT_plus_Theta,18002,2,1,1,1,0,0,0,0
atlas,HOMFLY_PT_plus_Theta,18008,2,1,1,1,0,0,0,0
atlas,HOMFLY_PT_plus_Theta,18094,2,1,1,1,0,0,0,0
atlas,HOMFLY_PT_plus_Theta,18097,2,1,1,1,0,0,0,0
atlas,HOMFLY_PT_plus_Theta,18132,2,1,1,1,0,0,0,0
atlas,HOMFLY_PT_plus_Theta,18145,2,1,1,1,0,0,0,0
atlas,HOMFLY_PT_plus_Theta,18146,2,1,1,1,0,0,0,0
atlas,HOMFLY_PT_plus_Theta,18261,2,1,1,1,0,0,0,0
atlas,HOMFLY_PT_plus_Theta,18285,2,1,1,1,0,0,0,0
atlas,HOMFLY_PT_plus_Theta,18384,2,1,1,1,0,0,0,0
atlas,HOMFLY_PT_plus_Theta,18400,2,1,1,1,0,0,0,0
atlas,HOMFLY_PT_plus_Theta,18426,2,1,1,1,0,0,0,0
atlas,HOMFLY_PT_plus_Theta,18510,2,1,1,1,0,0,0,0
atlas,HOMFLY_PT_plus_Theta,18516,2,1,1,1,0,0,0,0
atlas,HOMFLY_PT_plus_Theta,18572,2,1,1,1,0,0,0,0
atlas,HOMFLY_PT_plus_Theta,18582,2,1,1,1,0,0,0,0
atlas,HOMFLY_PT_plus_Theta,18612,2,1,1,1,0,0,0,0
atlas,HOMFLY_PT_plus_Theta,18692,2,1,1,1,0,0,0,0
atlas,HOMFLY_PT_plus_Theta,18826,3,3,1,1,0,0,0,0
atlas,HOMFLY_PT_plus_Theta,18831,2,1,1,1,0,0,0,0
atlas,HOMFLY_PT_plus_Theta,18833,2,1,1,1,0,0,0,0
atlas,HOMFLY_PT_plus_Theta,18877,2,1,1,1,0,0,0,0
atlas,HOMFLY_PT_plus_Theta,18918,2,1,1,1,0,0,0,0
atlas,HOMFLY_PT_plus_Theta,18921,2,1,1,1,0,0,0,0
atlas,HOMFLY_PT_plus_Theta,18929,2,1,1,1,0,0,0,0
atlas,HOMFLY_PT_plus_Theta,18962,2,1,1,1,0,0,0,0
atlas,HOMFLY_PT_plus_Theta,18964,2,1,1,1,0,0,0,0
atlas,HOMFLY_PT_plus_Theta,18982,2,1,1,1,0,0,0,0
atlas,HOMFLY_PT_plus_Theta,19065,2,1,1,1,0,0,0,0
atlas,HOMFLY_PT_plus_Theta,19105,2,1,1,1,0,0,0,0
atlas,HOMFLY_PT_plus_Theta,19139,2,1,1,1,0,0,0,0
atlas,HOMFLY_PT_plus_Theta,19144,2,1,1,1,0,0,0,0
atlas,HOMFLY_PT_plus_Theta,19148,2,1,1,1,0,0,0,0
atlas,HOMFLY_PT_plus_Theta,19204,2,1,1,1,0,0,0,0
atlas,HOMFLY_PT_plus_Theta,19255,2,1,1,1,0,0,0,0
atlas,HOMFLY_PT_plus_Theta,19257,2,1,1,1,0,0,0,0
atlas,HOMFLY_PT_plus_Theta,19389,2,1,1,1,0,0,0,0
atlas,HOMFLY_PT_plus_Theta,19398,4,6,1,1,0,0,0,0
atlas,HOMFLY_PT_plus_Theta,19401,2,1,1,1,0,0,0,0
atlas,HOMFLY_PT_plus_Theta,19564,2,1,1,1,0,0,0,0
atlas,HOMFLY_PT_plus_Theta,19578,2,1,1,1,0,0,0,0
atlas,HOMFLY_PT_plus_Theta,19597,2,1,1,1,0,0,0,0
atlas,HOMFLY_PT_plus_Theta,19606,2,1,1,1,0,0,0,0
atlas,HOMFLY_PT_plus_Theta,19610,2,1,1,1,0,0,0,0
atlas,HOMFLY_PT_plus_Theta,19669,2,1,1,1,0,0,0,0
atlas,HOMFLY_PT_plus_Theta,19678,2,1,1,1,0,0,0,0
atlas,HOMFLY_PT_plus_Theta,19716,2,1,1,1,0,0,0,0
atlas,HOMFLY_PT_plus_Theta,19767,2,1,1,1,0,0,0,0
atlas,HOMFLY_PT_plus_Theta,19768,2,1,1,1,0,0,0,0
atlas,HOMFLY_PT_plus_Theta,19773,2,1,1,1,0,0,0,0
atlas,HOMFLY_PT_plus_Theta,19796,2,1,1,1,0,0,0,0
atlas,HOMFLY_PT_plus_Theta,19846,2,1,1,1,0,0,0,0
atlas,HOMFLY_PT_plus_Theta,19908,2,1,1,1,0,0,0,0
atlas,HOMFLY_PT_plus_Theta,20117,2,1,1,1,0,0,0,0
atlas,HOMFLY_PT_plus_Theta,20177,2,1,1,1,0,0,0,0
atlas,HOMFLY_PT_plus_Theta,20216,2,1,1,1,0,0,0,0
atlas,HOMFLY_PT_plus_Theta,20218,2,1,1,1,0,0,0,0
atlas,HOMFLY_PT_plus_Theta,20220,2,1,1,1,0,0,0,0
atlas,HOMFLY_PT_plus_Theta,20236,4,6,1,1,0,0,0,0
atlas,HOMFLY_PT_plus_Theta,20253,2,1,1,1,0,0,0,0
atlas,HOMFLY_PT_plus_Theta,20254,2,1,1,1,0,0,0,0
atlas,HOMFLY_PT_plus_Theta,20352,2,1,1,1,0,0,0,0
atlas,HOMFLY_PT_plus_Theta,20452,2,1,1,1,0,0,0,0
atlas,HOMFLY_PT_plus_Theta,20568,2,1,1,1,0,0,0,0
atlas,HOMFLY_PT_plus_Theta,20631,2,1,1,1,0,0,0,0
atlas,HOMFLY_PT_plus_Theta,20641,2,1,1,1,0,0,0,0
atlas,HOMFLY_PT_plus_Theta,20691,2,1,1,1,0,0,0,0
atlas,HOMFLY_PT_plus_Theta,20732,2,1,1,1,0,0,0,0
atlas,HOMFLY_PT_plus_Theta,20870,2,1,1,1,0,0,0,0
atlas,HOMFLY_PT_plus_Theta,21116,3,3,1,1,0,0,0,0
atlas,HOMFLY_PT_plus_Theta,21197,2,1,1,1,0,0,0,0
atlas,HOMFLY_PT_plus_Theta,21423,2,1,1,1,0,0,0,0
atlas,HOMFLY_PT_plus_Theta,21434,2,1,1,1,0,0,0,0
atlas,HOMFLY_PT_plus_Theta,21438,2,1,1,1,0,0,0,0
atlas,HOMFLY_PT_plus_Theta,21472,2,1,1,1,0,0,0,0
atlas,HOMFLY_PT_plus_Theta,21665,2,1,1,1,0,0,0,0
atlas,HOMFLY_PT_plus_Theta,21666,2,1,1,1,0,0,0,0
atlas,HOMFLY_PT_plus_Theta,21692,2,1,1,1,0,0,0,0
atlas,HOMFLY_PT_plus_Theta,21792,2,1,1,1,0,0,0,0
atlas,HOMFLY_PT_plus_Theta,21840,2,1,1,1,0,0,0,0
atlas,HOMFLY_PT_plus_Theta,21879,2,1,1,1,0,0,0,0
atlas,HOMFLY_PT_plus_Theta,21882,2,1,1,1,0,0,0,0
atlas,HOMFLY_PT_plus_Theta,21890,2,1,1,1,0,0,0,0
atlas,HOMFLY_PT_plus_Theta,21930,2,1,1,1,0,0,0,0
atlas,HOMFLY_PT_plus_Theta,21950,2,1,1,1,0,0,0,0
atlas,HOMFLY_PT_plus_Theta,22007,2,1,1,1,0,0,0,0
atlas,HOMFLY_PT_plus_Theta,22032,2,1,1,1,0,0,0,0
atlas,HOMFLY_PT_plus_Theta,22034,2,1,1,1,0,0,0,0
atlas,HOMFLY_PT_plus_Theta,22068,2,1,1,1,0,0,0,0
atlas,HOMFLY_PT_plus_Theta,22192,2,1,1,1,0,0,0,0
atlas,HOMFLY_PT_plus_Theta,22193,3,3,1,1,0,0,0,0
atlas,HOMFLY_PT_plus_Theta,22335,2,1,1,1,0,0,0,0
atlas,HOMFLY_PT_plus_Theta,22366,2,1,1,1,0,0,0,0
atlas,HOMFLY_PT_plus_Theta,22415,2,1,1,1,0,0,0,0
atlas,HOMFLY_PT_plus_Theta,22457,2,1,1,1,0,0,0,0
atlas,HOMFLY_PT_plus_Theta,22483,2,1,1,1,0,0,0,0
atlas,HOMFLY_PT_plus_Theta,22484,2,1,1,1,0,0,0,0
atlas,HOMFLY_PT_plus_Theta,22574,2,1,1,1,0,0,0,0
atlas,HOMFLY_PT_plus_Theta,22580,2,1,1,1,0,0,0,0
atlas,HOMFLY_PT_plus_Theta,22689,3,3,1,1,0,0,0,0
atlas,HOMFLY_PT_plus_Theta,22724,2,1,1,1,0,0,0,0
atlas,HOMFLY_PT_plus_Theta,22811,2,1,1,1,0,0,0,0
atlas,HOMFLY_PT_plus_Theta,22826,2,1,1,1,0,0,0,0
atlas,HOMFLY_PT_plus_Theta,22867,2,1,1,1,0,0,0,0
atlas,HOMFLY_PT_plus_Theta,22892,2,1,1,1,0,0,0,0
atlas,HOMFLY_PT_plus_Theta,22930,2,1,1,1,0,0,0,0
atlas,HOMFLY_PT_plus_Theta,22954,2,1,1,1,0,0,0,0
atlas,HOMFLY_PT_plus_Theta,22956,2,1,1,1,0,0,0,0
atlas,HOMFLY_PT_plus_Theta,22990,2,1,1,1,0,0,0,0
atlas,HOMFLY_PT_plus_Theta,22991,2,1,1,1,0,0,0,0
atlas,HOMFLY_PT_plus_Theta,23123,2,1,1,1,0,0,0,0
atlas,HOMFLY_PT_plus_Theta,23166,2,1,1,1,0,0,0,0
atlas,HOMFLY_PT_plus_Theta,23276,2,1,1,1,0,0,0,0
atlas,HOMFLY_PT_plus_Theta,23277,2,1,1,1,0,0,0,0
atlas,HOMFLY_PT_plus_Theta,23402,2,1,1,1,0,0,0,0
atlas,HOMFLY_PT_plus_Theta,23409,2,1,1,1,0,0,0,0
atlas,HOMFLY_PT_plus_Theta,23459,2,1,1,1,0,0,0,0
atlas,HOMFLY_PT_plus_Theta,23487,2,1,1,1,0,0,0,0
atlas,HOMFLY_PT_plus_Theta,23837,2,1,1,1,0,0,0,0
atlas,HOMFLY_PT_plus_Theta,23838,2,1,1,1,0,0,0,0
atlas,HOMFLY_PT_plus_Theta,23928,2,1,1,1,0,0,0,0
atlas,HOMFLY_PT_plus_Theta,23980,2,1,1,1,0,0,0,0
atlas,HOMFLY_PT_plus_Theta,23981,2,1,1,1,0,0,0,0
atlas,HOMFLY_PT_plus_Theta,24072,2,1,1,1,0,0,0,0
atlas,HOMFLY_PT_plus_Theta,24170,4,6,1,1,0,0,0,0
atlas,HOMFLY_PT_plus_Theta,24220,2,1,1,1,0,0,0,0
atlas,HOMFLY_PT_plus_Theta,24221,2,1,1,1,0,0,0,0
atlas,HOMFLY_PT_plus_Theta,24347,4,6,1,1,0,0,0,0
atlas,HOMFLY_PT_plus_Theta,24388,2,1,1,1,0,0,0,0
atlas,HOMFLY_PT_plus_Theta,24398,2,1,1,1,0,0,0,0
atlas,HOMFLY_PT_plus_Theta,24454,2,1,1,1,0,0,0,0
atlas,HOMFLY_PT_plus_Theta,24535,2,1,1,1,0,0,0,0
atlas,HOMFLY_PT_plus_Theta,24540,2,1,1,1,0,0,0,0
atlas,HOMFLY_PT_plus_Theta,24543,2,1,1,1,0,0,0,0
atlas,HOMFLY_PT_plus_Theta,24554,2,1,1,1,0,0,0,0
atlas,HOMFLY_PT_plus_Theta,24566,2,1,1,1,0,0,0,0
atlas,HOMFLY_PT_plus_Theta,24567,2,1,1,1,0,0,0,0
atlas,HOMFLY_PT_plus_Theta,24573,2,1,1,1,0,0,0,0
atlas,HOMFLY_PT_plus_Theta,24646,2,1,1,1,0,0,0,0
atlas,HOMFLY_PT_plus_Theta,24681,2,1,1,1,0,0,0,0
atlas,HOMFLY_PT_plus_Theta,24782,2,1,1,1,0,0,0,0
atlas,HOMFLY_PT_plus_Theta,24880,2,1,1,1,0,0,0,0
atlas,HOMFLY_PT_plus_Theta,24881,2,1,1,1,0,0,0,0
atlas,HOMFLY_PT_plus_Theta,24884,2,1,1,1,0,0,0,0
atlas,HOMFLY_PT_plus_Theta,24892,2,1,1,1,0,0,0,0
atlas,HOMFLY_PT_plus_Theta,24898,2,1,1,1,0,0,0,0
atlas,HOMFLY_PT_plus_Theta,24948,2,1,1,1,0,0,0,0
atlas,HOMFLY_PT_plus_Theta,24983,2,1,1,1,0,0,0,0
atlas,HOMFLY_PT_plus_Theta,25090,2,1,1,1,0,0,0,0
atlas,HOMFLY_PT_plus_Theta,25152,2,1,1,1,0,0,0,0
atlas,HOMFLY_PT_plus_Theta,25223,2,1,1,1,0,0,0,0
atlas,HOMFLY_PT_plus_Theta,25245,2,1,1,1,0,0,0,0
atlas,HOMFLY_PT_plus_Theta,25289,2,1,1,1,0,0,0,0
atlas,HOMFLY_PT_plus_Theta,25311,2,1,1,1,0,0,0,0
atlas,HOMFLY_PT_plus_Theta,25458,2,1,1,1,0,0,0,0
atlas,HOMFLY_PT_plus_Theta,25502,2,1,1,1,0,0,0,0
atlas,HOMFLY_PT_plus_Theta,25531,2,1,1,1,0,0,0,0
atlas,HOMFLY_PT_plus_Theta,25532,2,1,1,1,0,0,0,0
atlas,HOMFLY_PT_plus_Theta,25558,2,1,1,1,0,0,0,0
atlas,HOMFLY_PT_plus_Theta,25630,2,1,1,1,0,0,0,0
atlas,HOMFLY_PT_plus_Theta,25633,2,1,1,1,0,0,0,0
atlas,HOMFLY_PT_plus_Theta,25639,2,1,1,1,0,0,0,0
atlas,HOMFLY_PT_plus_Theta,25776,2,1,1,1,0,0,0,0
atlas,HOMFLY_PT_plus_Theta,25783,2,1,1,1,0,0,0,0
atlas,HOMFLY_PT_plus_Theta,25798,2,1,1,1,0,0,0,0
atlas,HOMFLY_PT_plus_Theta,25823,2,1,1,1,0,0,0,0
atlas,HOMFLY_PT_plus_Theta,25845,2,1,1,2,0,1,0,1
atlas,HOMFLY_PT_plus_Theta,25907,2,1,1,1,0,0,0,0
atlas,HOMFLY_PT_plus_Theta,25983,2,1,1,1,0,0,0,0
atlas,HOMFLY_PT_plus_Theta,26035,2,1,1,1,0,0,0,0
atlas,HOMFLY_PT_plus_Theta,26116,2,1,1,1,0,0,0,0
atlas,HOMFLY_PT_plus_Theta,26190,2,1,1,1,0,0,0,0
atlas,HOMFLY_PT_plus_Theta,26191,2,1,1,1,0,0,0,0
atlas,HOMFLY_PT_plus_Theta,26238,2,1,1,1,0,0,0,0
atlas,HOMFLY_PT_plus_Theta,26261,2,1,1,1,0,0,0,0
atlas,HOMFLY_PT_plus_Theta,26358,2,1,1,1,0,0,0,0
atlas,HOMFLY_PT_plus_Theta,26371,2,1,1,1,0,0,0,0
atlas,HOMFLY_PT_plus_Theta,26396,2,1,1,1,0,0,0,0
atlas,HOMFLY_PT_plus_Theta,26501,2,1,1,1,0,0,0,0
atlas,HOMFLY_PT_plus_Theta,26545,2,1,1,1,0,0,0,0
atlas,HOMFLY_PT_plus_Theta,26560,2,1,1,1,0,0,0,0
atlas,HOMFLY_PT_plus_Theta,26569,2,1,1,1,0,0,0,0
atlas,HOMFLY_PT_plus_Theta,26638,2,1,1,1,0,0,0,0
atlas,HOMFLY_PT_plus_Theta,26644,4,6,1,1,0,0,0,0
atlas,HOMFLY_PT_plus_Theta,26727,2,1,1,1,0,0,0,0
atlas,HOMFLY_PT_plus_Theta,26737,2,1,1,1,0,0,0,0
atlas,HOMFLY_PT_plus_Theta,26744,2,1,1,1,0,0,0,0
atlas,HOMFLY_PT_plus_Theta,26745,2,1,1,1,0,0,0,0
atlas,HOMFLY_PT_plus_Theta,26799,2,1,1,1,0,0,0,0
atlas,HOMFLY_PT_plus_Theta,26822,2,1,1,1,0,0,0,0
atlas,HOMFLY_PT_plus_Theta,26880,2,1,1,1,0,0,0,0
atlas,HOMFLY_PT_plus_Theta,26911,2,1,1,1,0,0,0,0
atlas,HOMFLY_PT_plus_Theta,26958,2,1,1,1,0,0,0,0
atlas,HOMFLY_PT_plus_Theta,27072,2,1,1,1,0,0,0,0
atlas,HOMFLY_PT_plus_Theta,27090,2,1,1,1,0,0,0,0
atlas,HOMFLY_PT_plus_Theta,27230,2,1,1,1,0,0,0,0
atlas,HOMFLY_PT_plus_Theta,27263,2,1,1,1,0,0,0,0
atlas,HOMFLY_PT_plus_Theta,27266,2,1,1,1,0,0,0,0
atlas,HOMFLY_PT_plus_Theta,27485,2,1,1,1,0,0,0,0
atlas,HOMFLY_PT_plus_Theta,27532,2,1,1,1,0,0,0,0
atlas,HOMFLY_PT_plus_Theta,27576,2,1,1,1,0,0,0,0
atlas,HOMFLY_PT_plus_Theta,27606,2,1,1,1,0,0,0,0
atlas,HOMFLY_PT_plus_Theta,27728,2,1,1,1,0,0,0,0
atlas,HOMFLY_PT_plus_Theta,27838,2,1,1,1,0,0,0,0
atlas,HOMFLY_PT_plus_Theta,27873,2,1,1,1,0,0,0,0
atlas,HOMFLY_PT_plus_Theta,27903,2,1,1,1,0,0,0,0
atlas,HOMFLY_PT_plus_Theta,27904,4,6,1,1,0,0,0,0
atlas,HOMFLY_PT_plus_Theta,27930,2,1,1,1,0,0,0,0
atlas,HOMFLY_PT_plus_Theta,27933,2,1,1,1,0,0,0,0
atlas,HOMFLY_PT_plus_Theta,28083,2,1,1,1,0,0,0,0
atlas,HOMFLY_PT_plus_Theta,28084,2,1,1,1,0,0,0,0
atlas,HOMFLY_PT_plus_Theta,28114,2,1,1,1,0,0,0,0
atlas,HOMFLY_PT_plus_Theta,28115,2,1,1,1,0,0,0,0
atlas,HOMFLY_PT_plus_Theta,28116,2,1,1,1,0,0,0,0
atlas,HOMFLY_PT_plus_Theta,28130,2,1,1,1,0,0,0,0
atlas,HOMFLY_PT_plus_Theta,28132,2,1,1,1,0,0,0,0
atlas,HOMFLY_PT_plus_Theta,28162,2,1,1,1,0,0,0,0
atlas,HOMFLY_PT_plus_Theta,28181,2,1,1,1,0,0,0,0
atlas,HOMFLY_PT_plus_Theta,28182,2,1,1,1,0,0,0,0
atlas,HOMFLY_PT_plus_Theta,28249,2,1,1,1,0,0,0,0
atlas,HOMFLY_PT_plus_Theta,28267,2,1,1,1,0,0,0,0
atlas,HOMFLY_PT_plus_Theta,28279,2,1,1,1,0,0,0,0
atlas,HOMFLY_PT_plus_Theta,28285,2,1,1,1,0,0,0,0
atlas,HOMFLY_PT_plus_Theta,28319,2,1,1,1,0,0,0,0
atlas,HOMFLY_PT_plus_Theta,28320,2,1,1,1,0,0,0,0
atlas,HOMFLY_PT_plus_Theta,28367,2,1,1,1,0,0,0,0
atlas,HOMFLY_PT_plus_Theta,28411,2,1,1,1,0,0,0,0
atlas,HOMFLY_PT_plus_Theta,28454,2,1,1,1,0,0,0,0
atlas,HOMFLY_PT_plus_Theta,28499,2,1,1,1,0,0,0,0
atlas,HOMFLY_PT_plus_Theta,28586,2,1,1,1,0,0,0,0
atlas,HOMFLY_PT_plus_Theta,28817,2,1,1,1,0,0,0,0
atlas,HOMFLY_PT_plus_Theta,28819,2,1,1,1,0,0,0,0
atlas,HOMFLY_PT_plus_Theta,28847,2,1,1,1,0,0,0,0
atlas,HOMFLY_PT_plus_Theta,28858,2,1,1,1,0,0,0,0
atlas,HOMFLY_PT_plus_Theta,28859,2,1,1,1,0,0,0,0
atlas,HOMFLY_PT_plus_Theta,28909,2,1,1,1,0,0,0,0
atlas,HOMFLY_PT_plus_Theta,28925,2,1,1,1,0,0,0,0
atlas,HOMFLY_PT_plus_Theta,29048,2,1,1,1,0,0,0,0
atlas,HOMFLY_PT_plus_Theta,29127,2,1,1,1,0,0,0,0
atlas,HOMFLY_PT_plus_Theta,29171,2,1,1,1,0,0,0,0
atlas,HOMFLY_PT_plus_Theta,29212,2,1,1,1,0,0,0,0
atlas,HOMFLY_PT_plus_Theta,29283,2,1,1,1,0,0,0,0
atlas,HOMFLY_PT_plus_Theta,29297,2,1,1,1,0,0,0,0
atlas,HOMFLY_PT_plus_Theta,29398,2,1,1,1,0,0,0,0
atlas,HOMFLY_PT_plus_Theta,29449,2,1,1,1,0,0,0,0
atlas,HOMFLY_PT_plus_Theta,29523,2,1,1,1,0,0,0,0
atlas,HOMFLY_PT_plus_Theta,29578,2,1,1,1,0,0,0,0
atlas,HOMFLY_PT_plus_Theta,29625,2,1,1,1,0,0,0,0
atlas,HOMFLY_PT_plus_Theta,29626,2,1,1,1,0,0,0,0
atlas,HOMFLY_PT_plus_Theta,29632,2,1,1,1,0,0,0,0
atlas,HOMFLY_PT_plus_Theta,29716,2,1,1,1,0,0,0,0
atlas,HOMFLY_PT_plus_Theta,29717,2,1,1,1,0,0,0,0
atlas,HOMFLY_PT_plus_Theta,29721,2,1,1,1,0,0,0,0
atlas,HOMFLY_PT_plus_Theta,29739,2,1,1,1,0,0,0,0
atlas,HOMFLY_PT_plus_Theta,29848,2,1,1,1,0,0,0,0
atlas,HOMFLY_PT_plus_Theta,29856,2,1,1,1,0,0,0,0
atlas,HOMFLY_PT_plus_Theta,29931,2,1,1,1,0,0,0,0
atlas,HOMFLY_PT_plus_Theta,29966,2,1,1,1,0,0,0,0
atlas,HOMFLY_PT_plus_Theta,29967,2,1,1,1,0,0,0,0
atlas,HOMFLY_PT_plus_Theta,29977,3,3,1,1,0,0,0,0
atlas,HOMFLY_PT_plus_Theta,29979,2,1,1,1,0,0,0,0
atlas,HOMFLY_PT_plus_Theta,30094,2,1,1,1,0,0,0,0
atlas,HOMFLY_PT_plus_Theta,30095,2,1,1,1,0,0,0,0
atlas,HOMFLY_PT_plus_Theta,30168,2,1,1,1,0,0,0,0
atlas,HOMFLY_PT_plus_Theta,30178,2,1,1,1,0,0,0,0
atlas,HOMFLY_PT_plus_Theta,30213,2,1,1,1,0,0,0,0
atlas,HOMFLY_PT_plus_Theta,30420,2,1,1,1,0,0,0,0
atlas,HOMFLY_PT_plus_Theta,30479,2,1,1,1,0,0,0,0
atlas,HOMFLY_PT_plus_Theta,30485,2,1,1,1,0,0,0,0
atlas,HOMFLY_PT_plus_Theta,30514,2,1,1,1,0,0,0,0
atlas,HOMFLY_PT_plus_Theta,30532,2,1,1,1,0,0,0,0
atlas,HOMFLY_PT_plus_Theta,30533,2,1,1,1,0,0,0,0
atlas,HOMFLY_PT_plus_Theta,30560,2,1,1,1,0,0,0,0
atlas,HOMFLY_PT_plus_Theta,30583,2,1,1,1,0,0,0,0
atlas,HOMFLY_PT_plus_Theta,30584,2,1,1,1,0,0,0,0
atlas,HOMFLY_PT_plus_Theta,30642,2,1,1,1,0,0,0,0
atlas,HOMFLY_PT_plus_Theta,30643,2,1,1,1,0,0,0,0
atlas,HOMFLY_PT_plus_Theta,30765,2,1,1,1,0,0,0,0
atlas,HOMFLY_PT_plus_Theta,30771,2,1,1,1,0,0,0,0
atlas,HOMFLY_PT_plus_Theta,30790,2,1,1,1,0,0,0,0
atlas,HOMFLY_PT_plus_Theta,30793,2,1,1,1,0,0,0,0
atlas,HOMFLY_PT_plus_Theta,30840,2,1,1,1,0,0,0,0
atlas,HOMFLY_PT_plus_Theta,30885,2,1,1,1,0,0,0,0
atlas,HOMFLY_PT_plus_Theta,30942,2,1,1,1,0,0,0,0
atlas,HOMFLY_PT_plus_Theta,30966,2,1,1,1,0,0,0,0
atlas,HOMFLY_PT_plus_Theta,30974,2,1,1,1,0,0,0,0
atlas,HOMFLY_PT_plus_Theta,30994,2,1,1,1,0,0,0,0
atlas,HOMFLY_PT_plus_Theta,30999,2,1,1,1,0,0,0,0
atlas,HOMFLY_PT_plus_Theta,31033,2,1,1,1,0,0,0,0
atlas,HOMFLY_PT_plus_Theta,31067,2,1,1,1,0,0,0,0
atlas,HOMFLY_PT_plus_Theta,31103,2,1,1,1,0,0,0,0
atlas,HOMFLY_PT_plus_Theta,31114,2,1,1,1,0,0,0,0
atlas,HOMFLY_PT_plus_Theta,31115,2,1,1,1,0,0,0,0
atlas,HOMFLY_PT_plus_Theta,31153,2,1,1,1,0,0,0,0
atlas,HOMFLY_PT_plus_Theta,31167,2,1,1,1,0,0,0,0
atlas,HOMFLY_PT_plus_Theta,31208,4,6,1,1,0,0,0,0
atlas,HOMFLY_PT_plus_Theta,31224,2,1,1,1,0,0,0,0
atlas,HOMFLY_PT_plus_Theta,31236,2,1,1,1,0,0,0,0
atlas,HOMFLY_PT_plus_Theta,31321,2,1,1,1,0,0,0,0
atlas,HOMFLY_PT_plus_Theta,31337,2,1,1,1,0,0,0,0
atlas,HOMFLY_PT_plus_Theta,31375,2,1,1,1,0,0,0,0
atlas,HOMFLY_PT_plus_Theta,31455,2,1,1,1,0,0,0,0
atlas,HOMFLY_PT_plus_Theta,31565,2,1,1,1,0,0,0,0
atlas,HOMFLY_PT_plus_Theta,31613,2,1,1,1,0,0,0,0
atlas,HOMFLY_PT_plus_Theta,31614,2,1,1,1,0,0,0,0
atlas,HOMFLY_PT_plus_Theta,31648,2,1,1,1,0,0,0,0
atlas,HOMFLY_PT_plus_Theta,31663,2,1,1,1,0,0,0,0
atlas,HOMFLY_PT_plus_Theta,31696,2,1,1,1,0,0,0,0
atlas,HOMFLY_PT_plus_Theta,31705,2,1,1,1,0,0,0,0
atlas,HOMFLY_PT_plus_Theta,31736,2,1,1,1,0,0,0,0
atlas,HOMFLY_PT_plus_Theta,31772,2,1,1,1,0,0,0,0
atlas,HOMFLY_PT_plus_Theta,31805,4,6,1,1,0,0,0,0
atlas,HOMFLY_PT_plus_Theta,31906,2,1,1,1,0,0,0,0
atlas,HOMFLY_PT_plus_Theta,31952,2,1,1,1,0,0,0,0
atlas,HOMFLY_PT_plus_Theta,32006,2,1,1,1,0,0,0,0
atlas,HOMFLY_PT_plus_Theta,32083,2,1,1,1,0,0,0,0
atlas,HOMFLY_PT_plus_Theta,32269,2,1,1,1,0,0,0,0
atlas,HOMFLY_PT_plus_Theta,32339,2,1,1,1,0,0,0,0
atlas,HOMFLY_PT_plus_Theta,32369,2,1,1,1,0,0,0,0
atlas,HOMFLY_PT_plus_Theta,32423,2,1,1,1,0,0,0,0
atlas,HOMFLY_PT_plus_Theta,32444,2,1,1,1,0,0,0,0
atlas,HOMFLY_PT_plus_Theta,32506,2,1,1,1,0,0,0,0
atlas,HOMFLY_PT_plus_Theta,32510,2,1,1,1,0,0,0,0
atlas,HOMFLY_PT_plus_Theta,32543,2,1,1,1,0,0,0,0
atlas,HOMFLY_PT_plus_Theta,32557,2,1,1,1,0,0,0,0
atlas,HOMFLY_PT_plus_Theta,32575,2,1,1,1,0,0,0,0
atlas,HOMFLY_PT_plus_Theta,32594,2,1,1,1,0,0,0,0
atlas,HOMFLY_PT_plus_Theta,32627,2,1,1,1,0,0,0,0
atlas,HOMFLY_PT_plus_Theta,32658,2,1,1,1,0,0,0,0
atlas,HOMFLY_PT_plus_Theta,32703,2,1,1,1,0,0,0,0
atlas,HOMFLY_PT_plus_Theta,32733,2,1,1,1,0,0,0,0
atlas,HOMFLY_PT_plus_Theta,32741,2,1,1,1,0,0,0,0
atlas,HOMFLY_PT_plus_Theta,32848,2,1,1,1,0,0,0,0
atlas,HOMFLY_PT_plus_Theta,32882,2,1,1,1,0,0,0,0
atlas,HOMFLY_PT_plus_Theta,32900,2,1,1,1,0,0,0,0
atlas,HOMFLY_PT_plus_Theta,32957,2,1,1,1,0,0,0,0
atlas,HOMFLY_PT_plus_Theta,32964,2,1,1,1,0,0,0,0
atlas,HOMFLY_PT_plus_Theta,32988,2,1,1,1,0,0,0,0
atlas,HOMFLY_PT_plus_Theta,33094,2,1,1,1,0,0,0,0
atlas,HOMFLY_PT_plus_Theta,33118,2,1,1,1,0,0,0,0
atlas,HOMFLY_PT_plus_Theta,33120,2,1,1,1,0,0,0,0
atlas,HOMFLY_PT_plus_Theta,33277,2,1,1,1,0,0,0,0
atlas,HOMFLY_PT_plus_Theta,33346,2,1,1,1,0,0,0,0
atlas,HOMFLY_PT_plus_Theta,33399,2,1,1,1,0,0,0,0
atlas,HOMFLY_PT_plus_Theta,33434,2,1,1,1,0,0,0,0
atlas,HOMFLY_PT_plus_Theta,33453,2,1,1,1,0,0,0,0
atlas,HOMFLY_PT_plus_Theta,33466,2,1,1,1,0,0,0,0
atlas,HOMFLY_PT_plus_Theta,33501,2,1,1,1,0,0,0,0
atlas,HOMFLY_PT_plus_Theta,33583,2,1,1,1,0,0,0,0
atlas,HOMFLY_PT_plus_Theta,33659,2,1,1,1,0,0,0,0
atlas,HOMFLY_PT_plus_Theta,33679,2,1,1,1,0,0,0,0
atlas,HOMFLY_PT_plus_Theta,33751,2,1,1,1,0,0,0,0
atlas,HOMFLY_PT_plus_Theta,33938,2,1,1,1,0,0,0,0
atlas,HOMFLY_PT_plus_Theta,34017,2,1,1,1,0,0,0,0
atlas,HOMFLY_PT_plus_Theta,34112,2,1,1,1,0,0,0,0
atlas,HOMFLY_PT_plus_Theta,34113,2,1,1,1,0,0,0,0
atlas,HOMFLY_PT_plus_Theta,34171,2,1,1,1,0,0,0,0
atlas,HOMFLY_PT_plus_Theta,34197,2,1,1,1,0,0,0,0
atlas,HOMFLY_PT_plus_Theta,34200,2,1,1,1,0,0,0,0
atlas,HOMFLY_PT_plus_Theta,34203,4,6,1,1,0,0,0,0
atlas,HOMFLY_PT_plus_Theta,34207,4,6,1,1,0,0,0,0
atlas,HOMFLY_PT_plus_Theta,34253,2,1,1,1,0,0,0,0
atlas,HOMFLY_PT_plus_Theta,34257,2,1,1,1,0,0,0,0
atlas,HOMFLY_PT_plus_Theta,34273,2,1,1,1,0,0,0,0
atlas,HOMFLY_PT_plus_Theta,34370,2,1,1,1,0,0,0,0
atlas,HOMFLY_PT_plus_Theta,34380,2,1,1,1,0,0,0,0
atlas,HOMFLY_PT_plus_Theta,34421,2,1,1,1,0,0,0,0
atlas,HOMFLY_PT_plus_Theta,34441,2,1,1,1,0,0,0,0
atlas,HOMFLY_PT_plus_Theta,34632,2,1,1,1,0,0,0,0
atlas,HOMFLY_PT_plus_Theta,34733,2,1,1,1,0,0,0,0
atlas,HOMFLY_PT_plus_Theta,34841,2,1,1,1,0,0,0,0
atlas,HOMFLY_PT_plus_Theta,34853,2,1,1,1,0,0,0,0
atlas,HOMFLY_PT_plus_Theta,34878,2,1,1,1,0,0,0,0
atlas,HOMFLY_PT_plus_Theta,34880,2,1,1,1,0,0,0,0
atlas,HOMFLY_PT_plus_Theta,34967,2,1,1,1,0,0,0,0
atlas,HOMFLY_PT_plus_Theta,34969,2,1,1,1,0,0,0,0
atlas,HOMFLY_PT_plus_Theta,34995,2,1,1,1,0,0,0,0
atlas,HOMFLY_PT_plus_Theta,35026,2,1,1,1,0,0,0,0
atlas,HOMFLY_PT_plus_Theta,35048,2,1,1,1,0,0,0,0
atlas,HOMFLY_PT_plus_Theta,35055,2,1,1,1,0,0,0,0
atlas,HOMFLY_PT_plus_Theta,35112,2,1,1,1,0,0,0,0
atlas,HOMFLY_PT_plus_Theta,35371,2,1,1,1,0,0,0,0
atlas,HOMFLY_PT_plus_Theta,35405,2,1,1,1,0,0,0,0
atlas,HOMFLY_PT_plus_Theta,35409,4,6,1,1,0,0,0,0
atlas,HOMFLY_PT_plus_Theta,35411,2,1,1,1,0,0,0,0
atlas,HOMFLY_PT_plus_Theta,35512,2,1,1,1,0,0,0,0
atlas,HOMFLY_PT_plus_Theta,35529,2,1,1,1,0,0,0,0
atlas,HOMFLY_PT_plus_Theta,35602,2,1,1,1,0,0,0,0
atlas,HOMFLY_PT_plus_Theta,35703,2,1,1,1,0,0,0,0
atlas,HOMFLY_PT_plus_Theta,35743,2,1,1,1,0,0,0,0
atlas,HOMFLY_PT_plus_Theta,35797,2,1,1,1,0,0,0,0
atlas,HOMFLY_PT_plus_Theta,35798,2,1,1,1,0,0,0,0
atlas,HOMFLY_PT_plus_Theta,35799,2,1,1,1,0,0,0,0
atlas,HOMFLY_PT_plus_Theta,35906,2,1,1,1,0,0,0,0
atlas,HOMFLY_PT_plus_Theta,35916,2,1,1,1,0,0,0,0
atlas,HOMFLY_PT_plus_Theta,35947,2,1,1,1,0,0,0,0
atlas,HOMFLY_PT_plus_Theta,35956,2,1,1,1,0,0,0,0
atlas,HOMFLY_PT_plus_Theta,35961,2,1,1,1,0,0,0,0
atlas,HOMFLY_PT_plus_Theta,36023,2,1,1,1,0,0,0,0
atlas,HOMFLY_PT_plus_Theta,36050,2,1,1,1,0,0,0,0
atlas,HOMFLY_PT_plus_Theta,36119,2,1,1,1,0,0,0,0
atlas,HOMFLY_PT_plus_Theta,36121,2,1,1,1,0,0,0,0
atlas,HOMFLY_PT_plus_Theta,36122,2,1,1,1,0,0,0,0
atlas,HOMFLY_PT_plus_Theta,36132,2,1,1,1,0,0,0,0
atlas,HOMFLY_PT_plus_Theta,36219,2,1,1,1,0,0,0,0
atlas,HOMFLY_PT_plus_Theta,36244,2,1,1,1,0,0,0,0
atlas,HOMFLY_PT_plus_Theta,36310,2,1,1,1,0,0,0,0
atlas,HOMFLY_PT_plus_Theta,36329,2,1,1,1,0,0,0,0
atlas,HOMFLY_PT_plus_Theta,36393,2,1,1,1,0,0,0,0
atlas,HOMFLY_PT_plus_Theta,36399,2,1,1,1,0,0,0,0
atlas,HOMFLY_PT_plus_Theta,36429,2,1,1,1,0,0,0,0
atlas,HOMFLY_PT_plus_Theta,36524,2,1,1,1,0,0,0,0
atlas,HOMFLY_PT_plus_Theta,36545,2,1,1,1,0,0,0,0
atlas,HOMFLY_PT_plus_Theta,36567,2,1,1,1,0,0,0,0
atlas,HOMFLY_PT_plus_Theta,36613,2,1,1,1,0,0,0,0
atlas,HOMFLY_PT_plus_Theta,36681,2,1,1,1,0,0,0,0
atlas,HOMFLY_PT_plus_Theta,36682,2,1,1,1,0,0,0,0
atlas,HOMFLY_PT_plus_Theta,36762,2,1,1,1,0,0,0,0
atlas,HOMFLY_PT_plus_Theta,36945,4,6,1,1,0,0,0,0
atlas,HOMFLY_PT_plus_Theta,37101,2,1,1,1,0,0,0,0
atlas,HOMFLY_PT_plus_Theta,37159,2,1,1,1,0,0,0,0
atlas,HOMFLY_PT_plus_Theta,37183,2,1,1,1,0,0,0,0
atlas,HOMFLY_PT_plus_Theta,37229,2,1,1,1,0,0,0,0
atlas,HOMFLY_PT_plus_Theta,37244,2,1,1,1,0,0,0,0
atlas,HOMFLY_PT_plus_Theta,37246,2,1,1,1,0,0,0,0
atlas,HOMFLY_PT_plus_Theta,37273,2,1,1,1,0,0,0,0
atlas,HOMFLY_PT_plus_Theta,37284,2,1,1,1,0,0,0,0
atlas,HOMFLY_PT_plus_Theta,37343,2,1,1,1,0,0,0,0
atlas,HOMFLY_PT_plus_Theta,37375,4,6,1,1,0,0,0,0
atlas,HOMFLY_PT_plus_Theta,37465,2,1,1,1,0,0,0,0
atlas,HOMFLY_PT_plus_Theta,37617,2,1,1,1,0,0,0,0
atlas,HOMFLY_PT_plus_Theta,37639,2,1,1,1,0,0,0,0
atlas,HOMFLY_PT_plus_Theta,37655,2,1,1,1,0,0,0,0
atlas,HOMFLY_PT_plus_Theta,37730,2,1,1,1,0,0,0,0
atlas,HOMFLY_PT_plus_Theta,37802,2,1,1,1,0,0,0,0
atlas,HOMFLY_PT_plus_Theta,37815,2,1,1,1,0,0,0,0
atlas,HOMFLY_PT_plus_Theta,37824,2,1,1,1,0,0,0,0
atlas,HOMFLY_PT_plus_Theta,37915,2,1,1,1,0,0,0,0
atlas,HOMFLY_PT_plus_Theta,37953,3,3,1,1,0,0,0,0
atlas,HOMFLY_PT_plus_Theta,37972,2,1,1,1,0,0,0,0
atlas,HOMFLY_PT_plus_Theta,38062,2,1,1,1,0,0,0,0
atlas,HOMFLY_PT_plus_Theta,38067,2,1,1,1,0,0,0,0
atlas,HOMFLY_PT_plus_Theta,38181,2,1,1,1,0,0,0,0
atlas,HOMFLY_PT_plus_Theta,38196,2,1,1,1,0,0,0,0
atlas,HOMFLY_PT_plus_Theta,38198,2,1,1,1,0,0,0,0
atlas,HOMFLY_PT_plus_Theta,38212,2,1,1,1,0,0,0,0
atlas,HOMFLY_PT_plus_Theta,38214,2,1,1,1,0,0,0,0
atlas,HOMFLY_PT_plus_Theta,38253,2,1,1,1,0,0,0,0
atlas,HOMFLY_PT_plus_Theta,38495,2,1,1,1,0,0,0,0
atlas,HOMFLY_PT_plus_Theta,38617,2,1,1,1,0,0,0,0
atlas,HOMFLY_PT_plus_Theta,38658,2,1,1,1,0,0,0,0
atlas,HOMFLY_PT_plus_Theta,38819,2,1,1,1,0,0,0,0
atlas,HOMFLY_PT_plus_Theta,38844,2,1,1,1,0,0,0,0
atlas,HOMFLY_PT_plus_Theta,38858,2,1,1,1,0,0,0,0
atlas,HOMFLY_PT_plus_Theta,38908,4,6,1,1,0,0,0,0
atlas,HOMFLY_PT_plus_Theta,38955,4,6,1,1,0,0,0,0
atlas,HOMFLY_PT_plus_Theta,39156,2,1,1,1,0,0,0,0
atlas,HOMFLY_PT_plus_Theta,39228,2,1,1,1,0,0,0,0
atlas,HOMFLY_PT_plus_Theta,39233,2,1,1,1,0,0,0,0
atlas,HOMFLY_PT_plus_Theta,39299,2,1,1,1,0,0,0,0
atlas,HOMFLY_PT_plus_Theta,39327,2,1,1,1,0,0,0,0
atlas,HOMFLY_PT_plus_Theta,39336,2,1,1,1,0,0,0,0
atlas,HOMFLY_PT_plus_Theta,39350,2,1,1,1,0,0,0,0
atlas,HOMFLY_PT_plus_Theta,39476,2,1,1,1,0,0,0,0
atlas,HOMFLY_PT_plus_Theta,39504,2,1,1,1,0,0,0,0
atlas,HOMFLY_PT_plus_Theta,39512,2,1,1,1,0,0,0,0
atlas,HOMFLY_PT_plus_Theta,39532,2,1,1,1,0,0,0,0
atlas,HOMFLY_PT_plus_Theta,39580,2,1,1,1,0,0,0,0
atlas,HOMFLY_PT_plus_Theta,39600,4,6,1,1,0,0,0,0
atlas,HOMFLY_PT_plus_Theta,39643,2,1,1,1,0,0,0,0
atlas,HOMFLY_PT_plus_Theta,39651,2,1,1,1,0,0,0,0
atlas,HOMFLY_PT_plus_Theta,39677,2,1,1,1,0,0,0,0
atlas,HOMFLY_PT_plus_Theta,39681,2,1,1,1,0,0,0,0
atlas,HOMFLY_PT_plus_Theta,39683,2,1,1,1,0,0,0,0
atlas,HOMFLY_PT_plus_Theta,39776,2,1,1,1,0,0,0,0
atlas,HOMFLY_PT_plus_Theta,39786,2,1,1,1,0,0,0,0
atlas,HOMFLY_PT_plus_Theta,39823,2,1,1,1,0,0,0,0
atlas,HOMFLY_PT_plus_Theta,39903,2,1,1,1,0,0,0,0
atlas,HOMFLY_PT_plus_Theta,39918,2,1,1,1,0,0,0,0
atlas,HOMFLY_PT_plus_Theta,39988,4,6,1,1,0,0,0,0
atlas,HOMFLY_PT_plus_Theta,40019,2,1,1,1,0,0,0,0
atlas,HOMFLY_PT_plus_Theta,40039,2,1,1,1,0,0,0,0
atlas,HOMFLY_PT_plus_Theta,40117,2,1,1,1,0,0,0,0
atlas,HOMFLY_PT_plus_Theta,40162,2,1,1,1,0,0,0,0
atlas,HOMFLY_PT_plus_Theta,40201,2,1,1,1,0,0,0,0
atlas,HOMFLY_PT_plus_Theta,40207,2,1,1,1,0,0,0,0
atlas,HOMFLY_PT_plus_Theta,40219,2,1,1,1,0,0,0,0
atlas,HOMFLY_PT_plus_Theta,40309,2,1,1,1,0,0,0,0
atlas,HOMFLY_PT_plus_Theta,40332,2,1,1,1,0,0,0,0
atlas,HOMFLY_PT_plus_Theta,40438,2,1,1,1,0,0,0,0
atlas,HOMFLY_PT_plus_Theta,40480,2,1,1,1,0,0,0,0
atlas,HOMFLY_PT_plus_Theta,40532,2,1,1,1,0,0,0,0
atlas,HOMFLY_PT_plus_Theta,40610,2,1,1,1,0,0,0,0
atlas,HOMFLY_PT_plus_Theta,40619,2,1,1,1,0,0,0,0
atlas,HOMFLY_PT_plus_Theta,40621,2,1,1,1,0,0,0,0
atlas,HOMFLY_PT_plus_Theta,40730,4,6,1,1,0,0,0,0
atlas,HOMFLY_PT_plus_Theta,40757,2,1,1,1,0,0,0,0
atlas,HOMFLY_PT_plus_Theta,40876,2,1,1,1,0,0,0,0
atlas,HOMFLY_PT_plus_Theta,41026,2,1,1,1,0,0,0,0
atlas,HOMFLY_PT_plus_Theta,41088,2,1,1,1,0,0,0,0
atlas,HOMFLY_PT_plus_Theta,41090,2,1,1,1,0,0,0,0
atlas,HOMFLY_PT_plus_Theta,41186,2,1,1,1,0,0,0,0
atlas,HOMFLY_PT_plus_Theta,41220,2,1,1,1,0,0,0,0
atlas,HOMFLY_PT_plus_Theta,41222,2,1,1,1,0,0,0,0
atlas,HOMFLY_PT_plus_Theta,41235,2,1,1,1,0,0,0,0
atlas,HOMFLY_PT_plus_Theta,41418,2,1,1,1,0,0,0,0
atlas,HOMFLY_PT_plus_Theta,41419,2,1,1,1,0,0,0,0
atlas,HOMFLY_PT_plus_Theta,41430,2,1,1,1,0,0,0,0
atlas,HOMFLY_PT_plus_Theta,41470,2,1,1,1,0,0,0,0
atlas,HOMFLY_PT_plus_Theta,41577,2,1,1,1,0,0,0,0
atlas,HOMFLY_PT_plus_Theta,41578,2,1,1,1,0,0,0,0
atlas,HOMFLY_PT_plus_Theta,41794,2,1,1,1,0,0,0,0
atlas,HOMFLY_PT_plus_Theta,41841,2,1,1,1,0,0,0,0
atlas,HOMFLY_PT_plus_Theta,41854,2,1,1,1,0,0,0,0
atlas,HOMFLY_PT_plus_Theta,42035,3,3,1,1,0,0,0,0
atlas,HOMFLY_PT_plus_Theta,42051,2,1,1,1,0,0,0,0
atlas,HOMFLY_PT_plus_Theta,42054,2,1,1,1,0,0,0,0
atlas,HOMFLY_PT_plus_Theta,42091,2,1,1,1,0,0,0,0
atlas,HOMFLY_PT_plus_Theta,42126,2,1,1,1,0,0,0,0
atlas,HOMFLY_PT_plus_Theta,42270,2,1,1,1,0,0,0,0
atlas,HOMFLY_PT_plus_Theta,42298,2,1,1,1,0,0,0,0
atlas,HOMFLY_PT_plus_Theta,42302,2,1,1,1,0,0,0,0
atlas,HOMFLY_PT_plus_Theta,42371,2,1,1,1,0,0,0,0
atlas,HOMFLY_PT_plus_Theta,42396,2,1,1,1,0,0,0,0
atlas,HOMFLY_PT_plus_Theta,42543,2,1,1,1,0,0,0,0
atlas,HOMFLY_PT_plus_Theta,42545,2,1,1,1,0,0,0,0
atlas,HOMFLY_PT_plus_Theta,42578,2,1,1,1,0,0,0,0
atlas,HOMFLY_PT_plus_Theta,42592,4,6,1,1,0,0,0,0
atlas,HOMFLY_PT_plus_Theta,42642,2,1,1,1,0,0,0,0
atlas,HOMFLY_PT_plus_Theta,42910,2,1,1,1,0,0,0,0
atlas,HOMFLY_PT_plus_Theta,42921,2,1,1,1,0,0,0,0
atlas,HOMFLY_PT_plus_Theta,42972,2,1,1,1,0,0,0,0
atlas,HOMFLY_PT_plus_Theta,43054,2,1,1,1,0,0,0,0
atlas,HOMFLY_PT_plus_Theta,43086,2,1,1,1,0,0,0,0
atlas,HOMFLY_PT_plus_Theta,43130,2,1,1,1,0,0,0,0
atlas,HOMFLY_PT_plus_Theta,43131,2,1,1,1,0,0,0,0
atlas,HOMFLY_PT_plus_Theta,43185,2,1,1,1,0,0,0,0
atlas,HOMFLY_PT_plus_Theta,43233,2,1,1,1,0,0,0,0
atlas,HOMFLY_PT_plus_Theta,43257,2,1,1,1,0,0,0,0
atlas,HOMFLY_PT_plus_Theta,43311,2,1,1,1,0,0,0,0
atlas,HOMFLY_PT_plus_Theta,43428,2,1,1,1,0,0,0,0
atlas,HOMFLY_PT_plus_Theta,43493,2,1,1,1,0,0,0,0
atlas,HOMFLY_PT_plus_Theta,43500,2,1,1,1,0,0,0,0
atlas,HOMFLY_PT_plus_Theta,43511,2,1,1,1,0,0,0,0
atlas,HOMFLY_PT_plus_Theta,43778,2,1,1,1,0,0,0,0
atlas,HOMFLY_PT_plus_Theta,43789,2,1,1,1,0,0,0,0
atlas,HOMFLY_PT_plus_Theta,43797,2,1,1,1,0,0,0,0
atlas,HOMFLY_PT_plus_Theta,43798,2,1,1,1,0,0,0,0
atlas,HOMFLY_PT_plus_Theta,44011,2,1,1,1,0,0,0,0
atlas,HOMFLY_PT_plus_Theta,44058,2,1,1,1,0,0,0,0
atlas,HOMFLY_PT_plus_Theta,44079,2,1,1,1,0,0,0,0
atlas,HOMFLY_PT_plus_Theta,44088,2,1,1,1,0,0,0,0
atlas,HOMFLY_PT_plus_Theta,44090,2,1,1,1,0,0,0,0
atlas,HOMFLY_PT_plus_Theta,44092,2,1,1,1,0,0,0,0
atlas,HOMFLY_PT_plus_Theta,44296,2,1,1,1,0,0,0,0
atlas,HOMFLY_PT_plus_Theta,44297,2,1,1,1,0,0,0,0
atlas,HOMFLY_PT_plus_Theta,44303,2,1,1,1,0,0,0,0
atlas,HOMFLY_PT_plus_Theta,44368,2,1,1,1,0,0,0,0
atlas,HOMFLY_PT_plus_Theta,44487,2,1,1,1,0,0,0,0
atlas,HOMFLY_PT_plus_Theta,44488,2,1,1,1,0,0,0,0
atlas,HOMFLY_PT_plus_Theta,44553,2,1,1,1,0,0,0,0
atlas,HOMFLY_PT_plus_Theta,44590,2,1,1,1,0,0,0,0
atlas,HOMFLY_PT_plus_Theta,44649,2,1,1,1,0,0,0,0
atlas,HOMFLY_PT_plus_Theta,44653,2,1,1,1,0,0,0,0
atlas,HOMFLY_PT_plus_Theta,44676,2,1,1,1,0,0,0,0
atlas,HOMFLY_PT_plus_Theta,44719,2,1,1,1,0,0,0,0
atlas,HOMFLY_PT_plus_Theta,44794,2,1,1,1,0,0,0,0
atlas,HOMFLY_PT_plus_Theta,44840,2,1,1,1,0,0,0,0
atlas,HOMFLY_PT_plus_Theta,44871,2,1,1,1,0,0,0,0
atlas,HOMFLY_PT_plus_Theta,44874,2,1,1,1,0,0,0,0
atlas,HOMFLY_PT_plus_Theta,44898,2,1,1,1,0,0,0,0
atlas,HOMFLY_PT_plus_Theta,44916,2,1,1,1,0,0,0,0
atlas,HOMFLY_PT_plus_Theta,44917,2,1,1,1,0,0,0,0
atlas,HOMFLY_PT_plus_Theta,45008,2,1,1,1,0,0,0,0
atlas,HOMFLY_PT_plus_Theta,45025,2,1,1,1,0,0,0,0
atlas,HOMFLY_PT_plus_Theta,45029,2,1,1,1,0,0,0,0
atlas,HOMFLY_PT_plus_Theta,45031,2,1,1,1,0,0,0,0
atlas,HOMFLY_PT_plus_Theta,45178,2,1,1,1,0,0,0,0
atlas,HOMFLY_PT_plus_Theta,45210,2,1,1,1,0,0,0,0
atlas,HOMFLY_PT_plus_Theta,45304,2,1,1,1,0,0,0,0
atlas,HOMFLY_PT_plus_Theta,45409,2,1,1,1,0,0,0,0
atlas,HOMFLY_PT_plus_Theta,45437,2,1,1,1,0,0,0,0
atlas,HOMFLY_PT_plus_Theta,45485,2,1,1,1,0,0,0,0
atlas,HOMFLY_PT_plus_Theta,45498,2,1,1,1,0,0,0,0
atlas,HOMFLY_PT_plus_Theta,45517,2,1,1,1,0,0,0,0
atlas,HOMFLY_PT_plus_Theta,45559,2,1,1,1,0,0,0,0
atlas,HOMFLY_PT_plus_Theta,45564,4,6,1,1,0,0,0,0
atlas,HOMFLY_PT_plus_Theta,45626,2,1,1,1,0,0,0,0
atlas,HOMFLY_PT_plus_Theta,45628,2,1,1,1,0,0,0,0
atlas,HOMFLY_PT_plus_Theta,45697,2,1,1,1,0,0,0,0
atlas,HOMFLY_PT_plus_Theta,45836,2,1,1,1,0,0,0,0
atlas,HOMFLY_PT_plus_Theta,45838,2,1,1,1,0,0,0,0
atlas,HOMFLY_PT_plus_Theta,45889,4,6,1,1,0,0,0,0
atlas,HOMFLY_PT_plus_Theta,45930,2,1,1,1,0,0,0,0
atlas,HOMFLY_PT_plus_Theta,46023,4,6,1,1,0,0,0,0
atlas,HOMFLY_PT_plus_Theta,46036,2,1,1,1,0,0,0,0
atlas,HOMFLY_PT_plus_Theta,46037,2,1,1,1,0,0,0,0
atlas,HOMFLY_PT_plus_Theta,46073,2,1,1,1,0,0,0,0
atlas,HOMFLY_PT_plus_Theta,46089,2,1,1,1,0,0,0,0
atlas,HOMFLY_PT_plus_Theta,46133,2,1,1,1,0,0,0,0
atlas,HOMFLY_PT_plus_Theta,46206,2,1,1,1,0,0,0,0
atlas,HOMFLY_PT_plus_Theta,46246,2,1,1,1,0,0,0,0
atlas,HOMFLY_PT_plus_Theta,46247,2,1,1,1,0,0,0,0
atlas,HOMFLY_PT_plus_Theta,46299,2,1,1,1,0,0,0,0
atlas,HOMFLY_PT_plus_Theta,46334,2,1,1,1,0,0,0,0
atlas,HOMFLY_PT_plus_Theta,46560,3,3,1,1,0,0,0,0
atlas,HOMFLY_PT_plus_Theta,46615,2,1,1,1,0,0,0,0
atlas,HOMFLY_PT_plus_Theta,46661,2,1,1,1,0,0,0,0
atlas,HOMFLY_PT_plus_Theta,46723,2,1,1,1,0,0,0,0
atlas,HOMFLY_PT_plus_Theta,46781,2,1,1,1,0,0,0,0
atlas,HOMFLY_PT_plus_Theta,46882,2,1,1,1,0,0,0,0
atlas,HOMFLY_PT_plus_Theta,46990,2,1,1,1,0,0,0,0
atlas,HOMFLY_PT_plus_Theta,47032,2,1,1,1,0,0,0,0
atlas,HOMFLY_PT_plus_Theta,47043,2,1,1,1,0,0,0,0
atlas,HOMFLY_PT_plus_Theta,47045,2,1,1,1,0,0,0,0
atlas,HOMFLY_PT_plus_Theta,47059,2,1,1,1,0,0,0,0
atlas,HOMFLY_PT_plus_Theta,47149,2,1,1,1,0,0,0,0
atlas,HOMFLY_PT_plus_Theta,47150,2,1,1,1,0,0,0,0
atlas,HOMFLY_PT_plus_Theta,47232,2,1,1,1,0,0,0,0
atlas,HOMFLY_PT_plus_Theta,47254,2,1,1,1,0,0,0,0
atlas,HOMFLY_PT_plus_Theta,47397,2,1,1,1,0,0,0,0
atlas,HOMFLY_PT_plus_Theta,47398,2,1,1,1,0,0,0,0
atlas,HOMFLY_PT_plus_Theta,47443,2,1,1,1,0,0,0,0
atlas,HOMFLY_PT_plus_Theta,47522,2,1,1,1,0,0,0,0
atlas,HOMFLY_PT_plus_Theta,47538,2,1,1,1,0,0,0,0
atlas,HOMFLY_PT_plus_Theta,47553,2,1,1,1,0,0,0,0
atlas,HOMFLY_PT_plus_Theta,47639,2,1,1,1,0,0,0,0
atlas,HOMFLY_PT_plus_Theta,47713,2,1,1,1,0,0,0,0
atlas,HOMFLY_PT_plus_Theta,47764,2,1,1,1,0,0,0,0
atlas,HOMFLY_PT_plus_Theta,47789,2,1,1,1,0,0,0,0
atlas,HOMFLY_PT_plus_Theta,47875,2,1,1,1,0,0,0,0
atlas,HOMFLY_PT_plus_Theta,47880,2,1,1,1,0,0,0,0
atlas,HOMFLY_PT_plus_Theta,48034,2,1,1,1,0,0,0,0
atlas,HOMFLY_PT_plus_Theta,48084,2,1,1,1,0,0,0,0
atlas,HOMFLY_PT_plus_Theta,48108,2,1,1,1,0,0,0,0
atlas,HOMFLY_PT_plus_Theta,48244,2,1,1,1,0,0,0,0
atlas,HOMFLY_PT_plus_Theta,48321,2,1,1,1,0,0,0,0
atlas,HOMFLY_PT_plus_Theta,48336,2,1,1,1,0,0,0,0
atlas,HOMFLY_PT_plus_Theta,48374,2,1,1,1,0,0,0,0
atlas,HOMFLY_PT_plus_Theta,48395,2,1,1,1,0,0,0,0
atlas,HOMFLY_PT_plus_Theta,48398,2,1,1,1,0,0,0,0
atlas,HOMFLY_PT_plus_Theta,48416,2,1,1,1,0,0,0,0
atlas,HOMFLY_PT_plus_Theta,48427,2,1,1,1,0,0,0,0
atlas,HOMFLY_PT_plus_Theta,48440,4,6,1,1,0,0,0,0
atlas,HOMFLY_PT_plus_Theta,48453,2,1,1,1,0,0,0,0
atlas,HOMFLY_PT_plus_Theta,48462,2,1,1,1,0,0,0,0
atlas,HOMFLY_PT_plus_Theta,48466,2,1,1,1,0,0,0,0
atlas,HOMFLY_PT_plus_Theta,48468,4,6,1,1,0,0,0,0
atlas,HOMFLY_PT_plus_Theta,48495,2,1,1,1,0,0,0,0
atlas,HOMFLY_PT_plus_Theta,48511,2,1,1,1,0,0,0,0
atlas,HOMFLY_PT_plus_Theta,48519,2,1,1,1,0,0,0,0
atlas,HOMFLY_PT_plus_Theta,48576,2,1,1,1,0,0,0,0
atlas,HOMFLY_PT_plus_Theta,48717,2,1,1,1,0,0,0,0
atlas,HOMFLY_PT_plus_Theta,48784,2,1,1,1,0,0,0,0
atlas,HOMFLY_PT_plus_Theta,48824,2,1,1,1,0,0,0,0
atlas,HOMFLY_PT_plus_Theta,48849,2,1,1,1,0,0,0,0
atlas,HOMFLY_PT_plus_Theta,48883,2,1,1,1,0,0,0,0
atlas,HOMFLY_PT_plus_Theta,48954,3,3,1,1,0,0,0,0
atlas,HOMFLY_PT_plus_Theta,48968,2,1,1,1,0,0,0,0
atlas,HOMFLY_PT_plus_Theta,49009,2,1,1,1,0,0,0,0
atlas,HOMFLY_PT_plus_Theta,49128,2,1,1,1,0,0,0,0
atlas,HOMFLY_PT_plus_Theta,49129,2,1,1,1,0,0,0,0
atlas,HOMFLY_PT_plus_Theta,49131,2,1,1,1,0,0,0,0
atlas,HOMFLY_PT_plus_Theta,49191,2,1,1,1,0,0,0,0
atlas,HOMFLY_PT_plus_Theta,49359,2,1,1,1,0,0,0,0
atlas,HOMFLY_PT_plus_Theta,49423,2,1,1,1,0,0,0,0
atlas,HOMFLY_PT_plus_Theta,49426,2,1,1,1,0,0,0,0
atlas,HOMFLY_PT_plus_Theta,49427,2,1,1,1,0,0,0,0
atlas,HOMFLY_PT_plus_Theta,49546,2,1,1,1,0,0,0,0
atlas,HOMFLY_PT_plus_Theta,49561,2,1,1,1,0,0,0,0
atlas,HOMFLY_PT_plus_Theta,49594,2,1,1,1,0,0,0,0
atlas,HOMFLY_PT_plus_Theta,49611,2,1,1,1,0,0,0,0
atlas,HOMFLY_PT_plus_Theta,49617,2,1,1,1,0,0,0,0
atlas,HOMFLY_PT_plus_Theta,49704,2,1,1,1,0,0,0,0
atlas,HOMFLY_PT_plus_Theta,49743,2,1,1,1,0,0,0,0
atlas,HOMFLY_PT_plus_Theta,49746,2,1,1,1,0,0,0,0
atlas,HOMFLY_PT_plus_Theta,49760,2,1,1,1,0,0,0,0
atlas,HOMFLY_PT_plus_Theta,49790,2,1,1,1,0,0,0,0
atlas,HOMFLY_PT_plus_Theta,49793,2,1,1,1,0,0,0,0
atlas,HOMFLY_PT_plus_Theta,49859,2,1,1,1,0,0,0,0
atlas,HOMFLY_PT_plus_Theta,49862,2,1,1,1,0,0,0,0
atlas,HOMFLY_PT_plus_Theta,49950,2,1,1,1,0,0,0,0
atlas,HOMFLY_PT_plus_Theta,50020,2,1,1,1,0,0,0,0
atlas,HOMFLY_PT_plus_Theta,50103,2,1,1,1,0,0,0,0
atlas,HOMFLY_PT_plus_Theta,50151,2,1,1,1,0,0,0,0
atlas,HOMFLY_PT_plus_Theta,50445,2,1,1,1,0,0,0,0
atlas,HOMFLY_PT_plus_Theta,50516,2,1,1,1,0,0,0,0
atlas,HOMFLY_PT_plus_Theta,50525,2,1,1,1,0,0,0,0
atlas,HOMFLY_PT_plus_Theta,50541,2,1,1,1,0,0,0,0
atlas,HOMFLY_PT_plus_Theta,50549,2,1,1,1,0,0,0,0
atlas,HOMFLY_PT_plus_Theta,50658,4,6,1,1,0,0,0,0
atlas,HOMFLY_PT_plus_Theta,50713,2,1,1,1,0,0,0,0
atlas,HOMFLY_PT_plus_Theta,50745,2,1,1,1,0,0,0,0
atlas,HOMFLY_PT_plus_Theta,50764,2,1,1,1,0,0,0,0
atlas,HOMFLY_PT_plus_Theta,50882,2,1,1,1,0,0,0,0
atlas,HOMFLY_PT_plus_Theta,50951,2,1,1,1,0,0,0,0
atlas,HOMFLY_PT_plus_Theta,50954,2,1,1,1,0,0,0,0
atlas,HOMFLY_PT_plus_Theta,51013,2,1,1,1,0,0,0,0
atlas,HOMFLY_PT_plus_Theta,51061,2,1,1,1,0,0,0,0
atlas,HOMFLY_PT_plus_Theta,51088,2,1,1,1,0,0,0,0
atlas,HOMFLY_PT_plus_Theta,51106,2,1,1,1,0,0,0,0
atlas,HOMFLY_PT_plus_Theta,51246,2,1,1,1,0,0,0,0
atlas,HOMFLY_PT_plus_Theta,51291,2,1,1,1,0,0,0,0
atlas,HOMFLY_PT_plus_Theta,51326,2,1,1,1,0,0,0,0
atlas,HOMFLY_PT_plus_Theta,51444,2,1,1,1,0,0,0,0
atlas,HOMFLY_PT_plus_Theta,51497,2,1,1,1,0,0,0,0
atlas,HOMFLY_PT_plus_Theta,51508,2,1,1,1,0,0,0,0
atlas,HOMFLY_PT_plus_Theta,51520,2,1,1,1,0,0,0,0
atlas,HOMFLY_PT_plus_Theta,51556,2,1,1,1,0,0,0,0
atlas,HOMFLY_PT_plus_Theta,51652,2,1,1,1,0,0,0,0
atlas,HOMFLY_PT_plus_Theta,51675,2,1,1,1,0,0,0,0
atlas,HOMFLY_PT_plus_Theta,51755,2,1,1,1,0,0,0,0
atlas,HOMFLY_PT_plus_Theta,51760,2,1,1,1,0,0,0,0
atlas,HOMFLY_PT_plus_Theta,51972,2,1,1,1,0,0,0,0
atlas,HOMFLY_PT_plus_Theta,51978,2,1,1,1,0,0,0,0
atlas,HOMFLY_PT_plus_Theta,52019,2,1,1,1,0,0,0,0
atlas,HOMFLY_PT_plus_Theta,52032,2,1,1,1,0,0,0,0
atlas,HOMFLY_PT_plus_Theta,52033,2,1,1,1,0,0,0,0
atlas,HOMFLY_PT_plus_Theta,52091,2,1,1,1,0,0,0,0
atlas,HOMFLY_PT_plus_Theta,52098,2,1,1,1,0,0,0,0
atlas,HOMFLY_PT_plus_Theta,52137,4,6,1,1,0,0,0,0
atlas,HOMFLY_PT_plus_Theta,52170,2,1,1,1,0,0,0,0
atlas,HOMFLY_PT_plus_Theta,52189,2,1,1,1,0,0,0,0
atlas,HOMFLY_PT_plus_Theta,52314,2,1,1,1,0,0,0,0
atlas,HOMFLY_PT_plus_Theta,52369,2,1,1,1,0,0,0,0
atlas,HOMFLY_PT_plus_Theta,52397,2,1,1,1,0,0,0,0
atlas,HOMFLY_PT_plus_Theta,52469,2,1,1,1,0,0,0,0
atlas,HOMFLY_PT_plus_Theta,52603,2,1,1,1,0,0,0,0
atlas,HOMFLY_PT_plus_Theta,52614,2,1,1,1,0,0,0,0
atlas,HOMFLY_PT_plus_Theta,52622,2,1,1,1,0,0,0,0
atlas,HOMFLY_PT_plus_Theta,52758,2,1,1,1,0,0,0,0
atlas,HOMFLY_PT_plus_Theta,52776,2,1,1,1,0,0,0,0
atlas,HOMFLY_PT_plus_Theta,52777,2,1,1,1,0,0,0,0
atlas,HOMFLY_PT_plus_Theta,52803,2,1,1,1,0,0,0,0
atlas,HOMFLY_PT_plus_Theta,52921,2,1,1,1,0,0,0,0
atlas,HOMFLY_PT_plus_Theta,52945,2,1,1,1,0,0,0,0
atlas,HOMFLY_PT_plus_Theta,52991,2,1,1,1,0,0,0,0
atlas,HOMFLY_PT_plus_Theta,53290,2,1,1,1,0,0,0,0
atlas,HOMFLY_PT_plus_Theta,53317,2,1,1,1,0,0,0,0
atlas,HOMFLY_PT_plus_Theta,53323,2,1,1,1,0,0,0,0
atlas,HOMFLY_PT_plus_Theta,53432,2,1,1,1,0,0,0,0
atlas,HOMFLY_PT_plus_Theta,53477,2,1,1,1,0,0,0,0
atlas,HOMFLY_PT_plus_Theta,53517,2,1,1,1,0,0,0,0
atlas,HOMFLY_PT_plus_Theta,53547,2,1,1,1,0,0,0,0
atlas,HOMFLY_PT_plus_Theta,53557,4,6,1,1,0,0,0,0
atlas,HOMFLY_PT_plus_Theta,53576,2,1,1,1,0,0,0,0
atlas,HOMFLY_PT_plus_Theta,53598,2,1,1,1,0,0,0,0
atlas,HOMFLY_PT_plus_Theta,53645,2,1,1,1,0,0,0,0
atlas,HOMFLY_PT_plus_Theta,53882,2,1,1,1,0,0,0,0
atlas,HOMFLY_PT_plus_Theta,53914,2,1,1,1,0,0,0,0
atlas,HOMFLY_PT_plus_Theta,53918,2,1,1,1,0,0,0,0
atlas,HOMFLY_PT_plus_Theta,53947,2,1,1,1,0,0,0,0
atlas,HOMFLY_PT_plus_Theta,53959,2,1,1,1,0,0,0,0
atlas,HOMFLY_PT_plus_Theta,53971,2,1,1,1,0,0,0,0
atlas,HOMFLY_PT_plus_Theta,53972,2,1,1,1,0,0,0,0
atlas,HOMFLY_PT_plus_Theta,53996,4,6,1,1,0,0,0,0
atlas,HOMFLY_PT_plus_Theta,54000,2,1,1,1,0,0,0,0
atlas,HOMFLY_PT_plus_Theta,54042,2,1,1,1,0,0,0,0
atlas,HOMFLY_PT_plus_Theta,54057,2,1,1,1,0,0,0,0
atlas,HOMFLY_PT_plus_Theta,54149,2,1,1,1,0,0,0,0
atlas,HOMFLY_PT_plus_Theta,54195,2,1,1,1,0,0,0,0
atlas,HOMFLY_PT_plus_Theta,54196,2,1,1,1,0,0,0,0
atlas,HOMFLY_PT_plus_Theta,54200,2,1,1,1,0,0,0,0
atlas,HOMFLY_PT_plus_Theta,54359,2,1,1,1,0,0,0,0
atlas,HOMFLY_PT_plus_Theta,54371,2,1,1,1,0,0,0,0
atlas,HOMFLY_PT_plus_Theta,54420,2,1,1,1,0,0,0,0
atlas,HOMFLY_PT_plus_Theta,54468,2,1,1,1,0,0,0,0
atlas,HOMFLY_PT_plus_Theta,54469,2,1,1,1,0,0,0,0
atlas,HOMFLY_PT_plus_Theta,54506,2,1,1,1,0,0,0,0
atlas,HOMFLY_PT_plus_Theta,54772,2,1,1,1,0,0,0,0
atlas,HOMFLY_PT_plus_Theta,54795,2,1,1,1,0,0,0,0
atlas,HOMFLY_PT_plus_Theta,54823,2,1,1,1,0,0,0,0
atlas,HOMFLY_PT_plus_Theta,54864,2,1,1,1,0,0,0,0
atlas,HOMFLY_PT_plus_Theta,54871,2,1,1,1,0,0,0,0
atlas,HOMFLY_PT_plus_Theta,54900,2,1,1,1,0,0,0,0
atlas,HOMFLY_PT_plus_Theta,54997,4,6,1,1,0,0,0,0
atlas,HOMFLY_PT_plus_Theta,55055,2,1,1,1,0,0,0,0
atlas,HOMFLY_PT_plus_Theta,55056,2,1,1,1,0,0,0,0
atlas,HOMFLY_PT_plus_Theta,55109,2,1,1,1,0,0,0,0
atlas,HOMFLY_PT_plus_Theta,55140,2,1,1,1,0,0,0,0
atlas,HOMFLY_PT_plus_Theta,55166,2,1,1,1,0,0,0,0
atlas,HOMFLY_PT_plus_Theta,55174,2,1,1,1,0,0,0,0
atlas,HOMFLY_PT_plus_Theta,55182,2,1,1,1,0,0,0,0
atlas,HOMFLY_PT_plus_Theta,55227,2,1,1,1,0,0,0,0
atlas,HOMFLY_PT_plus_Theta,55312,2,1,1,1,0,0,0,0
atlas,HOMFLY_PT_plus_Theta,55437,2,1,1,1,0,0,0,0
atlas,HOMFLY_PT_plus_Theta,55515,2,1,1,1,0,0,0,0
atlas,HOMFLY_PT_plus_Theta,55530,2,1,1,1,0,0,0,0
atlas,HOMFLY_PT_plus_Theta,55551,2,1,1,1,0,0,0,0
atlas,HOMFLY_PT_plus_Theta,55629,2,1,1,1,0,0,0,0
atlas,HOMFLY_PT_plus_Theta,55632,2,1,1,1,0,0,0,0
atlas,HOMFLY_PT_plus_Theta,55633,2,1,1,1,0,0,0,0
atlas,HOMFLY_PT_plus_Theta,55806,2,1,1,1,0,0,0,0
atlas,HOMFLY_PT_plus_Theta,56057,4,6,1,1,0,0,0,0
atlas,HOMFLY_PT_plus_Theta,56069,2,1,1,1,0,0,0,0
atlas,HOMFLY_PT_plus_Theta,56083,2,1,1,1,0,0,0,0
atlas,HOMFLY_PT_plus_Theta,56112,2,1,1,1,0,0,0,0
atlas,HOMFLY_PT_plus_Theta,56122,2,1,1,1,0,0,0,0
atlas,HOMFLY_PT_plus_Theta,56123,2,1,1,1,0,0,0,0
atlas,HOMFLY_PT_plus_Theta,56298,2,1,1,1,0,0,0,0
atlas,HOMFLY_PT_plus_Theta,56335,2,1,1,1,0,0,0,0
atlas,HOMFLY_PT_plus_Theta,56339,2,1,1,1,0,0,0,0
atlas,HOMFLY_PT_plus_Theta,56391,2,1,1,1,0,0,0,0
atlas,HOMFLY_PT_plus_Theta,56410,2,1,1,1,0,0,0,0
atlas,HOMFLY_PT_plus_Theta,56434,2,1,1,1,0,0,0,0
atlas,HOMFLY_PT_plus_Theta,56476,2,1,1,1,0,0,0,0
atlas,HOMFLY_PT_plus_Theta,56500,2,1,1,1,0,0,0,0
atlas,HOMFLY_PT_plus_Theta,56569,2,1,1,1,0,0,0,0
atlas,HOMFLY_PT_plus_Theta,56609,5,10,1,1,0,0,0,0
atlas,HOMFLY_PT_plus_Theta,56646,2,1,1,1,0,0,0,0
atlas,HOMFLY_PT_plus_Theta,56693,2,1,1,1,0,0,0,0
atlas,HOMFLY_PT_plus_Theta,56771,2,1,1,1,0,0,0,0
atlas,HOMFLY_PT_plus_Theta,56774,2,1,1,1,0,0,0,0
atlas,HOMFLY_PT_plus_Theta,56797,2,1,1,1,0,0,0,0
atlas,HOMFLY_PT_plus_Theta,56912,2,1,1,1,0,0,0,0
atlas,HOMFLY_PT_plus_Theta,56943,2,1,1,1,0,0,0,0
atlas,HOMFLY_PT_plus_Theta,56951,2,1,1,1,0,0,0,0
atlas,HOMFLY_PT_plus_Theta,57071,2,1,1,1,0,0,0,0
atlas,HOMFLY_PT_plus_Theta,57168,2,1,1,1,0,0,0,0
atlas,HOMFLY_PT_plus_Theta,57195,2,1,1,1,0,0,0,0
atlas,HOMFLY_PT_plus_Theta,57277,2,1,1,1,0,0,0,0
atlas,HOMFLY_PT_plus_Theta,57357,2,1,1,1,0,0,0,0
atlas,HOMFLY_PT_plus_Theta,57374,2,1,1,1,0,0,0,0
atlas,HOMFLY_PT_plus_Theta,57397,2,1,1,1,0,0,0,0
atlas,HOMFLY_PT_plus_Theta,57436,4,6,1,1,0,0,0,0
atlas,HOMFLY_PT_plus_Theta,57495,2,1,1,1,0,0,0,0
atlas,HOMFLY_PT_plus_Theta,57585,2,1,1,1,0,0,0,0
atlas,HOMFLY_PT_plus_Theta,57672,2,1,1,1,0,0,0,0
atlas,HOMFLY_PT_plus_Theta,57707,2,1,1,1,0,0,0,0
atlas,HOMFLY_PT_plus_Theta,57718,2,1,1,1,0,0,0,0
atlas,HOMFLY_PT_plus_Theta,57736,2,1,1,1,0,0,0,0
atlas,HOMFLY_PT_plus_Theta,57737,2,1,1,1,0,0,0,0
atlas,HOMFLY_PT_plus_Theta,57747,2,1,1,1,0,0,0,0
atlas,HOMFLY_PT_plus_Theta,57760,2,1,1,1,0,0,0,0
atlas,HOMFLY_PT_plus_Theta,57762,2,1,1,1,0,0,0,0
atlas,HOMFLY_PT_plus_Theta,57838,2,1,1,1,0,0,0,0
atlas,HOMFLY_PT_plus_Theta,57857,2,1,1,1,0,0,0,0
atlas,HOMFLY_PT_plus_Theta,57870,2,1,1,1,0,0,0,0
atlas,HOMFLY_PT_plus_Theta,57891,2,1,1,1,0,0,0,0
atlas,HOMFLY_PT_plus_Theta,57975,2,1,1,1,0,0,0,0
atlas,HOMFLY_PT_plus_Theta,57996,2,1,1,1,0,0,0,0
atlas,HOMFLY_PT_plus_Theta,58058,2,1,1,1,0,0,0,0
atlas,HOMFLY_PT_plus_Theta,58094,2,1,1,1,0,0,0,0
atlas,HOMFLY_PT_plus_Theta,58204,2,1,1,1,0,0,0,0
atlas,HOMFLY_PT_plus_Theta,58224,2,1,1,1,0,0,0,0
atlas,HOMFLY_PT_plus_Theta,58225,2,1,1,1,0,0,0,0
atlas,HOMFLY_PT_plus_Theta,58238,2,1,1,1,0,0,0,0
atlas,HOMFLY_PT_plus_Theta,58272,4,6,1,1,0,0,0,0
atlas,HOMFLY_PT_plus_Theta,58313,2,1,1,1,0,0,0,0
atlas,HOMFLY_PT_plus_Theta,58344,2,1,1,1,0,0,0,0
atlas,HOMFLY_PT_plus_Theta,58358,2,1,1,1,0,0,0,0
atlas,HOMFLY_PT_plus_Theta,58482,2,1,1,1,0,0,0,0
atlas,HOMFLY_PT_plus_Theta,58558,4,6,1,1,0,0,0,0
atlas,HOMFLY_PT_plus_Theta,58610,2,1,1,1,0,0,0,0
atlas,HOMFLY_PT_plus_Theta,58654,2,1,1,1,0,0,0,0
atlas,HOMFLY_PT_plus_Theta,58701,2,1,1,1,0,0,0,0
atlas,HOMFLY_PT_plus_Theta,58711,2,1,1,1,0,0,0,0
atlas,HOMFLY_PT_plus_Theta,58740,2,1,1,1,0,0,0,0
atlas,HOMFLY_PT_plus_Theta,58839,2,1,1,1,0,0,0,0
atlas,HOMFLY_PT_plus_Theta,58871,2,1,1,1,0,0,0,0
atlas,HOMFLY_PT_plus_Theta,58930,2,1,1,1,0,0,0,0
atlas,HOMFLY_PT_plus_Theta,58945,4,6,1,1,0,0,0,0
atlas,HOMFLY_PT_plus_Theta,58981,2,1,1,1,0,0,0,0
atlas,HOMFLY_PT_plus_Theta,58983,2,1,1,1,0,0,0,0
atlas,HOMFLY_PT_plus_Theta,58985,2,1,1,1,0,0,0,0
atlas,HOMFLY_PT_plus_Theta,59054,2,1,1,1,0,0,0,0
atlas,HOMFLY_PT_plus_Theta,59101,2,1,1,1,0,0,0,0
atlas,HOMFLY_PT_plus_Theta,59189,2,1,1,1,0,0,0,0
atlas,HOMFLY_PT_plus_Theta,59192,2,1,1,1,0,0,0,0
atlas,HOMFLY_PT_plus_Theta,59288,2,1,1,1,0,0,0,0
atlas,HOMFLY_PT_plus_Theta,59297,2,1,1,1,0,0,0,0
atlas,HOMFLY_PT_plus_Theta,59365,2,1,1,1,0,0,0,0
atlas,HOMFLY_PT_plus_Theta,59440,2,1,1,1,0,0,0,0
atlas,HOMFLY_PT_plus_Theta,59466,2,1,1,1,0,0,0,0
atlas,HOMFLY_PT_plus_Theta,59682,2,1,1,1,0,0,0,0
atlas,HOMFLY_PT_plus_Theta,59717,2,1,1,1,0,0,0,0
atlas,HOMFLY_PT_plus_Theta,59746,2,1,1,1,0,0,0,0
atlas,HOMFLY_PT_plus_Theta,59766,2,1,1,1,0,0,0,0
atlas,HOMFLY_PT_plus_Theta,59865,2,1,1,1,0,0,0,0
atlas,HOMFLY_PT_plus_Theta,59920,2,1,1,1,0,0,0,0
atlas,HOMFLY_PT_plus_Theta,59974,2,1,1,1,0,0,0,0
atlas,HOMFLY_PT_plus_Theta,60065,2,1,2,2,1,1,0,1
atlas,HOMFLY_PT_plus_Theta,60137,2,1,1,1,0,0,0,0
atlas,HOMFLY_PT_plus_Theta,60138,2,1,1,1,0,0,0,0
atlas,HOMFLY_PT_plus_Theta,60139,2,1,1,1,0,0,0,0
atlas,HOMFLY_PT_plus_Theta,60382,2,1,1,1,0,0,0,0
atlas,HOMFLY_PT_plus_Theta,60388,2,1,1,1,0,0,0,0
atlas,HOMFLY_PT_plus_Theta,60415,2,1,1,1,0,0,0,0
atlas,HOMFLY_PT_plus_Theta,60520,2,1,1,1,0,0,0,0
atlas,HOMFLY_PT_plus_Theta,60603,2,1,1,1,0,0,0,0
atlas,HOMFLY_PT_plus_Theta,60640,2,1,1,1,0,0,0,0
atlas,HOMFLY_PT_plus_Theta,60726,2,1,1,1,0,0,0,0
atlas,HOMFLY_PT_plus_Theta,60759,2,1,1,1,0,0,0,0
atlas,HOMFLY_PT_plus_Theta,60824,2,1,1,1,0,0,0,0
atlas,HOMFLY_PT_plus_Theta,60869,2,1,1,1,0,0,0,0
atlas,HOMFLY_PT_plus_Theta,61192,2,1,1,1,0,0,0,0
atlas,HOMFLY_PT_plus_Theta,61227,2,1,1,1,0,0,0,0
atlas,HOMFLY_PT_plus_Theta,61284,2,1,1,1,0,0,0,0
atlas,HOMFLY_PT_plus_Theta,61315,2,1,1,1,0,0,0,0
atlas,HOMFLY_PT_plus_Theta,61474,2,1,1,1,0,0,0,0
atlas,HOMFLY_PT_plus_Theta,61519,2,1,1,1,0,0,0,0
atlas,HOMFLY_PT_plus_Theta,61534,2,1,1,1,0,0,0,0
atlas,HOMFLY_PT_plus_Theta,61563,2,1,1,1,0,0,0,0
atlas,HOMFLY_PT_plus_Theta,61594,2,1,1,1,0,0,0,0
atlas,HOMFLY_PT_plus_Theta,61638,2,1,1,1,0,0,0,0
atlas,HOMFLY_PT_plus_Theta,61653,2,1,1,1,0,0,0,0
atlas,HOMFLY_PT_plus_Theta,61675,2,1,1,1,0,0,0,0
atlas,HOMFLY_PT_plus_Theta,61787,2,1,1,1,0,0,0,0
atlas,HOMFLY_PT_plus_Theta,61795,2,1,1,1,0,0,0,0
atlas,HOMFLY_PT_plus_Theta,61830,2,1,1,1,0,0,0,0
atlas,HOMFLY_PT_plus_Theta,61910,2,1,1,1,0,0,0,0
atlas,HOMFLY_PT_plus_Theta,62047,2,1,1,1,0,0,0,0
atlas,HOMFLY_PT_plus_Theta,62070,2,1,1,1,0,0,0,0
atlas,HOMFLY_PT_plus_Theta,62101,2,1,1,1,0,0,0,0
atlas,HOMFLY_PT_plus_Theta,62143,2,1,1,1,0,0,0,0
atlas,HOMFLY_PT_plus_Theta,62163,2,1,1,1,0,0,0,0
atlas,HOMFLY_PT_plus_Theta,62198,2,1,1,1,0,0,0,0
atlas,HOMFLY_PT_plus_Theta,62209,2,1,1,1,0,0,0,0
atlas,HOMFLY_PT_plus_Theta,62210,2,1,1,1,0,0,0,0
atlas,HOMFLY_PT_plus_Theta,62332,2,1,1,1,0,0,0,0
atlas,HOMFLY_PT_plus_Theta,62394,2,1,1,1,0,0,0,0
atlas,HOMFLY_PT_plus_Theta,62522,2,1,1,1,0,0,0,0
atlas,HOMFLY_PT_plus_Theta,62568,2,1,1,1,0,0,0,0
atlas,HOMFLY_PT_plus_Theta,62573,2,1,1,1,0,0,0,0
atlas,HOMFLY_PT_plus_Theta,62582,2,1,1,1,0,0,0,0
atlas,HOMFLY_PT_plus_Theta,62611,2,1,1,1,0,0,0,0
atlas,HOMFLY_PT_plus_Theta,62615,2,1,1,1,0,0,0,0
atlas,HOMFLY_PT_plus_Theta,62645,2,1,1,1,0,0,0,0
atlas,HOMFLY_PT_plus_Theta,62737,2,1,1,1,0,0,0,0
atlas,HOMFLY_PT_plus_Theta,62741,2,1,1,1,0,0,0,0
atlas,HOMFLY_PT_plus_Theta,62864,2,1,1,1,0,0,0,0
atlas,HOMFLY_PT_plus_Theta,62907,2,1,1,1,0,0,0,0
atlas,HOMFLY_PT_plus_Theta,62922,2,1,1,1,0,0,0,0
atlas,HOMFLY_PT_plus_Theta,62987,2,1,1,1,0,0,0,0
atlas,HOMFLY_PT_plus_Theta,63341,2,1,1,1,0,0,0,0
atlas,HOMFLY_PT_plus_Theta,63391,2,1,1,1,0,0,0,0
atlas,HOMFLY_PT_plus_Theta,63407,2,1,1,1,0,0,0,0
atlas,HOMFLY_PT_plus_Theta,63432,2,1,1,1,0,0,0,0
atlas,HOMFLY_PT_plus_Theta,63443,2,1,1,1,0,0,0,0
atlas,HOMFLY_PT_plus_Theta,63505,2,1,1,1,0,0,0,0
atlas,HOMFLY_PT_plus_Theta,63506,2,1,1,1,0,0,0,0
atlas,HOMFLY_PT_plus_Theta,63558,2,1,1,1,0,0,0,0
atlas,HOMFLY_PT_plus_Theta,63562,2,1,1,1,0,0,0,0
atlas,HOMFLY_PT_plus_Theta,63601,2,1,1,1,0,0,0,0
atlas,HOMFLY_PT_plus_Theta,63625,2,1,1,1,0,0,0,0
atlas,HOMFLY_PT_plus_Theta,63872,2,1,1,1,0,0,0,0
atlas,HOMFLY_PT_plus_Theta,63886,2,1,1,1,0,0,0,0
atlas,HOMFLY_PT_plus_Theta,63991,2,1,1,1,0,0,0,0
atlas,HOMFLY_PT_plus_Theta,64172,2,1,1,1,0,0,0,0
atlas,HOMFLY_PT_plus_Theta,64213,2,1,1,1,0,0,0,0
atlas,HOMFLY_PT_plus_Theta,64368,2,1,1,1,0,0,0,0
atlas,HOMFLY_PT_plus_Theta,64402,2,1,1,1,0,0,0,0
atlas,HOMFLY_PT_plus_Theta,64568,2,1,1,1,0,0,0,0
atlas,HOMFLY_PT_plus_Theta,64616,2,1,1,1,0,0,0,0
atlas,HOMFLY_PT_plus_Theta,64718,2,1,1,1,0,0,0,0
atlas,HOMFLY_PT_plus_Theta,64825,4,6,1,1,0,0,0,0
atlas,HOMFLY_PT_plus_Theta,64828,4,6,1,1,0,0,0,0
atlas,HOMFLY_PT_plus_Theta,64958,2,1,1,1,0,0,0,0
atlas,HOMFLY_PT_plus_Theta,65022,2,1,1,1,0,0,0,0
atlas,HOMFLY_PT_plus_Theta,65025,2,1,1,1,0,0,0,0
atlas,HOMFLY_PT_plus_Theta,65058,4,6,1,1,0,0,0,0
atlas,HOMFLY_PT_plus_Theta,65104,2,1,1,1,0,0,0,0
atlas,HOMFLY_PT_plus_Theta,65281,2,1,1,1,0,0,0,0
atlas,HOMFLY_PT_plus_Theta,65326,3,3,1,1,0,0,0,0
atlas,HOMFLY_PT_plus_Theta,65448,2,1,1,1,0,0,0,0
atlas,HOMFLY_PT_plus_Theta,65470,2,1,1,1,0,0,0,0
atlas,HOMFLY_PT_plus_Theta,65472,2,1,1,1,0,0,0,0
atlas,HOMFLY_PT_plus_Theta,65479,2,1,1,1,0,0,0,0
atlas,HOMFLY_PT_plus_Theta,65546,2,1,1,1,0,0,0,0
atlas,HOMFLY_PT_plus_Theta,65611,2,1,1,1,0,0,0,0
atlas,HOMFLY_PT_plus_Theta,65612,2,1,1,1,0,0,0,0
atlas,HOMFLY_PT_plus_Theta,65740,2,1,1,1,0,0,0,0
atlas,HOMFLY_PT_plus_Theta,65804,2,1,1,1,0,0,0,0
atlas,HOMFLY_PT_plus_Theta,65836,2,1,1,1,0,0,0,0
atlas,HOMFLY_PT_plus_Theta,65876,2,1,1,1,0,0,0,0
atlas,HOMFLY_PT_plus_Theta,66021,2,1,1,1,0,0,0,0
atlas,HOMFLY_PT_plus_Theta,66060,2,1,1,1,0,0,0,0
atlas,HOMFLY_PT_plus_Theta,66079,2,1,1,1,0,0,0,0
atlas,HOMFLY_PT_plus_Theta,66202,2,1,1,1,0,0,0,0
atlas,HOMFLY_PT_plus_Theta,66255,2,1,1,1,0,0,0,0
atlas,HOMFLY_PT_plus_Theta,66278,2,1,1,1,0,0,0,0
atlas,HOMFLY_PT_plus_Theta,66388,2,1,1,1,0,0,0,0
atlas,HOMFLY_PT_plus_Theta,66389,2,1,1,1,0,0,0,0
atlas,HOMFLY_PT_plus_Theta,66410,2,1,1,1,0,0,0,0
atlas,HOMFLY_PT_plus_Theta,66428,2,1,1,1,0,0,0,0
atlas,HOMFLY_PT_plus_Theta,66487,2,1,1,1,0,0,0,0
atlas,HOMFLY_PT_plus_Theta,66511,2,1,1,1,0,0,0,0
atlas,HOMFLY_PT_plus_Theta,66517,2,1,1,1,0,0,0,0
atlas,HOMFLY_PT_plus_Theta,66547,2,1,1,1,0,0,0,0
atlas,HOMFLY_PT_plus_Theta,66553,2,1,1,1,0,0,0,0
atlas,HOMFLY_PT_plus_Theta,66591,2,1,1,1,0,0,0,0
atlas,HOMFLY_PT_plus_Theta,66592,2,1,1,1,0,0,0,0
atlas,HOMFLY_PT_plus_Theta,66603,2,1,1,1,0,0,0,0
atlas,HOMFLY_PT_plus_Theta,66622,2,1,1,1,0,0,0,0
atlas,HOMFLY_PT_plus_Theta,66623,2,1,1,1,0,0,0,0
atlas,HOMFLY_PT_plus_Theta,66723,2,1,1,1,0,0,0,0
atlas,HOMFLY_PT_plus_Theta,66768,2,1,1,1,0,0,0,0
atlas,HOMFLY_PT_plus_Theta,66851,2,1,1,1,0,0,0,0
atlas,HOMFLY_PT_plus_Theta,66892,2,1,1,1,0,0,0,0
atlas,HOMFLY_PT_plus_Theta,67173,2,1,1,1,0,0,0,0
atlas,HOMFLY_PT_plus_Theta,67249,2,1,1,1,0,0,0,0
atlas,HOMFLY_PT_plus_Theta,67269,2,1,1,1,0,0,0,0
atlas,HOMFLY_PT_plus_Theta,67277,2,1,1,1,0,0,0,0
atlas,HOMFLY_PT_plus_Theta,67359,2,1,1,1,0,0,0,0
atlas,HOMFLY_PT_plus_Theta,67360,2,1,1,1,0,0,0,0
atlas,HOMFLY_PT_plus_Theta,67416,2,1,1,1,0,0,0,0
atlas,HOMFLY_PT_plus_Theta,67418,2,1,1,1,0,0,0,0
atlas,HOMFLY_PT_plus_Theta,67468,2,1,1,1,0,0,0,0
atlas,HOMFLY_PT_plus_Theta,67510,2,1,1,1,0,0,0,0
atlas,HOMFLY_PT_plus_Theta,67596,2,1,1,1,0,0,0,0
atlas,HOMFLY_PT_plus_Theta,67693,2,1,1,1,0,0,0,0
atlas,HOMFLY_PT_plus_Theta,67809,3,3,1,1,0,0,0,0
atlas,HOMFLY_PT_plus_Theta,67891,2,1,1,1,0,0,0,0
atlas,HOMFLY_PT_plus_Theta,67961,2,1,1,1,0,0,0,0
atlas,HOMFLY_PT_plus_Theta,68058,2,1,1,1,0,0,0,0
atlas,HOMFLY_PT_plus_Theta,68095,2,1,1,1,0,0,0,0
atlas,HOMFLY_PT_plus_Theta,68111,2,1,1,1,0,0,0,0
atlas,HOMFLY_PT_plus_Theta,68207,2,1,1,1,0,0,0,0
atlas,HOMFLY_PT_plus_Theta,68213,2,1,1,1,0,0,0,0
atlas,HOMFLY_PT_plus_Theta,68235,2,1,1,1,0,0,0,0
atlas,HOMFLY_PT_plus_Theta,68237,2,1,1,1,0,0,0,0
atlas,HOMFLY_PT_plus_Theta,68273,2,1,1,1,0,0,0,0
atlas,HOMFLY_PT_plus_Theta,68343,2,1,1,1,0,0,0,0
atlas,HOMFLY_PT_plus_Theta,68431,2,1,1,1,0,0,0,0
atlas,HOMFLY_PT_plus_Theta,68501,2,1,1,1,0,0,0,0
atlas,HOMFLY_PT_plus_Theta,68662,2,1,1,1,0,0,0,0
atlas,HOMFLY_PT_plus_Theta,68664,2,1,1,1,0,0,0,0
atlas,HOMFLY_PT_plus_Theta,68696,2,1,1,1,0,0,0,0
atlas,HOMFLY_PT_plus_Theta,68723,2,1,1,1,0,0,0,0
atlas,HOMFLY_PT_plus_Theta,68729,2,1,1,1,0,0,0,0
atlas,HOMFLY_PT_plus_Theta,68783,2,1,1,1,0,0,0,0
atlas,HOMFLY_PT_plus_Theta,68848,2,1,1,1,0,0,0,0
atlas,HOMFLY_PT_plus_Theta,68866,2,1,1,1,0,0,0,0
atlas,HOMFLY_PT_plus_Theta,68867,2,1,1,1,0,0,0,0
atlas,HOMFLY_PT_plus_Theta,69033,4,6,1,1,0,0,0,0
atlas,HOMFLY_PT_plus_Theta,69052,2,1,1,1,0,0,0,0
atlas,HOMFLY_PT_plus_Theta,69056,2,1,1,1,0,0,0,0
atlas,HOMFLY_PT_plus_Theta,69059,2,1,1,1,0,0,0,0
atlas,HOMFLY_PT_plus_Theta,69074,2,1,1,1,0,0,0,0
atlas,HOMFLY_PT_plus_Theta,69116,2,1,1,1,0,0,0,0
atlas,HOMFLY_PT_plus_Theta,69122,2,1,1,1,0,0,0,0
atlas,HOMFLY_PT_plus_Theta,69124,2,1,1,1,0,0,0,0
atlas,HOMFLY_PT_plus_Theta,69126,2,1,1,1,0,0,0,0
atlas,HOMFLY_PT_plus_Theta,69288,2,1,1,1,0,0,0,0
atlas,HOMFLY_PT_plus_Theta,69343,2,1,1,1,0,0,0,0
atlas,HOMFLY_PT_plus_Theta,69377,2,1,1,1,0,0,0,0
atlas,HOMFLY_PT_plus_Theta,69430,2,1,1,1,0,0,0,0
atlas,HOMFLY_PT_plus_Theta,69509,2,1,1,1,0,0,0,0
atlas,HOMFLY_PT_plus_Theta,69544,2,1,1,1,0,0,0,0
atlas,HOMFLY_PT_plus_Theta,69545,2,1,1,1,0,0,0,0
atlas,HOMFLY_PT_plus_Theta,69564,2,1,1,1,0,0,0,0
atlas,HOMFLY_PT_plus_Theta,69591,2,1,1,1,0,0,0,0
atlas,HOMFLY_PT_plus_Theta,69613,2,1,1,1,0,0,0,0
atlas,HOMFLY_PT_plus_Theta,69619,2,1,1,1,0,0,0,0
atlas,HOMFLY_PT_plus_Theta,69620,2,1,1,1,0,0,0,0
atlas,HOMFLY_PT_plus_Theta,69622,2,1,1,1,0,0,0,0
atlas,HOMFLY_PT_plus_Theta,69800,2,1,1,1,0,0,0,0
atlas,HOMFLY_PT_plus_Theta,69838,2,1,1,1,0,0,0,0
atlas,HOMFLY_PT_plus_Theta,69944,2,1,1,1,0,0,0,0
atlas,HOMFLY_PT_plus_Theta,69971,2,1,1,1,0,0,0,0
atlas,HOMFLY_PT_plus_Theta,70007,2,1,1,1,0,0,0,0
atlas,HOMFLY_PT_plus_Theta,70008,2,1,1,1,0,0,0,0
atlas,HOMFLY_PT_plus_Theta,70034,2,1,1,1,0,0,0,0
atlas,HOMFLY_PT_plus_Theta,70037,2,1,1,1,0,0,0,0
atlas,HOMFLY_PT_plus_Theta,70057,2,1,1,1,0,0,0,0
atlas,HOMFLY_PT_plus_Theta,70076,2,1,1,1,0,0,0,0
atlas,HOMFLY_PT_plus_Theta,70094,2,1,1,1,0,0,0,0
atlas,HOMFLY_PT_plus_Theta,70207,2,1,1,1,0,0,0,0
atlas,HOMFLY_PT_plus_Theta,70260,2,1,1,1,0,0,0,0
atlas,HOMFLY_PT_plus_Theta,70369,2,1,1,1,0,0,0,0
atlas,HOMFLY_PT_plus_Theta,70388,2,1,1,1,0,0,0,0
atlas,HOMFLY_PT_plus_Theta,70477,4,6,1,1,0,0,0,0
atlas,HOMFLY_PT_plus_Theta,70497,2,1,1,1,0,0,0,0
atlas,HOMFLY_PT_plus_Theta,70717,4,6,1,1,0,0,0,0
atlas,HOMFLY_PT_plus_Theta,70718,2,1,1,1,0,0,0,0
atlas,HOMFLY_PT_plus_Theta,70852,2,1,1,1,0,0,0,0
atlas,HOMFLY_PT_plus_Theta,70940,2,1,1,1,0,0,0,0
atlas,HOMFLY_PT_plus_Theta,71035,2,1,1,1,0,0,0,0
atlas,HOMFLY_PT_plus_Theta,71036,2,1,1,1,0,0,0,0
atlas,HOMFLY_PT_plus_Theta,71112,3,3,1,1,0,0,0,0
atlas,HOMFLY_PT_plus_Theta,71132,2,1,1,1,0,0,0,0
atlas,HOMFLY_PT_plus_Theta,71179,2,1,1,1,0,0,0,0
atlas,HOMFLY_PT_plus_Theta,71327,2,1,1,1,0,0,0,0
atlas,HOMFLY_PT_plus_Theta,71359,2,1,1,1,0,0,0,0
atlas,HOMFLY_PT_plus_Theta,71360,2,1,1,1,0,0,0,0
atlas,HOMFLY_PT_plus_Theta,71408,2,1,1,1,0,0,0,0
atlas,HOMFLY_PT_plus_Theta,71451,2,1,1,1,0,0,0,0
atlas,HOMFLY_PT_plus_Theta,71493,2,1,1,1,0,0,0,0
atlas,HOMFLY_PT_plus_Theta,71503,2,1,1,1,0,0,0,0
atlas,HOMFLY_PT_plus_Theta,71574,2,1,1,1,0,0,0,0
atlas,HOMFLY_PT_plus_Theta,71590,2,1,1,1,0,0,0,0
atlas,HOMFLY_PT_plus_Theta,71637,2,1,1,1,0,0,0,0
atlas,HOMFLY_PT_plus_Theta,71649,2,1,1,1,0,0,0,0
atlas,HOMFLY_PT_plus_Theta,71834,2,1,1,1,0,0,0,0
atlas,HOMFLY_PT_plus_Theta,71861,2,1,1,1,0,0,0,0
atlas,HOMFLY_PT_plus_Theta,71880,2,1,1,1,0,0,0,0
atlas,HOMFLY_PT_plus_Theta,71892,2,1,1,1,0,0,0,0
atlas,HOMFLY_PT_plus_Theta,72098,2,1,1,1,0,0,0,0
atlas,HOMFLY_PT_plus_Theta,72215,2,1,1,1,0,0,0,0
atlas,HOMFLY_PT_plus_Theta,72278,2,1,1,1,0,0,0,0
atlas,HOMFLY_PT_plus_Theta,72334,2,1,1,1,0,0,0,0
atlas,HOMFLY_PT_plus_Theta,72338,2,1,1,1,0,0,0,0
atlas,HOMFLY_PT_plus_Theta,72403,2,1,1,1,0,0,0,0
atlas,HOMFLY_PT_plus_Theta,72467,2,1,1,1,0,0,0,0
atlas,HOMFLY_PT_plus_Theta,72505,2,1,1,1,0,0,0,0
atlas,HOMFLY_PT_plus_Theta,72580,2,1,1,1,0,0,0,0
atlas,HOMFLY_PT_plus_Theta,72603,2,1,1,1,0,0,0,0
atlas,HOMFLY_PT_plus_Theta,72692,2,1,1,1,0,0,0,0
atlas,HOMFLY_PT_plus_Theta,72714,3,3,1,1,0,0,0,0
atlas,HOMFLY_PT_plus_Theta,72728,2,1,1,1,0,0,0,0
atlas,HOMFLY_PT_plus_Theta,72729,2,1,1,1,0,0,0,0
atlas,HOMFLY_PT_plus_Theta,72785,2,1,1,1,0,0,0,0
atlas,HOMFLY_PT_plus_Theta,72815,2,1,1,1,0,0,0,0
atlas,HOMFLY_PT_plus_Theta,72821,2,1,1,1,0,0,0,0
atlas,HOMFLY_PT_plus_Theta,72822,2,1,1,1,0,0,0,0
atlas,HOMFLY_PT_plus_Theta,72973,2,1,1,1,0,0,0,0
atlas,HOMFLY_PT_plus_Theta,72978,2,1,1,1,0,0,0,0
atlas,HOMFLY_PT_plus_Theta,73033,2,1,1,1,0,0,0,0
atlas,HOMFLY_PT_plus_Theta,73172,2,1,1,1,0,0,0,0
atlas,HOMFLY_PT_plus_Theta,73224,2,1,1,1,0,0,0,0
atlas,HOMFLY_PT_plus_Theta,73252,2,1,1,1,0,0,0,0
atlas,HOMFLY_PT_plus_Theta,73285,2,1,1,1,0,0,0,0
atlas,HOMFLY_PT_plus_Theta,73344,2,1,1,1,0,0,0,0
atlas,HOMFLY_PT_plus_Theta,73395,2,1,1,1,0,0,0,0
atlas,HOMFLY_PT_plus_Theta,73402,2,1,1,1,0,0,0,0
atlas,HOMFLY_PT_plus_Theta,73418,2,1,1,1,0,0,0,0
atlas,HOMFLY_PT_plus_Theta,73432,2,1,1,1,0,0,0,0
atlas,HOMFLY_PT_plus_Theta,73450,2,1,1,1,0,0,0,0
atlas,HOMFLY_PT_plus_Theta,73509,2,1,1,1,0,0,0,0
atlas,HOMFLY_PT_plus_Theta,73582,2,1,1,1,0,0,0,0
atlas,HOMFLY_PT_plus_Theta,73617,2,1,1,1,0,0,0,0
atlas,HOMFLY_PT_plus_Theta,73618,2,1,1,1,0,0,0,0
atlas,HOMFLY_PT_plus_Theta,73630,2,1,1,1,0,0,0,0
atlas,HOMFLY_PT_plus_Theta,73668,2,1,1,1,0,0,0,0
atlas,HOMFLY_PT_plus_Theta,73684,2,1,1,1,0,0,0,0
atlas,HOMFLY_PT_plus_Theta,73835,2,1,1,1,0,0,0,0
atlas,HOMFLY_PT_plus_Theta,73858,2,1,1,1,0,0,0,0
atlas,HOMFLY_PT_plus_Theta,73859,2,1,1,1,0,0,0,0
atlas,HOMFLY_PT_plus_Theta,73931,2,1,1,1,0,0,0,0
atlas,HOMFLY_PT_plus_Theta,73963,2,1,1,1,0,0,0,0
atlas,HOMFLY_PT_plus_Theta,74002,2,1,1,1,0,0,0,0
atlas,HOMFLY_PT_plus_Theta,74075,2,1,1,1,0,0,0,0
atlas,HOMFLY_PT_plus_Theta,74256,2,1,1,1,0,0,0,0
atlas,HOMFLY_PT_plus_Theta,74385,2,1,1,1,0,0,0,0
atlas,HOMFLY_PT_plus_Theta,74560,2,1,1,1,0,0,0,0
atlas,HOMFLY_PT_plus_Theta,74598,4,6,1,1,0,0,0,0
atlas,HOMFLY_PT_plus_Theta,74642,2,1,1,1,0,0,0,0
atlas,HOMFLY_PT_plus_Theta,74669,2,1,1,1,0,0,0,0
atlas,HOMFLY_PT_plus_Theta,74676,4,6,1,1,0,0,0,0
atlas,HOMFLY_PT_plus_Theta,74826,2,1,1,1,0,0,0,0
atlas,HOMFLY_PT_plus_Theta,74881,2,1,1,1,0,0,0,0
atlas,HOMFLY_PT_plus_Theta,75005,2,1,1,1,0,0,0,0
atlas,HOMFLY_PT_plus_Theta,75006,2,1,1,1,0,0,0,0
atlas,HOMFLY_PT_plus_Theta,75056,2,1,1,1,0,0,0,0
atlas,HOMFLY_PT_plus_Theta,75068,2,1,1,1,0,0,0,0
atlas,HOMFLY_PT_plus_Theta,75107,2,1,1,1,0,0,0,0
atlas,HOMFLY_PT_plus_Theta,75111,2,1,1,1,0,0,0,0
atlas,HOMFLY_PT_plus_Theta,75165,2,1,1,1,0,0,0,0
atlas,HOMFLY_PT_plus_Theta,75327,2,1,1,1,0,0,0,0
atlas,HOMFLY_PT_plus_Theta,75480,2,1,1,1,0,0,0,0
atlas,HOMFLY_PT_plus_Theta,75496,2,1,1,1,0,0,0,0
atlas,HOMFLY_PT_plus_Theta,75635,2,1,1,1,0,0,0,0
atlas,HOMFLY_PT_plus_Theta,75649,2,1,1,1,0,0,0,0
atlas,HOMFLY_PT_plus_Theta,75674,2,1,1,1,0,0,0,0
atlas,HOMFLY_PT_plus_Theta,75980,2,1,1,1,0,0,0,0
atlas,HOMFLY_PT_plus_Theta,76049,2,1,1,1,0,0,0,0
atlas,HOMFLY_PT_plus_Theta,76084,2,1,1,1,0,0,0,0
atlas,HOMFLY_PT_plus_Theta,76167,2,1,1,1,0,0,0,0
atlas,HOMFLY_PT_plus_Theta,76206,2,1,1,1,0,0,0,0
atlas,HOMFLY_PT_plus_Theta,76220,2,1,1,1,0,0,0,0
atlas,HOMFLY_PT_plus_Theta,76251,4,6,1,1,0,0,0,0
atlas,HOMFLY_PT_plus_Theta,76257,2,1,1,1,0,0,0,0
atlas,HOMFLY_PT_plus_Theta,76286,2,1,1,1,0,0,0,0
atlas,HOMFLY_PT_plus_Theta,76339,2,1,1,1,0,0,0,0
atlas,HOMFLY_PT_plus_Theta,76342,2,1,1,1,0,0,0,0
atlas,HOMFLY_PT_plus_Theta,76343,2,1,1,1,0,0,0,0
atlas,HOMFLY_PT_plus_Theta,76348,2,1,1,1,0,0,0,0
atlas,HOMFLY_PT_plus_Theta,76368,2,1,1,1,0,0,0,0
atlas,HOMFLY_PT_plus_Theta,76374,2,1,1,1,0,0,0,0
atlas,HOMFLY_PT_plus_Theta,76420,2,1,1,1,0,0,0,0
atlas,HOMFLY_PT_plus_Theta,76449,2,1,1,1,0,0,0,0
atlas,HOMFLY_PT_plus_Theta,76689,4,6,1,1,0,0,0,0
atlas,HOMFLY_PT_plus_Theta,76703,2,1,1,1,0,0,0,0
atlas,HOMFLY_PT_plus_Theta,76730,2,1,1,1,0,0,0,0
atlas,HOMFLY_PT_plus_Theta,76759,2,1,1,1,0,0,0,0
atlas,HOMFLY_PT_plus_Theta,76824,2,1,1,1,0,0,0,0
atlas,HOMFLY_PT_plus_Theta,76845,4,6,1,1,0,0,0,0
atlas,HOMFLY_PT_plus_Theta,76886,2,1,1,1,0,0,0,0
atlas,HOMFLY_PT_plus_Theta,77043,2,1,1,1,0,0,0,0
atlas,HOMFLY_PT_plus_Theta,77176,2,1,1,1,0,0,0,0
atlas,HOMFLY_PT_plus_Theta,77177,2,1,1,1,0,0,0,0
atlas,HOMFLY_PT_plus_Theta,77197,2,1,1,1,0,0,0,0
atlas,HOMFLY_PT_plus_Theta,77200,2,1,1,1,0,0,0,0
atlas,HOMFLY_PT_plus_Theta,77446,2,1,1,1,0,0,0,0
atlas,HOMFLY_PT_plus_Theta,77466,2,1,1,1,0,0,0,0
atlas,HOMFLY_PT_plus_Theta,77504,2,1,1,1,0,0,0,0
atlas,HOMFLY_PT_plus_Theta,77553,2,1,1,1,0,0,0,0
atlas,HOMFLY_PT_plus_Theta,77613,2,1,1,1,0,0,0,0
atlas,HOMFLY_PT_plus_Theta,77703,2,1,1,1,0,0,0,0
atlas,HOMFLY_PT_plus_Theta,77712,2,1,1,1,0,0,0,0
atlas,HOMFLY_PT_plus_Theta,77714,2,1,1,1,0,0,0,0
atlas,HOMFLY_PT_plus_Theta,77763,2,1,1,1,0,0,0,0
atlas,HOMFLY_PT_plus_Theta,77795,2,1,1,1,0,0,0,0
atlas,HOMFLY_PT_plus_Theta,77799,2,1,1,1,0,0,0,0
atlas,HOMFLY_PT_plus_Theta,77887,2,1,1,1,0,0,0,0
atlas,HOMFLY_PT_plus_Theta,78059,2,1,1,1,0,0,0,0
atlas,HOMFLY_PT_plus_Theta,78086,2,1,1,1,0,0,0,0
atlas,HOMFLY_PT_plus_Theta,78107,2,1,1,1,0,0,0,0
atlas,HOMFLY_PT_plus_Theta,78144,2,1,1,1,0,0,0,0
atlas,HOMFLY_PT_plus_Theta,78217,2,1,1,1,0,0,0,0
atlas,HOMFLY_PT_plus_Theta,78235,2,1,1,1,0,0,0,0
atlas,HOMFLY_PT_plus_Theta,78316,2,1,1,1,0,0,0,0
atlas,HOMFLY_PT_plus_Theta,78317,2,1,1,1,0,0,0,0
atlas,HOMFLY_PT_plus_Theta,78401,4,6,1,1,0,0,0,0
atlas,HOMFLY_PT_plus_Theta,78446,2,1,1,1,0,0,0,0
atlas,HOMFLY_PT_plus_Theta,78453,6,15,1,1,0,0,0,0
atlas,HOMFLY_PT_plus_Theta,78585,2,1,1,1,0,0,0,0
atlas,HOMFLY_PT_plus_Theta,78599,2,1,1,1,0,0,0,0
atlas,HOMFLY_PT_plus_Theta,78651,2,1,1,1,0,0,0,0
atlas,HOMFLY_PT_plus_Theta,78727,2,1,1,1,0,0,0,0
atlas,HOMFLY_PT_plus_Theta,78849,2,1,1,1,0,0,0,0
atlas,HOMFLY_PT_plus_Theta,78958,2,1,1,1,0,0,0,0
atlas,HOMFLY_PT_plus_Theta,78964,4,6,1,1,0,0,0,0
atlas,HOMFLY_PT_plus_Theta,78976,2,1,1,1,0,0,0,0
atlas,HOMFLY_PT_plus_Theta,78980,2,1,1,1,0,0,0,0
atlas,HOMFLY_PT_plus_Theta,79003,2,1,1,1,0,0,0,0
atlas,HOMFLY_PT_plus_Theta,79016,4,6,1,1,0,0,0,0
atlas,HOMFLY_PT_plus_Theta,79037,3,3,1,1,0,0,0,0
atlas,HOMFLY_PT_plus_Theta,79070,2,1,1,1,0,0,0,0
atlas,HOMFLY_PT_plus_Theta,79095,2,1,1,1,0,0,0,0
atlas,HOMFLY_PT_plus_Theta,79124,2,1,1,1,0,0,0,0
atlas,HOMFLY_PT_plus_Theta,79144,2,1,1,1,0,0,0,0
atlas,HOMFLY_PT_plus_Theta,79179,2,1,1,1,0,0,0,0
atlas,HOMFLY_PT_plus_Theta,79211,2,1,1,1,0,0,0,0
atlas,HOMFLY_PT_plus_Theta,79263,2,1,1,1,0,0,0,0
atlas,HOMFLY_PT_plus_Theta,79292,2,1,1,1,0,0,0,0
atlas,HOMFLY_PT_plus_Theta,79310,2,1,1,1,0,0,0,0
atlas,HOMFLY_PT_plus_Theta,79355,2,1,1,1,0,0,0,0
atlas,HOMFLY_PT_plus_Theta,79396,2,1,1,1,0,0,0,0
atlas,HOMFLY_PT_plus_Theta,79397,2,1,1,1,0,0,0,0
atlas,HOMFLY_PT_plus_Theta,79535,2,1,1,1,0,0,0,0
atlas,HOMFLY_PT_plus_Theta,79545,2,1,1,1,0,0,0,0
atlas,HOMFLY_PT_plus_Theta,79724,2,1,1,1,0,0,0,0
atlas,HOMFLY_PT_plus_Theta,79735,2,1,1,1,0,0,0,0
atlas,HOMFLY_PT_plus_Theta,79798,2,1,1,1,0,0,0,0
atlas,HOMFLY_PT_plus_Theta,79814,2,1,1,1,0,0,0,0
atlas,HOMFLY_PT_plus_Theta,79877,2,1,1,1,0,0,0,0
atlas,HOMFLY_PT_plus_Theta,79943,2,1,1,1,0,0,0,0
atlas,HOMFLY_PT_plus_Theta,79944,2,1,1,1,0,0,0,0
atlas,HOMFLY_PT_plus_Theta,79978,2,1,1,1,0,0,0,0
atlas,HOMFLY_PT_plus_Theta,79990,2,1,1,1,0,0,0,0
atlas,HOMFLY_PT_plus_Theta,80064,2,1,1,1,0,0,0,0
atlas,HOMFLY_PT_plus_Theta,80140,2,1,1,1,0,0,0,0
atlas,HOMFLY_PT_plus_Theta,80183,2,1,1,1,0,0,0,0
atlas,HOMFLY_PT_plus_Theta,80190,2,1,1,1,0,0,0,0
atlas,HOMFLY_PT_plus_Theta,80194,2,1,1,1,0,0,0,0
atlas,HOMFLY_PT_plus_Theta,80197,2,1,1,1,0,0,0,0
atlas,HOMFLY_PT_plus_Theta,80325,2,1,1,1,0,0,0,0
atlas,HOMFLY_PT_plus_Theta,80357,2,1,1,1,0,0,0,0
atlas,HOMFLY_PT_plus_Theta,80499,2,1,1,1,0,0,0,0
atlas,HOMFLY_PT_plus_Theta,80533,2,1,1,1,0,0,0,0
atlas,HOMFLY_PT_plus_Theta,80554,2,1,1,1,0,0,0,0
atlas,HOMFLY_PT_plus_Theta,80580,2,1,1,1,0,0,0,0
atlas,HOMFLY_PT_plus_Theta,80591,2,1,1,1,0,0,0,0
atlas,HOMFLY_PT_plus_Theta,80656,2,1,1,1,0,0,0,0
atlas,HOMFLY_PT_plus_Theta,80674,2,1,1,1,0,0,0,0
atlas,HOMFLY_PT_plus_Theta,80737,2,1,1,1,0,0,0,0
atlas,HOMFLY_PT_plus_Theta,80742,4,6,1,1,0,0,0,0
atlas,HOMFLY_PT_plus_Theta,80765,2,1,1,1,0,0,0,0
atlas,HOMFLY_PT_plus_Theta,80766,2,1,1,1,0,0,0,0
atlas,HOMFLY_PT_plus_Theta,80794,2,1,1,1,0,0,0,0
atlas,HOMFLY_PT_plus_Theta,80844,2,1,1,1,0,0,0,0
atlas,HOMFLY_PT_plus_Theta,80988,2,1,1,1,0,0,0,0
atlas,HOMFLY_PT_plus_Theta,81095,2,1,1,1,0,0,0,0
atlas,HOMFLY_PT_plus_Theta,81134,2,1,1,1,0,0,0,0
atlas,HOMFLY_PT_plus_Theta,81330,2,1,1,1,0,0,0,0
atlas,HOMFLY_PT_plus_Theta,81333,4,6,1,1,0,0,0,0
atlas,HOMFLY_PT_plus_Theta,81409,2,1,1,1,0,0,0,0
atlas,HOMFLY_PT_plus_Theta,81471,2,1,1,1,0,0,0,0
atlas,HOMFLY_PT_plus_Theta,81521,2,1,1,1,0,0,0,0
atlas,HOMFLY_PT_plus_Theta,81584,2,1,1,1,0,0,0,0
atlas,HOMFLY_PT_plus_Theta,81585,2,1,1,1,0,0,0,0
atlas,HOMFLY_PT_plus_Theta,81640,2,1,1,1,0,0,0,0
atlas,HOMFLY_PT_plus_Theta,81666,2,1,1,1,0,0,0,0
atlas,HOMFLY_PT_plus_Theta,81695,4,6,1,1,0,0,0,0
atlas,HOMFLY_PT_plus_Theta,81927,2,1,1,1,0,0,0,0
atlas,HOMFLY_PT_plus_Theta,81958,2,1,1,1,0,0,0,0
atlas,HOMFLY_PT_plus_Theta,81969,2,1,1,1,0,0,0,0
atlas,HOMFLY_PT_plus_Theta,82297,2,1,1,1,0,0,0,0
atlas,HOMFLY_PT_plus_Theta,82633,2,1,1,1,0,0,0,0
atlas,HOMFLY_PT_plus_Theta,82636,2,1,1,1,0,0,0,0
atlas,HOMFLY_PT_plus_Theta,82658,2,1,1,1,0,0,0,0
atlas,HOMFLY_PT_plus_Theta,82711,2,1,1,1,0,0,0,0
atlas,HOMFLY_PT_plus_Theta,83005,2,1,1,1,0,0,0,0
atlas,HOMFLY_PT_plus_Theta,83086,2,1,1,1,0,0,0,0
atlas,HOMFLY_PT_plus_Theta,83125,2,1,1,1,0,0,0,0
atlas,HOMFLY_PT_plus_Theta,83126,4,6,1,1,0,0,0,0
atlas,HOMFLY_PT_plus_Theta,83149,2,1,1,1,0,0,0,0
atlas,HOMFLY_PT_plus_Theta,83201,2,1,1,1,0,0,0,0
atlas,HOMFLY_PT_plus_Theta,83239,2,1,1,1,0,0,0,0
atlas,HOMFLY_PT_plus_Theta,83240,2,1,1,1,0,0,0,0
atlas,HOMFLY_PT_plus_Theta,83283,2,1,1,1,0,0,0,0
atlas,HOMFLY_PT_plus_Theta,83393,2,1,1,1,0,0,0,0
atlas,HOMFLY_PT_plus_Theta,83483,2,1,1,1,0,0,0,0
atlas,HOMFLY_PT_plus_Theta,83504,2,1,1,1,0,0,0,0
atlas,HOMFLY_PT_plus_Theta,83540,2,1,1,1,0,0,0,0
atlas,HOMFLY_PT_plus_Theta,83646,2,1,1,1,0,0,0,0
atlas,HOMFLY_PT_plus_Theta,83693,2,1,1,1,0,0,0,0
atlas,HOMFLY_PT_plus_Theta,83769,2,1,1,1,0,0,0,0
atlas,HOMFLY_PT_plus_Theta,83771,2,1,1,1,0,0,0,0
atlas,HOMFLY_PT_plus_Theta,83774,2,1,1,1,0,0,0,0
atlas,HOMFLY_PT_plus_Theta,83829,2,1,1,1,0,0,0,0
atlas,HOMFLY_PT_plus_Theta,83870,2,1,1,1,0,0,0,0
atlas,HOMFLY_PT_plus_Theta,83917,2,1,1,1,0,0,0,0
atlas,HOMFLY_PT_plus_Theta,83940,2,1,1,1,0,0,0,0
atlas,HOMFLY_PT_plus_Theta,83964,2,1,1,1,0,0,0,0
atlas,HOMFLY_PT_plus_Theta,84036,2,1,1,1,0,0,0,0
atlas,HOMFLY_PT_plus_Theta,84069,2,1,1,1,0,0,0,0
atlas,HOMFLY_PT_plus_Theta,84080,2,1,1,1,0,0,0,0
atlas,HOMFLY_PT_plus_Theta,84251,2,1,1,1,0,0,0,0
atlas,HOMFLY_PT_plus_Theta,84255,2,1,1,1,0,0,0,0
atlas,HOMFLY_PT_plus_Theta,84266,2,1,1,1,0,0,0,0
atlas,HOMFLY_PT_plus_Theta,84531,2,1,1,1,0,0,0,0
atlas,HOMFLY_PT_plus_Theta,84541,2,1,1,1,0,0,0,0
atlas,HOMFLY_PT_plus_Theta,84549,2,1,1,1,0,0,0,0
atlas,HOMFLY_PT_plus_Theta,84571,2,1,1,1,0,0,0,0
atlas,HOMFLY_PT_plus_Theta,84579,2,1,1,1,0,0,0,0
atlas,HOMFLY_PT_plus_Theta,84636,2,1,1,1,0,0,0,0
atlas,HOMFLY_PT_plus_Theta,84739,2,1,1,1,0,0,0,0
atlas,HOMFLY_PT_plus_Theta,84755,2,1,1,1,0,0,0,0
atlas,HOMFLY_PT_plus_Theta,84818,2,1,1,1,0,0,0,0
atlas,HOMFLY_PT_plus_Theta,84832,4,6,1,1,0,0,0,0
atlas,HOMFLY_PT_plus_Theta,84837,2,1,1,1,0,0,0,0
atlas,HOMFLY_PT_plus_Theta,84976,2,1,1,1,0,0,0,0
atlas,HOMFLY_PT_plus_Theta,85020,2,1,1,1,0,0,0,0
atlas,HOMFLY_PT_plus_Theta,85034,2,1,1,1,0,0,0,0
atlas,HOMFLY_PT_plus_Theta,85052,2,1,1,1,0,0,0,0
atlas,HOMFLY_PT_plus_Theta,85087,2,1,1,1,0,0,0,0
atlas,HOMFLY_PT_plus_Theta,85096,2,1,1,1,0,0,0,0
atlas,HOMFLY_PT_plus_Theta,85167,2,1,1,1,0,0,0,0
atlas,HOMFLY_PT_plus_Theta,85187,2,1,1,1,0,0,0,0
atlas,HOMFLY_PT_plus_Theta,85188,2,1,1,1,0,0,0,0
atlas,HOMFLY_PT_plus_Theta,85231,4,6,1,1,0,0,0,0
atlas,HOMFLY_PT_plus_Theta,85251,2,1,1,1,0,0,0,0
atlas,HOMFLY_PT_plus_Theta,85254,2,1,1,1,0,0,0,0
atlas,HOMFLY_PT_plus_Theta,85258,2,1,1,1,0,0,0,0
atlas,HOMFLY_PT_plus_Theta,85259,2,1,1,1,0,0,0,0
atlas,HOMFLY_PT_plus_Theta,85272,2,1,1,1,0,0,0,0
atlas,HOMFLY_PT_plus_Theta,85286,2,1,1,1,0,0,0,0
atlas,HOMFLY_PT_plus_Theta,85339,2,1,1,1,0,0,0,0
atlas,HOMFLY_PT_plus_Theta,85389,2,1,1,1,0,0,0,0
atlas,HOMFLY_PT_plus_Theta,85393,2,1,1,1,0,0,0,0
atlas,HOMFLY_PT_plus_Theta,85464,2,1,1,1,0,0,0,0
atlas,HOMFLY_PT_plus_Theta,85476,2,1,1,1,0,0,0,0
atlas,HOMFLY_PT_plus_Theta,85586,2,1,1,1,0,0,0,0
atlas,HOMFLY_PT_plus_Theta,85725,2,1,1,1,0,0,0,0
atlas,HOMFLY_PT_plus_Theta,85820,2,1,1,1,0,0,0,0
atlas,HOMFLY_PT_plus_Theta,85821,2,1,1,1,0,0,0,0
atlas,HOMFLY_PT_plus_Theta,85830,2,1,1,1,0,0,0,0
atlas,HOMFLY_PT_plus_Theta,85910,2,1,1,1,0,0,0,0
atlas,HOMFLY_PT_plus_Theta,85912,2,1,1,1,0,0,0,0
atlas,HOMFLY_PT_plus_Theta,85998,2,1,1,1,0,0,0,0
atlas,HOMFLY_PT_plus_Theta,86030,2,1,1,1,0,0,0,0
atlas,HOMFLY_PT_plus_Theta,86091,2,1,1,1,0,0,0,0
atlas,HOMFLY_PT_plus_Theta,86121,2,1,1,1,0,0,0,0
atlas,HOMFLY_PT_plus_Theta,86123,2,1,1,1,0,0,0,0
atlas,HOMFLY_PT_plus_Theta,86127,4,6,1,1,0,0,0,0
atlas,HOMFLY_PT_plus_Theta,86251,2,1,1,1,0,0,0,0
atlas,HOMFLY_PT_plus_Theta,86299,2,1,1,1,0,0,0,0
atlas,HOMFLY_PT_plus_Theta,86354,2,1,1,1,0,0,0,0
atlas,HOMFLY_PT_plus_Theta,86416,2,1,1,1,0,0,0,0
atlas,HOMFLY_PT_plus_Theta,86425,2,1,1,1,0,0,0,0
atlas,HOMFLY_PT_plus_Theta,86458,2,1,1,1,0,0,0,0
atlas,HOMFLY_PT_plus_Theta,86472,2,1,1,1,0,0,0,0
atlas,HOMFLY_PT_plus_Theta,86477,2,1,1,1,0,0,0,0
atlas,HOMFLY_PT_plus_Theta,86507,2,1,1,1,0,0,0,0
atlas,HOMFLY_PT_plus_Theta,86508,2,1,1,1,0,0,0,0
atlas,HOMFLY_PT_plus_Theta,86550,2,1,1,1,0,0,0,0
atlas,HOMFLY_PT_plus_Theta,86648,2,1,1,1,0,0,0,0
atlas,HOMFLY_PT_plus_Theta,86678,2,1,1,1,0,0,0,0
atlas,HOMFLY_PT_plus_Theta,86683,2,1,1,1,0,0,0,0
atlas,HOMFLY_PT_plus_Theta,86704,2,1,1,1,0,0,0,0
atlas,HOMFLY_PT_plus_Theta,86706,2,1,1,1,0,0,0,0
atlas,HOMFLY_PT_plus_Theta,86717,2,1,1,1,0,0,0,0
atlas,HOMFLY_PT_plus_Theta,86741,2,1,1,1,0,0,0,0
atlas,HOMFLY_PT_plus_Theta,86763,2,1,1,1,0,0,0,0
atlas,HOMFLY_PT_plus_Theta,86828,2,1,1,1,0,0,0,0
atlas,HOMFLY_PT_plus_Theta,86925,2,1,1,1,0,0,0,0
atlas,HOMFLY_PT_plus_Theta,86926,4,6,1,1,0,0,0,0
atlas,HOMFLY_PT_plus_Theta,87007,2,1,1,1,0,0,0,0
atlas,HOMFLY_PT_plus_Theta,87155,2,1,1,1,0,0,0,0
atlas,HOMFLY_PT_plus_Theta,87157,2,1,1,1,0,0,0,0
atlas,HOMFLY_PT_plus_Theta,87196,2,1,1,1,0,0,0,0
atlas,HOMFLY_PT_plus_Theta,87213,2,1,1,1,0,0,0,0
atlas,HOMFLY_PT_plus_Theta,87257,2,1,1,1,0,0,0,0
atlas,HOMFLY_PT_plus_Theta,87345,2,1,1,1,0,0,0,0
atlas,HOMFLY_PT_plus_Theta,87427,2,1,1,1,0,0,0,0
atlas,HOMFLY_PT_plus_Theta,87434,2,1,1,1,0,0,0,0
atlas,HOMFLY_PT_plus_Theta,87463,2,1,1,1,0,0,0,0
atlas,HOMFLY_PT_plus_Theta,87467,2,1,1,1,0,0,0,0
atlas,HOMFLY_PT_plus_Theta,87512,2,1,1,1,0,0,0,0
atlas,HOMFLY_PT_plus_Theta,87562,2,1,1,1,0,0,0,0
atlas,HOMFLY_PT_plus_Theta,87566,2,1,1,1,0,0,0,0
atlas,HOMFLY_PT_plus_Theta,87716,2,1,1,1,0,0,0,0
atlas,HOMFLY_PT_plus_Theta,87797,2,1,1,1,0,0,0,0
atlas,HOMFLY_PT_plus_Theta,87815,2,1,1,1,0,0,0,0
atlas,HOMFLY_PT_plus_Theta,87944,2,1,1,1,0,0,0,0
atlas,HOMFLY_PT_plus_Theta,87945,2,1,1,1,0,0,0,0
atlas,HOMFLY_PT_plus_Theta,87947,2,1,1,1,0,0,0,0
atlas,HOMFLY_PT_plus_Theta,87979,2,1,1,1,0,0,0,0
atlas,HOMFLY_PT_plus_Theta,87996,2,1,1,1,0,0,0,0
atlas,HOMFLY_PT_plus_Theta,88048,2,1,1,1,0,0,0,0
atlas,HOMFLY_PT_plus_Theta,88103,2,1,1,1,0,0,0,0
atlas,HOMFLY_PT_plus_Theta,88347,2,1,1,1,0,0,0,0
atlas,HOMFLY_PT_plus_Theta,88573,2,1,1,1,0,0,0,0
atlas,HOMFLY_PT_plus_Theta,88637,2,1,1,1,0,0,0,0
atlas,HOMFLY_PT_plus_Theta,88647,2,1,1,1,0,0,0,0
atlas,HOMFLY_PT_plus_Theta,88688,2,1,1,1,0,0,0,0
atlas,HOMFLY_PT_plus_Theta,88693,2,1,1,1,0,0,0,0
atlas,HOMFLY_PT_plus_Theta,88840,4,6,1,1,0,0,0,0
atlas,HOMFLY_PT_plus_Theta,88949,2,1,1,1,0,0,0,0
atlas,HOMFLY_PT_plus_Theta,88958,2,1,1,1,0,0,0,0
atlas,HOMFLY_PT_plus_Theta,88959,2,1,1,1,0,0,0,0
atlas,HOMFLY_PT_plus_Theta,88978,2,1,1,1,0,0,0,0
atlas,HOMFLY_PT_plus_Theta,88985,4,6,1,1,0,0,0,0
atlas,HOMFLY_PT_plus_Theta,89058,4,6,1,1,0,0,0,0
atlas,HOMFLY_PT_plus_Theta,89098,2,1,1,1,0,0,0,0
atlas,HOMFLY_PT_plus_Theta,89170,2,1,1,1,0,0,0,0
atlas,HOMFLY_PT_plus_Theta,89239,2,1,1,1,0,0,0,0
atlas,HOMFLY_PT_plus_Theta,89337,2,1,1,1,0,0,0,0
atlas,HOMFLY_PT_plus_Theta,89424,2,1,1,1,0,0,0,0
atlas,HOMFLY_PT_plus_Theta,89436,2,1,1,1,0,0,0,0
atlas,HOMFLY_PT_plus_Theta,89508,2,1,1,1,0,0,0,0
atlas,HOMFLY_PT_plus_Theta,89546,2,1,1,1,0,0,0,0
atlas,HOMFLY_PT_plus_Theta,89604,2,1,1,1,0,0,0,0
atlas,HOMFLY_PT_plus_Theta,89689,2,1,1,1,0,0,0,0
atlas,HOMFLY_PT_plus_Theta,89767,2,1,1,1,0,0,0,0
atlas,HOMFLY_PT_plus_Theta,89873,2,1,1,1,0,0,0,0
atlas,HOMFLY_PT_plus_Theta,89874,2,1,1,1,0,0,0,0
atlas,HOMFLY_PT_plus_Theta,89895,3,3,1,1,0,0,0,0
atlas,HOMFLY_PT_plus_Theta,89906,2,1,1,1,0,0,0,0
atlas,HOMFLY_PT_plus_Theta,89985,2,1,1,1,0,0,0,0
atlas,HOMFLY_PT_plus_Theta,90041,2,1,1,1,0,0,0,0
atlas,HOMFLY_PT_plus_Theta,90141,2,1,1,1,0,0,0,0
atlas,HOMFLY_PT_plus_Theta,90281,2,1,1,1,0,0,0,0
atlas,HOMFLY_PT_plus_Theta,90282,2,1,1,1,0,0,0,0
atlas,HOMFLY_PT_plus_Theta,90284,2,1,1,1,0,0,0,0
atlas,HOMFLY_PT_plus_Theta,90315,2,1,1,1,0,0,0,0
atlas,HOMFLY_PT_plus_Theta,90359,2,1,1,1,0,0,0,0
atlas,HOMFLY_PT_plus_Theta,90362,2,1,1,1,0,0,0,0
atlas,HOMFLY_PT_plus_Theta,90378,2,1,1,1,0,0,0,0
atlas,HOMFLY_PT_plus_Theta,90395,2,1,1,1,0,0,0,0
atlas,HOMFLY_PT_plus_Theta,90421,2,1,1,1,0,0,0,0
atlas,HOMFLY_PT_plus_Theta,90441,4,6,1,1,0,0,0,0
atlas,HOMFLY_PT_plus_Theta,90460,2,1,1,1,0,0,0,0
atlas,HOMFLY_PT_plus_Theta,90467,2,1,1,1,0,0,0,0
atlas,HOMFLY_PT_plus_Theta,90490,2,1,1,1,0,0,0,0
atlas,HOMFLY_PT_plus_Theta,90497,2,1,1,1,0,0,0,0
atlas,HOMFLY_PT_plus_Theta,90555,2,1,1,1,0,0,0,0
atlas,HOMFLY_PT_plus_Theta,90565,2,1,1,1,0,0,0,0
atlas,HOMFLY_PT_plus_Theta,90598,2,1,1,1,0,0,0,0
atlas,HOMFLY_PT_plus_Theta,90613,2,1,1,1,0,0,0,0
atlas,HOMFLY_PT_plus_Theta,90625,2,1,1,1,0,0,0,0
atlas,HOMFLY_PT_plus_Theta,90730,2,1,1,1,0,0,0,0
atlas,HOMFLY_PT_plus_Theta,90735,2,1,1,1,0,0,0,0
atlas,HOMFLY_PT_plus_Theta,90882,4,6,1,1,0,0,0,0
atlas,HOMFLY_PT_plus_Theta,91094,2,1,1,1,0,0,0,0
atlas,HOMFLY_PT_plus_Theta,91154,2,1,1,1,0,0,0,0
atlas,HOMFLY_PT_plus_Theta,91160,2,1,1,1,0,0,0,0
atlas,HOMFLY_PT_plus_Theta,91255,2,1,1,1,0,0,0,0
atlas,HOMFLY_PT_plus_Theta,91281,2,1,1,1,0,0,0,0
atlas,HOMFLY_PT_plus_Theta,91290,3,3,1,1,0,0,0,0
atlas,HOMFLY_PT_plus_Theta,91331,2,1,1,1,0,0,0,0
atlas,HOMFLY_PT_plus_Theta,91364,2,1,1,1,0,0,0,0
atlas,HOMFLY_PT_plus_Theta,91365,2,1,1,1,0,0,0,0
atlas,HOMFLY_PT_plus_Theta,91387,2,1,1,1,0,0,0,0
atlas,HOMFLY_PT_plus_Theta,91456,2,1,1,1,0,0,0,0
atlas,HOMFLY_PT_plus_Theta,91460,2,1,1,1,0,0,0,0
atlas,HOMFLY_PT_plus_Theta,91489,2,1,1,1,0,0,0,0
atlas,HOMFLY_PT_plus_Theta,91491,2,1,1,1,0,0,0,0
atlas,HOMFLY_PT_plus_Theta,91598,2,1,1,1,0,0,0,0
atlas,HOMFLY_PT_plus_Theta,91653,4,6,1,1,0,0,0,0
atlas,HOMFLY_PT_plus_Theta,91692,2,1,1,1,0,0,0,0
atlas,HOMFLY_PT_plus_Theta,91695,2,1,1,1,0,0,0,0
atlas,HOMFLY_PT_plus_Theta,91707,2,1,1,1,0,0,0,0
atlas,HOMFLY_PT_plus_Theta,91790,2,1,1,1,0,0,0,0
atlas,HOMFLY_PT_plus_Theta,91798,2,1,1,1,0,0,0,0
atlas,HOMFLY_PT_plus_Theta,91809,2,1,1,1,0,0,0,0
atlas,HOMFLY_PT_plus_Theta,91938,2,1,1,1,0,0,0,0
atlas,HOMFLY_PT_plus_Theta,91956,2,1,1,1,0,0,0,0
atlas,HOMFLY_PT_plus_Theta,91991,2,1,1,1,0,0,0,0
atlas,HOMFLY_PT_plus_Theta,92031,4,6,1,1,0,0,0,0
atlas,HOMFLY_PT_plus_Theta,92142,2,1,1,1,0,0,0,0
atlas,HOMFLY_PT_plus_Theta,92179,2,1,1,1,0,0,0,0
atlas,HOMFLY_PT_plus_Theta,92258,2,1,1,1,0,0,0,0
atlas,HOMFLY_PT_plus_Theta,92319,2,1,1,1,0,0,0,0
atlas,HOMFLY_PT_plus_Theta,92446,2,1,1,1,0,0,0,0
atlas,HOMFLY_PT_plus_Theta,92505,2,1,1,1,0,0,0,0
atlas,HOMFLY_PT_plus_Theta,92506,2,1,1,1,0,0,0,0
atlas,HOMFLY_PT_plus_Theta,92517,2,1,1,1,0,0,0,0
atlas,HOMFLY_PT_plus_Theta,92530,2,1,1,1,0,0,0,0
atlas,HOMFLY_PT_plus_Theta,92597,2,1,1,1,0,0,0,0
atlas,HOMFLY_PT_plus_Theta,92601,2,1,1,1,0,0,0,0
atlas,HOMFLY_PT_plus_Theta,92615,2,1,1,1,0,0,0,0
atlas,HOMFLY_PT_plus_Theta,92747,2,1,1,1,0,0,0,0
atlas,HOMFLY_PT_plus_Theta,92751,2,1,1,1,0,0,0,0
atlas,HOMFLY_PT_plus_Theta,92769,2,1,1,1,0,0,0,0
atlas,HOMFLY_PT_plus_Theta,92813,2,1,1,1,0,0,0,0
atlas,HOMFLY_PT_plus_Theta,92870,2,1,1,1,0,0,0,0
atlas,HOMFLY_PT_plus_Theta,93014,2,1,1,1,0,0,0,0
atlas,HOMFLY_PT_plus_Theta,93120,2,1,1,1,0,0,0,0
atlas,HOMFLY_PT_plus_Theta,93152,2,1,1,1,0,0,0,0
atlas,HOMFLY_PT_plus_Theta,93178,2,1,1,1,0,0,0,0
atlas,HOMFLY_PT_plus_Theta,93225,2,1,1,1,0,0,0,0
atlas,HOMFLY_PT_plus_Theta,93363,2,1,1,1,0,0,0,0
atlas,HOMFLY_PT_plus_Theta,93371,2,1,1,1,0,0,0,0
atlas,HOMFLY_PT_plus_Theta,93405,2,1,1,1,0,0,0,0
atlas,HOMFLY_PT_plus_Theta,93672,2,1,1,1,0,0,0,0
atlas,HOMFLY_PT_plus_Theta,93727,2,1,1,1,0,0,0,0
atlas,HOMFLY_PT_plus_Theta,93760,2,1,1,1,0,0,0,0
atlas,HOMFLY_PT_plus_Theta,93771,2,1,1,1,0,0,0,0
atlas,HOMFLY_PT_plus_Theta,93790,2,1,1,1,0,0,0,0
atlas,HOMFLY_PT_plus_Theta,93801,2,1,1,1,0,0,0,0
atlas,HOMFLY_PT_plus_Theta,93942,2,1,1,1,0,0,0,0
atlas,HOMFLY_PT_plus_Theta,93953,2,1,1,1,0,0,0,0
atlas,HOMFLY_PT_plus_Theta,93985,2,1,1,1,0,0,0,0
atlas,HOMFLY_PT_plus_Theta,94029,2,1,1,1,0,0,0,0
atlas,HOMFLY_PT_plus_Theta,94083,2,1,1,1,0,0,0,0
atlas,HOMFLY_PT_plus_Theta,94084,4,6,1,1,0,0,0,0
atlas,HOMFLY_PT_plus_Theta,94133,2,1,1,1,0,0,0,0
atlas,HOMFLY_PT_plus_Theta,94171,2,1,1,1,0,0,0,0
atlas,HOMFLY_PT_plus_Theta,94295,2,1,1,1,0,0,0,0
atlas,HOMFLY_PT_plus_Theta,94411,2,1,1,1,0,0,0,0
atlas,HOMFLY_PT_plus_Theta,94508,4,6,1,1,0,0,0,0
atlas,HOMFLY_PT_plus_Theta,94586,2,1,1,1,0,0,0,0
atlas,HOMFLY_PT_plus_Theta,94587,2,1,1,1,0,0,0,0
atlas,HOMFLY_PT_plus_Theta,94651,2,1,1,1,0,0,0,0
atlas,HOMFLY_PT_plus_Theta,94845,2,1,1,1,0,0,0,0
atlas,HOMFLY_PT_plus_Theta,94851,2,1,1,1,0,0,0,0
atlas,HOMFLY_PT_plus_Theta,94852,2,1,1,1,0,0,0,0
atlas,HOMFLY_PT_plus_Theta,94900,2,1,1,1,0,0,0,0
atlas,HOMFLY_PT_plus_Theta,94971,2,1,1,1,0,0,0,0
atlas,HOMFLY_PT_plus_Theta,94980,2,1,1,1,0,0,0,0
atlas,HOMFLY_PT_plus_Theta,94985,4,6,1,1,0,0,0,0
atlas,HOMFLY_PT_plus_Theta,95095,2,1,1,1,0,0,0,0
atlas,HOMFLY_PT_plus_Theta,95242,2,1,1,1,0,0,0,0
atlas,HOMFLY_PT_plus_Theta,95247,2,1,1,1,0,0,0,0
atlas,HOMFLY_PT_plus_Theta,95248,2,1,1,1,0,0,0,0
atlas,HOMFLY_PT_plus_Theta,95249,2,1,1,1,0,0,0,0
atlas,HOMFLY_PT_plus_Theta,95295,2,1,1,1,0,0,0,0
atlas,HOMFLY_PT_plus_Theta,95331,4,6,1,1,0,0,0,0
atlas,HOMFLY_PT_plus_Theta,95458,2,1,1,1,0,0,0,0
atlas,HOMFLY_PT_plus_Theta,95496,2,1,1,1,0,0,0,0
atlas,HOMFLY_PT_plus_Theta,95516,2,1,1,1,0,0,0,0
atlas,HOMFLY_PT_plus_Theta,95517,2,1,1,1,0,0,0,0
atlas,HOMFLY_PT_plus_Theta,95543,2,1,1,1,0,0,0,0
atlas,HOMFLY_PT_plus_Theta,95618,2,1,1,1,0,0,0,0
atlas,HOMFLY_PT_plus_Theta,95711,2,1,1,1,0,0,0,0
atlas,HOMFLY_PT_plus_Theta,95737,2,1,1,1,0,0,0,0
atlas,HOMFLY_PT_plus_Theta,95810,2,1,1,1,0,0,0,0
atlas,HOMFLY_PT_plus_Theta,95952,2,1,1,1,0,0,0,0
atlas,HOMFLY_PT_plus_Theta,95960,2,1,1,1,0,0,0,0
atlas,HOMFLY_PT_plus_Theta,96035,2,1,1,1,0,0,0,0
atlas,HOMFLY_PT_plus_Theta,96233,2,1,1,1,0,0,0,0
atlas,HOMFLY_PT_plus_Theta,96341,2,1,1,1,0,0,0,0
atlas,HOMFLY_PT_plus_Theta,96354,2,1,1,1,0,0,0,0
atlas,HOMFLY_PT_plus_Theta,96355,2,1,1,1,0,0,0,0
atlas,HOMFLY_PT_plus_Theta,96356,2,1,1,1,0,0,0,0
atlas,HOMFLY_PT_plus_Theta,96478,2,1,1,1,0,0,0,0
atlas,HOMFLY_PT_plus_Theta,96482,2,1,1,1,0,0,0,0
atlas,HOMFLY_PT_plus_Theta,96494,2,1,1,1,0,0,0,0
atlas,HOMFLY_PT_plus_Theta,96555,2,1,1,1,0,0,0,0
atlas,HOMFLY_PT_plus_Theta,96595,3,3,1,1,0,0,0,0
atlas,HOMFLY_PT_plus_Theta,96642,2,1,1,1,0,0,0,0
atlas,HOMFLY_PT_plus_Theta,96683,2,1,1,1,0,0,0,0
atlas,HOMFLY_PT_plus_Theta,96702,2,1,1,1,0,0,0,0
atlas,HOMFLY_PT_plus_Theta,96703,2,1,1,1,0,0,0,0
atlas,HOMFLY_PT_plus_Theta,96706,2,1,1,1,0,0,0,0
atlas,HOMFLY_PT_plus_Theta,96918,2,1,1,1,0,0,0,0
atlas,HOMFLY_PT_plus_Theta,96946,2,1,1,1,0,0,0,0
atlas,HOMFLY_PT_plus_Theta,97004,2,1,1,1,0,0,0,0
atlas,HOMFLY_PT_plus_Theta,97005,2,1,1,1,0,0,0,0
atlas,HOMFLY_PT_plus_Theta,97039,2,1,1,1,0,0,0,0
atlas,HOMFLY_PT_plus_Theta,97040,2,1,1,1,0,0,0,0
atlas,HOMFLY_PT_plus_Theta,97044,2,1,1,1,0,0,0,0
atlas,HOMFLY_PT_plus_Theta,97079,2,1,1,1,0,0,0,0
atlas,HOMFLY_PT_plus_Theta,97145,2,1,1,1,0,0,0,0
atlas,HOMFLY_PT_plus_Theta,97170,2,1,1,1,0,0,0,0
atlas,HOMFLY_PT_plus_Theta,97171,2,1,1,1,0,0,0,0
atlas,HOMFLY_PT_plus_Theta,97187,2,1,1,1,0,0,0,0
atlas,HOMFLY_PT_plus_Theta,97209,2,1,1,1,0,0,0,0
atlas,HOMFLY_PT_plus_Theta,97259,2,1,1,1,0,0,0,0
atlas,HOMFLY_PT_plus_Theta,97324,2,1,1,2,0,1,0,1
atlas,HOMFLY_PT_plus_Theta,97342,2,1,1,1,0,0,0,0
atlas,HOMFLY_PT_plus_Theta,97410,2,1,1,1,0,0,0,0
atlas,HOMFLY_PT_plus_Theta,97442,2,1,1,1,0,0,0,0
atlas,HOMFLY_PT_plus_Theta,97482,2,1,1,1,0,0,0,0
atlas,HOMFLY_PT_plus_Theta,97537,2,1,1,1,0,0,0,0
atlas,HOMFLY_PT_plus_Theta,97759,2,1,1,1,0,0,0,0
atlas,HOMFLY_PT_plus_Theta,97764,2,1,1,1,0,0,0,0
atlas,HOMFLY_PT_plus_Theta,97785,2,1,1,1,0,0,0,0
atlas,HOMFLY_PT_plus_Theta,97878,2,1,1,1,0,0,0,0
atlas,HOMFLY_PT_plus_Theta,97881,2,1,1,1,0,0,0,0
atlas,HOMFLY_PT_plus_Theta,97891,2,1,1,1,0,0,0,0
atlas,HOMFLY_PT_plus_Theta,97936,2,1,1,1,0,0,0,0
atlas,HOMFLY_PT_plus_Theta,97998,2,1,1,1,0,0,0,0
atlas,HOMFLY_PT_plus_Theta,98000,2,1,1,1,0,0,0,0
atlas,HOMFLY_PT_plus_Theta,98005,2,1,1,1,0,0,0,0
atlas,HOMFLY_PT_plus_Theta,98058,2,1,1,1,0,0,0,0
atlas,HOMFLY_PT_plus_Theta,98078,2,1,1,1,0,0,0,0
atlas,HOMFLY_PT_plus_Theta,98149,2,1,1,1,0,0,0,0
atlas,HOMFLY_PT_plus_Theta,98164,2,1,1,1,0,0,0,0
atlas,HOMFLY_PT_plus_Theta,98220,2,1,1,1,0,0,0,0
atlas,HOMFLY_PT_plus_Theta,98364,2,1,1,1,0,0,0,0
atlas,HOMFLY_PT_plus_Theta,98373,2,1,1,1,0,0,0,0
atlas,HOMFLY_PT_plus_Theta,98426,2,1,1,1,0,0,0,0
atlas,HOMFLY_PT_plus_Theta,98450,2,1,1,1,0,0,0,0
atlas,HOMFLY_PT_plus_Theta,98502,2,1,1,1,0,0,0,0
atlas,HOMFLY_PT_plus_Theta,98732,2,1,1,1,0,0,0,0
atlas,HOMFLY_PT_plus_Theta,98876,2,1,1,1,0,0,0,0
atlas,HOMFLY_PT_plus_Theta,98893,2,1,1,1,0,0,0,0
atlas,HOMFLY_PT_plus_Theta,98917,2,1,1,1,0,0,0,0
atlas,HOMFLY_PT_plus_Theta,98942,2,1,1,1,0,0,0,0
atlas,HOMFLY_PT_plus_Theta,99113,2,1,1,1,0,0,0,0
atlas,HOMFLY_PT_plus_Theta,99129,2,1,1,1,0,0,0,0
atlas,HOMFLY_PT_plus_Theta,99205,2,1,1,1,0,0,0,0
atlas,HOMFLY_PT_plus_Theta,99207,2,1,1,1,0,0,0,0
atlas,HOMFLY_PT_plus_Theta,99287,2,1,1,1,0,0,0,0
atlas,HOMFLY_PT_plus_Theta,99288,2,1,1,1,0,0,0,0
atlas,HOMFLY_PT_plus_Theta,99320,2,1,1,1,0,0,0,0
atlas,HOMFLY_PT_plus_Theta,99481,2,1,1,1,0,0,0,0
atlas,HOMFLY_PT_plus_Theta,99506,2,1,1,1,0,0,0,0
atlas,HOMFLY_PT_plus_Theta,99597,2,1,1,1,0,0,0,0
atlas,HOMFLY_PT_plus_Theta,99599,2,1,1,1,0,0,0,0
atlas,HOMFLY_PT_plus_Theta,99600,2,1,1,1,0,0,0,0
atlas,HOMFLY_PT_plus_Theta,99656,2,1,1,1,0,0,0,0
atlas,HOMFLY_PT_plus_Theta,99680,2,1,1,1,0,0,0,0
atlas,HOMFLY_PT_plus_Theta,99694,2,1,1,1,0,0,0,0
atlas,HOMFLY_PT_plus_Theta,99712,2,1,1,1,0,0,0,0
atlas,HOMFLY_PT_plus_Theta,99804,2,1,1,1,0,0,0,0
atlas,HOMFLY_PT_plus_Theta,99805,2,1,1,1,0,0,0,0
atlas,HOMFLY_PT_plus_Theta,99935,2,1,1,1,0,0,0,0
atlas,HOMFLY_PT_plus_Theta,99967,2,1,1,1,0,0,0,0
atlas,HOMFLY_PT_plus_Theta,100005,2,1,1,1,0,0,0,0
atlas,HOMFLY_PT_plus_Theta,100022,2,1,1,1,0,0,0,0
atlas,HOMFLY_PT_plus_Theta,100047,2,1,1,1,0,0,0,0
atlas,HOMFLY_PT_plus_Theta,100147,4,6,1,1,0,0,0,0
atlas,HOMFLY_PT_plus_Theta,100191,2,1,1,1,0,0,0,0
atlas,HOMFLY_PT_plus_Theta,100192,2,1,1,1,0,0,0,0
atlas,HOMFLY_PT_plus_Theta,100271,2,1,1,1,0,0,0,0
atlas,HOMFLY_PT_plus_Theta,100304,2,1,1,1,0,0,0,0
atlas,HOMFLY_PT_plus_Theta,100319,2,1,1,1,0,0,0,0
atlas,HOMFLY_PT_plus_Theta,100332,2,1,1,1,0,0,0,0
atlas,HOMFLY_PT_plus_Theta,100347,2,1,1,1,0,0,0,0
atlas,HOMFLY_PT_plus_Theta,100380,2,1,1,1,0,0,0,0
atlas,HOMFLY_PT_plus_Theta,100511,2,1,1,1,0,0,0,0
atlas,HOMFLY_PT_plus_Theta,100528,2,1,1,1,0,0,0,0
atlas,HOMFLY_PT_plus_Theta,100555,2,1,1,1,0,0,0,0
atlas,HOMFLY_PT_plus_Theta,100701,2,1,1,1,0,0,0,0
atlas,HOMFLY_PT_plus_Theta,100751,2,1,1,1,0,0,0,0
atlas,HOMFLY_PT_plus_Theta,100754,2,1,1,1,0,0,0,0
atlas,HOMFLY_PT_plus_Theta,100810,2,1,1,1,0,0,0,0
atlas,HOMFLY_PT_plus_Theta,100878,2,1,1,1,0,0,0,0
atlas,HOMFLY_PT_plus_Theta,100945,2,1,1,1,0,0,0,0
atlas,HOMFLY_PT_plus_Theta,101009,2,1,1,1,0,0,0,0
atlas,HOMFLY_PT_plus_Theta,101047,2,1,1,1,0,0,0,0
atlas,HOMFLY_PT_plus_Theta,101104,2,1,1,1,0,0,0,0
atlas,HOMFLY_PT_plus_Theta,101105,2,1,1,1,0,0,0,0
atlas,HOMFLY_PT_plus_Theta,101134,2,1,1,1,0,0,0,0
atlas,HOMFLY_PT_plus_Theta,101251,2,1,1,1,0,0,0,0
atlas,HOMFLY_PT_plus_Theta,101283,3,3,1,1,0,0,0,0
atlas,HOMFLY_PT_plus_Theta,101307,2,1,1,1,0,0,0,0
atlas,HOMFLY_PT_plus_Theta,101328,2,1,1,1,0,0,0,0
atlas,HOMFLY_PT_plus_Theta,101409,2,1,1,1,0,0,0,0
atlas,HOMFLY_PT_plus_Theta,101591,2,1,1,1,0,0,0,0
atlas,HOMFLY_PT_plus_Theta,101602,2,1,1,1,0,0,0,0
atlas,HOMFLY_PT_plus_Theta,101694,2,1,1,1,0,0,0,0
atlas,HOMFLY_PT_plus_Theta,101743,2,1,1,1,0,0,0,0
atlas,HOMFLY_PT_plus_Theta,101827,2,1,1,1,0,0,0,0
atlas,HOMFLY_PT_plus_Theta,101865,2,1,1,1,0,0,0,0
atlas,HOMFLY_PT_plus_Theta,101910,2,1,1,1,0,0,0,0
atlas,HOMFLY_PT_plus_Theta,101984,2,1,1,1,0,0,0,0
atlas,HOMFLY_PT_plus_Theta,102039,2,1,1,1,0,0,0,0
atlas,HOMFLY_PT_plus_Theta,102118,2,1,1,1,0,0,0,0
atlas,HOMFLY_PT_plus_Theta,102159,2,1,1,1,0,0,0,0
atlas,HOMFLY_PT_plus_Theta,102233,2,1,1,1,0,0,0,0
atlas,HOMFLY_PT_plus_Theta,102271,4,6,1,1,0,0,0,0
atlas,HOMFLY_PT_plus_Theta,102272,2,1,1,1,0,0,0,0
atlas,HOMFLY_PT_plus_Theta,102281,2,1,1,1,0,0,0,0
atlas,HOMFLY_PT_plus_Theta,102288,2,1,1,1,0,0,0,0
atlas,HOMFLY_PT_plus_Theta,102290,2,1,1,1,0,0,0,0
atlas,HOMFLY_PT_plus_Theta,102348,2,1,1,1,0,0,0,0
atlas,HOMFLY_PT_plus_Theta,102452,2,1,1,1,0,0,0,0
atlas,HOMFLY_PT_plus_Theta,102553,2,1,1,1,0,0,0,0
atlas,HOMFLY_PT_plus_Theta,102554,2,1,1,1,0,0,0,0
atlas,HOMFLY_PT_plus_Theta,102622,2,1,1,1,0,0,0,0
atlas,HOMFLY_PT_plus_Theta,102644,2,1,1,1,0,0,0,0
atlas,HOMFLY_PT_plus_Theta,102668,3,3,1,1,0,0,0,0
atlas,HOMFLY_PT_plus_Theta,102736,2,1,1,1,0,0,0,0
atlas,HOMFLY_PT_plus_Theta,102774,2,1,1,1,0,0,0,0
atlas,HOMFLY_PT_plus_Theta,102803,4,6,1,1,0,0,0,0
atlas,HOMFLY_PT_plus_Theta,102945,2,1,1,1,0,0,0,0
atlas,HOMFLY_PT_plus_Theta,102997,2,1,1,1,0,0,0,0
atlas,HOMFLY_PT_plus_Theta,103034,2,1,1,1,0,0,0,0
atlas,HOMFLY_PT_plus_Theta,103204,2,1,1,1,0,0,0,0
atlas,HOMFLY_PT_plus_Theta,103278,2,1,1,1,0,0,0,0
atlas,HOMFLY_PT_plus_Theta,103300,2,1,1,1,0,0,0,0
atlas,HOMFLY_PT_plus_Theta,103309,2,1,1,1,0,0,0,0
atlas,HOMFLY_PT_plus_Theta,103342,2,1,1,1,0,0,0,0
atlas,HOMFLY_PT_plus_Theta,103412,4,6,1,1,0,0,0,0
atlas,HOMFLY_PT_plus_Theta,103413,2,1,1,1,0,0,0,0
atlas,HOMFLY_PT_plus_Theta,103433,2,1,1,1,0,0,0,0
atlas,HOMFLY_PT_plus_Theta,103475,2,1,1,1,0,0,0,0
atlas,HOMFLY_PT_plus_Theta,103508,2,1,1,1,0,0,0,0
atlas,HOMFLY_PT_plus_Theta,103527,2,1,1,1,0,0,0,0
atlas,HOMFLY_PT_plus_Theta,103555,2,1,1,1,0,0,0,0
atlas,HOMFLY_PT_plus_Theta,103563,4,6,1,1,0,0,0,0
atlas,HOMFLY_PT_plus_Theta,103619,2,1,1,1,0,0,0,0
atlas,HOMFLY_PT_plus_Theta,103641,2,1,1,1,0,0,0,0
atlas,HOMFLY_PT_plus_Theta,103651,2,1,1,1,0,0,0,0
atlas,HOMFLY_PT_plus_Theta,103659,3,3,1,1,0,0,0,0
atlas,HOMFLY_PT_plus_Theta,103668,2,1,1,1,0,0,0,0
atlas,HOMFLY_PT_plus_Theta,103672,2,1,1,1,0,0,0,0
atlas,HOMFLY_PT_plus_Theta,103739,2,1,1,1,0,0,0,0
atlas,HOMFLY_PT_plus_Theta,103773,2,1,1,1,0,0,0,0
atlas,HOMFLY_PT_plus_Theta,103813,2,1,1,1,0,0,0,0
atlas,HOMFLY_PT_plus_Theta,103857,2,1,1,1,0,0,0,0
atlas,HOMFLY_PT_plus_Theta,103933,2,1,1,1,0,0,0,0
atlas,HOMFLY_PT_plus_Theta,103934,2,1,1,1,0,0,0,0
atlas,HOMFLY_PT_plus_Theta,104011,4,6,1,1,0,0,0,0
atlas,HOMFLY_PT_plus_Theta,104126,2,1,1,1,0,0,0,0
atlas,HOMFLY_PT_plus_Theta,104207,2,1,1,1,0,0,0,0
atlas,HOMFLY_PT_plus_Theta,104237,2,1,1,1,0,0,0,0
atlas,HOMFLY_PT_plus_Theta,104273,2,1,1,1,0,0,0,0
atlas,HOMFLY_PT_plus_Theta,104274,2,1,1,1,0,0,0,0
atlas,HOMFLY_PT_plus_Theta,104305,2,1,1,1,0,0,0,0
atlas,HOMFLY_PT_plus_Theta,104384,2,1,1,1,0,0,0,0
atlas,HOMFLY_PT_plus_Theta,104418,2,1,1,1,0,0,0,0
atlas,HOMFLY_PT_plus_Theta,104554,2,1,1,1,0,0,0,0
atlas,HOMFLY_PT_plus_Theta,104555,2,1,1,1,0,0,0,0
atlas,HOMFLY_PT_plus_Theta,104588,2,1,1,1,0,0,0,0
atlas,HOMFLY_PT_plus_Theta,104619,2,1,1,1,0,0,0,0
atlas,HOMFLY_PT_plus_Theta,104653,2,1,1,1,0,0,0,0
atlas,HOMFLY_PT_plus_Theta,104685,2,1,1,1,0,0,0,0
atlas,HOMFLY_PT_plus_Theta,104695,2,1,1,1,0,0,0,0
atlas,HOMFLY_PT_plus_Theta,104960,2,1,1,1,0,0,0,0
atlas,HOMFLY_PT_plus_Theta,105011,2,1,1,1,0,0,0,0
atlas,HOMFLY_PT_plus_Theta,105036,2,1,1,1,0,0,0,0
atlas,HOMFLY_PT_plus_Theta,105045,2,1,1,1,0,0,0,0
atlas,HOMFLY_PT_plus_Theta,105102,2,1,1,1,0,0,0,0
atlas,HOMFLY_PT_plus_Theta,105132,2,1,1,1,0,0,0,0
atlas,HOMFLY_PT_plus_Theta,105258,2,1,1,1,0,0,0,0
atlas,HOMFLY_PT_plus_Theta,105261,2,1,1,1,0,0,0,0
atlas,HOMFLY_PT_plus_Theta,105389,2,1,1,1,0,0,0,0
atlas,HOMFLY_PT_plus_Theta,105452,2,1,1,1,0,0,0,0
atlas,HOMFLY_PT_plus_Theta,105459,2,1,1,1,0,0,0,0
atlas,HOMFLY_PT_plus_Theta,105502,4,6,1,1,0,0,0,0
atlas,HOMFLY_PT_plus_Theta,105562,2,1,1,1,0,0,0,0
atlas,HOMFLY_PT_plus_Theta,105731,2,1,1,1,0,0,0,0
atlas,HOMFLY_PT_plus_Theta,105743,2,1,1,1,0,0,0,0
atlas,HOMFLY_PT_plus_Theta,105774,2,1,1,1,0,0,0,0
atlas,HOMFLY_PT_plus_Theta,105781,2,1,1,1,0,0,0,0
atlas,HOMFLY_PT_plus_Theta,105825,2,1,1,1,0,0,0,0
atlas,HOMFLY_PT_plus_Theta,105829,2,1,1,1,0,0,0,0
atlas,HOMFLY_PT_plus_Theta,105850,4,6,1,1,0,0,0,0
atlas,HOMFLY_PT_plus_Theta,105979,2,1,1,1,0,0,0,0
atlas,HOMFLY_PT_plus_Theta,106025,2,1,1,1,0,0,0,0
atlas,HOMFLY_PT_plus_Theta,106057,2,1,1,1,0,0,0,0
atlas,HOMFLY_PT_plus_Theta,106184,2,1,1,1,0,0,0,0
atlas,HOMFLY_PT_plus_Theta,106204,2,1,1,1,0,0,0,0
atlas,HOMFLY_PT_plus_Theta,106233,2,1,1,1,0,0,0,0
atlas,HOMFLY_PT_plus_Theta,106253,2,1,2,2,1,1,0,1
atlas,HOMFLY_PT_plus_Theta,106258,2,1,1,1,0,0,0,0
atlas,HOMFLY_PT_plus_Theta,106439,2,1,1,1,0,0,0,0
atlas,HOMFLY_PT_plus_Theta,106446,2,1,1,1,0,0,0,0
atlas,HOMFLY_PT_plus_Theta,106474,2,1,1,1,0,0,0,0
atlas,HOMFLY_PT_plus_Theta,106523,2,1,1,1,0,0,0,0
atlas,HOMFLY_PT_plus_Theta,106683,2,1,1,1,0,0,0,0
atlas,HOMFLY_PT_plus_Theta,106701,2,1,1,1,0,0,0,0
atlas,HOMFLY_PT_plus_Theta,106755,2,1,1,1,0,0,0,0
atlas,HOMFLY_PT_plus_Theta,106915,2,1,1,1,0,0,0,0
atlas,HOMFLY_PT_plus_Theta,106941,2,1,1,1,0,0,0,0
atlas,HOMFLY_PT_plus_Theta,106983,2,1,1,1,0,0,0,0
atlas,HOMFLY_PT_plus_Theta,107089,2,1,1,1,0,0,0,0
atlas,HOMFLY_PT_plus_Theta,107090,2,1,1,1,0,0,0,0
atlas,HOMFLY_PT_plus_Theta,107119,2,1,1,1,0,0,0,0
atlas,HOMFLY_PT_plus_Theta,107165,2,1,1,1,0,0,0,0
atlas,HOMFLY_PT_plus_Theta,107182,2,1,1,1,0,0,0,0
atlas,HOMFLY_PT_plus_Theta,107256,2,1,1,1,0,0,0,0
atlas,HOMFLY_PT_plus_Theta,107315,2,1,1,1,0,0,0,0
atlas,HOMFLY_PT_plus_Theta,107492,2,1,1,1,0,0,0,0
atlas,HOMFLY_PT_plus_Theta,107504,2,1,1,1,0,0,0,0
atlas,HOMFLY_PT_plus_Theta,107508,2,1,1,1,0,0,0,0
atlas,HOMFLY_PT_plus_Theta,107511,2,1,1,1,0,0,0,0
atlas,HOMFLY_PT_plus_Theta,107512,2,1,1,1,0,0,0,0
atlas,HOMFLY_PT_plus_Theta,107533,2,1,1,1,0,0,0,0
atlas,HOMFLY_PT_plus_Theta,107537,2,1,1,1,0,0,0,0
atlas,HOMFLY_PT_plus_Theta,107643,2,1,1,1,0,0,0,0
atlas,HOMFLY_PT_plus_Theta,107668,2,1,1,1,0,0,0,0
atlas,HOMFLY_PT_plus_Theta,107727,2,1,1,1,0,0,0,0
atlas,HOMFLY_PT_plus_Theta,107777,2,1,1,1,0,0,0,0
atlas,HOMFLY_PT_plus_Theta,107835,2,1,1,1,0,0,0,0
atlas,HOMFLY_PT_plus_Theta,107852,2,1,1,1,0,0,0,0
atlas,HOMFLY_PT_plus_Theta,107883,2,1,1,1,0,0,0,0
atlas,HOMFLY_PT_plus_Theta,107895,2,1,1,1,0,0,0,0
atlas,HOMFLY_PT_plus_Theta,108077,2,1,1,1,0,0,0,0
atlas,HOMFLY_PT_plus_Theta,108184,2,1,1,1,0,0,0,0
atlas,HOMFLY_PT_plus_Theta,108230,2,1,1,1,0,0,0,0
atlas,HOMFLY_PT_plus_Theta,108250,2,1,1,1,0,0,0,0
atlas,HOMFLY_PT_plus_Theta,108278,2,1,1,1,0,0,0,0
atlas,HOMFLY_PT_plus_Theta,108329,2,1,1,1,0,0,0,0
atlas,HOMFLY_PT_plus_Theta,108559,4,6,1,1,0,0,0,0
atlas,HOMFLY_PT_plus_Theta,108573,2,1,1,1,0,0,0,0
atlas,HOMFLY_PT_plus_Theta,108598,2,1,1,1,0,0,0,0
atlas,HOMFLY_PT_plus_Theta,108600,2,1,1,1,0,0,0,0
atlas,HOMFLY_PT_plus_Theta,108679,2,1,1,1,0,0,0,0
atlas,HOMFLY_PT_plus_Theta,108688,2,1,1,1,0,0,0,0
atlas,HOMFLY_PT_plus_Theta,108882,2,1,1,1,0,0,0,0
atlas,HOMFLY_PT_plus_Theta,108989,2,1,1,1,0,0,0,0
atlas,HOMFLY_PT_plus_Theta,109076,2,1,1,1,0,0,0,0
atlas,HOMFLY_PT_plus_Theta,109094,2,1,1,1,0,0,0,0
atlas,HOMFLY_PT_plus_Theta,109100,2,1,1,1,0,0,0,0
atlas,HOMFLY_PT_plus_Theta,109132,2,1,1,1,0,0,0,0
atlas,HOMFLY_PT_plus_Theta,109150,2,1,1,1,0,0,0,0
atlas,HOMFLY_PT_plus_Theta,109226,2,1,1,1,0,0,0,0
atlas,HOMFLY_PT_plus_Theta,109290,2,1,1,1,0,0,0,0
atlas,HOMFLY_PT_plus_Theta,109291,2,1,1,1,0,0,0,0
atlas,HOMFLY_PT_plus_Theta,109402,2,1,1,1,0,0,0,0
atlas,HOMFLY_PT_plus_Theta,109445,2,1,1,1,0,0,0,0
atlas,HOMFLY_PT_plus_Theta,109446,2,1,1,1,0,0,0,0
atlas,HOMFLY_PT_plus_Theta,109451,2,1,1,1,0,0,0,0
atlas,HOMFLY_PT_plus_Theta,109454,2,1,1,1,0,0,0,0
atlas,HOMFLY_PT_plus_Theta,109455,2,1,1,1,0,0,0,0
atlas,HOMFLY_PT_plus_Theta,109514,2,1,1,1,0,0,0,0
atlas,HOMFLY_PT_plus_Theta,109532,2,1,1,1,0,0,0,0
atlas,HOMFLY_PT_plus_Theta,109565,2,1,1,1,0,0,0,0
atlas,HOMFLY_PT_plus_Theta,109694,2,1,1,1,0,0,0,0
atlas,HOMFLY_PT_plus_Theta,109720,2,1,1,1,0,0,0,0
atlas,HOMFLY_PT_plus_Theta,109779,2,1,1,1,0,0,0,0
atlas,HOMFLY_PT_plus_Theta,109959,2,1,1,1,0,0,0,0
atlas,HOMFLY_PT_plus_Theta,109996,2,1,1,1,0,0,0,0
atlas,HOMFLY_PT_plus_Theta,110030,2,1,1,1,0,0,0,0
atlas,HOMFLY_PT_plus_Theta,110031,2,1,1,1,0,0,0,0
atlas,HOMFLY_PT_plus_Theta,110148,2,1,1,1,0,0,0,0
atlas,HOMFLY_PT_plus_Theta,110163,2,1,1,1,0,0,0,0
atlas,HOMFLY_PT_plus_Theta,110174,2,1,1,1,0,0,0,0
atlas,HOMFLY_PT_plus_Theta,110194,2,1,1,1,0,0,0,0
atlas,HOMFLY_PT_plus_Theta,110351,4,6,1,1,0,0,0,0
atlas,HOMFLY_PT_plus_Theta,110389,2,1,1,1,0,0,0,0
atlas,HOMFLY_PT_plus_Theta,110422,2,1,1,1,0,0,0,0
atlas,HOMFLY_PT_plus_Theta,110429,4,6,1,1,0,0,0,0
atlas,HOMFLY_PT_plus_Theta,110591,2,1,1,1,0,0,0,0
atlas,HOMFLY_PT_plus_Theta,110616,2,1,1,1,0,0,0,0
atlas,HOMFLY_PT_plus_Theta,110619,2,1,1,1,0,0,0,0
atlas,HOMFLY_PT_plus_Theta,110627,2,1,1,1,0,0,0,0
atlas,HOMFLY_PT_plus_Theta,110667,2,1,1,1,0,0,0,0
atlas,HOMFLY_PT_plus_Theta,110805,2,1,1,1,0,0,0,0
atlas,HOMFLY_PT_plus_Theta,110836,2,1,1,1,0,0,0,0
atlas,HOMFLY_PT_plus_Theta,110844,2,1,1,1,0,0,0,0
atlas,HOMFLY_PT_plus_Theta,110922,2,1,1,1,0,0,0,0
atlas,HOMFLY_PT_plus_Theta,111113,2,1,1,1,0,0,0,0
atlas,HOMFLY_PT_plus_Theta,111165,2,1,1,1,0,0,0,0
atlas,HOMFLY_PT_plus_Theta,111181,2,1,1,1,0,0,0,0
atlas,HOMFLY_PT_plus_Theta,111201,2,1,1,1,0,0,0,0
atlas,HOMFLY_PT_plus_Theta,111209,2,1,1,1,0,0,0,0
atlas,HOMFLY_PT_plus_Theta,111258,2,1,1,1,0,0,0,0
atlas,HOMFLY_PT_plus_Theta,111343,2,1,1,1,0,0,0,0
atlas,HOMFLY_PT_plus_Theta,111347,2,1,1,1,0,0,0,0
atlas,HOMFLY_PT_plus_Theta,111353,2,1,1,1,0,0,0,0
atlas,HOMFLY_PT_plus_Theta,111390,2,1,1,1,0,0,0,0
atlas,HOMFLY_PT_plus_Theta,111446,2,1,1,1,0,0,0,0
atlas,HOMFLY_PT_plus_Theta,111447,2,1,1,1,0,0,0,0
atlas,HOMFLY_PT_plus_Theta,111463,2,1,1,1,0,0,0,0
atlas,HOMFLY_PT_plus_Theta,111489,2,1,1,1,0,0,0,0
atlas,HOMFLY_PT_plus_Theta,111548,2,1,1,1,0,0,0,0
atlas,HOMFLY_PT_plus_Theta,111619,2,1,1,1,0,0,0,0
atlas,HOMFLY_PT_plus_Theta,111634,2,1,1,1,0,0,0,0
atlas,HOMFLY_PT_plus_Theta,111635,2,1,1,1,0,0,0,0
atlas,HOMFLY_PT_plus_Theta,111736,2,1,1,1,0,0,0,0
atlas,HOMFLY_PT_plus_Theta,111775,2,1,1,1,0,0,0,0
atlas,HOMFLY_PT_plus_Theta,111983,2,1,1,1,0,0,0,0
atlas,HOMFLY_PT_plus_Theta,111994,2,1,1,1,0,0,0,0
atlas,HOMFLY_PT_plus_Theta,112015,2,1,1,1,0,0,0,0
atlas,HOMFLY_PT_plus_Theta,112016,2,1,1,1,0,0,0,0
atlas,HOMFLY_PT_plus_Theta,112020,2,1,1,1,0,0,0,0
atlas,HOMFLY_PT_plus_Theta,112033,2,1,1,1,0,0,0,0
atlas,HOMFLY_PT_plus_Theta,112074,3,3,1,1,0,0,0,0
atlas,HOMFLY_PT_plus_Theta,112088,2,1,1,1,0,0,0,0
atlas,HOMFLY_PT_plus_Theta,112103,2,1,1,1,0,0,0,0
atlas,HOMFLY_PT_plus_Theta,112241,2,1,1,1,0,0,0,0
atlas,HOMFLY_PT_plus_Theta,112253,2,1,1,1,0,0,0,0
atlas,HOMFLY_PT_plus_Theta,112261,2,1,1,1,0,0,0,0
atlas,HOMFLY_PT_plus_Theta,112274,2,1,1,1,0,0,0,0
atlas,HOMFLY_PT_plus_Theta,112291,2,1,1,1,0,0,0,0
atlas,HOMFLY_PT_plus_Theta,112362,2,1,1,1,0,0,0,0
atlas,HOMFLY_PT_plus_Theta,112469,2,1,1,1,0,0,0,0
atlas,HOMFLY_PT_plus_Theta,112495,2,1,1,1,0,0,0,0
atlas,HOMFLY_PT_plus_Theta,112599,2,1,1,1,0,0,0,0
atlas,HOMFLY_PT_plus_Theta,112710,2,1,1,1,0,0,0,0
atlas,HOMFLY_PT_plus_Theta,112720,2,1,1,1,0,0,0,0
atlas,HOMFLY_PT_plus_Theta,112855,2,1,1,1,0,0,0,0
atlas,HOMFLY_PT_plus_Theta,112870,2,1,1,1,0,0,0,0
atlas,HOMFLY_PT_plus_Theta,112891,2,1,1,1,0,0,0,0
atlas,HOMFLY_PT_plus_Theta,112937,2,1,1,1,0,0,0,0
atlas,HOMFLY_PT_plus_Theta,112938,2,1,1,1,0,0,0,0
atlas,HOMFLY_PT_plus_Theta,112999,2,1,1,1,0,0,0,0
atlas,HOMFLY_PT_plus_Theta,113026,2,1,1,1,0,0,0,0
atlas,HOMFLY_PT_plus_Theta,113128,2,1,1,1,0,0,0,0
atlas,HOMFLY_PT_plus_Theta,113179,2,1,1,1,0,0,0,0
atlas,HOMFLY_PT_plus_Theta,113180,2,1,1,1,0,0,0,0
atlas,HOMFLY_PT_plus_Theta,113181,2,1,1,1,0,0,0,0
atlas,HOMFLY_PT_plus_Theta,113368,2,1,1,1,0,0,0,0
atlas,HOMFLY_PT_plus_Theta,113395,2,1,1,1,0,0,0,0
atlas,HOMFLY_PT_plus_Theta,113443,2,1,1,1,0,0,0,0
atlas,HOMFLY_PT_plus_Theta,113488,2,1,1,1,0,0,0,0
atlas,HOMFLY_PT_plus_Theta,113500,2,1,1,1,0,0,0,0
atlas,HOMFLY_PT_plus_Theta,113663,2,1,1,1,0,0,0,0
atlas,HOMFLY_PT_plus_Theta,113764,2,1,1,1,0,0,0,0
atlas,HOMFLY_PT_plus_Theta,113810,2,1,1,1,0,0,0,0
atlas,HOMFLY_PT_plus_Theta,113840,2,1,1,1,0,0,0,0
atlas,HOMFLY_PT_plus_Theta,113858,2,1,1,1,0,0,0,0
atlas,HOMFLY_PT_plus_Theta,113873,2,1,1,1,0,0,0,0
atlas,HOMFLY_PT_plus_Theta,114192,2,1,1,1,0,0,0,0
atlas,HOMFLY_PT_plus_Theta,114243,2,1,1,1,0,0,0,0
atlas,HOMFLY_PT_plus_Theta,114294,2,1,1,1,0,0,0,0
atlas,HOMFLY_PT_plus_Theta,114334,2,1,1,1,0,0,0,0
atlas,HOMFLY_PT_plus_Theta,114568,2,1,1,1,0,0,0,0
atlas,HOMFLY_PT_plus_Theta,114645,4,6,1,1,0,0,0,0
atlas,HOMFLY_PT_plus_Theta,114740,2,1,1,1,0,0,0,0
atlas,HOMFLY_PT_plus_Theta,114741,2,1,1,1,0,0,0,0
atlas,HOMFLY_PT_plus_Theta,114744,2,1,1,1,0,0,0,0
atlas,HOMFLY_PT_plus_Theta,114949,2,1,1,1,0,0,0,0
atlas,HOMFLY_PT_plus_Theta,114990,2,1,1,1,0,0,0,0
atlas,HOMFLY_PT_plus_Theta,115020,2,1,1,1,0,0,0,0
atlas,HOMFLY_PT_plus_Theta,115120,4,6,1,1,0,0,0,0
atlas,HOMFLY_PT_plus_Theta,115128,2,1,1,1,0,0,0,0
atlas,HOMFLY_PT_plus_Theta,115203,2,1,1,1,0,0,0,0
atlas,HOMFLY_PT_plus_Theta,115288,2,1,1,1,0,0,0,0
atlas,HOMFLY_PT_plus_Theta,115336,2,1,1,1,0,0,0,0
atlas,HOMFLY_PT_plus_Theta,115346,2,1,1,1,0,0,0,0
atlas,HOMFLY_PT_plus_Theta,115419,2,1,1,1,0,0,0,0
atlas,HOMFLY_PT_plus_Theta,115561,2,1,1,1,0,0,0,0
atlas,HOMFLY_PT_plus_Theta,115619,2,1,1,1,0,0,0,0
atlas,HOMFLY_PT_plus_Theta,115634,2,1,1,1,0,0,0,0
atlas,HOMFLY_PT_plus_Theta,115684,4,6,1,1,0,0,0,0
atlas,HOMFLY_PT_plus_Theta,115711,2,1,1,1,0,0,0,0
atlas,HOMFLY_PT_plus_Theta,115724,2,1,1,1,0,0,0,0
atlas,HOMFLY_PT_plus_Theta,115742,2,1,1,1,0,0,0,0
atlas,HOMFLY_PT_plus_Theta,115877,2,1,1,1,0,0,0,0
atlas,HOMFLY_PT_plus_Theta,115878,2,1,1,1,0,0,0,0
atlas,HOMFLY_PT_plus_Theta,116046,2,1,1,1,0,0,0,0
atlas,HOMFLY_PT_plus_Theta,116068,2,1,1,1,0,0,0,0
atlas,HOMFLY_PT_plus_Theta,116146,2,1,1,1,0,0,0,0
atlas,HOMFLY_PT_plus_Theta,116154,2,1,1,1,0,0,0,0
atlas,HOMFLY_PT_plus_Theta,116344,2,1,1,1,0,0,0,0
atlas,HOMFLY_PT_plus_Theta,116475,2,1,1,1,0,0,0,0
atlas,HOMFLY_PT_plus_Theta,116507,2,1,1,1,0,0,0,0
atlas,HOMFLY_PT_plus_Theta,116535,2,1,1,1,0,0,0,0
atlas,HOMFLY_PT_plus_Theta,116630,2,1,1,1,0,0,0,0
atlas,HOMFLY_PT_plus_Theta,116727,2,1,1,1,0,0,0,0
atlas,HOMFLY_PT_plus_Theta,116752,2,1,1,1,0,0,0,0
atlas,HOMFLY_PT_plus_Theta,116855,2,1,1,1,0,0,0,0
atlas,HOMFLY_PT_plus_Theta,116873,2,1,1,1,0,0,0,0
atlas,HOMFLY_PT_plus_Theta,116891,2,1,1,1,0,0,0,0
atlas,HOMFLY_PT_plus_Theta,116945,2,1,1,1,0,0,0,0
atlas,HOMFLY_PT_plus_Theta,117049,2,1,1,1,0,0,0,0
atlas,HOMFLY_PT_plus_Theta,117092,2,1,1,1,0,0,0,0
atlas,HOMFLY_PT_plus_Theta,117132,2,1,1,1,0,0,0,0
atlas,HOMFLY_PT_plus_Theta,117225,2,1,1,1,0,0,0,0
atlas,HOMFLY_PT_plus_Theta,117332,2,1,1,1,0,0,0,0
atlas,HOMFLY_PT_plus_Theta,117431,2,1,1,1,0,0,0,0
atlas,HOMFLY_PT_plus_Theta,117444,2,1,1,1,0,0,0,0
atlas,HOMFLY_PT_plus_Theta,117459,2,1,1,1,0,0,0,0
atlas,HOMFLY_PT_plus_Theta,117475,2,1,1,1,0,0,0,0
atlas,HOMFLY_PT_plus_Theta,117527,2,1,1,1,0,0,0,0
atlas,HOMFLY_PT_plus_Theta,117529,4,6,1,1,0,0,0,0
atlas,HOMFLY_PT_plus_Theta,117664,2,1,1,1,0,0,0,0
atlas,HOMFLY_PT_plus_Theta,117697,2,1,1,1,0,0,0,0
atlas,HOMFLY_PT_plus_Theta,117715,2,1,1,1,0,0,0,0
atlas,HOMFLY_PT_plus_Theta,117716,2,1,1,1,0,0,0,0
atlas,HOMFLY_PT_plus_Theta,117725,4,6,1,1,0,0,0,0
atlas,HOMFLY_PT_plus_Theta,117736,2,1,1,1,0,0,0,0
atlas,HOMFLY_PT_plus_Theta,117975,2,1,1,1,0,0,0,0
atlas,HOMFLY_PT_plus_Theta,118026,2,1,1,1,0,0,0,0
atlas,HOMFLY_PT_plus_Theta,118053,2,1,1,1,0,0,0,0
atlas,HOMFLY_PT_plus_Theta,118108,2,1,1,1,0,0,0,0
atlas,HOMFLY_PT_plus_Theta,118208,2,1,1,1,0,0,0,0
atlas,HOMFLY_PT_plus_Theta,118226,2,1,1,1,0,0,0,0
atlas,HOMFLY_PT_plus_Theta,118269,2,1,1,1,0,0,0,0
atlas,HOMFLY_PT_plus_Theta,118289,2,1,1,1,0,0,0,0
atlas,HOMFLY_PT_plus_Theta,118290,2,1,1,1,0,0,0,0
atlas,HOMFLY_PT_plus_Theta,118299,2,1,1,1,0,0,0,0
atlas,HOMFLY_PT_plus_Theta,118351,2,1,1,1,0,0,0,0
atlas,HOMFLY_PT_plus_Theta,118436,4,6,1,1,0,0,0,0
atlas,HOMFLY_PT_plus_Theta,118479,2,1,1,1,0,0,0,0
atlas,HOMFLY_PT_plus_Theta,118530,2,1,1,1,0,0,0,0
atlas,HOMFLY_PT_plus_Theta,118677,2,1,1,1,0,0,0,0
atlas,HOMFLY_PT_plus_Theta,118712,2,1,1,1,0,0,0,0
atlas,HOMFLY_PT_plus_Theta,118747,2,1,1,1,0,0,0,0
atlas,HOMFLY_PT_plus_Theta,118805,2,1,1,1,0,0,0,0
atlas,HOMFLY_PT_plus_Theta,118809,2,1,1,1,0,0,0,0
atlas,HOMFLY_PT_plus_Theta,118816,4,6,1,1,0,0,0,0
atlas,HOMFLY_PT_plus_Theta,118888,2,1,1,1,0,0,0,0
atlas,HOMFLY_PT_plus_Theta,118892,2,1,1,1,0,0,0,0
atlas,HOMFLY_PT_plus_Theta,119012,2,1,1,1,0,0,0,0
atlas,HOMFLY_PT_plus_Theta,119038,2,1,1,1,0,0,0,0
atlas,HOMFLY_PT_plus_Theta,119156,2,1,1,1,0,0,0,0
atlas,HOMFLY_PT_plus_Theta,119209,2,1,1,1,0,0,0,0
atlas,HOMFLY_PT_plus_Theta,119301,2,1,1,1,0,0,0,0
atlas,HOMFLY_PT_plus_Theta,119332,2,1,1,1,0,0,0,0
atlas,HOMFLY_PT_plus_Theta,119425,2,1,1,1,0,0,0,0
atlas,HOMFLY_PT_plus_Theta,119428,2,1,1,1,0,0,0,0
atlas,HOMFLY_PT_plus_Theta,119479,2,1,1,1,0,0,0,0
atlas,HOMFLY_PT_plus_Theta,119482,2,1,1,1,0,0,0,0
atlas,HOMFLY_PT_plus_Theta,119483,2,1,1,1,0,0,0,0
atlas,HOMFLY_PT_plus_Theta,119560,2,1,1,1,0,0,0,0
atlas,HOMFLY_PT_plus_Theta,119690,2,1,1,1,0,0,0,0
atlas,HOMFLY_PT_plus_Theta,119746,2,1,1,1,0,0,0,0
atlas,HOMFLY_PT_plus_Theta,119748,2,1,1,1,0,0,0,0
atlas,HOMFLY_PT_plus_Theta,119795,2,1,1,1,0,0,0,0
atlas,HOMFLY_PT_plus_Theta,119899,2,1,1,1,0,0,0,0
atlas,HOMFLY_PT_plus_Theta,119949,2,1,1,1,0,0,0,0
atlas,HOMFLY_PT_plus_Theta,119966,2,1,1,1,0,0,0,0
atlas,HOMFLY_PT_plus_Theta,119998,2,1,1,1,0,0,0,0
atlas,HOMFLY_PT_plus_Theta,120006,2,1,1,1,0,0,0,0
atlas,HOMFLY_PT_plus_Theta,120051,2,1,1,1,0,0,0,0
atlas,HOMFLY_PT_plus_Theta,120114,2,1,1,1,0,0,0,0
atlas,HOMFLY_PT_plus_Theta,120146,2,1,1,1,0,0,0,0
atlas,HOMFLY_PT_plus_Theta,120342,2,1,1,1,0,0,0,0
atlas,HOMFLY_PT_plus_Theta,120343,2,1,1,1,0,0,0,0
atlas,HOMFLY_PT_plus_Theta,120435,2,1,1,1,0,0,0,0
atlas,HOMFLY_PT_plus_Theta,120463,2,1,1,1,0,0,0,0
atlas,HOMFLY_PT_plus_Theta,120514,2,1,1,1,0,0,0,0
atlas,HOMFLY_PT_plus_Theta,120746,2,1,1,1,0,0,0,0
atlas,HOMFLY_PT_plus_Theta,120811,2,1,1,1,0,0,0,0
atlas,HOMFLY_PT_plus_Theta,120844,2,1,1,1,0,0,0,0
atlas,HOMFLY_PT_plus_Theta,120845,2,1,1,1,0,0,0,0
atlas,HOMFLY_PT_plus_Theta,120928,2,1,1,1,0,0,0,0
atlas,HOMFLY_PT_plus_Theta,120991,2,1,1,1,0,0,0,0
atlas,HOMFLY_PT_plus_Theta,121007,2,1,1,1,0,0,0,0
atlas,HOMFLY_PT_plus_Theta,121045,2,1,1,1,0,0,0,0
atlas,HOMFLY_PT_plus_Theta,121098,2,1,1,1,0,0,0,0
atlas,HOMFLY_PT_plus_Theta,121099,2,1,1,1,0,0,0,0
atlas,HOMFLY_PT_plus_Theta,121102,3,3,1,1,0,0,0,0
atlas,HOMFLY_PT_plus_Theta,121163,2,1,1,1,0,0,0,0
atlas,HOMFLY_PT_plus_Theta,121193,2,1,1,1,0,0,0,0
atlas,HOMFLY_PT_plus_Theta,121217,2,1,1,1,0,0,0,0
atlas,HOMFLY_PT_plus_Theta,121232,2,1,1,1,0,0,0,0
atlas,HOMFLY_PT_plus_Theta,121275,2,1,1,1,0,0,0,0
atlas,HOMFLY_PT_plus_Theta,121315,2,1,1,1,0,0,0,0
atlas,HOMFLY_PT_plus_Theta,121602,2,1,1,1,0,0,0,0
atlas,HOMFLY_PT_plus_Theta,121619,2,1,1,1,0,0,0,0
atlas,HOMFLY_PT_plus_Theta,121713,2,1,1,1,0,0,0,0
atlas,HOMFLY_PT_plus_Theta,121734,2,1,1,1,0,0,0,0
atlas,HOMFLY_PT_plus_Theta,121755,2,1,1,1,0,0,0,0
atlas,HOMFLY_PT_plus_Theta,121825,2,1,1,1,0,0,0,0
atlas,HOMFLY_PT_plus_Theta,121833,2,1,1,1,0,0,0,0
atlas,HOMFLY_PT_plus_Theta,122023,2,1,1,1,0,0,0,0
atlas,HOMFLY_PT_plus_Theta,122071,2,1,1,1,0,0,0,0
atlas,HOMFLY_PT_plus_Theta,122173,2,1,1,1,0,0,0,0
atlas,HOMFLY_PT_plus_Theta,122185,2,1,1,1,0,0,0,0
atlas,HOMFLY_PT_plus_Theta,122186,2,1,1,1,0,0,0,0
atlas,HOMFLY_PT_plus_Theta,122238,2,1,1,1,0,0,0,0
atlas,HOMFLY_PT_plus_Theta,122239,2,1,1,1,0,0,0,0
atlas,HOMFLY_PT_plus_Theta,122263,2,1,1,1,0,0,0,0
atlas,HOMFLY_PT_plus_Theta,122517,2,1,1,1,0,0,0,0
atlas,HOMFLY_PT_plus_Theta,122521,2,1,1,1,0,0,0,0
atlas,HOMFLY_PT_plus_Theta,122559,2,1,1,1,0,0,0,0
atlas,HOMFLY_PT_plus_Theta,122583,2,1,1,1,0,0,0,0
atlas,HOMFLY_PT_plus_Theta,122645,2,1,1,1,0,0,0,0
atlas,HOMFLY_PT_plus_Theta,122697,3,3,1,1,0,0,0,0
atlas,HOMFLY_PT_plus_Theta,122698,2,1,1,1,0,0,0,0
atlas,HOMFLY_PT_plus_Theta,122706,2,1,1,1,0,0,0,0
atlas,HOMFLY_PT_plus_Theta,122711,2,1,1,1,0,0,0,0
atlas,HOMFLY_PT_plus_Theta,122751,2,1,1,1,0,0,0,0
atlas,HOMFLY_PT_plus_Theta,122865,2,1,1,1,0,0,0,0
atlas,HOMFLY_PT_plus_Theta,123071,2,1,1,1,0,0,0,0
atlas,HOMFLY_PT_plus_Theta,123107,2,1,1,1,0,0,0,0
atlas,HOMFLY_PT_plus_Theta,123114,2,1,1,1,0,0,0,0
atlas,HOMFLY_PT_plus_Theta,123123,2,1,1,1,0,0,0,0
atlas,HOMFLY_PT_plus_Theta,123192,2,1,1,1,0,0,0,0
atlas,HOMFLY_PT_plus_Theta,123270,2,1,1,1,0,0,0,0
atlas,HOMFLY_PT_plus_Theta,123281,2,1,1,1,0,0,0,0
atlas,HOMFLY_PT_plus_Theta,123361,2,1,1,1,0,0,0,0
atlas,HOMFLY_PT_plus_Theta,123405,2,1,1,1,0,0,0,0
atlas,HOMFLY_PT_plus_Theta,123461,2,1,1,1,0,0,0,0
atlas,HOMFLY_PT_plus_Theta,123566,2,1,1,1,0,0,0,0
atlas,HOMFLY_PT_plus_Theta,123586,2,1,1,1,0,0,0,0
atlas,HOMFLY_PT_plus_Theta,123591,2,1,1,1,0,0,0,0
atlas,HOMFLY_PT_plus_Theta,123597,2,1,1,1,0,0,0,0
atlas,HOMFLY_PT_plus_Theta,123790,2,1,1,1,0,0,0,0
atlas,HOMFLY_PT_plus_Theta,123881,2,1,1,1,0,0,0,0
atlas,HOMFLY_PT_plus_Theta,123947,2,1,1,1,0,0,0,0
atlas,HOMFLY_PT_plus_Theta,124018,3,3,1,1,0,0,0,0
atlas,HOMFLY_PT_plus_Theta,124130,2,1,1,1,0,0,0,0
atlas,HOMFLY_PT_plus_Theta,124190,2,1,1,1,0,0,0,0
atlas,HOMFLY_PT_plus_Theta,124192,2,1,1,1,0,0,0,0
atlas,HOMFLY_PT_plus_Theta,124201,2,1,1,1,0,0,0,0
atlas,HOMFLY_PT_plus_Theta,124212,2,1,1,1,0,0,0,0
atlas,HOMFLY_PT_plus_Theta,124242,2,1,1,1,0,0,0,0
atlas,HOMFLY_PT_plus_Theta,124367,2,1,1,1,0,0,0,0
atlas,HOMFLY_PT_plus_Theta,124410,2,1,1,1,0,0,0,0
atlas,HOMFLY_PT_plus_Theta,124501,2,1,1,1,0,0,0,0
atlas,HOMFLY_PT_plus_Theta,124595,2,1,1,1,0,0,0,0
atlas,HOMFLY_PT_plus_Theta,124625,2,1,1,1,0,0,0,0
atlas,HOMFLY_PT_plus_Theta,124626,2,1,1,1,0,0,0,0
atlas,HOMFLY_PT_plus_Theta,124628,2,1,1,1,0,0,0,0
atlas,HOMFLY_PT_plus_Theta,124650,2,1,1,1,0,0,0,0
atlas,HOMFLY_PT_plus_Theta,124689,2,1,1,1,0,0,0,0
atlas,HOMFLY_PT_plus_Theta,124759,2,1,1,1,0,0,0,0
atlas,HOMFLY_PT_plus_Theta,124807,2,1,1,1,0,0,0,0
atlas,HOMFLY_PT_plus_Theta,124922,2,1,1,1,0,0,0,0
atlas,HOMFLY_PT_plus_Theta,124946,2,1,1,1,0,0,0,0
atlas,HOMFLY_PT_plus_Theta,125016,2,1,1,1,0,0,0,0
atlas,HOMFLY_PT_plus_Theta,125036,2,1,1,1,0,0,0,0
atlas,HOMFLY_PT_plus_Theta,125037,2,1,1,1,0,0,0,0
atlas,HOMFLY_PT_plus_Theta,125128,2,1,1,1,0,0,0,0
atlas,HOMFLY_PT_plus_Theta,125139,2,1,1,1,0,0,0,0
atlas,HOMFLY_PT_plus_Theta,125223,2,1,1,1,0,0,0,0
atlas,HOMFLY_PT_plus_Theta,125224,2,1,1,1,0,0,0,0
atlas,HOMFLY_PT_plus_Theta,125274,2,1,1,1,0,0,0,0
atlas,HOMFLY_PT_plus_Theta,125284,2,1,1,1,0,0,0,0
atlas,HOMFLY_PT_plus_Theta,125286,2,1,1,1,0,0,0,0
atlas,HOMFLY_PT_plus_Theta,125366,2,1,1,1,0,0,0,0
atlas,HOMFLY_PT_plus_Theta,125469,2,1,1,1,0,0,0,0
atlas,HOMFLY_PT_plus_Theta,125512,2,1,1,1,0,0,0,0
atlas,HOMFLY_PT_plus_Theta,125513,2,1,1,1,0,0,0,0
atlas,HOMFLY_PT_plus_Theta,125517,2,1,1,1,0,0,0,0
atlas,HOMFLY_PT_plus_Theta,125535,2,1,1,1,0,0,0,0
atlas,HOMFLY_PT_plus_Theta,125564,2,1,1,1,0,0,0,0
atlas,HOMFLY_PT_plus_Theta,125581,2,1,1,1,0,0,0,0
atlas,HOMFLY_PT_plus_Theta,125587,2,1,1,1,0,0,0,0
atlas,HOMFLY_PT_plus_Theta,125591,2,1,1,1,0,0,0,0
atlas,HOMFLY_PT_plus_Theta,125616,2,1,1,1,0,0,0,0
atlas,HOMFLY_PT_plus_Theta,125637,2,1,1,1,0,0,0,0
atlas,HOMFLY_PT_plus_Theta,125814,2,1,1,1,0,0,0,0
atlas,HOMFLY_PT_plus_Theta,125823,2,1,1,1,0,0,0,0
atlas,HOMFLY_PT_plus_Theta,125836,2,1,1,1,0,0,0,0
atlas,HOMFLY_PT_plus_Theta,125846,2,1,1,1,0,0,0,0
atlas,HOMFLY_PT_plus_Theta,125910,2,1,1,1,0,0,0,0
atlas,HOMFLY_PT_plus_Theta,126019,4,6,1,1,0,0,0,0
atlas,HOMFLY_PT_plus_Theta,126020,2,1,1,1,0,0,0,0
atlas,HOMFLY_PT_plus_Theta,126093,2,1,1,1,0,0,0,0
atlas,HOMFLY_PT_plus_Theta,126144,2,1,1,1,0,0,0,0
atlas,HOMFLY_PT_plus_Theta,126203,2,1,1,1,0,0,0,0
atlas,HOMFLY_PT_plus_Theta,126263,2,1,1,1,0,0,0,0
atlas,HOMFLY_PT_plus_Theta,126297,2,1,1,1,0,0,0,0
atlas,HOMFLY_PT_plus_Theta,126356,2,1,1,1,0,0,0,0
atlas,HOMFLY_PT_plus_Theta,126412,2,1,1,1,0,0,0,0
atlas,HOMFLY_PT_plus_Theta,126424,2,1,1,1,0,0,0,0
atlas,HOMFLY_PT_plus_Theta,126456,2,1,1,1,0,0,0,0
atlas,HOMFLY_PT_plus_Theta,126544,2,1,1,1,0,0,0,0
atlas,HOMFLY_PT_plus_Theta,126612,2,1,1,1,0,0,0,0
atlas,HOMFLY_PT_plus_Theta,126638,2,1,1,1,0,0,0,0
atlas,HOMFLY_PT_plus_Theta,126659,2,1,1,1,0,0,0,0
atlas,HOMFLY_PT_plus_Theta,126736,2,1,1,1,0,0,0,0
atlas,HOMFLY_PT_plus_Theta,126753,2,1,1,1,0,0,0,0
atlas,HOMFLY_PT_plus_Theta,126778,2,1,1,1,0,0,0,0
atlas,HOMFLY_PT_plus_Theta,126864,2,1,1,1,0,0,0,0
atlas,HOMFLY_PT_plus_Theta,126868,2,1,1,1,0,0,0,0
atlas,HOMFLY_PT_plus_Theta,127027,2,1,1,1,0,0,0,0
atlas,HOMFLY_PT_plus_Theta,127029,2,1,1,1,0,0,0,0
atlas,HOMFLY_PT_plus_Theta,127086,2,1,1,1,0,0,0,0
atlas,HOMFLY_PT_plus_Theta,127093,2,1,1,1,0,0,0,0
atlas,HOMFLY_PT_plus_Theta,127112,2,1,1,1,0,0,0,0
atlas,HOMFLY_PT_plus_Theta,127172,2,1,1,1,0,0,0,0
atlas,HOMFLY_PT_plus_Theta,127176,2,1,1,1,0,0,0,0
atlas,HOMFLY_PT_plus_Theta,127248,2,1,1,1,0,0,0,0
atlas,HOMFLY_PT_plus_Theta,127447,2,1,1,1,0,0,0,0
atlas,HOMFLY_PT_plus_Theta,127514,3,3,1,1,0,0,0,0
atlas,HOMFLY_PT_plus_Theta,127564,2,1,1,1,0,0,0,0
atlas,HOMFLY_PT_plus_Theta,127589,2,1,1,1,0,0,0,0
atlas,HOMFLY_PT_plus_Theta,127590,2,1,1,1,0,0,0,0
atlas,HOMFLY_PT_plus_Theta,127612,2,1,1,1,0,0,0,0
atlas,HOMFLY_PT_plus_Theta,127624,2,1,1,1,0,0,0,0
atlas,HOMFLY_PT_plus_Theta,127642,2,1,1,1,0,0,0,0
atlas,HOMFLY_PT_plus_Theta,127679,2,1,1,1,0,0,0,0
atlas,HOMFLY_PT_plus_Theta,127716,2,1,1,1,0,0,0,0
atlas,HOMFLY_PT_plus_Theta,127740,2,1,1,1,0,0,0,0
atlas,HOMFLY_PT_plus_Theta,127822,2,1,1,1,0,0,0,0
atlas,HOMFLY_PT_plus_Theta,127982,2,1,1,1,0,0,0,0
atlas,HOMFLY_PT_plus_Theta,128009,2,1,1,1,0,0,0,0
atlas,HOMFLY_PT_plus_Theta,128044,2,1,1,1,0,0,0,0
atlas,HOMFLY_PT_plus_Theta,128059,2,1,1,1,0,0,0,0
atlas,HOMFLY_PT_plus_Theta,128078,2,1,1,1,0,0,0,0
atlas,HOMFLY_PT_plus_Theta,128119,2,1,1,1,0,0,0,0
atlas,HOMFLY_PT_plus_Theta,128153,2,1,1,1,0,0,0,0
atlas,HOMFLY_PT_plus_Theta,128209,2,1,1,1,0,0,0,0
atlas,HOMFLY_PT_plus_Theta,128281,2,1,1,1,0,0,0,0
atlas,HOMFLY_PT_plus_Theta,128306,2,1,1,1,0,0,0,0
atlas,HOMFLY_PT_plus_Theta,128349,2,1,1,1,0,0,0,0
atlas,HOMFLY_PT_plus_Theta,128382,3,3,1,1,0,0,0,0
atlas,HOMFLY_PT_plus_Theta,128444,2,1,1,1,0,0,0,0
atlas,HOMFLY_PT_plus_Theta,128526,2,1,1,1,0,0,0,0
atlas,HOMFLY_PT_plus_Theta,128543,2,1,1,1,0,0,0,0
atlas,HOMFLY_PT_plus_Theta,128592,2,1,1,1,0,0,0,0
atlas,HOMFLY_PT_plus_Theta,128652,2,1,1,1,0,0,0,0
atlas,HOMFLY_PT_plus_Theta,128664,2,1,1,1,0,0,0,0
atlas,HOMFLY_PT_plus_Theta,128665,2,1,1,1,0,0,0,0
atlas,HOMFLY_PT_plus_Theta,128797,2,1,1,1,0,0,0,0
atlas,HOMFLY_PT_plus_Theta,128949,2,1,1,1,0,0,0,0
atlas,HOMFLY_PT_plus_Theta,129032,2,1,1,1,0,0,0,0
atlas,HOMFLY_PT_plus_Theta,129057,2,1,1,1,0,0,0,0
atlas,HOMFLY_PT_plus_Theta,129184,2,1,1,1,0,0,0,0
atlas,HOMFLY_PT_plus_Theta,129207,2,1,1,1,0,0,0,0
atlas,HOMFLY_PT_plus_Theta,129221,2,1,1,1,0,0,0,0
atlas,HOMFLY_PT_plus_Theta,129406,2,1,1,1,0,0,0,0
atlas,HOMFLY_PT_plus_Theta,129412,2,1,1,1,0,0,0,0
atlas,HOMFLY_PT_plus_Theta,129416,2,1,1,1,0,0,0,0
atlas,HOMFLY_PT_plus_Theta,129454,3,3,1,1,0,0,0,0
atlas,HOMFLY_PT_plus_Theta,129459,2,1,1,1,0,0,0,0
atlas,HOMFLY_PT_plus_Theta,129500,2,1,1,1,0,0,0,0
atlas,HOMFLY_PT_plus_Theta,129544,2,1,1,1,0,0,0,0
atlas,HOMFLY_PT_plus_Theta,129545,2,1,1,1,0,0,0,0
atlas,HOMFLY_PT_plus_Theta,129589,2,1,1,1,0,0,0,0
atlas,HOMFLY_PT_plus_Theta,129626,2,1,1,1,0,0,0,0
atlas,HOMFLY_PT_plus_Theta,129635,2,1,1,1,0,0,0,0
atlas,HOMFLY_PT_plus_Theta,129653,2,1,1,1,0,0,0,0
atlas,HOMFLY_PT_plus_Theta,129773,2,1,1,1,0,0,0,0
atlas,HOMFLY_PT_plus_Theta,129774,2,1,1,1,0,0,0,0
atlas,HOMFLY_PT_plus_Theta,129872,2,1,1,1,0,0,0,0
atlas,HOMFLY_PT_plus_Theta,129878,2,1,1,1,0,0,0,0
atlas,HOMFLY_PT_plus_Theta,129987,2,1,1,1,0,0,0,0
atlas,HOMFLY_PT_plus_Theta,130040,2,1,1,1,0,0,0,0
atlas,HOMFLY_PT_plus_Theta,130118,2,1,1,1,0,0,0,0
atlas,HOMFLY_PT_plus_Theta,130189,2,1,1,1,0,0,0,0
atlas,HOMFLY_PT_plus_Theta,130195,2,1,1,1,0,0,0,0
atlas,HOMFLY_PT_plus_Theta,130196,2,1,1,1,0,0,0,0
atlas,HOMFLY_PT_plus_Theta,130254,2,1,1,1,0,0,0,0
atlas,HOMFLY_PT_plus_Theta,130312,2,1,1,1,0,0,0,0
atlas,HOMFLY_PT_plus_Theta,130478,2,1,1,1,0,0,0,0
atlas,HOMFLY_PT_plus_Theta,130509,2,1,1,1,0,0,0,0
atlas,HOMFLY_PT_plus_Theta,130597,2,1,1,1,0,0,0,0
atlas,HOMFLY_PT_plus_Theta,130607,2,1,1,1,0,0,0,0
atlas,HOMFLY_PT_plus_Theta,130612,2,1,1,1,0,0,0,0
atlas,HOMFLY_PT_plus_Theta,130654,2,1,1,1,0,0,0,0
atlas,HOMFLY_PT_plus_Theta,130675,2,1,1,1,0,0,0,0
atlas,HOMFLY_PT_plus_Theta,130687,2,1,1,1,0,0,0,0
atlas,HOMFLY_PT_plus_Theta,130735,2,1,1,1,0,0,0,0
atlas,HOMFLY_PT_plus_Theta,130736,2,1,1,1,0,0,0,0
atlas,HOMFLY_PT_plus_Theta,130837,2,1,1,1,0,0,0,0
atlas,HOMFLY_PT_plus_Theta,130872,2,1,1,1,0,0,0,0
atlas,HOMFLY_PT_plus_Theta,131015,2,1,1,1,0,0,0,0
atlas,HOMFLY_PT_plus_Theta,131042,2,1,1,1,0,0,0,0
atlas,HOMFLY_PT_plus_Theta,131063,2,1,1,1,0,0,0,0
atlas,HOMFLY_PT_plus_Theta,131064,2,1,1,1,0,0,0,0
atlas,HOMFLY_PT_plus_Theta,131127,2,1,1,1,0,0,0,0
atlas,HOMFLY_PT_plus_Theta,131156,2,1,1,1,0,0,0,0
atlas,HOMFLY_PT_plus_Theta,131157,2,1,1,1,0,0,0,0
atlas,HOMFLY_PT_plus_Theta,131214,2,1,1,1,0,0,0,0
atlas,HOMFLY_PT_plus_Theta,131299,2,1,1,1,0,0,0,0
atlas,HOMFLY_PT_plus_Theta,131546,2,1,1,1,0,0,0,0
atlas,HOMFLY_PT_plus_Theta,131547,2,1,1,1,0,0,0,0
atlas,HOMFLY_PT_plus_Theta,131576,2,1,1,1,0,0,0,0
atlas,HOMFLY_PT_plus_Theta,131607,2,1,1,1,0,0,0,0
atlas,HOMFLY_PT_plus_Theta,131650,2,1,1,1,0,0,0,0
atlas,HOMFLY_PT_plus_Theta,131731,2,1,1,1,0,0,0,0
atlas,HOMFLY_PT_plus_Theta,131736,2,1,1,1,0,0,0,0
atlas,HOMFLY_PT_plus_Theta,131762,2,1,1,1,0,0,0,0
atlas,HOMFLY_PT_plus_Theta,131763,2,1,1,1,0,0,0,0
atlas,HOMFLY_PT_plus_Theta,131777,2,1,1,1,0,0,0,0
atlas,HOMFLY_PT_plus_Theta,131833,2,1,1,1,0,0,0,0
atlas,HOMFLY_PT_plus_Theta,131843,2,1,1,1,0,0,0,0
atlas,HOMFLY_PT_plus_Theta,132045,2,1,1,1,0,0,0,0
atlas,HOMFLY_PT_plus_Theta,132096,2,1,1,1,0,0,0,0
atlas,HOMFLY_PT_plus_Theta,132105,4,6,1,1,0,0,0,0
atlas,HOMFLY_PT_plus_Theta,132109,2,1,1,1,0,0,0,0
atlas,HOMFLY_PT_plus_Theta,132110,2,1,1,1,0,0,0,0
atlas,HOMFLY_PT_plus_Theta,132118,2,1,1,1,0,0,0,0
atlas,HOMFLY_PT_plus_Theta,132208,2,1,1,1,0,0,0,0
atlas,HOMFLY_PT_plus_Theta,132291,2,1,1,1,0,0,0,0
atlas,HOMFLY_PT_plus_Theta,132309,2,1,1,1,0,0,0,0
atlas,HOMFLY_PT_plus_Theta,132335,2,1,1,1,0,0,0,0
atlas,HOMFLY_PT_plus_Theta,132449,2,1,1,1,0,0,0,0
atlas,HOMFLY_PT_plus_Theta,132479,2,1,1,1,0,0,0,0
atlas,HOMFLY_PT_plus_Theta,132549,2,1,1,1,0,0,0,0
atlas,HOMFLY_PT_plus_Theta,132586,4,6,1,1,0,0,0,0
atlas,HOMFLY_PT_plus_Theta,132612,2,1,1,1,0,0,0,0
atlas,HOMFLY_PT_plus_Theta,132627,2,1,1,1,0,0,0,0
atlas,HOMFLY_PT_plus_Theta,132715,2,1,1,1,0,0,0,0
atlas,HOMFLY_PT_plus_Theta,132745,2,1,1,1,0,0,0,0
atlas,HOMFLY_PT_plus_Theta,132751,2,1,1,1,0,0,0,0
atlas,HOMFLY_PT_plus_Theta,132777,2,1,1,1,0,0,0,0
atlas,HOMFLY_PT_plus_Theta,132799,2,1,1,1,0,0,0,0
atlas,HOMFLY_PT_plus_Theta,132918,2,1,1,1,0,0,0,0
atlas,HOMFLY_PT_plus_Theta,132950,2,1,1,1,0,0,0,0
atlas,HOMFLY_PT_plus_Theta,132990,2,1,1,1,0,0,0,0
atlas,HOMFLY_PT_plus_Theta,133114,2,1,1,1,0,0,0,0
atlas,HOMFLY_PT_plus_Theta,133146,2,1,1,1,0,0,0,0
atlas,HOMFLY_PT_plus_Theta,133174,2,1,1,1,0,0,0,0
atlas,HOMFLY_PT_plus_Theta,133175,2,1,1,1,0,0,0,0
atlas,HOMFLY_PT_plus_Theta,133324,2,1,1,1,0,0,0,0
atlas,HOMFLY_PT_plus_Theta,133325,2,1,1,1,0,0,0,0
atlas,HOMFLY_PT_plus_Theta,133332,2,1,1,1,0,0,0,0
atlas,HOMFLY_PT_plus_Theta,133566,2,1,1,1,0,0,0,0
atlas,HOMFLY_PT_plus_Theta,133638,2,1,1,1,0,0,0,0
atlas,HOMFLY_PT_plus_Theta,133729,2,1,1,1,0,0,0,0
atlas,HOMFLY_PT_plus_Theta,133731,2,1,1,1,0,0,0,0
atlas,HOMFLY_PT_plus_Theta,133764,2,1,1,1,0,0,0,0
atlas,HOMFLY_PT_plus_Theta,133778,2,1,1,1,0,0,0,0
atlas,HOMFLY_PT_plus_Theta,133895,2,1,1,1,0,0,0,0
atlas,HOMFLY_PT_plus_Theta,133939,2,1,1,1,0,0,0,0
atlas,HOMFLY_PT_plus_Theta,134037,2,1,1,1,0,0,0,0
atlas,HOMFLY_PT_plus_Theta,134049,2,1,1,1,0,0,0,0
atlas,HOMFLY_PT_plus_Theta,134084,2,1,1,1,0,0,0,0
atlas,HOMFLY_PT_plus_Theta,134167,2,1,1,1,0,0,0,0
atlas,HOMFLY_PT_plus_Theta,134274,2,1,1,1,0,0,0,0
atlas,HOMFLY_PT_plus_Theta,134296,2,1,1,1,0,0,0,0
atlas,HOMFLY_PT_plus_Theta,134297,2,1,1,1,0,0,0,0
atlas,HOMFLY_PT_plus_Theta,134331,2,1,1,1,0,0,0,0
atlas,HOMFLY_PT_plus_Theta,134417,2,1,1,1,0,0,0,0
atlas,HOMFLY_PT_plus_Theta,134469,2,1,1,1,0,0,0,0
atlas,HOMFLY_PT_plus_Theta,134477,2,1,1,1,0,0,0,0
atlas,HOMFLY_PT_plus_Theta,134526,2,1,1,1,0,0,0,0
atlas,HOMFLY_PT_plus_Theta,134528,3,3,1,1,0,0,0,0
atlas,HOMFLY_PT_plus_Theta,134530,2,1,1,1,0,0,0,0
atlas,HOMFLY_PT_plus_Theta,134541,2,1,1,1,0,0,0,0
atlas,HOMFLY_PT_plus_Theta,134544,2,1,1,1,0,0,0,0
atlas,HOMFLY_PT_plus_Theta,134558,2,1,1,1,0,0,0,0
atlas,HOMFLY_PT_plus_Theta,134605,2,1,1,1,0,0,0,0
atlas,HOMFLY_PT_plus_Theta,134616,2,1,1,1,0,0,0,0
atlas,HOMFLY_PT_plus_Theta,134659,2,1,1,1,0,0,0,0
atlas,HOMFLY_PT_plus_Theta,134714,3,3,1,1,0,0,0,0
atlas,HOMFLY_PT_plus_Theta,134753,2,1,1,1,0,0,0,0
atlas,HOMFLY_PT_plus_Theta,134754,3,3,1,1,0,0,0,0
atlas,HOMFLY_PT_plus_Theta,134829,2,1,1,1,0,0,0,0
atlas,HOMFLY_PT_plus_Theta,134944,2,1,1,1,0,0,0,0
atlas,HOMFLY_PT_plus_Theta,134986,2,1,1,1,0,0,0,0
atlas,HOMFLY_PT_plus_Theta,135049,2,1,1,1,0,0,0,0
atlas,HOMFLY_PT_plus_Theta,135052,2,1,1,1,0,0,0,0
atlas,HOMFLY_PT_plus_Theta,135160,2,1,1,1,0,0,0,0
atlas,HOMFLY_PT_plus_Theta,135361,2,1,1,1,0,0,0,0
atlas,HOMFLY_PT_plus_Theta,135434,2,1,1,1,0,0,0,0
atlas,HOMFLY_PT_plus_Theta,135455,2,1,1,1,0,0,0,0
atlas,HOMFLY_PT_plus_Theta,135513,2,1,1,1,0,0,0,0
atlas,HOMFLY_PT_plus_Theta,135530,2,1,1,1,0,0,0,0
atlas,HOMFLY_PT_plus_Theta,135545,2,1,1,1,0,0,0,0
atlas,HOMFLY_PT_plus_Theta,135618,2,1,1,1,0,0,0,0
atlas,HOMFLY_PT_plus_Theta,135656,2,1,1,1,0,0,0,0
atlas,HOMFLY_PT_plus_Theta,135863,2,1,1,1,0,0,0,0
atlas,HOMFLY_PT_plus_Theta,135889,2,1,1,1,0,0,0,0
atlas,HOMFLY_PT_plus_Theta,136012,2,1,1,1,0,0,0,0
atlas,HOMFLY_PT_plus_Theta,136119,2,1,1,1,0,0,0,0
atlas,HOMFLY_PT_plus_Theta,136138,2,1,1,1,0,0,0,0
atlas,HOMFLY_PT_plus_Theta,136185,2,1,1,1,0,0,0,0
atlas,HOMFLY_PT_plus_Theta,136191,2,1,1,1,0,0,0,0
atlas,HOMFLY_PT_plus_Theta,136216,2,1,1,1,0,0,0,0
atlas,HOMFLY_PT_plus_Theta,136218,2,1,1,1,0,0,0,0
atlas,HOMFLY_PT_plus_Theta,136463,2,1,1,1,0,0,0,0
atlas,HOMFLY_PT_plus_Theta,136543,2,1,1,1,0,0,0,0
atlas,HOMFLY_PT_plus_Theta,136579,2,1,1,1,0,0,0,0
atlas,HOMFLY_PT_plus_Theta,136580,2,1,1,1,0,0,0,0
atlas,HOMFLY_PT_plus_Theta,136589,2,1,1,1,0,0,0,0
atlas,HOMFLY_PT_plus_Theta,136630,2,1,1,1,0,0,0,0
atlas,HOMFLY_PT_plus_Theta,136649,2,1,1,1,0,0,0,0
atlas,HOMFLY_PT_plus_Theta,136650,2,1,1,1,0,0,0,0
atlas,HOMFLY_PT_plus_Theta,136670,2,1,1,1,0,0,0,0
atlas,HOMFLY_PT_plus_Theta,136672,2,1,1,1,0,0,0,0
atlas,HOMFLY_PT_plus_Theta,136711,2,1,1,1,0,0,0,0
atlas,HOMFLY_PT_plus_Theta,136762,2,1,1,1,0,0,0,0
atlas,HOMFLY_PT_plus_Theta,136817,2,1,1,1,0,0,0,0
atlas,HOMFLY_PT_plus_Theta,136818,2,1,1,1,0,0,0,0
atlas,HOMFLY_PT_plus_Theta,136821,2,1,1,1,0,0,0,0
atlas,HOMFLY_PT_plus_Theta,136845,2,1,1,1,0,0,0,0
atlas,HOMFLY_PT_plus_Theta,136863,2,1,1,1,0,0,0,0
atlas,HOMFLY_PT_plus_Theta,137056,2,1,1,1,0,0,0,0
atlas,HOMFLY_PT_plus_Theta,137058,2,1,1,1,0,0,0,0
atlas,HOMFLY_PT_plus_Theta,137105,2,1,1,1,0,0,0,0
atlas,HOMFLY_PT_plus_Theta,137156,2,1,1,1,0,0,0,0
atlas,HOMFLY_PT_plus_Theta,137288,2,1,1,1,0,0,0,0
atlas,HOMFLY_PT_plus_Theta,137310,2,1,1,1,0,0,0,0
atlas,HOMFLY_PT_plus_Theta,137330,2,1,1,1,0,0,0,0
atlas,HOMFLY_PT_plus_Theta,137335,2,1,1,1,0,0,0,0
atlas,HOMFLY_PT_plus_Theta,137359,2,1,1,1,0,0,0,0
atlas,HOMFLY_PT_plus_Theta,137407,2,1,1,1,0,0,0,0
atlas,HOMFLY_PT_plus_Theta,137602,2,1,1,1,0,0,0,0
atlas,HOMFLY_PT_plus_Theta,137646,2,1,1,1,0,0,0,0
atlas,HOMFLY_PT_plus_Theta,137648,2,1,1,1,0,0,0,0
atlas,HOMFLY_PT_plus_Theta,137652,2,1,1,1,0,0,0,0
atlas,HOMFLY_PT_plus_Theta,137670,2,1,1,1,0,0,0,0
atlas,HOMFLY_PT_plus_Theta,137671,2,1,1,1,0,0,0,0
atlas,HOMFLY_PT_plus_Theta,137689,2,1,1,1,0,0,0,0
atlas,HOMFLY_PT_plus_Theta,137693,2,1,1,1,0,0,0,0
atlas,HOMFLY_PT_plus_Theta,137801,2,1,1,1,0,0,0,0
atlas,HOMFLY_PT_plus_Theta,137810,2,1,1,1,0,0,0,0
atlas,HOMFLY_PT_plus_Theta,137863,2,1,1,1,0,0,0,0
atlas,HOMFLY_PT_plus_Theta,137937,2,1,1,1,0,0,0,0
atlas,HOMFLY_PT_plus_Theta,138020,2,1,1,1,0,0,0,0
atlas,HOMFLY_PT_plus_Theta,138120,2,1,1,1,0,0,0,0
atlas,HOMFLY_PT_plus_Theta,138204,2,1,1,1,0,0,0,0
atlas,HOMFLY_PT_plus_Theta,138206,2,1,1,1,0,0,0,0
atlas,HOMFLY_PT_plus_Theta,138262,2,1,1,1,0,0,0,0
atlas,HOMFLY_PT_plus_Theta,138385,3,3,1,1,0,0,0,0
atlas,HOMFLY_PT_plus_Theta,138393,2,1,1,1,0,0,0,0
atlas,HOMFLY_PT_plus_Theta,138429,2,1,1,1,0,0,0,0
atlas,HOMFLY_PT_plus_Theta,138494,2,1,1,1,0,0,0,0
atlas,HOMFLY_PT_plus_Theta,138496,2,1,1,1,0,0,0,0
atlas,HOMFLY_PT_plus_Theta,138510,2,1,1,1,0,0,0,0
atlas,HOMFLY_PT_plus_Theta,138620,2,1,1,1,0,0,0,0
atlas,HOMFLY_PT_plus_Theta,138744,2,1,1,1,0,0,0,0
atlas,HOMFLY_PT_plus_Theta,138745,2,1,1,1,0,0,0,0
atlas,HOMFLY_PT_plus_Theta,138778,2,1,1,1,0,0,0,0
atlas,HOMFLY_PT_plus_Theta,138779,2,1,1,1,0,0,0,0
atlas,HOMFLY_PT_plus_Theta,138782,2,1,1,1,0,0,0,0
atlas,HOMFLY_PT_plus_Theta,138791,2,1,1,1,0,0,0,0
atlas,HOMFLY_PT_plus_Theta,138922,2,1,1,1,0,0,0,0
atlas,HOMFLY_PT_plus_Theta,138931,2,1,1,1,0,0,0,0
atlas,HOMFLY_PT_plus_Theta,138932,2,1,1,1,0,0,0,0
atlas,HOMFLY_PT_plus_Theta,139004,2,1,1,1,0,0,0,0
atlas,HOMFLY_PT_plus_Theta,139009,2,1,1,1,0,0,0,0
atlas,HOMFLY_PT_plus_Theta,139050,2,1,1,1,0,0,0,0
atlas,HOMFLY_PT_plus_Theta,139055,2,1,1,1,0,0,0,0
atlas,HOMFLY_PT_plus_Theta,139068,2,1,1,1,0,0,0,0
atlas,HOMFLY_PT_plus_Theta,139231,2,1,1,1,0,0,0,0
atlas,HOMFLY_PT_plus_Theta,139254,2,1,1,1,0,0,0,0
atlas,HOMFLY_PT_plus_Theta,139260,2,1,1,1,0,0,0,0
atlas,HOMFLY_PT_plus_Theta,139295,2,1,1,1,0,0,0,0
atlas,HOMFLY_PT_plus_Theta,139399,2,1,1,1,0,0,0,0
atlas,HOMFLY_PT_plus_Theta,139447,2,1,1,1,0,0,0,0
atlas,HOMFLY_PT_plus_Theta,139541,4,6,1,1,0,0,0,0
atlas,HOMFLY_PT_plus_Theta,139599,2,1,1,1,0,0,0,0
atlas,HOMFLY_PT_plus_Theta,139643,2,1,1,1,0,0,0,0
atlas,HOMFLY_PT_plus_Theta,139706,2,1,1,1,0,0,0,0
atlas,HOMFLY_PT_plus_Theta,139711,2,1,1,1,0,0,0,0
atlas,HOMFLY_PT_plus_Theta,139752,2,1,1,1,0,0,0,0
atlas,HOMFLY_PT_plus_Theta,139802,2,1,1,1,0,0,0,0
atlas,HOMFLY_PT_plus_Theta,139841,2,1,1,1,0,0,0,0
atlas,HOMFLY_PT_plus_Theta,139876,2,1,1,1,0,0,0,0
atlas,HOMFLY_PT_plus_Theta,139916,2,1,1,1,0,0,0,0
atlas,HOMFLY_PT_plus_Theta,139955,2,1,1,1,0,0,0,0
atlas,HOMFLY_PT_plus_Theta,139998,2,1,1,1,0,0,0,0
atlas,HOMFLY_PT_plus_Theta,140091,2,1,1,1,0,0,0,0
atlas,HOMFLY_PT_plus_Theta,140198,2,1,1,1,0,0,0,0
atlas,HOMFLY_PT_plus_Theta,140282,2,1,1,1,0,0,0,0
atlas,HOMFLY_PT_plus_Theta,140325,2,1,1,1,0,0,0,0
atlas,HOMFLY_PT_plus_Theta,140479,2,1,1,1,0,0,0,0
atlas,HOMFLY_PT_plus_Theta,140526,2,1,1,1,0,0,0,0
atlas,HOMFLY_PT_plus_Theta,140542,2,1,1,1,0,0,0,0
atlas,HOMFLY_PT_plus_Theta,140543,2,1,1,1,0,0,0,0
atlas,HOMFLY_PT_plus_Theta,140557,2,1,1,1,0,0,0,0
atlas,HOMFLY_PT_plus_Theta,140626,2,1,1,1,0,0,0,0
atlas,HOMFLY_PT_plus_Theta,140662,2,1,1,1,0,0,0,0
atlas,HOMFLY_PT_plus_Theta,140663,2,1,1,1,0,0,0,0
atlas,HOMFLY_PT_plus_Theta,140710,2,1,1,1,0,0,0,0
atlas,HOMFLY_PT_plus_Theta,140792,2,1,1,1,0,0,0,0
atlas,HOMFLY_PT_plus_Theta,140813,2,1,1,1,0,0,0,0
atlas,HOMFLY_PT_plus_Theta,140834,2,1,1,1,0,0,0,0
atlas,HOMFLY_PT_plus_Theta,140836,2,1,1,1,0,0,0,0
atlas,HOMFLY_PT_plus_Theta,140841,2,1,1,1,0,0,0,0
atlas,HOMFLY_PT_plus_Theta,140940,2,1,1,1,0,0,0,0
atlas,HOMFLY_PT_plus_Theta,141002,2,1,1,1,0,0,0,0
atlas,HOMFLY_PT_plus_Theta,141113,2,1,1,1,0,0,0,0
atlas,HOMFLY_PT_plus_Theta,141237,2,1,1,1,0,0,0,0
atlas,HOMFLY_PT_plus_Theta,141290,2,1,1,1,0,0,0,0
atlas,HOMFLY_PT_plus_Theta,141302,2,1,1,1,0,0,0,0
atlas,HOMFLY_PT_plus_Theta,141356,2,1,1,1,0,0,0,0
atlas,HOMFLY_PT_plus_Theta,141412,4,6,1,1,0,0,0,0
atlas,HOMFLY_PT_plus_Theta,141473,2,1,1,1,0,0,0,0
atlas,HOMFLY_PT_plus_Theta,141528,2,1,1,1,0,0,0,0
atlas,HOMFLY_PT_plus_Theta,141538,2,1,1,1,0,0,0,0
atlas,HOMFLY_PT_plus_Theta,141548,2,1,1,1,0,0,0,0
atlas,HOMFLY_PT_plus_Theta,141649,2,1,1,1,0,0,0,0
atlas,HOMFLY_PT_plus_Theta,141659,2,1,1,1,0,0,0,0
atlas,HOMFLY_PT_plus_Theta,141702,2,1,1,1,0,0,0,0
atlas,HOMFLY_PT_plus_Theta,141813,2,1,1,1,0,0,0,0
atlas,HOMFLY_PT_plus_Theta,141843,2,1,1,1,0,0,0,0
atlas,HOMFLY_PT_plus_Theta,141871,2,1,1,1,0,0,0,0
atlas,HOMFLY_PT_plus_Theta,141872,2,1,1,1,0,0,0,0
atlas,HOMFLY_PT_plus_Theta,141969,2,1,1,1,0,0,0,0
atlas,HOMFLY_PT_plus_Theta,141970,2,1,1,1,0,0,0,0
atlas,HOMFLY_PT_plus_Theta,141974,2,1,1,1,0,0,0,0
atlas,HOMFLY_PT_plus_Theta,141975,2,1,1,1,0,0,0,0
atlas,HOMFLY_PT_plus_Theta,141980,2,1,1,1,0,0,0,0
atlas,HOMFLY_PT_plus_Theta,141992,2,1,1,1,0,0,0,0
atlas,HOMFLY_PT_plus_Theta,141994,2,1,1,1,0,0,0,0
atlas,HOMFLY_PT_plus_Theta,142185,2,1,1,1,0,0,0,0
atlas,HOMFLY_PT_plus_Theta,142213,2,1,1,1,0,0,0,0
atlas,HOMFLY_PT_plus_Theta,142221,2,1,1,1,0,0,0,0
atlas,HOMFLY_PT_plus_Theta,142227,2,1,1,1,0,0,0,0
atlas,HOMFLY_PT_plus_Theta,142241,2,1,1,1,0,0,0,0
atlas,HOMFLY_PT_plus_Theta,142430,2,1,1,1,0,0,0,0
atlas,HOMFLY_PT_plus_Theta,142445,2,1,1,1,0,0,0,0
atlas,HOMFLY_PT_plus_Theta,142521,2,1,1,1,0,0,0,0
atlas,HOMFLY_PT_plus_Theta,142522,2,1,1,1,0,0,0,0
atlas,HOMFLY_PT_plus_Theta,142576,2,1,1,1,0,0,0,0
atlas,HOMFLY_PT_plus_Theta,142588,2,1,1,1,0,0,0,0
atlas,HOMFLY_PT_plus_Theta,142589,2,1,1,1,0,0,0,0
atlas,HOMFLY_PT_plus_Theta,142591,2,1,1,1,0,0,0,0
atlas,HOMFLY_PT_plus_Theta,142705,2,1,1,1,0,0,0,0
atlas,HOMFLY_PT_plus_Theta,142756,2,1,1,1,0,0,0,0
atlas,HOMFLY_PT_plus_Theta,142828,2,1,1,1,0,0,0,0
atlas,HOMFLY_PT_plus_Theta,142843,2,1,1,1,0,0,0,0
atlas,HOMFLY_PT_plus_Theta,142877,2,1,1,1,0,0,0,0
atlas,HOMFLY_PT_plus_Theta,142878,2,1,1,1,0,0,0,0
atlas,HOMFLY_PT_plus_Theta,142898,2,1,1,1,0,0,0,0
atlas,HOMFLY_PT_plus_Theta,142899,2,1,1,1,0,0,0,0
atlas,HOMFLY_PT_plus_Theta,142960,2,1,1,1,0,0,0,0
atlas,HOMFLY_PT_plus_Theta,143077,2,1,1,1,0,0,0,0
atlas,HOMFLY_PT_plus_Theta,143141,2,1,1,1,0,0,0,0
atlas,HOMFLY_PT_plus_Theta,143142,2,1,1,1,0,0,0,0
atlas,HOMFLY_PT_plus_Theta,143148,2,1,1,1,0,0,0,0
atlas,HOMFLY_PT_plus_Theta,143161,2,1,1,1,0,0,0,0
atlas,HOMFLY_PT_plus_Theta,143237,2,1,1,1,0,0,0,0
atlas,HOMFLY_PT_plus_Theta,143338,2,1,1,1,0,0,0,0
atlas,HOMFLY_PT_plus_Theta,143355,2,1,1,1,0,0,0,0
atlas,HOMFLY_PT_plus_Theta,143492,2,1,1,1,0,0,0,0
atlas,HOMFLY_PT_plus_Theta,143550,2,1,1,1,0,0,0,0
atlas,HOMFLY_PT_plus_Theta,143600,2,1,1,1,0,0,0,0
atlas,HOMFLY_PT_plus_Theta,143602,2,1,1,1,0,0,0,0
atlas,HOMFLY_PT_plus_Theta,143665,2,1,1,1,0,0,0,0
atlas,HOMFLY_PT_plus_Theta,143666,2,1,1,1,0,0,0,0
atlas,HOMFLY_PT_plus_Theta,143678,2,1,1,1,0,0,0,0
atlas,HOMFLY_PT_plus_Theta,143744,2,1,1,1,0,0,0,0
atlas,HOMFLY_PT_plus_Theta,143798,2,1,1,1,0,0,0,0
atlas,HOMFLY_PT_plus_Theta,143828,2,1,1,1,0,0,0,0
atlas,HOMFLY_PT_plus_Theta,143885,2,1,1,1,0,0,0,0
atlas,HOMFLY_PT_plus_Theta,143980,2,1,1,1,0,0,0,0
atlas,HOMFLY_PT_plus_Theta,144003,4,6,1,1,0,0,0,0
atlas,HOMFLY_PT_plus_Theta,144088,2,1,1,1,0,0,0,0
atlas,HOMFLY_PT_plus_Theta,144188,2,1,1,1,0,0,0,0
atlas,HOMFLY_PT_plus_Theta,144246,2,1,1,1,0,0,0,0
atlas,HOMFLY_PT_plus_Theta,144253,2,1,1,1,0,0,0,0
atlas,HOMFLY_PT_plus_Theta,144316,3,3,1,1,0,0,0,0
atlas,HOMFLY_PT_plus_Theta,144340,2,1,1,1,0,0,0,0
atlas,HOMFLY_PT_plus_Theta,144430,2,1,1,1,0,0,0,0
atlas,HOMFLY_PT_plus_Theta,144449,2,1,1,1,0,0,0,0
atlas,HOMFLY_PT_plus_Theta,144494,2,1,1,1,0,0,0,0
atlas,HOMFLY_PT_plus_Theta,144520,2,1,1,1,0,0,0,0
atlas,HOMFLY_PT_plus_Theta,144524,2,1,1,1,0,0,0,0
atlas,HOMFLY_PT_plus_Theta,144592,2,1,1,1,0,0,0,0
atlas,HOMFLY_PT_plus_Theta,144667,2,1,1,1,0,0,0,0
atlas,HOMFLY_PT_plus_Theta,144738,2,1,1,1,0,0,0,0
atlas,HOMFLY_PT_plus_Theta,145005,2,1,1,1,0,0,0,0
atlas,HOMFLY_PT_plus_Theta,145006,2,1,1,1,0,0,0,0
atlas,HOMFLY_PT_plus_Theta,145010,3,3,1,1,0,0,0,0
atlas,HOMFLY_PT_plus_Theta,145143,2,1,1,1,0,0,0,0
atlas,HOMFLY_PT_plus_Theta,145238,2,1,1,1,0,0,0,0
atlas,HOMFLY_PT_plus_Theta,145273,2,1,1,1,0,0,0,0
atlas,HOMFLY_PT_plus_Theta,145389,2,1,1,1,0,0,0,0
atlas,HOMFLY_PT_plus_Theta,145417,3,3,1,1,0,0,0,0
atlas,HOMFLY_PT_plus_Theta,145435,2,1,1,1,0,0,0,0
atlas,HOMFLY_PT_plus_Theta,145517,2,1,1,1,0,0,0,0
atlas,HOMFLY_PT_plus_Theta,145519,2,1,1,1,0,0,0,0
atlas,HOMFLY_PT_plus_Theta,145588,2,1,1,1,0,0,0,0
atlas,HOMFLY_PT_plus_Theta,145603,2,1,1,1,0,0,0,0
atlas,HOMFLY_PT_plus_Theta,145689,2,1,1,1,0,0,0,0
atlas,HOMFLY_PT_plus_Theta,145706,2,1,1,1,0,0,0,0
atlas,HOMFLY_PT_plus_Theta,145805,2,1,1,1,0,0,0,0
atlas,HOMFLY_PT_plus_Theta,145856,2,1,1,1,0,0,0,0
atlas,HOMFLY_PT_plus_Theta,145867,2,1,1,1,0,0,0,0
atlas,HOMFLY_PT_plus_Theta,145883,2,1,1,1,0,0,0,0
atlas,HOMFLY_PT_plus_Theta,146014,2,1,1,1,0,0,0,0
atlas,HOMFLY_PT_plus_Theta,146036,2,1,1,1,0,0,0,0
atlas,HOMFLY_PT_plus_Theta,146047,2,1,1,1,0,0,0,0
atlas,HOMFLY_PT_plus_Theta,146129,2,1,1,1,0,0,0,0
atlas,HOMFLY_PT_plus_Theta,146150,2,1,1,1,0,0,0,0
atlas,HOMFLY_PT_plus_Theta,146215,2,1,1,1,0,0,0,0
atlas,HOMFLY_PT_plus_Theta,146252,4,6,1,1,0,0,0,0
atlas,HOMFLY_PT_plus_Theta,146321,2,1,1,1,0,0,0,0
atlas,HOMFLY_PT_plus_Theta,146322,2,1,1,1,0,0,0,0
atlas,HOMFLY_PT_plus_Theta,146393,2,1,1,1,0,0,0,0
atlas,HOMFLY_PT_plus_Theta,146447,2,1,1,1,0,0,0,0
atlas,HOMFLY_PT_plus_Theta,146494,2,1,1,1,0,0,0,0
atlas,HOMFLY_PT_plus_Theta,146551,2,1,1,1,0,0,0,0
atlas,HOMFLY_PT_plus_Theta,146553,2,1,1,1,0,0,0,0
atlas,HOMFLY_PT_plus_Theta,146575,2,1,1,1,0,0,0,0
atlas,HOMFLY_PT_plus_Theta,146650,2,1,1,1,0,0,0,0
atlas,HOMFLY_PT_plus_Theta,146826,3,3,1,1,0,0,0,0
atlas,HOMFLY_PT_plus_Theta,146846,2,1,1,1,0,0,0,0
atlas,HOMFLY_PT_plus_Theta,146937,3,3,1,1,0,0,0,0
atlas,HOMFLY_PT_plus_Theta,146952,2,1,1,1,0,0,0,0
atlas,HOMFLY_PT_plus_Theta,146985,2,1,1,1,0,0,0,0
atlas,HOMFLY_PT_plus_Theta,147053,2,1,1,1,0,0,0,0
atlas,HOMFLY_PT_plus_Theta,147070,2,1,1,1,0,0,0,0
atlas,HOMFLY_PT_plus_Theta,147071,2,1,1,1,0,0,0,0
atlas,HOMFLY_PT_plus_Theta,147100,2,1,1,1,0,0,0,0
atlas,HOMFLY_PT_plus_Theta,147181,2,1,1,1,0,0,0,0
atlas,HOMFLY_PT_plus_Theta,147192,2,1,1,1,0,0,0,0
atlas,HOMFLY_PT_plus_Theta,147198,2,1,1,1,0,0,0,0
atlas,HOMFLY_PT_plus_Theta,147215,2,1,1,1,0,0,0,0
atlas,HOMFLY_PT_plus_Theta,147303,2,1,1,1,0,0,0,0
atlas,HOMFLY_PT_plus_Theta,147346,2,1,1,1,0,0,1,1
atlas,HOMFLY_PT_plus_Theta,147533,2,1,1,1,0,0,0,0
atlas,HOMFLY_PT_plus_Theta,147534,2,1,1,1,0,0,0,0
atlas,HOMFLY_PT_plus_Theta,147539,2,1,1,1,0,0,0,0
atlas,HOMFLY_PT_plus_Theta,147655,2,1,1,1,0,0,0,0
atlas,HOMFLY_PT_plus_Theta,147737,2,1,1,1,0,0,0,0
atlas,HOMFLY_PT_plus_Theta,147817,4,6,1,1,0,0,0,0
atlas,HOMFLY_PT_plus_Theta,147819,2,1,1,1,0,0,0,0
atlas,HOMFLY_PT_plus_Theta,147845,2,1,1,1,0,0,0,0
atlas,HOMFLY_PT_plus_Theta,147855,2,1,1,1,0,0,0,0
atlas,HOMFLY_PT_plus_Theta,147868,2,1,1,1,0,0,0,0
atlas,HOMFLY_PT_plus_Theta,147897,2,1,1,1,0,0,0,0
atlas,HOMFLY_PT_plus_Theta,147900,2,1,1,1,0,0,0,0
atlas,HOMFLY_PT_plus_Theta,148031,2,1,1,1,0,0,0,0
atlas,HOMFLY_PT_plus_Theta,148061,2,1,1,1,0,0,0,0
atlas,HOMFLY_PT_plus_Theta,148088,2,1,1,1,0,0,0,0
atlas,HOMFLY_PT_plus_Theta,148276,2,1,1,1,0,0,0,0
atlas,HOMFLY_PT_plus_Theta,148338,2,1,1,1,0,0,0,0
atlas,HOMFLY_PT_plus_Theta,148364,3,3,1,1,0,0,0,0
atlas,HOMFLY_PT_plus_Theta,148385,2,1,1,1,0,0,0,0
atlas,HOMFLY_PT_plus_Theta,148433,2,1,1,1,0,0,0,0
atlas,HOMFLY_PT_plus_Theta,148487,2,1,1,1,0,0,0,0
atlas,HOMFLY_PT_plus_Theta,148489,2,1,1,1,0,0,0,0
atlas,HOMFLY_PT_plus_Theta,148540,2,1,1,1,0,0,0,0
atlas,HOMFLY_PT_plus_Theta,148659,2,1,1,1,0,0,0,0
atlas,HOMFLY_PT_plus_Theta,148663,2,1,1,1,0,0,0,0
atlas,HOMFLY_PT_plus_Theta,148682,2,1,1,1,0,0,0,0
atlas,HOMFLY_PT_plus_Theta,148852,2,1,1,1,0,0,0,0
atlas,HOMFLY_PT_plus_Theta,149058,2,1,1,1,0,0,0,0
atlas,HOMFLY_PT_plus_Theta,149085,2,1,1,1,0,0,0,0
atlas,HOMFLY_PT_plus_Theta,149096,2,1,1,1,0,0,0,0
atlas,HOMFLY_PT_plus_Theta,149206,4,6,1,1,0,0,0,0
atlas,HOMFLY_PT_plus_Theta,149217,2,1,1,1,0,0,0,0
atlas,HOMFLY_PT_plus_Theta,149254,2,1,1,1,0,0,0,0
atlas,HOMFLY_PT_plus_Theta,149325,2,1,1,1,0,0,0,0
atlas,HOMFLY_PT_plus_Theta,149347,2,1,1,1,0,0,0,0
atlas,HOMFLY_PT_plus_Theta,149351,2,1,1,1,0,0,0,0
atlas,HOMFLY_PT_plus_Theta,149434,2,1,1,1,0,0,0,0
atlas,HOMFLY_PT_plus_Theta,149689,2,1,1,1,0,0,0,0
atlas,HOMFLY_PT_plus_Theta,149724,4,6,1,1,0,0,0,0
atlas,HOMFLY_PT_plus_Theta,149772,2,1,1,1,0,0,0,0
atlas,HOMFLY_PT_plus_Theta,149872,2,1,1,1,0,0,0,0
atlas,HOMFLY_PT_plus_Theta,149873,2,1,1,1,0,0,0,0
atlas,HOMFLY_PT_plus_Theta,149877,2,1,1,1,0,0,0,0
atlas,HOMFLY_PT_plus_Theta,149982,2,1,1,1,0,0,0,0
atlas,HOMFLY_PT_plus_Theta,150036,2,1,1,1,0,0,0,0
atlas,HOMFLY_PT_plus_Theta,150048,2,1,1,1,0,0,0,0
atlas,HOMFLY_PT_plus_Theta,150058,2,1,1,1,0,0,0,0
atlas,HOMFLY_PT_plus_Theta,150085,2,1,1,1,0,0,0,0
atlas,HOMFLY_PT_plus_Theta,150107,2,1,1,1,0,0,0,0
atlas,HOMFLY_PT_plus_Theta,150174,2,1,1,1,0,0,0,0
atlas,HOMFLY_PT_plus_Theta,150181,2,1,1,1,0,0,0,0
atlas,HOMFLY_PT_plus_Theta,150184,2,1,1,1,0,0,0,0
atlas,HOMFLY_PT_plus_Theta,150242,2,1,1,1,0,0,0,0
atlas,HOMFLY_PT_plus_Theta,150296,2,1,1,1,0,0,0,0
atlas,HOMFLY_PT_plus_Theta,150461,2,1,1,1,0,0,0,0
atlas,HOMFLY_PT_plus_Theta,150488,2,1,1,1,0,0,0,0
atlas,HOMFLY_PT_plus_Theta,150537,2,1,1,1,0,0,0,0
atlas,HOMFLY_PT_plus_Theta,150714,2,1,1,1,0,0,0,0
atlas,HOMFLY_PT_plus_Theta,150715,2,1,1,1,0,0,0,0
atlas,HOMFLY_PT_plus_Theta,150723,2,1,1,1,0,0,0,0
atlas,HOMFLY_PT_plus_Theta,150852,2,1,1,1,0,0,0,0
atlas,HOMFLY_PT_plus_Theta,150868,2,1,1,1,0,0,0,0
atlas,HOMFLY_PT_plus_Theta,150878,2,1,1,1,0,0,0,0
atlas,HOMFLY_PT_plus_Theta,151001,2,1,1,1,0,0,0,0
atlas,HOMFLY_PT_plus_Theta,151102,2,1,1,1,0,0,0,0
atlas,HOMFLY_PT_plus_Theta,151137,2,1,1,1,0,0,0,0
atlas,HOMFLY_PT_plus_Theta,151140,2,1,1,1,0,0,0,0
atlas,HOMFLY_PT_plus_Theta,151141,2,1,1,1,0,0,0,0
atlas,HOMFLY_PT_plus_Theta,151178,2,1,1,1,0,0,0,0
atlas,HOMFLY_PT_plus_Theta,151358,2,1,1,1,0,0,0,0
atlas,HOMFLY_PT_plus_Theta,151376,2,1,1,1,0,0,0,0
atlas,HOMFLY_PT_plus_Theta,151382,2,1,1,1,0,0,0,0
atlas,HOMFLY_PT_plus_Theta,151389,2,1,1,1,0,0,0,0
atlas,HOMFLY_PT_plus_Theta,151476,2,1,1,1,0,0,0,0
atlas,HOMFLY_PT_plus_Theta,151512,2,1,1,1,0,0,0,0
atlas,HOMFLY_PT_plus_Theta,151558,2,1,1,1,0,0,0,0
atlas,HOMFLY_PT_plus_Theta,151567,2,1,1,1,0,0,0,0
atlas,HOMFLY_PT_plus_Theta,151671,2,1,1,1,0,0,0,0
atlas,HOMFLY_PT_plus_Theta,151674,2,1,1,1,0,0,0,0
atlas,HOMFLY_PT_plus_Theta,151730,2,1,1,1,0,0,0,0
atlas,HOMFLY_PT_plus_Theta,151872,2,1,1,1,0,0,0,0
atlas,HOMFLY_PT_plus_Theta,151873,2,1,1,1,0,0,0,0
atlas,HOMFLY_PT_plus_Theta,151881,2,1,1,1,0,0,0,0
atlas,HOMFLY_PT_plus_Theta,151943,2,1,1,1,0,0,0,0
atlas,HOMFLY_PT_plus_Theta,152122,2,1,1,1,0,0,0,0
atlas,HOMFLY_PT_plus_Theta,152123,2,1,1,1,0,0,0,0
atlas,HOMFLY_PT_plus_Theta,152172,2,1,1,1,0,0,0,0
atlas,HOMFLY_PT_plus_Theta,152176,2,1,1,1,0,0,0,0
atlas,HOMFLY_PT_plus_Theta,152210,2,1,1,1,0,0,0,0
atlas,HOMFLY_PT_plus_Theta,152301,2,1,1,1,0,0,0,0
atlas,HOMFLY_PT_plus_Theta,152380,2,1,1,1,0,0,0,0
atlas,HOMFLY_PT_plus_Theta,152393,2,1,1,1,0,0,0,0
atlas,HOMFLY_PT_plus_Theta,152437,2,1,1,1,0,0,0,0
atlas,HOMFLY_PT_plus_Theta,152618,2,1,1,1,0,0,0,0
atlas,HOMFLY_PT_plus_Theta,152679,2,1,1,1,0,0,0,0
atlas,HOMFLY_PT_plus_Theta,152701,2,1,1,1,0,0,0,0
atlas,HOMFLY_PT_plus_Theta,152726,2,1,1,1,0,0,0,0
atlas,HOMFLY_PT_plus_Theta,152807,2,1,1,1,0,0,0,0
atlas,HOMFLY_PT_plus_Theta,153076,2,1,1,1,0,0,0,0
atlas,HOMFLY_PT_plus_Theta,153089,2,1,1,1,0,0,0,0
atlas,HOMFLY_PT_plus_Theta,153159,2,1,1,1,0,0,0,0
atlas,HOMFLY_PT_plus_Theta,153175,2,1,1,1,0,0,0,0
atlas,HOMFLY_PT_plus_Theta,153214,2,1,1,1,0,0,0,0
atlas,HOMFLY_PT_plus_Theta,153219,2,1,1,1,0,0,0,0
atlas,HOMFLY_PT_plus_Theta,153231,2,1,1,1,0,0,0,0
atlas,HOMFLY_PT_plus_Theta,153276,2,1,1,1,0,0,0,0
atlas,HOMFLY_PT_plus_Theta,153381,2,1,1,1,0,0,0,0
atlas,HOMFLY_PT_plus_Theta,153391,2,1,1,1,0,0,0,0
atlas,HOMFLY_PT_plus_Theta,153429,2,1,1,1,0,0,0,0
atlas,HOMFLY_PT_plus_Theta,153444,2,1,1,1,0,0,0,0
atlas,HOMFLY_PT_plus_Theta,153609,2,1,1,1,0,0,0,0
atlas,HOMFLY_PT_plus_Theta,153675,2,1,1,1,0,0,0,0
atlas,HOMFLY_PT_plus_Theta,153786,2,1,1,1,0,0,0,0
atlas,HOMFLY_PT_plus_Theta,153881,2,1,1,1,0,0,0,0
atlas,HOMFLY_PT_plus_Theta,154007,2,1,1,1,0,0,0,0
atlas,HOMFLY_PT_plus_Theta,154033,2,1,1,1,0,0,0,0
atlas,HOMFLY_PT_plus_Theta,154101,2,1,1,1,0,0,0,0
atlas,HOMFLY_PT_plus_Theta,154175,2,1,1,1,0,0,0,0
atlas,HOMFLY_PT_plus_Theta,154198,2,1,1,1,0,0,0,0
atlas,HOMFLY_PT_plus_Theta,154245,2,1,1,1,0,0,0,0
atlas,HOMFLY_PT_plus_Theta,154250,2,1,1,1,0,0,0,0
atlas,HOMFLY_PT_plus_Theta,154251,2,1,1,1,0,0,0,0
atlas,HOMFLY_PT_plus_Theta,154252,2,1,1,1,0,0,0,0
atlas,HOMFLY_PT_plus_Theta,154464,2,1,1,1,0,0,0,0
atlas,HOMFLY_PT_plus_Theta,154513,2,1,1,1,0,0,0,0
atlas,HOMFLY_PT_plus_Theta,154514,2,1,1,1,0,0,0,0
atlas,HOMFLY_PT_plus_Theta,154518,2,1,1,1,0,0,0,0
atlas,HOMFLY_PT_plus_Theta,154608,2,1,1,1,0,0,0,0
atlas,HOMFLY_PT_plus_Theta,154664,2,1,1,1,0,0,0,0
atlas,HOMFLY_PT_plus_Theta,154670,2,1,1,1,0,0,0,0
atlas,HOMFLY_PT_plus_Theta,154741,2,1,1,1,0,0,0,0
atlas,HOMFLY_PT_plus_Theta,154783,2,1,1,1,0,0,0,0
atlas,HOMFLY_PT_plus_Theta,154818,2,1,1,1,0,0,0,0
atlas,HOMFLY_PT_plus_Theta,154905,2,1,1,1,0,0,0,0
atlas,HOMFLY_PT_plus_Theta,155025,2,1,1,1,0,0,0,0
atlas,HOMFLY_PT_plus_Theta,155071,2,1,1,1,0,0,0,0
atlas,HOMFLY_PT_plus_Theta,155145,2,1,1,1,0,0,0,0
atlas,HOMFLY_PT_plus_Theta,155146,2,1,1,1,0,0,0,0
atlas,HOMFLY_PT_plus_Theta,155200,2,1,1,1,0,0,0,0
atlas,HOMFLY_PT_plus_Theta,155241,2,1,1,1,0,0,0,0
atlas,HOMFLY_PT_plus_Theta,155244,2,1,1,1,0,0,0,0
atlas,HOMFLY_PT_plus_Theta,155267,2,1,1,1,0,0,0,0
atlas,HOMFLY_PT_plus_Theta,155319,2,1,1,1,0,0,0,0
atlas,HOMFLY_PT_plus_Theta,155362,2,1,1,1,0,0,0,0
atlas,HOMFLY_PT_plus_Theta,155364,2,1,1,1,0,0,0,0
atlas,HOMFLY_PT_plus_Theta,155396,2,1,1,1,0,0,0,0
atlas,HOMFLY_PT_plus_Theta,155505,2,1,1,1,0,0,0,0
atlas,HOMFLY_PT_plus_Theta,155533,2,1,1,1,0,0,0,0
atlas,HOMFLY_PT_plus_Theta,155596,2,1,1,1,0,0,0,0
atlas,HOMFLY_PT_plus_Theta,155744,2,1,1,1,0,0,0,0
atlas,HOMFLY_PT_plus_Theta,155897,2,1,1,1,0,0,0,0
atlas,HOMFLY_PT_plus_Theta,156014,2,1,1,1,0,0,0,0
atlas,HOMFLY_PT_plus_Theta,156015,2,1,1,1,0,0,0,0
atlas,HOMFLY_PT_plus_Theta,156082,2,1,1,1,0,0,0,0
atlas,HOMFLY_PT_plus_Theta,156155,2,1,1,1,0,0,0,0
atlas,HOMFLY_PT_plus_Theta,156271,4,6,1,1,0,0,0,0
atlas,HOMFLY_PT_plus_Theta,156328,2,1,1,1,0,0,0,0
atlas,HOMFLY_PT_plus_Theta,156544,2,1,1,1,0,0,0,0
atlas,HOMFLY_PT_plus_Theta,156558,2,1,1,1,0,0,0,0
atlas,HOMFLY_PT_plus_Theta,156567,4,6,1,1,0,0,0,0
atlas,HOMFLY_PT_plus_Theta,156574,2,1,1,1,0,0,0,0
atlas,HOMFLY_PT_plus_Theta,156575,2,1,1,1,0,0,0,0
atlas,HOMFLY_PT_plus_Theta,156608,2,1,1,1,0,0,0,0
atlas,HOMFLY_PT_plus_Theta,156754,2,1,1,1,0,0,0,0
atlas,HOMFLY_PT_plus_Theta,156809,2,1,1,1,0,0,0,0
atlas,HOMFLY_PT_plus_Theta,156812,2,1,1,1,0,0,0,0
atlas,HOMFLY_PT_plus_Theta,156840,2,1,1,1,0,0,0,0
atlas,HOMFLY_PT_plus_Theta,157003,2,1,1,1,0,0,0,0
atlas,HOMFLY_PT_plus_Theta,157008,2,1,1,1,0,0,0,0
atlas,HOMFLY_PT_plus_Theta,157010,2,1,1,1,0,0,0,0
atlas,HOMFLY_PT_plus_Theta,157020,2,1,1,1,0,0,0,0
atlas,HOMFLY_PT_plus_Theta,157101,2,1,1,1,0,0,0,0
atlas,HOMFLY_PT_plus_Theta,157109,2,1,1,1,0,0,0,0
atlas,HOMFLY_PT_plus_Theta,157180,2,1,1,1,0,0,0,0
atlas,HOMFLY_PT_plus_Theta,157187,2,1,1,1,0,0,0,0
atlas,HOMFLY_PT_plus_Theta,157242,2,1,1,1,0,0,0,0
atlas,HOMFLY_PT_plus_Theta,157274,2,1,1,1,0,0,0,0
atlas,HOMFLY_PT_plus_Theta,157291,2,1,1,1,0,0,0,0
atlas,HOMFLY_PT_plus_Theta,157349,2,1,1,1,0,0,0,0
atlas,HOMFLY_PT_plus_Theta,157367,2,1,1,1,0,0,0,0
atlas,HOMFLY_PT_plus_Theta,157368,2,1,1,2,0,1,0,1
atlas,HOMFLY_PT_plus_Theta,157388,2,1,1,1,0,0,0,0
atlas,HOMFLY_PT_plus_Theta,157418,2,1,1,1,0,0,0,0
atlas,HOMFLY_PT_plus_Theta,157458,2,1,1,1,0,0,0,0
atlas,HOMFLY_PT_plus_Theta,157526,2,1,1,1,0,0,0,0
atlas,HOMFLY_PT_plus_Theta,157599,2,1,1,1,0,0,0,0
atlas,HOMFLY_PT_plus_Theta,157656,4,6,1,1,0,0,0,0
atlas,HOMFLY_PT_plus_Theta,157667,2,1,1,1,0,0,0,0
atlas,HOMFLY_PT_plus_Theta,157688,2,1,1,1,0,0,0,0
atlas,HOMFLY_PT_plus_Theta,157690,2,1,1,1,0,0,0,0
atlas,HOMFLY_PT_plus_Theta,157755,2,1,1,1,0,0,0,0
atlas,HOMFLY_PT_plus_Theta,157774,2,1,1,1,0,0,0,0
atlas,HOMFLY_PT_plus_Theta,157825,2,1,1,1,0,0,0,0
atlas,HOMFLY_PT_plus_Theta,157843,2,1,1,1,0,0,0,0
atlas,HOMFLY_PT_plus_Theta,157874,2,1,1,1,0,0,0,0
atlas,HOMFLY_PT_plus_Theta,157953,2,1,1,1,0,0,0,0
atlas,HOMFLY_PT_plus_Theta,157961,2,1,1,1,0,0,0,0
atlas,HOMFLY_PT_plus_Theta,157974,5,10,1,1,0,0,0,0
atlas,HOMFLY_PT_plus_Theta,157991,2,1,1,1,0,0,0,0
atlas,HOMFLY_PT_plus_Theta,158008,2,1,1,1,0,0,0,0
atlas,HOMFLY_PT_plus_Theta,158035,2,1,1,1,0,0,0,0
atlas,HOMFLY_PT_plus_Theta,158102,2,1,1,1,0,0,0,0
atlas,HOMFLY_PT_plus_Theta,158110,2,1,1,1,0,0,0,0
atlas,HOMFLY_PT_plus_Theta,158185,2,1,1,1,0,0,0,0
atlas,HOMFLY_PT_plus_Theta,158298,2,1,1,1,0,0,0,0
atlas,HOMFLY_PT_plus_Theta,158362,2,1,1,1,0,0,0,0
atlas,HOMFLY_PT_plus_Theta,158376,2,1,1,1,0,0,0,0
atlas,HOMFLY_PT_plus_Theta,158447,2,1,1,1,0,0,0,0
atlas,HOMFLY_PT_plus_Theta,158459,2,1,1,1,0,0,0,0
atlas,HOMFLY_PT_plus_Theta,158475,2,1,1,1,0,0,0,0
atlas,HOMFLY_PT_plus_Theta,158487,2,1,1,1,0,0,0,0
atlas,HOMFLY_PT_plus_Theta,158501,2,1,1,1,0,0,0,0
atlas,HOMFLY_PT_plus_Theta,158537,2,1,1,1,0,0,0,0
atlas,HOMFLY_PT_plus_Theta,158585,2,1,1,1,0,0,0,0
atlas,HOMFLY_PT_plus_Theta,158595,2,1,1,1,0,0,0,0
atlas,HOMFLY_PT_plus_Theta,158605,3,3,1,1,0,0,0,0
atlas,HOMFLY_PT_plus_Theta,158626,2,1,1,1,0,0,0,0
atlas,HOMFLY_PT_plus_Theta,158628,2,1,1,1,0,0,0,0
atlas,HOMFLY_PT_plus_Theta,158637,2,1,1,1,0,0,0,0
atlas,HOMFLY_PT_plus_Theta,158668,2,1,1,1,0,0,0,0
atlas,HOMFLY_PT_plus_Theta,158740,2,1,1,1,0,0,0,0
atlas,HOMFLY_PT_plus_Theta,158743,2,1,1,1,0,0,0,0
atlas,HOMFLY_PT_plus_Theta,158807,2,1,1,1,0,0,0,0
atlas,HOMFLY_PT_plus_Theta,158854,2,1,1,1,0,0,0,0
atlas,HOMFLY_PT_plus_Theta,158897,2,1,1,1,0,0,0,0
atlas,HOMFLY_PT_plus_Theta,158898,2,1,1,1,0,0,0,0
atlas,HOMFLY_PT_plus_Theta,159009,2,1,1,1,0,0,0,0
atlas,HOMFLY_PT_plus_Theta,159049,2,1,1,1,0,0,0,0
atlas,HOMFLY_PT_plus_Theta,159073,2,1,1,1,0,0,0,0
atlas,HOMFLY_PT_plus_Theta,159195,2,1,1,1,0,0,0,0
atlas,HOMFLY_PT_plus_Theta,159225,2,1,1,1,0,0,0,0
atlas,HOMFLY_PT_plus_Theta,159237,2,1,1,1,0,0,0,0
atlas,HOMFLY_PT_plus_Theta,159276,2,1,1,1,0,0,0,0
atlas,HOMFLY_PT_plus_Theta,159277,2,1,1,1,0,0,0,0
atlas,HOMFLY_PT_plus_Theta,159302,2,1,1,1,0,0,0,0
atlas,HOMFLY_PT_plus_Theta,159359,2,1,1,1,0,0,0,0
atlas,HOMFLY_PT_plus_Theta,159402,2,1,1,1,0,0,0,0
atlas,HOMFLY_PT_plus_Theta,159450,2,1,1,1,0,0,0,0
atlas,HOMFLY_PT_plus_Theta,159571,2,1,1,1,0,0,0,0
atlas,HOMFLY_PT_plus_Theta,159671,2,1,1,1,0,0,0,0
atlas,HOMFLY_PT_plus_Theta,159721,2,1,1,1,0,0,0,0
atlas,HOMFLY_PT_plus_Theta,159761,4,6,1,1,0,0,0,0
atlas,HOMFLY_PT_plus_Theta,159791,2,1,1,1,0,0,0,0
atlas,HOMFLY_PT_plus_Theta,159836,2,1,1,1,0,0,0,0
atlas,HOMFLY_PT_plus_Theta,159838,2,1,1,1,0,0,0,0
atlas,HOMFLY_PT_plus_Theta,159986,2,1,1,1,0,0,0,0
atlas,HOMFLY_PT_plus_Theta,160109,2,1,1,1,0,0,0,0
atlas,HOMFLY_PT_plus_Theta,160118,2,1,1,1,0,0,0,0
atlas,HOMFLY_PT_plus_Theta,160136,2,1,1,1,0,0,0,0
atlas,HOMFLY_PT_plus_Theta,160166,2,1,1,1,0,0,0,0
atlas,HOMFLY_PT_plus_Theta,160218,2,1,1,1,0,0,0,0
atlas,HOMFLY_PT_plus_Theta,160237,2,1,1,1,0,0,0,0
atlas,HOMFLY_PT_plus_Theta,160361,2,1,1,1,0,0,0,0
atlas,HOMFLY_PT_plus_Theta,160379,2,1,1,1,0,0,0,0
atlas,HOMFLY_PT_plus_Theta,160471,2,1,1,1,0,0,0,0
atlas,HOMFLY_PT_plus_Theta,160643,3,3,1,1,0,0,0,0
atlas,HOMFLY_PT_plus_Theta,160699,2,1,1,1,0,0,0,0
atlas,HOMFLY_PT_plus_Theta,160754,2,1,1,1,0,0,0,0
atlas,HOMFLY_PT_plus_Theta,160966,2,1,1,1,0,0,0,0
atlas,HOMFLY_PT_plus_Theta,161188,2,1,1,1,0,0,0,0
atlas,HOMFLY_PT_plus_Theta,161224,2,1,1,1,0,0,0,0
atlas,HOMFLY_PT_plus_Theta,161261,2,1,1,1,0,0,0,0
atlas,HOMFLY_PT_plus_Theta,161403,2,1,1,1,0,0,0,0
atlas,HOMFLY_PT_plus_Theta,161441,2,1,1,1,0,0,0,0
atlas,HOMFLY_PT_plus_Theta,161445,2,1,1,1,0,0,0,0
atlas,HOMFLY_PT_plus_Theta,161454,2,1,1,1,0,0,0,0
atlas,HOMFLY_PT_plus_Theta,161483,4,6,1,1,0,0,0,0
atlas,HOMFLY_PT_plus_Theta,161545,4,6,1,1,0,0,0,0
atlas,HOMFLY_PT_plus_Theta,161582,2,1,1,1,0,0,0,0
atlas,HOMFLY_PT_plus_Theta,161660,4,6,1,1,0,0,0,0
atlas,HOMFLY_PT_plus_Theta,161722,2,1,1,1,0,0,0,0
atlas,HOMFLY_PT_plus_Theta,161761,2,1,1,1,0,0,0,0
atlas,HOMFLY_PT_plus_Theta,161920,2,1,1,1,0,0,0,0
atlas,HOMFLY_PT_plus_Theta,162076,2,1,1,1,0,0,0,0
atlas,HOMFLY_PT_plus_Theta,162348,2,1,1,1,0,0,0,0
atlas,HOMFLY_PT_plus_Theta,162413,2,1,1,1,0,0,0,0
atlas,HOMFLY_PT_plus_Theta,162448,2,1,1,1,0,0,0,0
atlas,HOMFLY_PT_plus_Theta,162471,2,1,1,1,0,0,0,0
atlas,HOMFLY_PT_plus_Theta,162473,2,1,1,1,0,0,0,0
atlas,HOMFLY_PT_plus_Theta,162515,2,1,1,1,0,0,0,0
atlas,HOMFLY_PT_plus_Theta,162530,2,1,1,1,0,0,0,0
atlas,HOMFLY_PT_plus_Theta,162532,2,1,1,1,0,0,0,0
atlas,HOMFLY_PT_plus_Theta,162534,2,1,1,1,0,0,0,0
atlas,HOMFLY_PT_plus_Theta,162690,2,1,1,1,0,0,0,0
atlas,HOMFLY_PT_plus_Theta,162691,2,1,1,1,0,0,0,0
atlas,HOMFLY_PT_plus_Theta,162786,2,1,1,1,0,0,0,0
atlas,HOMFLY_PT_plus_Theta,162807,2,1,1,1,0,0,0,0
atlas,HOMFLY_PT_plus_Theta,162837,2,1,1,1,0,0,0,0
atlas,HOMFLY_PT_plus_Theta,162880,2,1,1,1,0,0,0,0
atlas,HOMFLY_PT_plus_Theta,163038,2,1,1,1,0,0,0,0
atlas,HOMFLY_PT_plus_Theta,163083,2,1,1,1,0,0,0,0
atlas,HOMFLY_PT_plus_Theta,163125,2,1,1,1,0,0,0,0
atlas,HOMFLY_PT_plus_Theta,163172,2,1,1,1,0,0,0,0
atlas,HOMFLY_PT_plus_Theta,163173,2,1,1,1,0,0,0,0
atlas,HOMFLY_PT_plus_Theta,163248,2,1,1,1,0,0,0,0
atlas,HOMFLY_PT_plus_Theta,163283,2,1,1,1,0,0,0,0
atlas,HOMFLY_PT_plus_Theta,163288,2,1,1,1,0,0,0,0
atlas,HOMFLY_PT_plus_Theta,163309,3,3,1,1,0,0,0,0
atlas,HOMFLY_PT_plus_Theta,163401,2,1,1,1,0,0,0,0
atlas,HOMFLY_PT_plus_Theta,163440,2,1,1,1,0,0,0,0
atlas,HOMFLY_PT_plus_Theta,163498,2,1,1,1,0,0,0,0
atlas,HOMFLY_PT_plus_Theta,163552,2,1,1,1,0,0,0,0
atlas,HOMFLY_PT_plus_Theta,163576,2,1,1,1,0,0,0,0
atlas,HOMFLY_PT_plus_Theta,163654,2,1,1,1,0,0,0,0
atlas,HOMFLY_PT_plus_Theta,163787,2,1,1,1,0,0,0,0
atlas,HOMFLY_PT_plus_Theta,163830,2,1,1,1,0,0,0,0
atlas,HOMFLY_PT_plus_Theta,163870,2,1,1,1,0,0,0,0
atlas,HOMFLY_PT_plus_Theta,163878,2,1,1,1,0,0,0,0
atlas,HOMFLY_PT_plus_Theta,163928,2,1,1,1,0,0,0,0
atlas,HOMFLY_PT_plus_Theta,163984,2,1,1,1,0,0,0,0
atlas,HOMFLY_PT_plus_Theta,164036,2,1,1,1,0,0,0,0
atlas,HOMFLY_PT_plus_Theta,164108,4,6,1,1,0,0,0,0
atlas,HOMFLY_PT_plus_Theta,164470,2,1,1,1,0,0,0,0
atlas,HOMFLY_PT_plus_Theta,164517,2,1,1,1,0,0,0,0
atlas,HOMFLY_PT_plus_Theta,164524,2,1,1,1,0,0,0,0
atlas,HOMFLY_PT_plus_Theta,164528,2,1,1,1,0,0,0,0
atlas,HOMFLY_PT_plus_Theta,164561,2,1,1,1,0,0,0,0
atlas,HOMFLY_PT_plus_Theta,164575,2,1,1,1,0,0,0,0
atlas,HOMFLY_PT_plus_Theta,164607,2,1,1,1,0,0,0,0
atlas,HOMFLY_PT_plus_Theta,164652,2,1,1,1,0,0,0,0
atlas,HOMFLY_PT_plus_Theta,164689,2,1,1,1,0,0,0,0
atlas,HOMFLY_PT_plus_Theta,164750,2,1,1,1,0,0,0,0
atlas,HOMFLY_PT_plus_Theta,164785,2,1,1,1,0,0,0,0
atlas,HOMFLY_PT_plus_Theta,164967,2,1,1,1,0,0,0,0
atlas,HOMFLY_PT_plus_Theta,165171,2,1,1,1,0,0,0,0
atlas,HOMFLY_PT_plus_Theta,165199,2,1,1,1,0,0,0,0
atlas,HOMFLY_PT_plus_Theta,165262,2,1,1,1,0,0,0,0
atlas,HOMFLY_PT_plus_Theta,165366,2,1,1,1,0,0,0,0
atlas,HOMFLY_PT_plus_Theta,165401,2,1,1,1,0,0,0,0
atlas,HOMFLY_PT_plus_Theta,165405,2,1,1,1,0,0,0,0
atlas,HOMFLY_PT_plus_Theta,165468,2,1,1,1,0,0,0,0
atlas,HOMFLY_PT_plus_Theta,165503,2,1,1,1,0,0,0,0
atlas,HOMFLY_PT_plus_Theta,165523,2,1,1,1,0,0,0,0
atlas,HOMFLY_PT_plus_Theta,165533,4,6,1,1,0,0,0,0
atlas,HOMFLY_PT_plus_Theta,165542,2,1,1,1,0,0,0,0
atlas,HOMFLY_PT_plus_Theta,165550,2,1,1,1,0,0,0,0
atlas,HOMFLY_PT_plus_Theta,165574,2,1,1,1,0,0,0,0
atlas,HOMFLY_PT_plus_Theta,165599,2,1,1,1,0,0,0,0
atlas,HOMFLY_PT_plus_Theta,165619,2,1,1,1,0,0,0,0
atlas,HOMFLY_PT_plus_Theta,165775,2,1,1,1,0,0,0,0
atlas,HOMFLY_PT_plus_Theta,165897,2,1,1,1,0,0,0,0
atlas,HOMFLY_PT_plus_Theta,165935,2,1,1,1,0,0,0,0
atlas,HOMFLY_PT_plus_Theta,165942,2,1,1,1,0,0,0,0
atlas,HOMFLY_PT_plus_Theta,165993,2,1,1,1,0,0,0,0
atlas,HOMFLY_PT_plus_Theta,166017,2,1,1,1,0,0,0,0
atlas,HOMFLY_PT_plus_Theta,166019,2,1,1,1,0,0,0,0
atlas,HOMFLY_PT_plus_Theta,166094,2,1,1,1,0,0,0,0
atlas,HOMFLY_PT_plus_Theta,166160,2,1,1,1,0,0,0,0
atlas,HOMFLY_PT_plus_Theta,166186,2,1,1,1,0,0,0,0
atlas,HOMFLY_PT_plus_Theta,166351,2,1,1,1,0,0,0,0
atlas,HOMFLY_PT_plus_Theta,166356,2,1,1,1,0,0,0,0
atlas,HOMFLY_PT_plus_Theta,166360,2,1,1,1,0,0,0,0
atlas,HOMFLY_PT_plus_Theta,166425,2,1,1,1,0,0,0,0
atlas,HOMFLY_PT_plus_Theta,166489,2,1,1,1,0,0,0,0
atlas,HOMFLY_PT_plus_Theta,166566,2,1,1,1,0,0,0,0
atlas,HOMFLY_PT_plus_Theta,166567,2,1,1,1,0,0,0,0
atlas,HOMFLY_PT_plus_Theta,166664,4,6,1,1,0,0,0,0
atlas,HOMFLY_PT_plus_Theta,166816,2,1,1,1,0,0,0,0
atlas,HOMFLY_PT_plus_Theta,166907,2,1,1,1,0,0,0,0
atlas,HOMFLY_PT_plus_Theta,166944,2,1,1,1,0,0,0,0
atlas,HOMFLY_PT_plus_Theta,166967,2,1,1,1,0,0,0,0
atlas,HOMFLY_PT_plus_Theta,167032,2,1,1,1,0,0,0,0
atlas,HOMFLY_PT_plus_Theta,167043,2,1,1,1,0,0,0,0
atlas,HOMFLY_PT_plus_Theta,167044,2,1,1,1,0,0,0,0
atlas,HOMFLY_PT_plus_Theta,167091,2,1,1,1,0,0,0,0
atlas,HOMFLY_PT_plus_Theta,167154,2,1,1,1,0,0,0,0
atlas,HOMFLY_PT_plus_Theta,167451,2,1,1,1,0,0,0,0
atlas,HOMFLY_PT_plus_Theta,167875,2,1,1,1,0,0,0,0
atlas,HOMFLY_PT_plus_Theta,167877,4,6,1,1,0,0,0,0
atlas,HOMFLY_PT_plus_Theta,167888,2,1,1,1,0,0,0,0
atlas,HOMFLY_PT_plus_Theta,167930,2,1,1,1,0,0,0,0
atlas,HOMFLY_PT_plus_Theta,167943,2,1,1,1,0,0,0,0
atlas,HOMFLY_PT_plus_Theta,167962,4,6,1,1,0,0,0,0
atlas,HOMFLY_PT_plus_Theta,167963,2,1,1,1,0,0,0,0
atlas,HOMFLY_PT_plus_Theta,167992,2,1,1,1,0,0,0,0
atlas,HOMFLY_PT_plus_Theta,168023,2,1,1,1,0,0,0,0
atlas,HOMFLY_PT_plus_Theta,168041,3,3,1,1,0,0,0,0
atlas,HOMFLY_PT_plus_Theta,168134,2,1,1,1,0,0,0,0
atlas,HOMFLY_PT_plus_Theta,168180,2,1,1,1,0,0,0,0
atlas,HOMFLY_PT_plus_Theta,168291,2,1,1,1,0,0,0,0
atlas,HOMFLY_PT_plus_Theta,168419,2,1,1,1,0,0,0,0
atlas,HOMFLY_PT_plus_Theta,168448,2,1,1,1,0,0,0,0
atlas,HOMFLY_PT_plus_Theta,168449,2,1,1,1,0,0,0,0
atlas,HOMFLY_PT_plus_Theta,168512,2,1,1,1,0,0,0,0
atlas,HOMFLY_PT_plus_Theta,168676,2,1,1,1,0,0,0,0
atlas,HOMFLY_PT_plus_Theta,168691,2,1,1,1,0,0,0,0
atlas,HOMFLY_PT_plus_Theta,168886,2,1,1,1,0,0,0,0
atlas,HOMFLY_PT_plus_Theta,168912,2,1,1,1,0,0,0,0
atlas,HOMFLY_PT_plus_Theta,168913,2,1,1,1,0,0,0,0
atlas,HOMFLY_PT_plus_Theta,168925,2,1,1,1,0,0,0,0
atlas,HOMFLY_PT_plus_Theta,168944,2,1,1,1,0,0,0,0
atlas,HOMFLY_PT_plus_Theta,168945,2,1,1,1,0,0,0,0
atlas,HOMFLY_PT_plus_Theta,169023,2,1,1,1,0,0,0,0
atlas,HOMFLY_PT_plus_Theta,169070,2,1,1,1,0,0,0,0
atlas,HOMFLY_PT_plus_Theta,169143,2,1,1,1,0,0,0,0
atlas,HOMFLY_PT_plus_Theta,169145,2,1,1,1,0,0,0,0
atlas,HOMFLY_PT_plus_Theta,169148,2,1,1,1,0,0,0,0
atlas,HOMFLY_PT_plus_Theta,169178,2,1,1,1,0,0,0,0
atlas,HOMFLY_PT_plus_Theta,169221,2,1,1,1,0,0,0,0
atlas,HOMFLY_PT_plus_Theta,169229,2,1,1,1,0,0,0,0
atlas,HOMFLY_PT_plus_Theta,169276,2,1,1,1,0,0,0,0
atlas,HOMFLY_PT_plus_Theta,169359,2,1,1,1,0,0,0,0
atlas,HOMFLY_PT_plus_Theta,169499,2,1,1,1,0,0,0,0
atlas,HOMFLY_PT_plus_Theta,169550,2,1,1,1,0,0,0,0
atlas,HOMFLY_PT_plus_Theta,169616,2,1,1,1,0,0,0,0
atlas,HOMFLY_PT_plus_Theta,169664,2,1,1,1,0,0,0,0
atlas,HOMFLY_PT_plus_Theta,169665,2,1,1,1,0,0,0,0
atlas,HOMFLY_PT_plus_Theta,169693,2,1,1,1,0,0,0,0
atlas,HOMFLY_PT_plus_Theta,169742,2,1,1,1,0,0,0,0
atlas,HOMFLY_PT_plus_Theta,169794,2,1,1,1,0,0,0,0
atlas,HOMFLY_PT_plus_Theta,169843,2,1,1,1,0,0,0,0
atlas,HOMFLY_PT_plus_Theta,170035,2,1,1,1,0,0,0,0
atlas,HOMFLY_PT_plus_Theta,170105,2,1,1,1,0,0,0,0
atlas,HOMFLY_PT_plus_Theta,170120,2,1,1,1,0,0,0,0
atlas,HOMFLY_PT_plus_Theta,170180,2,1,1,1,0,0,0,0
atlas,HOMFLY_PT_plus_Theta,170257,2,1,1,1,0,0,0,0
atlas,HOMFLY_PT_plus_Theta,170290,2,1,1,1,0,0,0,0
atlas,HOMFLY_PT_plus_Theta,170378,2,1,1,1,0,0,0,0
atlas,HOMFLY_PT_plus_Theta,170386,2,1,1,1,0,0,0,0
atlas,HOMFLY_PT_plus_Theta,170417,2,1,1,1,0,0,0,0
atlas,HOMFLY_PT_plus_Theta,170465,2,1,1,1,0,0,0,0
atlas,HOMFLY_PT_plus_Theta,170522,2,1,1,1,0,0,0,0
atlas,HOMFLY_PT_plus_Theta,170567,2,1,1,1,0,0,0,0
atlas,HOMFLY_PT_plus_Theta,170598,2,1,1,1,0,0,0,0
atlas,HOMFLY_PT_plus_Theta,170613,2,1,1,1,0,0,0,0
atlas,HOMFLY_PT_plus_Theta,170628,2,1,1,1,0,0,0,0
atlas,HOMFLY_PT_plus_Theta,170630,2,1,1,1,0,0,0,0
atlas,HOMFLY_PT_plus_Theta,170644,2,1,1,1,0,0,0,0
atlas,HOMFLY_PT_plus_Theta,170655,2,1,1,1,0,0,0,0
atlas,HOMFLY_PT_plus_Theta,170713,2,1,1,1,0,0,0,0
atlas,HOMFLY_PT_plus_Theta,170763,2,1,1,1,0,0,0,0
atlas,HOMFLY_PT_plus_Theta,170794,2,1,1,1,0,0,0,0
atlas,HOMFLY_PT_plus_Theta,170841,2,1,1,1,0,0,0,0
atlas,HOMFLY_PT_plus_Theta,170896,2,1,1,1,0,0,0,0
atlas,HOMFLY_PT_plus_Theta,170935,2,1,1,1,0,0,0,0
atlas,HOMFLY_PT_plus_Theta,171019,2,1,1,1,0,0,0,0
atlas,HOMFLY_PT_plus_Theta,171081,2,1,1,1,0,0,0,0
atlas,HOMFLY_PT_plus_Theta,171086,2,1,1,1,0,0,0,0
atlas,HOMFLY_PT_plus_Theta,171138,2,1,1,1,0,0,0,0
atlas,HOMFLY_PT_plus_Theta,171150,2,1,1,1,0,0,0,0
atlas,HOMFLY_PT_plus_Theta,171377,2,1,1,1,0,0,0,0
atlas,HOMFLY_PT_plus_Theta,171386,2,1,1,1,0,0,0,0
atlas,HOMFLY_PT_plus_Theta,171466,2,1,1,1,0,0,0,0
atlas,HOMFLY_PT_plus_Theta,171467,2,1,1,1,0,0,0,0
atlas,HOMFLY_PT_plus_Theta,171493,3,3,1,1,0,0,0,0
atlas,HOMFLY_PT_plus_Theta,171494,2,1,1,1,0,0,0,0
atlas,HOMFLY_PT_plus_Theta,171573,2,1,1,1,0,0,0,0
atlas,HOMFLY_PT_plus_Theta,171613,2,1,1,1,0,0,0,0
atlas,HOMFLY_PT_plus_Theta,171756,2,1,1,1,0,0,0,0
atlas,HOMFLY_PT_plus_Theta,171772,2,1,1,1,0,0,0,0
atlas,HOMFLY_PT_plus_Theta,171779,2,1,1,1,0,0,0,0
atlas,HOMFLY_PT_plus_Theta,171848,2,1,1,1,0,0,0,0
atlas,HOMFLY_PT_plus_Theta,171904,2,1,1,1,0,0,0,0
atlas,HOMFLY_PT_plus_Theta,171925,2,1,1,1,0,0,0,0
atlas,HOMFLY_PT_plus_Theta,171942,2,1,1,1,0,0,0,0
atlas,HOMFLY_PT_plus_Theta,171947,4,6,1,1,0,0,0,0
atlas,HOMFLY_PT_plus_Theta,171960,2,1,1,1,0,0,0,0
atlas,HOMFLY_PT_plus_Theta,171963,2,1,1,1,0,0,0,0
atlas,HOMFLY_PT_plus_Theta,171965,2,1,1,1,0,0,0,0
atlas,HOMFLY_PT_plus_Theta,172104,2,1,1,1,0,0,0,0
atlas,HOMFLY_PT_plus_Theta,172106,4,6,1,1,0,0,0,0
atlas,HOMFLY_PT_plus_Theta,172107,2,1,1,1,0,0,0,0
atlas,HOMFLY_PT_plus_Theta,172161,2,1,1,1,0,0,0,0
atlas,HOMFLY_PT_plus_Theta,172164,2,1,1,1,0,0,0,0
atlas,HOMFLY_PT_plus_Theta,172175,2,1,1,1,0,0,0,0
atlas,HOMFLY_PT_plus_Theta,172265,2,1,1,1,0,0,0,0
atlas,HOMFLY_PT_plus_Theta,172306,2,1,1,1,0,0,0,0
atlas,HOMFLY_PT_plus_Theta,172311,2,1,1,1,0,0,0,0
atlas,HOMFLY_PT_plus_Theta,172367,2,1,1,1,0,0,0,0
atlas,HOMFLY_PT_plus_Theta,172428,2,1,1,1,0,0,0,0
atlas,HOMFLY_PT_plus_Theta,172442,2,1,1,1,0,0,0,0
atlas,HOMFLY_PT_plus_Theta,172503,2,1,1,1,0,0,0,0
atlas,HOMFLY_PT_plus_Theta,172515,2,1,1,1,0,0,0,0
atlas,HOMFLY_PT_plus_Theta,172528,2,1,1,1,0,0,0,0
atlas,HOMFLY_PT_plus_Theta,172591,2,1,1,1,0,0,0,0
atlas,HOMFLY_PT_plus_Theta,172645,2,1,1,1,0,0,0,0
atlas,HOMFLY_PT_plus_Theta,172723,2,1,1,1,0,0,0,0
atlas,HOMFLY_PT_plus_Theta,172833,2,1,1,1,0,0,0,0
atlas,HOMFLY_PT_plus_Theta,172870,2,1,1,1,0,0,0,0
atlas,HOMFLY_PT_plus_Theta,172872,2,1,1,1,0,0,0,0
atlas,HOMFLY_PT_plus_Theta,172902,2,1,1,1,0,0,0,0
atlas,HOMFLY_PT_plus_Theta,172904,2,1,1,1,0,0,0,0
atlas,HOMFLY_PT_plus_Theta,172907,2,1,1,1,0,0,0,0
atlas,HOMFLY_PT_plus_Theta,173014,2,1,1,1,0,0,0,0
atlas,HOMFLY_PT_plus_Theta,173127,2,1,1,1,0,0,0,0
atlas,HOMFLY_PT_plus_Theta,173133,2,1,1,1,0,0,0,0
atlas,HOMFLY_PT_plus_Theta,173306,2,1,1,1,0,0,0,0
atlas,HOMFLY_PT_plus_Theta,173453,2,1,1,1,0,0,0,0
atlas,HOMFLY_PT_plus_Theta,173586,2,1,1,1,0,0,0,0
atlas,HOMFLY_PT_plus_Theta,173595,2,1,1,1,0,0,0,0
atlas,HOMFLY_PT_plus_Theta,173817,2,1,1,1,0,0,0,0
atlas,HOMFLY_PT_plus_Theta,173900,3,3,1,1,0,0,0,0
atlas,HOMFLY_PT_plus_Theta,173901,2,1,1,1,0,0,0,0
atlas,HOMFLY_PT_plus_Theta,173912,2,1,1,1,0,0,0,0
atlas,HOMFLY_PT_plus_Theta,173927,2,1,1,1,0,0,0,0
atlas,HOMFLY_PT_plus_Theta,174015,2,1,1,1,0,0,0,0
atlas,HOMFLY_PT_plus_Theta,174119,2,1,1,1,0,0,0,0
atlas,HOMFLY_PT_plus_Theta,174153,2,1,1,1,0,0,0,0
atlas,HOMFLY_PT_plus_Theta,174273,2,1,1,1,0,0,0,0
atlas,HOMFLY_PT_plus_Theta,174352,2,1,1,1,0,0,0,0
atlas,HOMFLY_PT_plus_Theta,174399,2,1,1,1,0,0,0,0
atlas,HOMFLY_PT_plus_Theta,174408,2,1,1,1,0,0,0,0
atlas,HOMFLY_PT_plus_Theta,174452,2,1,1,1,0,0,0,0
atlas,HOMFLY_PT_plus_Theta,174454,4,6,1,1,0,0,0,0
atlas,HOMFLY_PT_plus_Theta,174531,2,1,1,1,0,0,0,0
atlas,HOMFLY_PT_plus_Theta,174543,2,1,1,1,0,0,0,0
atlas,HOMFLY_PT_plus_Theta,174628,2,1,1,1,0,0,0,0
atlas,HOMFLY_PT_plus_Theta,174661,2,1,1,1,0,0,0,0
atlas,HOMFLY_PT_plus_Theta,174673,2,1,1,1,0,0,0,0
atlas,HOMFLY_PT_plus_Theta,174699,2,1,1,1,0,0,0,0
atlas,HOMFLY_PT_plus_Theta,174700,2,1,1,1,0,0,0,0
atlas,HOMFLY_PT_plus_Theta,174745,2,1,1,1,0,0,0,0
atlas,HOMFLY_PT_plus_Theta,174815,2,1,1,1,0,0,0,0
atlas,HOMFLY_PT_plus_Theta,174859,2,1,1,1,0,0,0,0
atlas,HOMFLY_PT_plus_Theta,175004,2,1,1,1,0,0,0,0
atlas,HOMFLY_PT_plus_Theta,175011,4,6,1,1,0,0,0,0
atlas,HOMFLY_PT_plus_Theta,175123,2,1,1,1,0,0,0,0
atlas,HOMFLY_PT_plus_Theta,175146,2,1,1,1,0,0,0,0
atlas,HOMFLY_PT_plus_Theta,175147,2,1,1,1,0,0,0,0
atlas,HOMFLY_PT_plus_Theta,175252,2,1,1,1,0,0,0,0
atlas,HOMFLY_PT_plus_Theta,175253,2,1,1,1,0,0,0,0
atlas,HOMFLY_PT_plus_Theta,175284,2,1,1,1,0,0,0,0
atlas,HOMFLY_PT_plus_Theta,175285,2,1,1,1,0,0,0,0
atlas,HOMFLY_PT_plus_Theta,175323,2,1,1,1,0,0,0,0
atlas,HOMFLY_PT_plus_Theta,175357,2,1,1,1,0,0,0,0
atlas,HOMFLY_PT_plus_Theta,175437,2,1,1,1,0,0,0,0
atlas,HOMFLY_PT_plus_Theta,175478,2,1,1,1,0,0,0,0
atlas,HOMFLY_PT_plus_Theta,175502,2,1,1,1,0,0,0,0
atlas,HOMFLY_PT_plus_Theta,175638,2,1,1,1,0,0,0,0
atlas,HOMFLY_PT_plus_Theta,175661,2,1,1,1,0,0,0,0
atlas,HOMFLY_PT_plus_Theta,175861,2,1,1,1,0,0,0,0
atlas,HOMFLY_PT_plus_Theta,175984,2,1,1,1,0,0,0,0
atlas,HOMFLY_PT_plus_Theta,176108,2,1,1,1,0,0,0,0
atlas,HOMFLY_PT_plus_Theta,176117,2,1,1,1,0,0,0,0
atlas,HOMFLY_PT_plus_Theta,176294,2,1,1,1,0,0,0,0
atlas,HOMFLY_PT_plus_Theta,176322,2,1,1,1,0,0,0,0
atlas,HOMFLY_PT_plus_Theta,176431,2,1,1,1,0,0,0,0
atlas,HOMFLY_PT_plus_Theta,176559,2,1,1,1,0,0,0,0
atlas,HOMFLY_PT_plus_Theta,176628,2,1,1,1,0,0,0,0
atlas,HOMFLY_PT_plus_Theta,176667,2,1,1,1,0,0,0,0
atlas,HOMFLY_PT_plus_Theta,176756,2,1,1,1,0,0,0,0
atlas,HOMFLY_PT_plus_Theta,176757,2,1,1,1,0,0,0,0
atlas,HOMFLY_PT_plus_Theta,176805,2,1,1,1,0,0,0,0
atlas,HOMFLY_PT_plus_Theta,176809,2,1,1,1,0,0,0,0
atlas,HOMFLY_PT_plus_Theta,176839,2,1,1,1,0,0,0,0
atlas,HOMFLY_PT_plus_Theta,176850,2,1,1,1,0,0,0,0
atlas,HOMFLY_PT_plus_Theta,176851,2,1,1,1,0,0,0,0
atlas,HOMFLY_PT_plus_Theta,176879,2,1,1,1,0,0,0,0
atlas,HOMFLY_PT_plus_Theta,176940,2,1,1,1,0,0,0,0
atlas,HOMFLY_PT_plus_Theta,177128,2,1,1,1,0,0,0,0
atlas,HOMFLY_PT_plus_Theta,177161,2,1,1,1,0,0,0,0
atlas,HOMFLY_PT_plus_Theta,177246,2,1,1,1,0,0,0,0
atlas,HOMFLY_PT_plus_Theta,177304,2,1,1,1,0,0,0,0
atlas,HOMFLY_PT_plus_Theta,177335,2,1,1,1,0,0,0,0
atlas,HOMFLY_PT_plus_Theta,177361,2,1,1,1,0,0,0,0
atlas,HOMFLY_PT_plus_Theta,177388,2,1,1,1,0,0,0,0
atlas,HOMFLY_PT_plus_Theta,177392,2,1,1,1,0,0,0,0
atlas,HOMFLY_PT_plus_Theta,177486,2,1,1,1,0,0,0,0
atlas,HOMFLY_PT_plus_Theta,177538,2,1,1,1,0,0,0,0
atlas,HOMFLY_PT_plus_Theta,177540,2,1,1,1,0,0,0,0
atlas,HOMFLY_PT_plus_Theta,177648,2,1,1,1,0,0,0,0
atlas,HOMFLY_PT_plus_Theta,177667,4,6,1,1,0,0,0,0
atlas,HOMFLY_PT_plus_Theta,177675,2,1,1,1,0,0,0,0
atlas,HOMFLY_PT_plus_Theta,177676,2,1,1,1,0,0,0,0
atlas,HOMFLY_PT_plus_Theta,177677,2,1,1,1,0,0,0,0
atlas,HOMFLY_PT_plus_Theta,177767,2,1,1,1,0,0,0,0
atlas,HOMFLY_PT_plus_Theta,177784,2,1,1,1,0,0,0,0
atlas,HOMFLY_PT_plus_Theta,177825,2,1,1,1,0,0,0,0
atlas,HOMFLY_PT_plus_Theta,177827,2,1,1,1,0,0,0,0
atlas,HOMFLY_PT_plus_Theta,177828,2,1,1,1,0,0,0,0
atlas,HOMFLY_PT_plus_Theta,177864,2,1,1,1,0,0,0,0
atlas,HOMFLY_PT_plus_Theta,178103,2,1,1,1,0,0,0,0
atlas,HOMFLY_PT_plus_Theta,178122,2,1,1,1,0,0,0,0
atlas,HOMFLY_PT_plus_Theta,178349,2,1,1,1,0,0,0,0
atlas,HOMFLY_PT_plus_Theta,178461,2,1,1,1,0,0,0,0
atlas,HOMFLY_PT_plus_Theta,178495,2,1,1,1,0,0,0,0
atlas,HOMFLY_PT_plus_Theta,178501,2,1,1,1,0,0,0,0
atlas,HOMFLY_PT_plus_Theta,178502,2,1,1,1,0,0,0,0
atlas,HOMFLY_PT_plus_Theta,178619,2,1,1,1,0,0,0,0
atlas,HOMFLY_PT_plus_Theta,178758,2,1,1,1,0,0,0,0
atlas,HOMFLY_PT_plus_Theta,178760,2,1,1,1,0,0,0,0
atlas,HOMFLY_PT_plus_Theta,178814,2,1,1,1,0,0,0,0
atlas,HOMFLY_PT_plus_Theta,178898,2,1,1,1,0,0,0,0
atlas,HOMFLY_PT_plus_Theta,178929,4,6,1,1,0,0,0,0
atlas,HOMFLY_PT_plus_Theta,178931,2,1,1,1,0,0,0,0
atlas,HOMFLY_PT_plus_Theta,178962,2,1,1,1,0,0,0,0
atlas,HOMFLY_PT_plus_Theta,179001,2,1,1,1,0,0,0,0
atlas,HOMFLY_PT_plus_Theta,179197,2,1,1,1,0,0,0,0
atlas,HOMFLY_PT_plus_Theta,179198,2,1,1,1,0,0,0,0
atlas,HOMFLY_PT_plus_Theta,179236,2,1,1,1,0,0,0,0
atlas,HOMFLY_PT_plus_Theta,179262,2,1,1,1,0,0,0,0
atlas,HOMFLY_PT_plus_Theta,179263,2,1,1,1,0,0,0,0
atlas,HOMFLY_PT_plus_Theta,179321,2,1,1,1,0,0,0,0
atlas,HOMFLY_PT_plus_Theta,179337,2,1,1,1,0,0,0,0
atlas,HOMFLY_PT_plus_Theta,179370,2,1,1,1,0,0,0,0
atlas,HOMFLY_PT_plus_Theta,179372,2,1,1,1,0,0,0,0
atlas,HOMFLY_PT_plus_Theta,179401,2,1,1,1,0,0,0,0
atlas,HOMFLY_PT_plus_Theta,179404,2,1,1,1,0,0,0,0
atlas,HOMFLY_PT_plus_Theta,179426,2,1,1,1,0,0,0,0
atlas,HOMFLY_PT_plus_Theta,179540,2,1,1,1,0,0,0,0
atlas,HOMFLY_PT_plus_Theta,179541,2,1,1,1,0,0,0,0
atlas,HOMFLY_PT_plus_Theta,179559,4,6,1,1,0,0,0,0
atlas,HOMFLY_PT_plus_Theta,179606,2,1,1,1,0,0,0,0
atlas,HOMFLY_PT_plus_Theta,179689,2,1,1,1,0,0,0,0
atlas,HOMFLY_PT_plus_Theta,179703,2,1,1,1,0,0,0,0
atlas,HOMFLY_PT_plus_Theta,179704,2,1,1,1,0,0,0,0
atlas,HOMFLY_PT_plus_Theta,179760,2,1,1,1,0,0,0,0
atlas,HOMFLY_PT_plus_Theta,179790,2,1,1,1,0,0,0,0
atlas,HOMFLY_PT_plus_Theta,179820,2,1,1,1,0,0,0,0
atlas,HOMFLY_PT_plus_Theta,179821,2,1,1,1,0,0,0,0
atlas,HOMFLY_PT_plus_Theta,180026,2,1,1,1,0,0,0,0
atlas,HOMFLY_PT_plus_Theta,180143,2,1,1,1,0,0,0,0
atlas,HOMFLY_PT_plus_Theta,180177,2,1,1,1,0,0,0,0
atlas,HOMFLY_PT_plus_Theta,180178,2,1,1,1,0,0,0,0
atlas,HOMFLY_PT_plus_Theta,180268,2,1,1,1,0,0,0,0
atlas,HOMFLY_PT_plus_Theta,180320,2,1,1,1,0,0,0,0
atlas,HOMFLY_PT_plus_Theta,180334,2,1,1,1,0,0,0,0
atlas,HOMFLY_PT_plus_Theta,180438,2,1,1,1,0,0,0,0
atlas,HOMFLY_PT_plus_Theta,180462,2,1,1,1,0,0,0,0
atlas,HOMFLY_PT_plus_Theta,180464,2,1,1,1,0,0,0,0
atlas,HOMFLY_PT_plus_Theta,180493,2,1,1,1,0,0,0,0
atlas,HOMFLY_PT_plus_Theta,180544,2,1,1,1,0,0,0,0
atlas,HOMFLY_PT_plus_Theta,180568,2,1,1,1,0,0,0,0
atlas,HOMFLY_PT_plus_Theta,180629,2,1,1,1,0,0,0,0
atlas,HOMFLY_PT_plus_Theta,180655,2,1,1,1,0,0,0,0
atlas,HOMFLY_PT_plus_Theta,180656,2,1,1,1,0,0,0,0
atlas,HOMFLY_PT_plus_Theta,180718,2,1,1,1,0,0,0,0
atlas,HOMFLY_PT_plus_Theta,180791,2,1,1,1,0,0,0,0
atlas,HOMFLY_PT_plus_Theta,180803,2,1,1,1,0,0,0,0
atlas,HOMFLY_PT_plus_Theta,180849,4,6,1,1,0,0,0,0
atlas,HOMFLY_PT_plus_Theta,180896,2,1,1,1,0,0,0,0
atlas,HOMFLY_PT_plus_Theta,180912,2,1,1,1,0,0,0,0
atlas,HOMFLY_PT_plus_Theta,180995,2,1,1,1,0,0,0,0
atlas,HOMFLY_PT_plus_Theta,181185,2,1,1,1,0,0,0,0
atlas,HOMFLY_PT_plus_Theta,181191,2,1,1,1,0,0,0,0
atlas,HOMFLY_PT_plus_Theta,181208,2,1,1,1,0,0,0,0
atlas,HOMFLY_PT_plus_Theta,181267,2,1,1,1,0,0,0,0
atlas,HOMFLY_PT_plus_Theta,181302,2,1,1,1,0,0,0,0
atlas,HOMFLY_PT_plus_Theta,181473,4,6,1,1,0,0,0,0
atlas,HOMFLY_PT_plus_Theta,181517,2,1,1,1,0,0,0,0
atlas,HOMFLY_PT_plus_Theta,181624,2,1,1,1,0,0,0,0
atlas,HOMFLY_PT_plus_Theta,181697,2,1,1,1,0,0,0,0
atlas,HOMFLY_PT_plus_Theta,181737,2,1,1,1,0,0,0,0
atlas,HOMFLY_PT_plus_Theta,181764,2,1,1,1,0,0,0,0
atlas,HOMFLY_PT_plus_Theta,181767,2,1,1,1,0,0,0,0
atlas,HOMFLY_PT_plus_Theta,181780,2,1,1,1,0,0,0,0
atlas,HOMFLY_PT_plus_Theta,181982,2,1,1,1,0,0,0,0
atlas,HOMFLY_PT_plus_Theta,182039,2,1,1,1,0,0,0,0
atlas,HOMFLY_PT_plus_Theta,182055,2,1,1,1,0,0,0,0
atlas,HOMFLY_PT_plus_Theta,182083,2,1,1,1,0,0,0,0
atlas,HOMFLY_PT_plus_Theta,182141,2,1,1,1,0,0,0,0
atlas,HOMFLY_PT_plus_Theta,182192,2,1,1,1,0,0,0,0
atlas,HOMFLY_PT_plus_Theta,182221,2,1,1,1,0,0,0,0
atlas,HOMFLY_PT_plus_Theta,182222,2,1,1,1,0,0,0,0
atlas,HOMFLY_PT_plus_Theta,182243,2,1,1,1,0,0,0,0
atlas,HOMFLY_PT_plus_Theta,182425,2,1,1,1,0,0,0,0
atlas,HOMFLY_PT_plus_Theta,182498,2,1,1,1,0,0,0,0
atlas,HOMFLY_PT_plus_Theta,182538,4,6,1,1,0,0,0,0
atlas,HOMFLY_PT_plus_Theta,182542,2,1,1,1,0,0,0,0
atlas,HOMFLY_PT_plus_Theta,182592,2,1,1,1,0,0,0,0
atlas,HOMFLY_PT_plus_Theta,182611,2,1,1,1,0,0,0,0
atlas,HOMFLY_PT_plus_Theta,182642,2,1,1,1,0,0,0,0
atlas,HOMFLY_PT_plus_Theta,182650,2,1,1,1,0,0,0,0
atlas,HOMFLY_PT_plus_Theta,182828,2,1,1,1,0,0,0,0
atlas,HOMFLY_PT_plus_Theta,182883,2,1,1,1,0,0,0,0
atlas,HOMFLY_PT_plus_Theta,182937,2,1,1,1,0,0,0,0
atlas,HOMFLY_PT_plus_Theta,183045,2,1,1,1,0,0,0,0
atlas,HOMFLY_PT_plus_Theta,183059,2,1,1,1,0,0,0,0
atlas,HOMFLY_PT_plus_Theta,183061,2,1,1,1,0,0,0,0
atlas,HOMFLY_PT_plus_Theta,183074,2,1,1,1,0,0,0,0
atlas,HOMFLY_PT_plus_Theta,183206,2,1,1,1,0,0,0,0
atlas,HOMFLY_PT_plus_Theta,183232,2,1,1,1,0,0,0,0
atlas,HOMFLY_PT_plus_Theta,183288,2,1,1,1,0,0,0,0
atlas,HOMFLY_PT_plus_Theta,183367,2,1,1,1,0,0,0,0
atlas,HOMFLY_PT_plus_Theta,183368,2,1,1,1,0,0,0,0
atlas,HOMFLY_PT_plus_Theta,183534,2,1,1,1,0,0,0,0
atlas,HOMFLY_PT_plus_Theta,183560,2,1,1,1,0,0,0,0
atlas,HOMFLY_PT_plus_Theta,183578,2,1,1,1,0,0,0,0
atlas,HOMFLY_PT_plus_Theta,183680,2,1,1,1,0,0,0,0
atlas,HOMFLY_PT_plus_Theta,183742,2,1,1,1,0,0,0,0
atlas,HOMFLY_PT_plus_Theta,183759,2,1,1,1,0,0,0,0
atlas,HOMFLY_PT_plus_Theta,183796,2,1,1,1,0,0,0,0
atlas,HOMFLY_PT_plus_Theta,183797,2,1,1,1,0,0,0,0
atlas,HOMFLY_PT_plus_Theta,183834,2,1,1,1,0,0,0,0
atlas,HOMFLY_PT_plus_Theta,183866,2,1,1,1,0,0,0,0
atlas,HOMFLY_PT_plus_Theta,183982,2,1,1,1,0,0,0,0
atlas,HOMFLY_PT_plus_Theta,184237,2,1,1,1,0,0,0,0
atlas,HOMFLY_PT_plus_Theta,184314,2,1,1,1,0,0,0,0
atlas,HOMFLY_PT_plus_Theta,184315,2,1,1,1,0,0,0,0
atlas,HOMFLY_PT_plus_Theta,184373,2,1,1,1,0,0,0,0
atlas,HOMFLY_PT_plus_Theta,184438,2,1,1,1,0,0,0,0
atlas,HOMFLY_PT_plus_Theta,184440,2,1,1,1,0,0,0,0
atlas,HOMFLY_PT_plus_Theta,184448,2,1,1,1,0,0,0,0
atlas,HOMFLY_PT_plus_Theta,184510,2,1,1,1,0,0,0,0
atlas,HOMFLY_PT_plus_Theta,184514,2,1,1,1,0,0,0,0
atlas,HOMFLY_PT_plus_Theta,184542,2,1,1,1,0,0,0,0
atlas,HOMFLY_PT_plus_Theta,184543,2,1,1,1,0,0,0,0
atlas,HOMFLY_PT_plus_Theta,184549,2,1,1,1,0,0,0,0
atlas,HOMFLY_PT_plus_Theta,184612,2,1,1,1,0,0,0,0
atlas,HOMFLY_PT_plus_Theta,184623,2,1,1,1,0,0,0,0
atlas,HOMFLY_PT_plus_Theta,184627,2,1,1,1,0,0,0,0
atlas,HOMFLY_PT_plus_Theta,184914,2,1,1,1,0,0,0,0
atlas,HOMFLY_PT_plus_Theta,184934,4,6,1,1,0,0,0,0
atlas,HOMFLY_PT_plus_Theta,184948,2,1,1,1,0,0,0,0
atlas,HOMFLY_PT_plus_Theta,185069,2,1,1,1,0,0,0,0
atlas,HOMFLY_PT_plus_Theta,185086,2,1,1,1,0,0,0,0
atlas,HOMFLY_PT_plus_Theta,185091,2,1,1,1,0,0,0,0
atlas,HOMFLY_PT_plus_Theta,185124,2,1,1,1,0,0,0,0
atlas,HOMFLY_PT_plus_Theta,185143,2,1,1,1,0,0,0,0
atlas,HOMFLY_PT_plus_Theta,185269,2,1,1,1,0,0,0,0
atlas,HOMFLY_PT_plus_Theta,185356,2,1,1,1,0,0,0,0
atlas,HOMFLY_PT_plus_Theta,185404,2,1,1,1,0,0,0,0
atlas,HOMFLY_PT_plus_Theta,185494,2,1,1,1,0,0,0,0
atlas,HOMFLY_PT_plus_Theta,185564,2,1,1,1,0,0,0,0
atlas,HOMFLY_PT_plus_Theta,185588,2,1,1,1,0,0,0,0
atlas,HOMFLY_PT_plus_Theta,185612,4,6,1,1,0,0,0,0
atlas,HOMFLY_PT_plus_Theta,185757,2,1,1,1,0,0,0,0
atlas,HOMFLY_PT_plus_Theta,185775,2,1,1,1,0,0,0,0
atlas,HOMFLY_PT_plus_Theta,185889,2,1,1,1,0,0,0,0
atlas,HOMFLY_PT_plus_Theta,185890,2,1,1,1,0,0,0,0
atlas,HOMFLY_PT_plus_Theta,185976,2,1,1,1,0,0,0,0
atlas,HOMFLY_PT_plus_Theta,186025,2,1,1,1,0,0,0,0
atlas,HOMFLY_PT_plus_Theta,186033,2,1,1,1,0,0,0,0
atlas,HOMFLY_PT_plus_Theta,186035,2,1,1,1,0,0,0,0
atlas,HOMFLY_PT_plus_Theta,186068,2,1,1,1,0,0,0,0
atlas,HOMFLY_PT_plus_Theta,186095,2,1,1,1,0,0,0,0
atlas,HOMFLY_PT_plus_Theta,186215,2,1,1,1,0,0,0,0
atlas,HOMFLY_PT_plus_Theta,186316,2,1,1,1,0,0,0,0
atlas,HOMFLY_PT_plus_Theta,186323,2,1,1,1,0,0,0,0
atlas,HOMFLY_PT_plus_Theta,186361,2,1,1,1,0,0,0,0
atlas,HOMFLY_PT_plus_Theta,186365,2,1,1,1,0,0,0,0
atlas,HOMFLY_PT_plus_Theta,186383,2,1,1,1,0,0,0,0
atlas,HOMFLY_PT_plus_Theta,186384,2,1,1,1,0,0,0,0
atlas,HOMFLY_PT_plus_Theta,186392,2,1,1,1,0,0,0,0
atlas,HOMFLY_PT_plus_Theta,186401,2,1,1,1,0,0,0,0
atlas,HOMFLY_PT_plus_Theta,186480,2,1,1,1,0,0,0,0
atlas,HOMFLY_PT_plus_Theta,186554,2,1,1,1,0,0,0,0
atlas,HOMFLY_PT_plus_Theta,186618,2,1,1,1,0,0,0,0
atlas,HOMFLY_PT_plus_Theta,186645,2,1,1,1,0,0,0,0
atlas,HOMFLY_PT_plus_Theta,186676,2,1,1,1,0,0,0,0
atlas,HOMFLY_PT_plus_Theta,186794,2,1,1,1,0,0,0,0
atlas,HOMFLY_PT_plus_Theta,186913,2,1,1,1,0,0,0,0
atlas,HOMFLY_PT_plus_Theta,186971,2,1,1,1,0,0,0,0
atlas,HOMFLY_PT_plus_Theta,186974,2,1,1,1,0,0,0,0
atlas,HOMFLY_PT_plus_Theta,186998,2,1,1,1,0,0,0,0
atlas,HOMFLY_PT_plus_Theta,187013,2,1,1,1,0,0,0,0
atlas,HOMFLY_PT_plus_Theta,187067,2,1,1,1,0,0,0,0
atlas,HOMFLY_PT_plus_Theta,187126,2,1,1,1,0,0,0,0
atlas,HOMFLY_PT_plus_Theta,187151,2,1,1,1,0,0,0,0
atlas,HOMFLY_PT_plus_Theta,187152,2,1,1,1,0,0,0,0
atlas,HOMFLY_PT_plus_Theta,187196,2,1,1,1,0,0,0,0
atlas,HOMFLY_PT_plus_Theta,187338,2,1,1,1,0,0,0,0
atlas,HOMFLY_PT_plus_Theta,187385,2,1,1,1,0,0,0,0
atlas,HOMFLY_PT_plus_Theta,187390,2,1,1,1,0,0,0,0
atlas,HOMFLY_PT_plus_Theta,187420,2,1,1,1,0,0,0,0
atlas,HOMFLY_PT_plus_Theta,187433,2,1,1,1,0,0,0,0
atlas,HOMFLY_PT_plus_Theta,187482,2,1,1,1,0,0,0,0
atlas,HOMFLY_PT_plus_Theta,187620,2,1,1,1,0,0,0,0
atlas,HOMFLY_PT_plus_Theta,187653,2,1,1,1,0,0,0,0
atlas,HOMFLY_PT_plus_Theta,187819,2,1,1,1,0,0,0,0
atlas,HOMFLY_PT_plus_Theta,187826,2,1,1,1,0,0,0,0
atlas,HOMFLY_PT_plus_Theta,187917,2,1,1,1,0,0,0,0
atlas,HOMFLY_PT_plus_Theta,187932,2,1,1,1,0,0,0,0
atlas,HOMFLY_PT_plus_Theta,188057,2,1,1,1,0,0,0,0
atlas,HOMFLY_PT_plus_Theta,188161,2,1,1,1,0,0,0,0
atlas,HOMFLY_PT_plus_Theta,188202,2,1,1,1,0,0,0,0
atlas,HOMFLY_PT_plus_Theta,188228,2,1,1,1,0,0,0,0
atlas,HOMFLY_PT_plus_Theta,188229,2,1,1,1,0,0,0,0
atlas,HOMFLY_PT_plus_Theta,188453,2,1,1,1,0,0,0,0
atlas,HOMFLY_PT_plus_Theta,188562,2,1,1,1,0,0,0,0
atlas,HOMFLY_PT_plus_Theta,188574,2,1,1,1,0,0,0,0
atlas,HOMFLY_PT_plus_Theta,188754,2,1,1,1,0,0,0,0
atlas,HOMFLY_PT_plus_Theta,188777,2,1,1,1,0,0,0,0
atlas,HOMFLY_PT_plus_Theta,188814,2,1,1,1,0,0,0,0
atlas,HOMFLY_PT_plus_Theta,188981,2,1,1,1,0,0,0,0
atlas,HOMFLY_PT_plus_Theta,188994,2,1,1,1,0,0,0,0
atlas,HOMFLY_PT_plus_Theta,189045,3,3,1,2,0,2,0,2
atlas,HOMFLY_PT_plus_Theta,189134,2,1,1,1,0,0,0,0
atlas,HOMFLY_PT_plus_Theta,189169,2,1,1,1,0,0,0,0
atlas,HOMFLY_PT_plus_Theta,189275,2,1,1,1,0,0,0,0
atlas,HOMFLY_PT_plus_Theta,189376,2,1,1,1,0,0,0,0
atlas,HOMFLY_PT_plus_Theta,189390,2,1,1,1,0,0,0,0
atlas,HOMFLY_PT_plus_Theta,189391,2,1,1,1,0,0,0,0
atlas,HOMFLY_PT_plus_Theta,189400,2,1,1,1,0,0,0,0
atlas,HOMFLY_PT_plus_Theta,189559,4,6,1,1,0,0,0,0
atlas,HOMFLY_PT_plus_Theta,189641,2,1,1,1,0,0,0,0
atlas,HOMFLY_PT_plus_Theta,189697,2,1,1,1,0,0,0,0
atlas,HOMFLY_PT_plus_Theta,189739,2,1,1,1,0,0,0,0
atlas,HOMFLY_PT_plus_Theta,189899,2,1,1,1,0,0,0,0
atlas,HOMFLY_PT_plus_Theta,189963,2,1,1,1,0,0,0,0
atlas,HOMFLY_PT_plus_Theta,189965,2,1,1,1,0,0,0,0
atlas,HOMFLY_PT_plus_Theta,189971,2,1,1,1,0,0,0,0
atlas,HOMFLY_PT_plus_Theta,190011,2,1,1,1,0,0,0,0
atlas,HOMFLY_PT_plus_Theta,190044,2,1,1,1,0,0,0,0
atlas,HOMFLY_PT_plus_Theta,190260,2,1,1,1,0,0,0,0
atlas,HOMFLY_PT_plus_Theta,190309,2,1,1,1,0,0,0,0
atlas,HOMFLY_PT_plus_Theta,190447,2,1,1,1,0,0,0,0
atlas,HOMFLY_PT_plus_Theta,190490,2,1,1,1,0,0,0,0
atlas,HOMFLY_PT_plus_Theta,190537,2,1,1,1,0,0,0,0
atlas,HOMFLY_PT_plus_Theta,190551,2,1,1,1,0,0,0,0
atlas,HOMFLY_PT_plus_Theta,190619,2,1,1,1,0,0,0,0
atlas,HOMFLY_PT_plus_Theta,190648,2,1,1,1,0,0,0,0
atlas,HOMFLY_PT_plus_Theta,190684,2,1,1,1,0,0,0,0
atlas,HOMFLY_PT_plus_Theta,190713,2,1,1,1,0,0,0,0
atlas,HOMFLY_PT_plus_Theta,190725,2,1,1,1,0,0,0,0
atlas,HOMFLY_PT_plus_Theta,190770,2,1,1,1,0,0,0,0
atlas,HOMFLY_PT_plus_Theta,190908,2,1,1,1,0,0,0,0
atlas,HOMFLY_PT_plus_Theta,191091,2,1,1,1,0,0,0,0
atlas,HOMFLY_PT_plus_Theta,191246,2,1,1,1,0,0,0,0
atlas,HOMFLY_PT_plus_Theta,191326,2,1,1,1,0,0,0,0
atlas,HOMFLY_PT_plus_Theta,191339,2,1,1,1,0,0,0,0
atlas,HOMFLY_PT_plus_Theta,191380,2,1,1,1,0,0,0,0
atlas,HOMFLY_PT_plus_Theta,191385,2,1,1,1,0,0,0,0
atlas,HOMFLY_PT_plus_Theta,191554,2,1,1,1,0,0,0,0
atlas,HOMFLY_PT_plus_Theta,191566,2,1,1,1,0,0,0,0
atlas,HOMFLY_PT_plus_Theta,191765,2,1,1,1,0,0,0,0
atlas,HOMFLY_PT_plus_Theta,191814,4,6,1,1,0,0,0,0
atlas,HOMFLY_PT_plus_Theta,191858,2,1,1,1,0,0,0,0
atlas,HOMFLY_PT_plus_Theta,191859,2,1,1,1,0,0,0,0
atlas,HOMFLY_PT_plus_Theta,191864,2,1,1,1,0,0,0,0
atlas,HOMFLY_PT_plus_Theta,191969,2,1,1,1,0,0,0,0
atlas,HOMFLY_PT_plus_Theta,192060,2,1,1,1,0,0,0,0
atlas,HOMFLY_PT_plus_Theta,192173,2,1,1,1,0,0,0,0
atlas,HOMFLY_PT_plus_Theta,192437,2,1,1,1,0,0,0,0
atlas,HOMFLY_PT_plus_Theta,192452,2,1,1,1,0,0,0,0
atlas,HOMFLY_PT_plus_Theta,192525,2,1,1,1,0,0,0,0
atlas,HOMFLY_PT_plus_Theta,192644,2,1,1,1,0,0,0,0
atlas,HOMFLY_PT_plus_Theta,192667,2,1,1,1,0,0,0,0
atlas,HOMFLY_PT_plus_Theta,192798,2,1,1,1,0,0,0,0
atlas,HOMFLY_PT_plus_Theta,192799,2,1,1,1,0,0,0,0
atlas,HOMFLY_PT_plus_Theta,192817,2,1,1,1,0,0,0,0
atlas,HOMFLY_PT_plus_Theta,192818,2,1,1,1,0,0,0,0
atlas,HOMFLY_PT_plus_Theta,192827,2,1,1,1,0,0,0,0
atlas,HOMFLY_PT_plus_Theta,192894,2,1,1,1,0,0,0,0
atlas,HOMFLY_PT_plus_Theta,192912,2,1,1,1,0,0,0,0
atlas,HOMFLY_PT_plus_Theta,192928,2,1,1,1,0,0,0,0
atlas,HOMFLY_PT_plus_Theta,192985,2,1,1,1,0,0,0,0
atlas,HOMFLY_PT_plus_Theta,193053,2,1,1,1,0,0,0,0
atlas,HOMFLY_PT_plus_Theta,193147,2,1,1,1,0,0,0,0
atlas,HOMFLY_PT_plus_Theta,193209,2,1,1,1,0,0,0,0
atlas,HOMFLY_PT_plus_Theta,193210,2,1,1,1,0,0,0,0
atlas,HOMFLY_PT_plus_Theta,193246,2,1,1,1,0,0,0,0
atlas,HOMFLY_PT_plus_Theta,193254,2,1,1,1,0,0,0,0
atlas,HOMFLY_PT_plus_Theta,193377,2,1,1,1,0,0,0,0
atlas,HOMFLY_PT_plus_Theta,193393,2,1,1,1,0,0,0,0
atlas,HOMFLY_PT_plus_Theta,193457,2,1,1,1,0,0,0,0
atlas,HOMFLY_PT_plus_Theta,193466,2,1,1,1,0,0,0,0
atlas,HOMFLY_PT_plus_Theta,193495,4,6,1,1,0,0,0,0
atlas,HOMFLY_PT_plus_Theta,193517,2,1,1,1,0,0,0,0
atlas,HOMFLY_PT_plus_Theta,193518,2,1,1,1,0,0,0,0
atlas,HOMFLY_PT_plus_Theta,193540,2,1,1,1,0,0,0,0
atlas,HOMFLY_PT_plus_Theta,193550,2,1,1,1,0,0,0,0
atlas,HOMFLY_PT_plus_Theta,193572,2,1,1,1,0,0,0,0
atlas,HOMFLY_PT_plus_Theta,193593,2,1,1,1,0,0,0,0
atlas,HOMFLY_PT_plus_Theta,193681,2,1,1,1,0,0,0,0
atlas,HOMFLY_PT_plus_Theta,193710,2,1,1,1,0,0,0,0
atlas,HOMFLY_PT_plus_Theta,193884,2,1,1,1,0,0,0,0
atlas,HOMFLY_PT_plus_Theta,193911,2,1,1,1,0,0,0,0
atlas,HOMFLY_PT_plus_Theta,194029,2,1,1,1,0,0,0,0
atlas,HOMFLY_PT_plus_Theta,194052,2,1,1,1,0,0,0,0
atlas,HOMFLY_PT_plus_Theta,194198,2,1,1,1,0,0,0,0
atlas,HOMFLY_PT_plus_Theta,194202,2,1,1,1,0,0,0,0
atlas,HOMFLY_PT_plus_Theta,194205,2,1,1,1,0,0,0,0
atlas,HOMFLY_PT_plus_Theta,194231,2,1,1,1,0,0,0,0
atlas,HOMFLY_PT_plus_Theta,194405,2,1,1,1,0,0,0,0
atlas,HOMFLY_PT_plus_Theta,194515,2,1,1,1,0,0,0,0
atlas,HOMFLY_PT_plus_Theta,194533,2,1,1,1,0,0,0,0
atlas,HOMFLY_PT_plus_Theta,194547,2,1,1,1,0,0,0,0
atlas,HOMFLY_PT_plus_Theta,194644,2,1,1,1,0,0,0,0
atlas,HOMFLY_PT_plus_Theta,194688,2,1,1,1,0,0,0,0
atlas,HOMFLY_PT_plus_Theta,194835,2,1,1,1,0,0,0,0
atlas,HOMFLY_PT_plus_Theta,194857,2,1,1,1,0,0,0,0
atlas,HOMFLY_PT_plus_Theta,194889,2,1,1,1,0,0,0,0
atlas,HOMFLY_PT_plus_Theta,194939,2,1,1,1,0,0,0,0
atlas,HOMFLY_PT_plus_Theta,194994,4,6,1,1,0,0,0,0
atlas,HOMFLY_PT_plus_Theta,195022,2,1,1,1,0,0,0,0
atlas,HOMFLY_PT_plus_Theta,195262,2,1,1,1,0,0,0,0
atlas,HOMFLY_PT_plus_Theta,195373,2,1,1,1,0,0,0,0
atlas,HOMFLY_PT_plus_Theta,195433,2,1,1,1,0,0,0,0
atlas,HOMFLY_PT_plus_Theta,195603,2,1,1,1,0,0,0,0
atlas,HOMFLY_PT_plus_Theta,195635,2,1,1,1,0,0,0,0
atlas,HOMFLY_PT_plus_Theta,195672,2,1,1,1,0,0,0,0
atlas,HOMFLY_PT_plus_Theta,195702,2,1,1,1,0,0,0,0
atlas,HOMFLY_PT_plus_Theta,195747,2,1,1,1,0,0,0,0
atlas,HOMFLY_PT_plus_Theta,195783,2,1,1,1,0,0,0,0
atlas,HOMFLY_PT_plus_Theta,195840,2,1,1,1,0,0,0,0
atlas,HOMFLY_PT_plus_Theta,195940,2,1,1,1,0,0,0,0
atlas,HOMFLY_PT_plus_Theta,195959,2,1,1,1,0,0,0,0
atlas,HOMFLY_PT_plus_Theta,195974,2,1,1,1,0,0,0,0
atlas,HOMFLY_PT_plus_Theta,195976,2,1,1,1,0,0,0,0
atlas,HOMFLY_PT_plus_Theta,196008,2,1,1,1,0,0,0,0
atlas,HOMFLY_PT_plus_Theta,196077,2,1,1,1,0,0,0,0
atlas,HOMFLY_PT_plus_Theta,196080,2,1,1,1,0,0,0,0
atlas,HOMFLY_PT_plus_Theta,196242,2,1,1,1,0,0,0,0
atlas,HOMFLY_PT_plus_Theta,196244,2,1,1,1,0,0,0,0
atlas,HOMFLY_PT_plus_Theta,196257,2,1,1,1,0,0,0,0
atlas,HOMFLY_PT_plus_Theta,196295,2,1,1,1,0,0,0,0
atlas,HOMFLY_PT_plus_Theta,196301,2,1,1,1,0,0,0,0
atlas,HOMFLY_PT_plus_Theta,196374,2,1,1,1,0,0,0,0
atlas,HOMFLY_PT_plus_Theta,196406,2,1,1,1,0,0,0,0
atlas,HOMFLY_PT_plus_Theta,196498,2,1,1,1,0,0,0,0
atlas,HOMFLY_PT_plus_Theta,196599,2,1,1,1,0,0,0,0
atlas,HOMFLY_PT_plus_Theta,196641,2,1,1,1,0,0,0,0
atlas,HOMFLY_PT_plus_Theta,196661,2,1,1,1,0,0,0,0
atlas,HOMFLY_PT_plus_Theta,196673,2,1,1,1,0,0,0,0
atlas,HOMFLY_PT_plus_Theta,196720,2,1,1,1,0,0,0,0
atlas,HOMFLY_PT_plus_Theta,196727,2,1,1,1,0,0,0,0
atlas,HOMFLY_PT_plus_Theta,196746,2,1,1,1,0,0,0,0
atlas,HOMFLY_PT_plus_Theta,196835,2,1,1,1,0,0,0,0
atlas,HOMFLY_PT_plus_Theta,196870,2,1,1,1,0,0,0,0
atlas,HOMFLY_PT_plus_Theta,196913,2,1,1,1,0,0,0,0
atlas,HOMFLY_PT_plus_Theta,196929,2,1,1,1,0,0,0,0
atlas,HOMFLY_PT_plus_Theta,196964,2,1,1,1,0,0,0,0
atlas,HOMFLY_PT_plus_Theta,196967,2,1,1,1,0,0,0,0
atlas,HOMFLY_PT_plus_Theta,196990,2,1,1,1,0,0,0,0
atlas,HOMFLY_PT_plus_Theta,197062,2,1,1,1,0,0,0,0
atlas,HOMFLY_PT_plus_Theta,197089,2,1,1,1,0,0,0,0
atlas,HOMFLY_PT_plus_Theta,197247,4,6,1,1,0,0,0,0
atlas,HOMFLY_PT_plus_Theta,197269,2,1,1,1,0,0,0,0
atlas,HOMFLY_PT_plus_Theta,197328,2,1,1,1,0,0,0,0
atlas,HOMFLY_PT_plus_Theta,197457,2,1,1,1,0,0,0,0
atlas,HOMFLY_PT_plus_Theta,197467,2,1,1,1,0,0,0,0
atlas,HOMFLY_PT_plus_Theta,197494,2,1,1,1,0,0,0,0
atlas,HOMFLY_PT_plus_Theta,197506,2,1,1,1,0,0,0,0
atlas,HOMFLY_PT_plus_Theta,197584,2,1,1,1,0,0,0,0
atlas,HOMFLY_PT_plus_Theta,197630,2,1,1,1,0,0,0,0
atlas,HOMFLY_PT_plus_Theta,197697,2,1,1,1,0,0,0,0
atlas,HOMFLY_PT_plus_Theta,197699,2,1,1,1,0,0,0,0
atlas,HOMFLY_PT_plus_Theta,197772,2,1,1,1,0,0,0,0
atlas,HOMFLY_PT_plus_Theta,197774,2,1,1,1,0,0,0,0
atlas,HOMFLY_PT_plus_Theta,197775,2,1,1,1,0,0,0,0
atlas,HOMFLY_PT_plus_Theta,197783,2,1,1,1,0,0,0,0
atlas,HOMFLY_PT_plus_Theta,197807,4,6,1,1,0,0,0,0
atlas,HOMFLY_PT_plus_Theta,197866,2,1,1,1,0,0,0,0
atlas,HOMFLY_PT_plus_Theta,198212,2,1,1,1,0,0,0,0
atlas,HOMFLY_PT_plus_Theta,198236,2,1,1,1,0,0,0,0
atlas,HOMFLY_PT_plus_Theta,198256,2,1,1,1,0,0,0,0
atlas,HOMFLY_PT_plus_Theta,198342,3,3,1,1,0,0,0,0
atlas,HOMFLY_PT_plus_Theta,198356,2,1,1,1,0,0,0,0
atlas,HOMFLY_PT_plus_Theta,198367,2,1,1,1,0,0,0,0
atlas,HOMFLY_PT_plus_Theta,198389,2,1,1,1,0,0,0,0
atlas,HOMFLY_PT_plus_Theta,198390,2,1,1,1,0,0,0,0
atlas,HOMFLY_PT_plus_Theta,198460,2,1,1,1,0,0,0,0
atlas,HOMFLY_PT_plus_Theta,198471,2,1,1,1,0,0,0,0
atlas,HOMFLY_PT_plus_Theta,198628,2,1,1,1,0,0,0,0
atlas,HOMFLY_PT_plus_Theta,198632,2,1,1,1,0,0,0,0
atlas,HOMFLY_PT_plus_Theta,198722,2,1,1,1,0,0,0,0
atlas,HOMFLY_PT_plus_Theta,198839,2,1,1,1,0,0,0,0
atlas,HOMFLY_PT_plus_Theta,198897,3,3,1,1,0,0,0,0
atlas,HOMFLY_PT_plus_Theta,199034,2,1,1,1,0,0,0,0
atlas,HOMFLY_PT_plus_Theta,199039,2,1,1,1,0,0,0,0
atlas,HOMFLY_PT_plus_Theta,199042,2,1,1,1,0,0,0,0
atlas,HOMFLY_PT_plus_Theta,199048,2,1,1,1,0,0,0,0
atlas,HOMFLY_PT_plus_Theta,199055,2,1,1,1,0,0,0,0
atlas,HOMFLY_PT_plus_Theta,199093,2,1,1,1,0,0,0,0
atlas,HOMFLY_PT_plus_Theta,199154,2,1,1,1,0,0,0,0
atlas,HOMFLY_PT_plus_Theta,199161,2,1,1,1,0,0,0,0
atlas,HOMFLY_PT_plus_Theta,199187,2,1,1,1,0,0,0,0
atlas,HOMFLY_PT_plus_Theta,199371,2,1,1,1,0,0,0,0
atlas,HOMFLY_PT_plus_Theta,199408,2,1,1,1,0,0,0,0
atlas,HOMFLY_PT_plus_Theta,199440,2,1,1,1,0,0,0,0
atlas,HOMFLY_PT_plus_Theta,199552,2,1,1,1,0,0,0,0
atlas,HOMFLY_PT_plus_Theta,199562,2,1,1,1,0,0,0,0
atlas,HOMFLY_PT_plus_Theta,199598,2,1,1,1,0,0,0,0
atlas,HOMFLY_PT_plus_Theta,199659,2,1,1,1,0,0,0,0
atlas,HOMFLY_PT_plus_Theta,199674,2,1,1,1,0,0,0,0
atlas,HOMFLY_PT_plus_Theta,199682,2,1,1,1,0,0,0,0
atlas,HOMFLY_PT_plus_Theta,199770,2,1,1,1,0,0,0,0
atlas,HOMFLY_PT_plus_Theta,199806,2,1,1,1,0,0,0,0
atlas,HOMFLY_PT_plus_Theta,199925,2,1,1,1,0,0,0,0
atlas,HOMFLY_PT_plus_Theta,199938,2,1,1,1,0,0,0,0
atlas,HOMFLY_PT_plus_Theta,199976,2,1,1,1,0,0,0,0
atlas,HOMFLY_PT_plus_Theta,199977,2,1,1,1,0,0,0,0
atlas,HOMFLY_PT_plus_Theta,199978,2,1,1,1,0,0,0,0
atlas,HOMFLY_PT_plus_Theta,200024,2,1,1,1,0,0,0,0
atlas,HOMFLY_PT_plus_Theta,200098,2,1,1,1,0,0,0,0
atlas,HOMFLY_PT_plus_Theta,200106,2,1,1,1,0,0,0,0
atlas,HOMFLY_PT_plus_Theta,200302,2,1,1,1,0,0,0,0
atlas,HOMFLY_PT_plus_Theta,200318,2,1,1,1,0,0,0,0
atlas,HOMFLY_PT_plus_Theta,200384,3,3,1,1,0,0,0,0
atlas,HOMFLY_PT_plus_Theta,200532,2,1,1,1,0,0,0,0
atlas,HOMFLY_PT_plus_Theta,200533,2,1,1,1,0,0,0,0
atlas,HOMFLY_PT_plus_Theta,200551,2,1,1,1,0,0,0,0
atlas,HOMFLY_PT_plus_Theta,200552,2,1,1,1,0,0,0,0
atlas,HOMFLY_PT_plus_Theta,200580,2,1,1,1,0,0,0,0
atlas,HOMFLY_PT_plus_Theta,200581,2,1,1,1,0,0,0,0
atlas,HOMFLY_PT_plus_Theta,200643,2,1,1,1,0,0,0,0
atlas,HOMFLY_PT_plus_Theta,200644,2,1,1,1,0,0,0,0
atlas,HOMFLY_PT_plus_Theta,200701,2,1,1,1,0,0,0,0
atlas,HOMFLY_PT_plus_Theta,200702,2,1,1,1,0,0,0,0
atlas,HOMFLY_PT_plus_Theta,200710,2,1,1,1,0,0,0,0
atlas,HOMFLY_PT_plus_Theta,200769,2,1,1,1,0,0,0,0
atlas,HOMFLY_PT_plus_Theta,200782,4,6,1,1,0,0,0,0
atlas,HOMFLY_PT_plus_Theta,200806,2,1,1,1,0,0,0,0
atlas,HOMFLY_PT_plus_Theta,200836,2,1,1,1,0,0,0,0
atlas,HOMFLY_PT_plus_Theta,200946,2,1,1,1,0,0,0,0
atlas,HOMFLY_PT_plus_Theta,200954,2,1,1,1,0,0,0,0
atlas,HOMFLY_PT_plus_Theta,200973,2,1,1,1,0,0,0,0
atlas,HOMFLY_PT_plus_Theta,201052,2,1,1,1,0,0,0,0
atlas,HOMFLY_PT_plus_Theta,201234,2,1,1,1,0,0,0,0
atlas,HOMFLY_PT_plus_Theta,201293,2,1,1,1,0,0,0,0
atlas,HOMFLY_PT_plus_Theta,201297,2,1,1,1,0,0,0,0
atlas,HOMFLY_PT_plus_Theta,201304,2,1,1,1,0,0,0,0
atlas,HOMFLY_PT_plus_Theta,201361,2,1,1,1,0,0,0,0
atlas,HOMFLY_PT_plus_Theta,201381,2,1,1,1,0,0,0,0
atlas,HOMFLY_PT_plus_Theta,201451,2,1,1,1,0,0,0,0
atlas,HOMFLY_PT_plus_Theta,201452,2,1,1,1,0,0,0,0
atlas,HOMFLY_PT_plus_Theta,201521,2,1,1,1,0,0,0,0
atlas,HOMFLY_PT_plus_Theta,201539,2,1,1,1,0,0,0,0
atlas,HOMFLY_PT_plus_Theta,201540,2,1,1,1,0,0,0,0
atlas,HOMFLY_PT_plus_Theta,201846,2,1,1,1,0,0,0,0
atlas,HOMFLY_PT_plus_Theta,201871,2,1,1,1,0,0,0,0
atlas,HOMFLY_PT_plus_Theta,201916,2,1,1,1,0,0,0,0
atlas,HOMFLY_PT_plus_Theta,201955,2,1,1,1,0,0,0,0
atlas,HOMFLY_PT_plus_Theta,201979,2,1,1,1,0,0,0,0
atlas,HOMFLY_PT_plus_Theta,201991,2,1,1,1,0,0,0,0
atlas,HOMFLY_PT_plus_Theta,202200,2,1,1,1,0,0,0,0
atlas,HOMFLY_PT_plus_Theta,202275,2,1,1,1,0,0,0,0
atlas,HOMFLY_PT_plus_Theta,202322,2,1,1,1,0,0,0,0
atlas,HOMFLY_PT_plus_Theta,202405,2,1,1,1,0,0,0,0
atlas,HOMFLY_PT_plus_Theta,202754,2,1,1,1,0,0,0,0
atlas,HOMFLY_PT_plus_Theta,202778,4,6,1,1,0,0,0,0
atlas,HOMFLY_PT_plus_Theta,202851,2,1,1,1,0,0,0,0
atlas,HOMFLY_PT_plus_Theta,202908,2,1,1,1,0,0,0,0
atlas,HOMFLY_PT_plus_Theta,202911,2,1,1,1,0,0,0,0
atlas,HOMFLY_PT_plus_Theta,202913,2,1,1,1,0,0,0,0
atlas,HOMFLY_PT_plus_Theta,203094,2,1,1,1,0,0,0,0
atlas,HOMFLY_PT_plus_Theta,203123,2,1,1,1,0,0,0,0
atlas,HOMFLY_PT_plus_Theta,203251,2,1,1,1,0,0,0,0
atlas,HOMFLY_PT_plus_Theta,203282,2,1,1,1,0,0,0,0
atlas,HOMFLY_PT_plus_Theta,203325,2,1,1,1,0,0,0,0
atlas,HOMFLY_PT_plus_Theta,203331,2,1,1,1,0,0,0,0
atlas,HOMFLY_PT_plus_Theta,203344,2,1,1,1,0,0,0,0
atlas,HOMFLY_PT_plus_Theta,203413,2,1,1,1,0,0,0,0
atlas,HOMFLY_PT_plus_Theta,203444,2,1,1,1,0,0,0,0
atlas,HOMFLY_PT_plus_Theta,203470,2,1,1,1,0,0,0,0
atlas,HOMFLY_PT_plus_Theta,203489,2,1,1,1,0,0,0,0
atlas,HOMFLY_PT_plus_Theta,203536,2,1,1,1,0,0,0,0
atlas,HOMFLY_PT_plus_Theta,203540,4,6,1,1,0,0,0,0
atlas,HOMFLY_PT_plus_Theta,203609,2,1,1,1,0,0,0,0
atlas,HOMFLY_PT_plus_Theta,203621,4,6,1,1,0,0,0,0
atlas,HOMFLY_PT_plus_Theta,203686,2,1,1,1,0,0,0,0
atlas,HOMFLY_PT_plus_Theta,203916,2,1,1,1,0,0,0,0
atlas,HOMFLY_PT_plus_Theta,203935,2,1,1,1,0,0,0,0
atlas,HOMFLY_PT_plus_Theta,203960,2,1,1,1,0,0,0,0
atlas,HOMFLY_PT_plus_Theta,204046,2,1,1,1,0,0,0,0
atlas,HOMFLY_PT_plus_Theta,204049,2,1,1,1,0,0,0,0
atlas,HOMFLY_PT_plus_Theta,204050,2,1,1,1,0,0,0,0
atlas,HOMFLY_PT_plus_Theta,204122,2,1,1,1,0,0,0,0
atlas,HOMFLY_PT_plus_Theta,204124,2,1,1,1,0,0,0,0
atlas,HOMFLY_PT_plus_Theta,204153,2,1,1,1,0,0,0,0
atlas,HOMFLY_PT_plus_Theta,204214,2,1,1,1,0,0,0,0
atlas,HOMFLY_PT_plus_Theta,204234,2,1,1,1,0,0,0,0
atlas,HOMFLY_PT_plus_Theta,204285,4,6,1,1,0,0,0,0
atlas,HOMFLY_PT_plus_Theta,204289,2,1,1,1,0,0,0,0
atlas,HOMFLY_PT_plus_Theta,204296,2,1,1,1,0,0,0,0
atlas,HOMFLY_PT_plus_Theta,204321,2,1,1,1,0,0,0,0
atlas,HOMFLY_PT_plus_Theta,204389,2,1,1,1,0,0,0,0
atlas,HOMFLY_PT_plus_Theta,204423,2,1,1,1,0,0,0,0
atlas,HOMFLY_PT_plus_Theta,204500,2,1,1,1,0,0,0,0
atlas,HOMFLY_PT_plus_Theta,204501,3,3,1,1,0,0,0,0
atlas,HOMFLY_PT_plus_Theta,204502,2,1,1,1,0,0,0,0
atlas,HOMFLY_PT_plus_Theta,204542,2,1,1,1,0,0,0,0
atlas,HOMFLY_PT_plus_Theta,204572,2,1,1,1,0,0,0,0
atlas,HOMFLY_PT_plus_Theta,204622,2,1,1,1,0,0,0,0
atlas,HOMFLY_PT_plus_Theta,204700,2,1,1,1,0,0,0,0
atlas,HOMFLY_PT_plus_Theta,204788,2,1,1,1,0,0,0,0
atlas,HOMFLY_PT_plus_Theta,204791,2,1,1,1,0,0,0,0
atlas,HOMFLY_PT_plus_Theta,204828,2,1,1,1,0,0,0,0
atlas,HOMFLY_PT_plus_Theta,204837,2,1,1,1,0,0,0,0
atlas,HOMFLY_PT_plus_Theta,205009,2,1,1,1,0,0,0,0
atlas,HOMFLY_PT_plus_Theta,205012,2,1,1,1,0,0,0,0
atlas,HOMFLY_PT_plus_Theta,205035,2,1,1,1,0,0,0,0
atlas,HOMFLY_PT_plus_Theta,205125,2,1,1,1,0,0,0,0
atlas,HOMFLY_PT_plus_Theta,205214,2,1,1,1,0,0,0,0
atlas,HOMFLY_PT_plus_Theta,205248,2,1,1,1,0,0,0,0
atlas,HOMFLY_PT_plus_Theta,205278,2,1,1,1,0,0,0,0
atlas,HOMFLY_PT_plus_Theta,205351,2,1,1,1,0,0,0,0
atlas,HOMFLY_PT_plus_Theta,205389,2,1,1,1,0,0,0,0
atlas,HOMFLY_PT_plus_Theta,205420,2,1,1,1,0,0,0,0
atlas,HOMFLY_PT_plus_Theta,205473,2,1,1,1,0,0,0,0
atlas,HOMFLY_PT_plus_Theta,205527,2,1,1,1,0,0,0,0
atlas,HOMFLY_PT_plus_Theta,205569,2,1,1,1,0,0,0,0
atlas,HOMFLY_PT_plus_Theta,205600,2,1,1,1,0,0,0,0
atlas,HOMFLY_PT_plus_Theta,205801,2,1,1,1,0,0,0,0
atlas,HOMFLY_PT_plus_Theta,205891,2,1,1,1,0,0,0,0
atlas,HOMFLY_PT_plus_Theta,205927,2,1,1,1,0,0,0,0
atlas,HOMFLY_PT_plus_Theta,205984,2,1,1,1,0,0,0,0
atlas,HOMFLY_PT_plus_Theta,205998,2,1,1,1,0,0,0,0
atlas,HOMFLY_PT_plus_Theta,206040,2,1,1,1,0,0,0,0
atlas,HOMFLY_PT_plus_Theta,206053,2,1,1,1,0,0,0,0
atlas,HOMFLY_PT_plus_Theta,206238,2,1,1,1,0,0,0,0
atlas,HOMFLY_PT_plus_Theta,206312,2,1,1,1,0,0,0,0
atlas,HOMFLY_PT_plus_Theta,206324,2,1,1,1,0,0,0,0
atlas,HOMFLY_PT_plus_Theta,206327,2,1,1,1,0,0,0,0
atlas,HOMFLY_PT_plus_Theta,206344,2,1,1,1,0,0,0,0
atlas,HOMFLY_PT_plus_Theta,206393,2,1,1,1,0,0,0,0
atlas,HOMFLY_PT_plus_Theta,206398,2,1,1,1,0,0,0,0
atlas,HOMFLY_PT_plus_Theta,206416,2,1,1,1,0,0,0,0
atlas,HOMFLY_PT_plus_Theta,206418,2,1,1,1,0,0,0,0
atlas,HOMFLY_PT_plus_Theta,206443,2,1,1,1,0,0,0,0
atlas,HOMFLY_PT_plus_Theta,206452,2,1,1,1,0,0,0,0
atlas,HOMFLY_PT_plus_Theta,206551,2,1,1,1,0,0,0,0
atlas,HOMFLY_PT_plus_Theta,206570,2,1,1,1,0,0,0,0
atlas,HOMFLY_PT_plus_Theta,206642,2,1,1,1,0,0,0,0
atlas,HOMFLY_PT_plus_Theta,206689,2,1,1,1,0,0,0,0
atlas,HOMFLY_PT_plus_Theta,206769,2,1,1,1,0,0,0,0
atlas,HOMFLY_PT_plus_Theta,206780,2,1,1,1,0,0,0,0
atlas,HOMFLY_PT_plus_Theta,206966,2,1,1,1,0,0,0,0
atlas,HOMFLY_PT_plus_Theta,206968,2,1,1,1,0,0,0,0
atlas,HOMFLY_PT_plus_Theta,207012,2,1,1,1,0,0,0,0
atlas,HOMFLY_PT_plus_Theta,207140,2,1,1,1,0,0,0,0
atlas,HOMFLY_PT_plus_Theta,207204,2,1,1,1,0,0,0,0
atlas,HOMFLY_PT_plus_Theta,207232,2,1,1,1,0,0,0,0
atlas,HOMFLY_PT_plus_Theta,207275,2,1,1,1,0,0,0,0
atlas,HOMFLY_PT_plus_Theta,207289,2,1,1,1,0,0,0,0
atlas,HOMFLY_PT_plus_Theta,207319,2,1,1,1,0,0,0,0
atlas,HOMFLY_PT_plus_Theta,207355,2,1,1,1,0,0,0,0
atlas,HOMFLY_PT_plus_Theta,207376,2,1,1,1,0,0,0,0
atlas,HOMFLY_PT_plus_Theta,207377,2,1,1,1,0,0,0,0
atlas,HOMFLY_PT_plus_Theta,207604,2,1,1,1,0,0,0,0
atlas,HOMFLY_PT_plus_Theta,207756,2,1,1,1,0,0,0,0
atlas,HOMFLY_PT_plus_Theta,207757,2,1,1,1,0,0,0,0
atlas,HOMFLY_PT_plus_Theta,207811,2,1,1,1,0,0,0,0
atlas,HOMFLY_PT_plus_Theta,207812,2,1,1,1,0,0,0,0
atlas,HOMFLY_PT_plus_Theta,207903,2,1,1,1,0,0,0,0
atlas,HOMFLY_PT_plus_Theta,207927,2,1,1,1,0,0,0,0
atlas,HOMFLY_PT_plus_Theta,207963,2,1,1,1,0,0,0,0
atlas,HOMFLY_PT_plus_Theta,207967,2,1,1,1,0,0,0,0
atlas,HOMFLY_PT_plus_Theta,208116,2,1,1,1,0,0,0,0
atlas,HOMFLY_PT_plus_Theta,208143,2,1,1,1,0,0,0,0
atlas,HOMFLY_PT_plus_Theta,208310,2,1,1,1,0,0,0,0
atlas,HOMFLY_PT_plus_Theta,208459,2,1,1,1,0,0,0,0
atlas,HOMFLY_PT_plus_Theta,208478,2,1,1,1,0,0,0,0
atlas,HOMFLY_PT_plus_Theta,208479,2,1,1,1,0,0,0,0
atlas,HOMFLY_PT_plus_Theta,208549,2,1,1,1,0,0,0,0
atlas,HOMFLY_PT_plus_Theta,208746,2,1,1,1,0,0,0,0
atlas,HOMFLY_PT_plus_Theta,208859,2,1,1,1,0,0,0,0
atlas,HOMFLY_PT_plus_Theta,209062,2,1,1,1,0,0,0,0
atlas,HOMFLY_PT_plus_Theta,209085,2,1,1,1,0,0,0,0
atlas,HOMFLY_PT_plus_Theta,209336,2,1,1,1,0,0,0,0
atlas,HOMFLY_PT_plus_Theta,209346,2,1,1,1,0,0,0,0
atlas,HOMFLY_PT_plus_Theta,209370,2,1,1,1,0,0,0,0
atlas,HOMFLY_PT_plus_Theta,209426,2,1,1,1,0,0,0,0
atlas,HOMFLY_PT_plus_Theta,209461,2,1,1,1,0,0,0,0
atlas,HOMFLY_PT_plus_Theta,209519,2,1,1,1,0,0,0,0
atlas,HOMFLY_PT_plus_Theta,209866,2,1,1,1,0,0,0,0
atlas,HOMFLY_PT_plus_Theta,209920,2,1,1,1,0,0,0,0
atlas,HOMFLY_PT_plus_Theta,209960,2,1,1,1,0,0,0,0
atlas,HOMFLY_PT_plus_Theta,209962,2,1,1,1,0,0,0,0
atlas,HOMFLY_PT_plus_Theta,209963,2,1,1,1,0,0,0,0
atlas,HOMFLY_PT_plus_Theta,209971,2,1,1,1,0,0,0,0
atlas,HOMFLY_PT_plus_Theta,210010,2,1,1,1,0,0,0,0
atlas,HOMFLY_PT_plus_Theta,210021,2,1,1,1,0,0,0,0
atlas,HOMFLY_PT_plus_Theta,210054,2,1,1,1,0,0,0,0
atlas,HOMFLY_PT_plus_Theta,210090,2,1,1,1,0,0,0,0
atlas,HOMFLY_PT_plus_Theta,210104,2,1,1,1,0,0,0,0
atlas,HOMFLY_PT_plus_Theta,210119,4,6,1,1,0,0,0,0
atlas,HOMFLY_PT_plus_Theta,210218,2,1,1,1,0,0,0,0
atlas,HOMFLY_PT_plus_Theta,210262,2,1,1,1,0,0,0,0
atlas,HOMFLY_PT_plus_Theta,210279,2,1,1,1,0,0,0,0
atlas,HOMFLY_PT_plus_Theta,210283,2,1,1,1,0,0,0,0
atlas,HOMFLY_PT_plus_Theta,210284,2,1,1,1,0,0,0,0
atlas,HOMFLY_PT_plus_Theta,210318,2,1,1,1,0,0,0,0
atlas,HOMFLY_PT_plus_Theta,210404,2,1,1,1,0,0,0,0
atlas,HOMFLY_PT_plus_Theta,210437,2,1,1,1,0,0,0,0
atlas,HOMFLY_PT_plus_Theta,210446,2,1,1,1,0,0,0,0
atlas,HOMFLY_PT_plus_Theta,210460,2,1,1,1,0,0,0,0
atlas,HOMFLY_PT_plus_Theta,210567,2,1,1,1,0,0,0,0
atlas,HOMFLY_PT_plus_Theta,210569,2,1,1,1,0,0,0,0
atlas,HOMFLY_PT_plus_Theta,210585,2,1,1,1,0,0,0,0
atlas,HOMFLY_PT_plus_Theta,210740,2,1,1,1,0,0,0,0
atlas,HOMFLY_PT_plus_Theta,210881,2,1,1,1,0,0,0,0
atlas,HOMFLY_PT_plus_Theta,210929,2,1,1,1,0,0,0,0
atlas,HOMFLY_PT_plus_Theta,211065,2,1,1,1,0,0,0,0
atlas,HOMFLY_PT_plus_Theta,211189,2,1,1,1,0,0,0,0
atlas,HOMFLY_PT_plus_Theta,211245,2,1,1,1,0,0,0,0
atlas,HOMFLY_PT_plus_Theta,211246,2,1,1,1,0,0,0,0
atlas,HOMFLY_PT_plus_Theta,211254,2,1,1,1,0,0,0,0
atlas,HOMFLY_PT_plus_Theta,211338,2,1,1,1,0,0,0,0
atlas,HOMFLY_PT_plus_Theta,211340,2,1,1,1,0,0,0,0
atlas,HOMFLY_PT_plus_Theta,211355,2,1,1,1,0,0,0,0
atlas,HOMFLY_PT_plus_Theta,211402,2,1,1,1,0,0,0,0
atlas,HOMFLY_PT_plus_Theta,211470,2,1,1,1,0,0,0,0
atlas,HOMFLY_PT_plus_Theta,211496,4,6,1,1,0,0,0,0
atlas,HOMFLY_PT_plus_Theta,211596,2,1,1,1,0,0,0,0
atlas,HOMFLY_PT_plus_Theta,211597,2,1,1,1,0,0,0,0
atlas,HOMFLY_PT_plus_Theta,211616,2,1,1,1,0,0,0,0
atlas,HOMFLY_PT_plus_Theta,211630,2,1,1,1,0,0,0,0
atlas,HOMFLY_PT_plus_Theta,211689,2,1,1,1,0,0,0,0
atlas,HOMFLY_PT_plus_Theta,211771,2,1,1,1,0,0,0,0
atlas,HOMFLY_PT_plus_Theta,211777,2,1,1,1,0,0,0,0
atlas,HOMFLY_PT_plus_Theta,211795,2,1,1,1,0,0,0,0
atlas,HOMFLY_PT_plus_Theta,211837,2,1,1,1,0,0,0,0
atlas,HOMFLY_PT_plus_Theta,211838,4,6,1,1,0,0,0,0
atlas,HOMFLY_PT_plus_Theta,211841,2,1,1,1,0,0,0,0
atlas,HOMFLY_PT_plus_Theta,211885,2,1,1,1,0,0,0,0
atlas,HOMFLY_PT_plus_Theta,212128,2,1,1,1,0,0,0,0
atlas,HOMFLY_PT_plus_Theta,212158,2,1,1,1,0,0,0,0
atlas,HOMFLY_PT_plus_Theta,212242,2,1,1,1,0,0,0,0
atlas,HOMFLY_PT_plus_Theta,212263,2,1,1,1,0,0,0,0
atlas,HOMFLY_PT_plus_Theta,212268,2,1,1,1,0,0,0,0
atlas,HOMFLY_PT_plus_Theta,212281,2,1,1,1,0,0,0,0
atlas,HOMFLY_PT_plus_Theta,212393,2,1,1,1,0,0,0,0
atlas,HOMFLY_PT_plus_Theta,212394,2,1,1,1,0,0,0,0
atlas,HOMFLY_PT_plus_Theta,212419,2,1,1,1,0,0,0,0
atlas,HOMFLY_PT_plus_Theta,212450,2,1,1,1,0,0,0,0
atlas,HOMFLY_PT_plus_Theta,212458,2,1,1,1,0,0,0,0
atlas,HOMFLY_PT_plus_Theta,212506,2,1,1,1,0,0,0,0
atlas,HOMFLY_PT_plus_Theta,212517,2,1,1,1,0,0,0,0
atlas,HOMFLY_PT_plus_Theta,212674,2,1,1,1,0,0,0,0
atlas,HOMFLY_PT_plus_Theta,212744,2,1,1,1,0,0,0,0
atlas,HOMFLY_PT_plus_Theta,212797,2,1,1,1,0,0,0,0
atlas,HOMFLY_PT_plus_Theta,212851,2,1,1,1,0,0,0,0
atlas,HOMFLY_PT_plus_Theta,212897,2,1,1,1,0,0,0,0
atlas,HOMFLY_PT_plus_Theta,212955,2,1,1,1,0,0,0,0
atlas,HOMFLY_PT_plus_Theta,213002,2,1,1,1,0,0,0,0
atlas,HOMFLY_PT_plus_Theta,213041,2,1,1,1,0,0,0,0
atlas,HOMFLY_PT_plus_Theta,213087,2,1,1,1,0,0,0,0
atlas,HOMFLY_PT_plus_Theta,213215,2,1,1,1,0,0,0,0
atlas,HOMFLY_PT_plus_Theta,213219,2,1,1,1,0,0,0,0
atlas,HOMFLY_PT_plus_Theta,213245,2,1,1,1,0,0,0,0
atlas,HOMFLY_PT_plus_Theta,213246,2,1,1,1,0,0,0,0
atlas,HOMFLY_PT_plus_Theta,213247,2,1,1,1,0,0,0,0
atlas,HOMFLY_PT_plus_Theta,213300,2,1,1,1,0,0,0,0
atlas,HOMFLY_PT_plus_Theta,213325,4,6,1,1,0,0,0,0
atlas,HOMFLY_PT_plus_Theta,213465,2,1,1,1,0,0,0,0
atlas,HOMFLY_PT_plus_Theta,213571,2,1,1,1,0,0,0,0
atlas,HOMFLY_PT_plus_Theta,213596,2,1,1,1,0,0,0,0
atlas,HOMFLY_PT_plus_Theta,213615,2,1,1,1,0,0,0,0
atlas,HOMFLY_PT_plus_Theta,213617,2,1,1,1,0,0,0,0
atlas,HOMFLY_PT_plus_Theta,213718,2,1,1,1,0,0,0,0
atlas,HOMFLY_PT_plus_Theta,213889,2,1,1,1,0,0,0,0
atlas,HOMFLY_PT_plus_Theta,213988,2,1,1,1,0,0,0,0
atlas,HOMFLY_PT_plus_Theta,213989,2,1,1,1,0,0,0,0
atlas,HOMFLY_PT_plus_Theta,213999,3,3,1,1,0,0,0,0
atlas,HOMFLY_PT_plus_Theta,214000,2,1,1,1,0,0,0,0
atlas,HOMFLY_PT_plus_Theta,214030,2,1,1,1,0,0,0,0
atlas,HOMFLY_PT_plus_Theta,214053,2,1,1,1,0,0,0,0
atlas,HOMFLY_PT_plus_Theta,214068,2,1,1,1,0,0,0,0
atlas,HOMFLY_PT_plus_Theta,214185,2,1,1,1,0,0,0,0
atlas,HOMFLY_PT_plus_Theta,214244,4,6,1,1,0,0,0,0
atlas,HOMFLY_PT_plus_Theta,214284,2,1,1,1,0,0,0,0
atlas,HOMFLY_PT_plus_Theta,214314,2,1,1,1,0,0,0,0
atlas,HOMFLY_PT_plus_Theta,214316,2,1,1,1,0,0,0,0
atlas,HOMFLY_PT_plus_Theta,214317,2,1,1,1,0,0,0,0
atlas,HOMFLY_PT_plus_Theta,214324,2,1,1,1,0,0,0,0
atlas,HOMFLY_PT_plus_Theta,214399,2,1,1,1,0,0,0,0
atlas,HOMFLY_PT_plus_Theta,214427,2,1,1,1,0,0,0,0
atlas,HOMFLY_PT_plus_Theta,214531,2,1,1,1,0,0,0,0
atlas,HOMFLY_PT_plus_Theta,214561,2,1,1,1,0,0,0,0
atlas,HOMFLY_PT_plus_Theta,214562,2,1,1,1,0,0,0,0
atlas,HOMFLY_PT_plus_Theta,214563,2,1,1,1,0,0,0,0
atlas,HOMFLY_PT_plus_Theta,214571,2,1,1,1,0,0,0,0
atlas,HOMFLY_PT_plus_Theta,214576,2,1,1,1,0,0,0,0
atlas,HOMFLY_PT_plus_Theta,214688,2,1,1,1,0,0,0,0
atlas,HOMFLY_PT_plus_Theta,214689,2,1,1,1,0,0,0,0
atlas,HOMFLY_PT_plus_Theta,214743,2,1,1,1,0,0,0,0
atlas,HOMFLY_PT_plus_Theta,214744,2,1,1,1,0,0,0,0
atlas,HOMFLY_PT_plus_Theta,214780,4,6,1,1,0,0,0,0
atlas,HOMFLY_PT_plus_Theta,214788,2,1,1,1,0,0,0,0
atlas,HOMFLY_PT_plus_Theta,214815,2,1,1,1,0,0,0,0
atlas,HOMFLY_PT_plus_Theta,214816,2,1,1,1,0,0,0,0
atlas,HOMFLY_PT_plus_Theta,214915,2,1,1,1,0,0,0,0
atlas,HOMFLY_PT_plus_Theta,215019,2,1,1,1,0,0,0,0
atlas,HOMFLY_PT_plus_Theta,215100,2,1,1,1,0,0,0,0
atlas,HOMFLY_PT_plus_Theta,215124,2,1,1,1,0,0,0,0
atlas,HOMFLY_PT_plus_Theta,215200,2,1,1,1,0,0,0,0
atlas,HOMFLY_PT_plus_Theta,215202,2,1,1,1,0,0,0,0
atlas,HOMFLY_PT_plus_Theta,215224,2,1,1,1,0,0,0,0
atlas,HOMFLY_PT_plus_Theta,215259,2,1,1,1,0,0,0,0
atlas,HOMFLY_PT_plus_Theta,215268,2,1,1,1,0,0,0,0
atlas,HOMFLY_PT_plus_Theta,215306,2,1,1,1,0,0,0,0
atlas,HOMFLY_PT_plus_Theta,215318,2,1,1,1,0,0,0,0
atlas,HOMFLY_PT_plus_Theta,215362,2,1,1,1,0,0,0,0
atlas,HOMFLY_PT_plus_Theta,215412,2,1,1,1,0,0,0,0
atlas,HOMFLY_PT_plus_Theta,215427,2,1,1,1,0,0,0,0
atlas,HOMFLY_PT_plus_Theta,215469,2,1,1,1,0,0,0,0
atlas,HOMFLY_PT_plus_Theta,215480,2,1,1,1,0,0,0,0
atlas,HOMFLY_PT_plus_Theta,215516,2,1,1,1,0,0,0,0
atlas,HOMFLY_PT_plus_Theta,215579,2,1,1,1,0,0,0,0
atlas,HOMFLY_PT_plus_Theta,215580,2,1,1,1,0,0,0,0
atlas,HOMFLY_PT_plus_Theta,215596,3,3,1,1,0,0,0,0
atlas,HOMFLY_PT_plus_Theta,215708,2,1,1,1,0,0,0,0
atlas,HOMFLY_PT_plus_Theta,215729,2,1,1,1,0,0,0,0
atlas,HOMFLY_PT_plus_Theta,215731,2,1,1,1,0,0,0,0
atlas,HOMFLY_PT_plus_Theta,215753,2,1,1,1,0,0,0,0
atlas,HOMFLY_PT_plus_Theta,215799,4,6,1,1,0,0,0,0
atlas,HOMFLY_PT_plus_Theta,215870,2,1,1,1,0,0,0,0
atlas,HOMFLY_PT_plus_Theta,215878,2,1,1,1,0,0,0,0
atlas,HOMFLY_PT_plus_Theta,215911,2,1,1,1,0,0,0,0
atlas,HOMFLY_PT_plus_Theta,215949,2,1,1,1,0,0,0,0
atlas,HOMFLY_PT_plus_Theta,216048,2,1,1,1,0,0,0,0
atlas,HOMFLY_PT_plus_Theta,216052,2,1,1,1,0,0,0,0
atlas,HOMFLY_PT_plus_Theta,216069,2,1,1,1,0,0,0,0
atlas,HOMFLY_PT_plus_Theta,216094,2,1,1,1,0,0,0,0
atlas,HOMFLY_PT_plus_Theta,216140,2,1,1,1,0,0,0,0
atlas,HOMFLY_PT_plus_Theta,216162,2,1,1,1,0,0,0,0
atlas,HOMFLY_PT_plus_Theta,216214,2,1,1,1,0,0,0,0
atlas,HOMFLY_PT_plus_Theta,216475,2,1,1,1,0,0,0,0
atlas,HOMFLY_PT_plus_Theta,216540,2,1,1,1,0,0,0,0
atlas,HOMFLY_PT_plus_Theta,216573,2,1,1,1,0,0,0,0
atlas,HOMFLY_PT_plus_Theta,216613,2,1,1,1,0,0,0,0
atlas,HOMFLY_PT_plus_Theta,216623,2,1,1,1,0,0,0,0
atlas,HOMFLY_PT_plus_Theta,216642,2,1,1,1,0,0,0,0
atlas,HOMFLY_PT_plus_Theta,216739,2,1,1,1,0,0,0,0
atlas,HOMFLY_PT_plus_Theta,216763,2,1,1,1,0,0,0,0
atlas,HOMFLY_PT_plus_Theta,216804,2,1,1,1,0,0,0,0
atlas,HOMFLY_PT_plus_Theta,216805,2,1,1,1,0,0,0,0
atlas,HOMFLY_PT_plus_Theta,216823,2,1,1,1,0,0,0,0
atlas,HOMFLY_PT_plus_Theta,216825,2,1,1,1,0,0,0,0
atlas,HOMFLY_PT_plus_Theta,216931,2,1,1,1,0,0,0,0
atlas,HOMFLY_PT_plus_Theta,216934,2,1,1,1,0,0,0,0
atlas,HOMFLY_PT_plus_Theta,216971,2,1,1,1,0,0,0,0
atlas,HOMFLY_PT_plus_Theta,216988,2,1,1,1,0,0,0,0
atlas,HOMFLY_PT_plus_Theta,217159,4,6,1,1,0,0,0,0
atlas,HOMFLY_PT_plus_Theta,217201,3,3,1,1,0,0,0,0
atlas,HOMFLY_PT_plus_Theta,217220,2,1,1,1,0,0,0,0
atlas,HOMFLY_PT_plus_Theta,217284,2,1,1,1,0,0,0,0
atlas,HOMFLY_PT_plus_Theta,217320,2,1,1,1,0,0,0,0
atlas,HOMFLY_PT_plus_Theta,217459,2,1,1,1,0,0,0,0
atlas,HOMFLY_PT_plus_Theta,217609,2,1,1,1,0,0,0,0
atlas,HOMFLY_PT_plus_Theta,217683,2,1,1,1,0,0,0,0
atlas,HOMFLY_PT_plus_Theta,217743,2,1,1,1,0,0,0,0
atlas,HOMFLY_PT_plus_Theta,217784,2,1,1,1,0,0,0,0
atlas,HOMFLY_PT_plus_Theta,217817,2,1,1,1,0,0,0,0
atlas,HOMFLY_PT_plus_Theta,217833,2,1,1,1,0,0,0,0
atlas,HOMFLY_PT_plus_Theta,217858,2,1,1,1,0,0,0,0
atlas,HOMFLY_PT_plus_Theta,217863,2,1,1,1,0,0,0,0
atlas,HOMFLY_PT_plus_Theta,217992,2,1,1,1,0,0,0,0
atlas,HOMFLY_PT_plus_Theta,218018,2,1,1,1,0,0,0,0
atlas,HOMFLY_PT_plus_Theta,218151,2,1,1,1,0,0,0,0
atlas,HOMFLY_PT_plus_Theta,218356,2,1,1,1,0,0,0,0
atlas,HOMFLY_PT_plus_Theta,218441,2,1,1,1,0,0,0,0
atlas,HOMFLY_PT_plus_Theta,218541,2,1,1,1,0,0,0,0
atlas,HOMFLY_PT_plus_Theta,218563,2,1,1,1,0,0,0,0
atlas,HOMFLY_PT_plus_Theta,218621,2,1,1,1,0,0,0,0
atlas,HOMFLY_PT_plus_Theta,218622,2,1,1,1,0,0,0,0
atlas,HOMFLY_PT_plus_Theta,218719,2,1,1,1,0,0,0,0
atlas,HOMFLY_PT_plus_Theta,218726,2,1,1,1,0,0,0,0
atlas,HOMFLY_PT_plus_Theta,218743,2,1,1,1,0,0,0,0
atlas,HOMFLY_PT_plus_Theta,218829,2,1,1,1,0,0,0,0
atlas,HOMFLY_PT_plus_Theta,218858,2,1,1,1,0,0,0,0
atlas,HOMFLY_PT_plus_Theta,218884,2,1,1,1,0,0,0,0
atlas,HOMFLY_PT_plus_Theta,218906,2,1,1,1,0,0,0,0
atlas,HOMFLY_PT_plus_Theta,218916,2,1,1,1,0,0,0,0
atlas,HOMFLY_PT_plus_Theta,218935,2,1,1,1,0,0,0,0
atlas,HOMFLY_PT_plus_Theta,219133,4,6,1,1,0,0,0,0
atlas,HOMFLY_PT_plus_Theta,219185,2,1,1,1,0,0,0,0
atlas,HOMFLY_PT_plus_Theta,219196,2,1,1,1,0,0,0,0
atlas,HOMFLY_PT_plus_Theta,219211,4,6,1,1,0,0,0,0
atlas,HOMFLY_PT_plus_Theta,219243,2,1,1,1,0,0,0,0
atlas,HOMFLY_PT_plus_Theta,219321,2,1,1,1,0,0,0,0
atlas,HOMFLY_PT_plus_Theta,219476,2,1,1,1,0,0,0,0
atlas,HOMFLY_PT_plus_Theta,219581,2,1,1,1,0,0,0,0
atlas,HOMFLY_PT_plus_Theta,219595,2,1,1,1,0,0,0,0
atlas,HOMFLY_PT_plus_Theta,219628,2,1,1,1,0,0,0,0
atlas,HOMFLY_PT_plus_Theta,219848,2,1,1,1,0,0,0,0
atlas,HOMFLY_PT_plus_Theta,219863,2,1,1,1,0,0,0,0
atlas,HOMFLY_PT_plus_Theta,219901,2,1,1,1,0,0,0,0
atlas,HOMFLY_PT_plus_Theta,219958,2,1,1,1,0,0,0,0
atlas,HOMFLY_PT_plus_Theta,220081,5,10,1,1,0,0,0,0
atlas,HOMFLY_PT_plus_Theta,220197,2,1,1,1,0,0,0,0
atlas,HOMFLY_PT_plus_Theta,220199,2,1,1,1,0,0,0,0
atlas,HOMFLY_PT_plus_Theta,220221,2,1,1,1,0,0,0,0
atlas,HOMFLY_PT_plus_Theta,220223,2,1,1,1,0,0,0,0
atlas,HOMFLY_PT_plus_Theta,220232,2,1,1,1,0,0,0,0
atlas,HOMFLY_PT_plus_Theta,220252,2,1,1,1,0,0,0,0
atlas,HOMFLY_PT_plus_Theta,220278,2,1,1,1,0,0,0,0
atlas,HOMFLY_PT_plus_Theta,220298,2,1,1,1,0,0,0,0
atlas,HOMFLY_PT_plus_Theta,220400,2,1,1,1,0,0,0,0
atlas,HOMFLY_PT_plus_Theta,220438,2,1,1,1,0,0,0,0
atlas,HOMFLY_PT_plus_Theta,220452,2,1,1,1,0,0,0,0
atlas,HOMFLY_PT_plus_Theta,220459,2,1,1,1,0,0,0,0
atlas,HOMFLY_PT_plus_Theta,220472,2,1,1,1,0,0,0,0
atlas,HOMFLY_PT_plus_Theta,220530,2,1,1,1,0,0,0,0
atlas,HOMFLY_PT_plus_Theta,220593,4,6,1,2,0,4,0,4
atlas,HOMFLY_PT_plus_Theta,220594,4,6,1,1,0,0,0,0
atlas,HOMFLY_PT_plus_Theta,220697,2,1,1,1,0,0,0,0
atlas,HOMFLY_PT_plus_Theta,220718,2,1,1,1,0,0,0,0
atlas,HOMFLY_PT_plus_Theta,220728,2,1,1,1,0,0,0,0
atlas,HOMFLY_PT_plus_Theta,220731,2,1,1,1,0,0,0,0
atlas,HOMFLY_PT_plus_Theta,220769,2,1,1,1,0,0,0,0
atlas,HOMFLY_PT_plus_Theta,220798,2,1,1,1,0,0,0,0
atlas,HOMFLY_PT_plus_Theta,220824,2,1,1,1,0,0,0,0
atlas,HOMFLY_PT_plus_Theta,220853,2,1,1,1,0,0,0,0
atlas,HOMFLY_PT_plus_Theta,220931,2,1,1,1,0,0,0,0
atlas,HOMFLY_PT_plus_Theta,220944,2,1,1,1,0,0,0,0
atlas,HOMFLY_PT_plus_Theta,220959,2,1,1,1,0,0,0,0
atlas,HOMFLY_PT_plus_Theta,221043,2,1,1,1,0,0,0,0
atlas,HOMFLY_PT_plus_Theta,221053,2,1,1,1,0,0,0,0
atlas,HOMFLY_PT_plus_Theta,221064,4,6,1,1,0,0,0,0
atlas,HOMFLY_PT_plus_Theta,221211,2,1,1,1,0,0,0,0
atlas,HOMFLY_PT_plus_Theta,221218,2,1,1,1,0,0,0,0
atlas,HOMFLY_PT_plus_Theta,221250,2,1,1,1,0,0,0,0
atlas,HOMFLY_PT_plus_Theta,221271,2,1,1,1,0,0,0,0
atlas,HOMFLY_PT_plus_Theta,221319,2,1,1,1,0,0,0,0
atlas,HOMFLY_PT_plus_Theta,221379,2,1,1,1,0,0,0,0
atlas,HOMFLY_PT_plus_Theta,221453,2,1,1,1,0,0,0,0
atlas,HOMFLY_PT_plus_Theta,221519,2,1,1,1,0,0,0,0
atlas,HOMFLY_PT_plus_Theta,221602,2,1,1,1,0,0,0,0
atlas,HOMFLY_PT_plus_Theta,221604,2,1,1,1,0,0,0,0
atlas,HOMFLY_PT_plus_Theta,221621,2,1,1,1,0,0,0,0
atlas,HOMFLY_PT_plus_Theta,221639,2,1,1,1,0,0,0,0
atlas,HOMFLY_PT_plus_Theta,221664,2,1,1,1,0,0,0,0
atlas,HOMFLY_PT_plus_Theta,221694,2,1,1,1,0,0,0,0
atlas,HOMFLY_PT_plus_Theta,221760,2,1,1,1,0,0,0,0
atlas,HOMFLY_PT_plus_Theta,221835,2,1,1,1,0,0,0,0
atlas,HOMFLY_PT_plus_Theta,221847,2,1,1,1,0,0,0,0
atlas,HOMFLY_PT_plus_Theta,221943,2,1,1,1,0,0,0,0
atlas,HOMFLY_PT_plus_Theta,221952,2,1,1,1,0,0,0,0
atlas,HOMFLY_PT_plus_Theta,222029,2,1,1,1,0,0,0,0
atlas,HOMFLY_PT_plus_Theta,222096,2,1,1,1,0,0,0,0
atlas,HOMFLY_PT_plus_Theta,222115,2,1,1,1,0,0,0,0
atlas,HOMFLY_PT_plus_Theta,222132,2,1,1,1,0,0,0,0
atlas,HOMFLY_PT_plus_Theta,222245,2,1,1,1,0,0,0,0
atlas,HOMFLY_PT_plus_Theta,222251,2,1,1,1,0,0,0,0
atlas,HOMFLY_PT_plus_Theta,222267,2,1,1,1,0,0,0,0
atlas,HOMFLY_PT_plus_Theta,222271,2,1,1,1,0,0,0,0
atlas,HOMFLY_PT_plus_Theta,222313,2,1,1,1,0,0,0,0
atlas,HOMFLY_PT_plus_Theta,222408,2,1,1,1,0,0,0,0
atlas,HOMFLY_PT_plus_Theta,222425,2,1,1,1,0,0,0,0
atlas,HOMFLY_PT_plus_Theta,222526,2,1,1,1,0,0,0,0
atlas,HOMFLY_PT_plus_Theta,222560,2,1,1,1,0,0,0,0
atlas,HOMFLY_PT_plus_Theta,222562,2,1,1,1,0,0,0,0
atlas,HOMFLY_PT_plus_Theta,222567,2,1,1,1,0,0,0,0
atlas,HOMFLY_PT_plus_Theta,222632,2,1,1,1,0,0,0,0
atlas,HOMFLY_PT_plus_Theta,222713,2,1,1,1,0,0,0,0
atlas,HOMFLY_PT_plus_Theta,222714,2,1,1,1,0,0,0,0
atlas,HOMFLY_PT_plus_Theta,222791,3,3,1,1,0,0,0,0
atlas,HOMFLY_PT_plus_Theta,222818,2,1,1,1,0,0,0,0
atlas,HOMFLY_PT_plus_Theta,222850,2,1,1,1,0,0,0,0
atlas,HOMFLY_PT_plus_Theta,222853,2,1,1,1,0,0,0,0
atlas,HOMFLY_PT_plus_Theta,222923,2,1,1,1,0,0,0,0
atlas,HOMFLY_PT_plus_Theta,223023,2,1,1,1,0,0,0,0
atlas,HOMFLY_PT_plus_Theta,223027,2,1,1,1,0,0,0,0
atlas,HOMFLY_PT_plus_Theta,223082,2,1,1,1,0,0,0,0
atlas,HOMFLY_PT_plus_Theta,223091,2,1,1,1,0,0,0,0
atlas,HOMFLY_PT_plus_Theta,223185,2,1,1,1,0,0,0,0
atlas,HOMFLY_PT_plus_Theta,223250,2,1,1,1,0,0,0,0
atlas,HOMFLY_PT_plus_Theta,223262,2,1,1,1,0,0,0,0
atlas,HOMFLY_PT_plus_Theta,223297,2,1,1,1,0,0,0,0
atlas,HOMFLY_PT_plus_Theta,223430,2,1,1,1,0,0,0,0
atlas,HOMFLY_PT_plus_Theta,223506,2,1,1,1,0,0,0,0
atlas,HOMFLY_PT_plus_Theta,223514,2,1,1,1,0,0,0,0
atlas,HOMFLY_PT_plus_Theta,223541,2,1,1,1,0,0,0,0
atlas,HOMFLY_PT_plus_Theta,223574,2,1,1,1,0,0,0,0
atlas,HOMFLY_PT_plus_Theta,223665,2,1,1,1,0,0,0,0
atlas,HOMFLY_PT_plus_Theta,223739,2,1,1,1,0,0,0,0
atlas,HOMFLY_PT_plus_Theta,223749,2,1,1,1,0,0,0,0
atlas,HOMFLY_PT_plus_Theta,223768,2,1,1,1,0,0,0,0
atlas,HOMFLY_PT_plus_Theta,223828,2,1,1,1,0,0,0,0
atlas,HOMFLY_PT_plus_Theta,223877,2,1,1,1,0,0,0,0
atlas,HOMFLY_PT_plus_Theta,223938,2,1,1,1,0,0,0,0
atlas,HOMFLY_PT_plus_Theta,223972,2,1,1,1,0,0,0,0
atlas,HOMFLY_PT_plus_Theta,223975,2,1,1,1,0,0,0,0
atlas,HOMFLY_PT_plus_Theta,223982,2,1,1,1,0,0,0,0
atlas,HOMFLY_PT_plus_Theta,224018,2,1,1,1,0,0,0,0
atlas,HOMFLY_PT_plus_Theta,224043,2,1,1,1,0,0,0,0
atlas,HOMFLY_PT_plus_Theta,224063,2,1,1,1,0,0,0,0
atlas,HOMFLY_PT_plus_Theta,224074,2,1,1,1,0,0,0,0
atlas,HOMFLY_PT_plus_Theta,224120,2,1,1,1,0,0,0,0
atlas,HOMFLY_PT_plus_Theta,224222,2,1,1,1,0,0,0,0
atlas,HOMFLY_PT_plus_Theta,224271,2,1,1,1,0,0,0,0
atlas,HOMFLY_PT_plus_Theta,224279,2,1,1,1,0,0,0,0
atlas,HOMFLY_PT_plus_Theta,224328,2,1,1,1,0,0,0,0
atlas,HOMFLY_PT_plus_Theta,224331,2,1,1,1,0,0,0,0
atlas,HOMFLY_PT_plus_Theta,224358,2,1,1,1,0,0,0,0
atlas,HOMFLY_PT_plus_Theta,224359,2,1,1,1,0,0,0,0
atlas,HOMFLY_PT_plus_Theta,224413,4,6,1,1,0,0,0,0
atlas,HOMFLY_PT_plus_Theta,224466,2,1,1,1,0,0,0,0
atlas,HOMFLY_PT_plus_Theta,224518,2,1,1,1,0,0,0,0
atlas,HOMFLY_PT_plus_Theta,224540,2,1,1,1,0,0,0,0
atlas,HOMFLY_PT_plus_Theta,224560,4,6,1,1,0,0,0,0
atlas,HOMFLY_PT_plus_Theta,224729,2,1,1,1,0,0,0,0
atlas,HOMFLY_PT_plus_Theta,224883,2,1,1,1,0,0,0,0
atlas,HOMFLY_PT_plus_Theta,225019,2,1,1,1,0,0,0,0
atlas,HOMFLY_PT_plus_Theta,225132,2,1,1,1,0,0,0,0
atlas,HOMFLY_PT_plus_Theta,225217,2,1,1,1,0,0,0,0
atlas,HOMFLY_PT_plus_Theta,225328,2,1,1,1,0,0,0,0
atlas,HOMFLY_PT_plus_Theta,225329,2,1,1,1,0,0,0,0
atlas,HOMFLY_PT_plus_Theta,225330,2,1,1,1,0,0,0,0
atlas,HOMFLY_PT_plus_Theta,225367,2,1,1,1,0,0,0,0
atlas,HOMFLY_PT_plus_Theta,225378,2,1,1,1,0,0,0,0
atlas,HOMFLY_PT_plus_Theta,225395,2,1,1,1,0,0,0,0
atlas,HOMFLY_PT_plus_Theta,225414,2,1,1,1,0,0,0,0
atlas,HOMFLY_PT_plus_Theta,225430,2,1,1,1,0,0,0,0
atlas,HOMFLY_PT_plus_Theta,225451,2,1,1,1,0,0,0,0
atlas,HOMFLY_PT_plus_Theta,225540,4,6,1,1,0,0,0,0
atlas,HOMFLY_PT_plus_Theta,225546,2,1,1,1,0,0,0,0
atlas,HOMFLY_PT_plus_Theta,225661,2,1,1,1,0,0,0,0
atlas,HOMFLY_PT_plus_Theta,225701,2,1,1,1,0,0,0,0
atlas,HOMFLY_PT_plus_Theta,225751,2,1,1,1,0,0,0,0
atlas,HOMFLY_PT_plus_Theta,225757,2,1,1,1,0,0,0,0
atlas,HOMFLY_PT_plus_Theta,225758,2,1,1,1,0,0,0,0
atlas,HOMFLY_PT_plus_Theta,225785,2,1,1,1,0,0,0,0
atlas,HOMFLY_PT_plus_Theta,225794,2,1,1,1,0,0,0,0
atlas,HOMFLY_PT_plus_Theta,225798,2,1,1,1,0,0,0,0
atlas,HOMFLY_PT_plus_Theta,225935,2,1,1,1,0,0,0,0
atlas,HOMFLY_PT_plus_Theta,225938,2,1,1,1,0,0,0,0
atlas,HOMFLY_PT_plus_Theta,225944,2,1,1,1,0,0,0,0
atlas,HOMFLY_PT_plus_Theta,225950,2,1,1,1,0,0,0,0
atlas,HOMFLY_PT_plus_Theta,225980,2,1,1,1,0,0,0,0
atlas,HOMFLY_PT_plus_Theta,226028,2,1,1,1,0,0,0,0
atlas,HOMFLY_PT_plus_Theta,226031,2,1,1,1,0,0,0,0
atlas,HOMFLY_PT_plus_Theta,226087,2,1,1,1,0,0,0,0
atlas,HOMFLY_PT_plus_Theta,226195,2,1,1,1,0,0,0,0
atlas,HOMFLY_PT_plus_Theta,226203,2,1,1,1,0,0,0,0
atlas,HOMFLY_PT_plus_Theta,226377,2,1,1,1,0,0,0,0
atlas,HOMFLY_PT_plus_Theta,226429,2,1,1,1,0,0,0,0
atlas,HOMFLY_PT_plus_Theta,226476,2,1,1,1,0,0,0,0
atlas,HOMFLY_PT_plus_Theta,226481,2,1,1,1,0,0,0,0
atlas,HOMFLY_PT_plus_Theta,226583,2,1,1,1,0,0,0,0
atlas,HOMFLY_PT_plus_Theta,226738,2,1,1,1,0,0,0,0
atlas,HOMFLY_PT_plus_Theta,226759,2,1,1,1,0,0,0,0
atlas,HOMFLY_PT_plus_Theta,226764,2,1,1,1,0,0,0,0
atlas,HOMFLY_PT_plus_Theta,226831,2,1,1,1,0,0,0,0
atlas,HOMFLY_PT_plus_Theta,226898,2,1,1,1,0,0,0,0
atlas,HOMFLY_PT_plus_Theta,226904,2,1,1,1,0,0,0,0
atlas,HOMFLY_PT_plus_Theta,227074,2,1,1,1,0,0,0,0
atlas,HOMFLY_PT_plus_Theta,227096,2,1,1,1,0,0,0,0
atlas,HOMFLY_PT_plus_Theta,227121,2,1,1,1,0,0,0,0
atlas,HOMFLY_PT_plus_Theta,227180,2,1,1,1,0,0,0,0
atlas,HOMFLY_PT_plus_Theta,227188,2,1,1,1,0,0,0,0
atlas,HOMFLY_PT_plus_Theta,227191,2,1,1,1,0,0,0,0
atlas,HOMFLY_PT_plus_Theta,227209,2,1,1,1,0,0,0,0
atlas,HOMFLY_PT_plus_Theta,227216,2,1,1,1,0,0,0,0
atlas,HOMFLY_PT_plus_Theta,227347,2,1,1,1,0,0,0,0
atlas,HOMFLY_PT_plus_Theta,227363,2,1,1,1,0,0,0,0
atlas,HOMFLY_PT_plus_Theta,227453,2,1,1,1,0,0,0,0
atlas,HOMFLY_PT_plus_Theta,227493,2,1,1,1,0,0,0,0
atlas,HOMFLY_PT_plus_Theta,227531,2,1,1,1,0,0,0,0
atlas,HOMFLY_PT_plus_Theta,227551,2,1,1,1,0,0,0,0
atlas,HOMFLY_PT_plus_Theta,227699,2,1,1,1,0,0,0,0
atlas,HOMFLY_PT_plus_Theta,227705,4,6,1,1,0,0,0,0
atlas,HOMFLY_PT_plus_Theta,227747,2,1,1,1,0,0,0,0
atlas,HOMFLY_PT_plus_Theta,227778,2,1,1,1,0,0,0,0
atlas,HOMFLY_PT_plus_Theta,227884,2,1,1,1,0,0,0,0
atlas,HOMFLY_PT_plus_Theta,228143,2,1,1,1,0,0,0,0
atlas,HOMFLY_PT_plus_Theta,228148,2,1,1,1,0,0,0,0
atlas,HOMFLY_PT_plus_Theta,228280,2,1,1,1,0,0,0,0
atlas,HOMFLY_PT_plus_Theta,228282,2,1,1,1,0,0,0,0
atlas,HOMFLY_PT_plus_Theta,228299,2,1,1,1,0,0,0,0
atlas,HOMFLY_PT_plus_Theta,228379,2,1,1,1,0,0,0,0
atlas,HOMFLY_PT_plus_Theta,228461,2,1,1,1,0,0,0,0
atlas,HOMFLY_PT_plus_Theta,228486,2,1,1,1,0,0,0,0
atlas,HOMFLY_PT_plus_Theta,228491,2,1,1,1,0,0,0,0
atlas,HOMFLY_PT_plus_Theta,228531,2,1,1,1,0,0,0,0
atlas,HOMFLY_PT_plus_Theta,228676,3,3,1,1,0,0,0,0
atlas,HOMFLY_PT_plus_Theta,228701,2,1,1,1,0,0,0,0
atlas,HOMFLY_PT_plus_Theta,228902,2,1,1,1,0,0,0,0
atlas,HOMFLY_PT_plus_Theta,228909,2,1,1,1,0,0,0,0
atlas,HOMFLY_PT_plus_Theta,229082,2,1,1,1,0,0,0,0
atlas,HOMFLY_PT_plus_Theta,229132,2,1,1,1,0,0,0,0
atlas,HOMFLY_PT_plus_Theta,229142,2,1,1,1,0,0,0,0
atlas,HOMFLY_PT_plus_Theta,229194,2,1,1,1,0,0,0,0
atlas,HOMFLY_PT_plus_Theta,229237,2,1,1,1,0,0,0,0
atlas,HOMFLY_PT_plus_Theta,229296,2,1,1,1,0,0,0,0
atlas,HOMFLY_PT_plus_Theta,229381,2,1,1,1,0,0,0,0
atlas,HOMFLY_PT_plus_Theta,229414,2,1,1,1,0,0,0,0
atlas,HOMFLY_PT_plus_Theta,229440,2,1,1,1,0,0,0,0
atlas,HOMFLY_PT_plus_Theta,229441,2,1,1,1,0,0,0,0
atlas,HOMFLY_PT_plus_Theta,229503,2,1,1,1,0,0,0,0
atlas,HOMFLY_PT_plus_Theta,229528,2,1,1,1,0,0,0,0
atlas,HOMFLY_PT_plus_Theta,229539,2,1,1,1,0,0,0,0
atlas,HOMFLY_PT_plus_Theta,229582,2,1,1,1,0,0,0,0
atlas,HOMFLY_PT_plus_Theta,229604,2,1,1,1,0,0,0,0
atlas,HOMFLY_PT_plus_Theta,229619,2,1,1,1,0,0,0,0
atlas,HOMFLY_PT_plus_Theta,229708,2,1,1,1,0,0,0,0
atlas,HOMFLY_PT_plus_Theta,229709,2,1,1,1,0,0,0,0
atlas,HOMFLY_PT_plus_Theta,229724,2,1,1,1,0,0,0,0
atlas,HOMFLY_PT_plus_Theta,229839,2,1,1,1,0,0,0,0
atlas,HOMFLY_PT_plus_Theta,229866,2,1,1,1,0,0,0,0
atlas,HOMFLY_PT_plus_Theta,229905,2,1,1,1,0,0,0,0
atlas,HOMFLY_PT_plus_Theta,229912,2,1,1,1,0,0,0,0
atlas,HOMFLY_PT_plus_Theta,229913,2,1,1,1,0,0,0,0
atlas,HOMFLY_PT_plus_Theta,229975,2,1,1,1,0,0,0,0
atlas,HOMFLY_PT_plus_Theta,229980,4,6,1,1,0,0,0,0
atlas,HOMFLY_PT_plus_Theta,230039,2,1,1,1,0,0,0,0
atlas,HOMFLY_PT_plus_Theta,230051,2,1,1,1,0,0,0,0
atlas,HOMFLY_PT_plus_Theta,230191,2,1,1,1,0,0,0,0
atlas,HOMFLY_PT_plus_Theta,230210,2,1,1,1,0,0,0,0
atlas,HOMFLY_PT_plus_Theta,230268,2,1,1,1,0,0,0,0
atlas,HOMFLY_PT_plus_Theta,230444,2,1,1,1,0,0,0,0
atlas,HOMFLY_PT_plus_Theta,230561,2,1,1,1,0,0,0,0
atlas,HOMFLY_PT_plus_Theta,230571,2,1,1,1,0,0,0,0
atlas,HOMFLY_PT_plus_Theta,230597,4,6,1,1,0,0,0,0
atlas,HOMFLY_PT_plus_Theta,230598,2,1,1,1,0,0,0,0
atlas,HOMFLY_PT_plus_Theta,230624,2,1,1,1,0,0,0,0
atlas,HOMFLY_PT_plus_Theta,230724,2,1,1,1,0,0,0,0
atlas,HOMFLY_PT_plus_Theta,230742,2,1,1,1,0,0,0,0
atlas,HOMFLY_PT_plus_Theta,230884,2,1,1,1,0,0,0,0
atlas,HOMFLY_PT_plus_Theta,230990,2,1,1,1,0,0,0,0
atlas,HOMFLY_PT_plus_Theta,231028,2,1,1,1,0,0,0,0
atlas,HOMFLY_PT_plus_Theta,231093,2,1,1,1,0,0,0,0
atlas,HOMFLY_PT_plus_Theta,231118,2,1,1,1,0,0,0,0
atlas,HOMFLY_PT_plus_Theta,231119,2,1,1,1,0,0,0,0
atlas,HOMFLY_PT_plus_Theta,231198,2,1,1,1,0,0,0,0
atlas,HOMFLY_PT_plus_Theta,231213,2,1,1,1,0,0,0,0
atlas,HOMFLY_PT_plus_Theta,231275,2,1,1,1,0,0,0,0
atlas,HOMFLY_PT_plus_Theta,231370,2,1,1,1,0,0,0,0
atlas,HOMFLY_PT_plus_Theta,231423,2,1,1,1,0,0,0,0
atlas,HOMFLY_PT_plus_Theta,231441,2,1,1,1,0,0,0,0
atlas,HOMFLY_PT_plus_Theta,231446,2,1,1,1,0,0,0,0
atlas,HOMFLY_PT_plus_Theta,231453,2,1,1,1,0,0,0,0
atlas,HOMFLY_PT_plus_Theta,231477,2,1,1,1,0,0,0,0
atlas,HOMFLY_PT_plus_Theta,231481,2,1,1,1,0,0,0,0
atlas,HOMFLY_PT_plus_Theta,231496,2,1,1,1,0,0,0,0
atlas,HOMFLY_PT_plus_Theta,231532,4,6,1,1,0,0,0,0
atlas,HOMFLY_PT_plus_Theta,231605,2,1,1,1,0,0,0,0
atlas,HOMFLY_PT_plus_Theta,231671,2,1,1,1,0,0,0,0
atlas,HOMFLY_PT_plus_Theta,231729,2,1,1,1,0,0,0,0
atlas,HOMFLY_PT_plus_Theta,231774,2,1,1,1,0,0,0,0
atlas,HOMFLY_PT_plus_Theta,231875,2,1,1,1,0,0,0,0
atlas,HOMFLY_PT_plus_Theta,231879,2,1,1,1,0,0,0,0
atlas,HOMFLY_PT_plus_Theta,231880,2,1,1,1,0,0,0,0
atlas,HOMFLY_PT_plus_Theta,231891,2,1,1,1,0,0,0,0
atlas,HOMFLY_PT_plus_Theta,231907,2,1,1,1,0,0,0,0
atlas,HOMFLY_PT_plus_Theta,231933,2,1,1,1,0,0,0,0
atlas,HOMFLY_PT_plus_Theta,232047,2,1,1,1,0,0,0,0
atlas,HOMFLY_PT_plus_Theta,232051,2,1,1,1,0,0,0,0
atlas,HOMFLY_PT_plus_Theta,232084,2,1,1,1,0,0,0,0
atlas,HOMFLY_PT_plus_Theta,232146,2,1,1,1,0,0,0,0
atlas,HOMFLY_PT_plus_Theta,232199,2,1,1,1,0,0,0,0
atlas,HOMFLY_PT_plus_Theta,232234,2,1,1,1,0,0,0,0
atlas,HOMFLY_PT_plus_Theta,232278,2,1,1,1,0,0,0,0
atlas,HOMFLY_PT_plus_Theta,232320,2,1,1,1,0,0,0,0
atlas,HOMFLY_PT_plus_Theta,232406,2,1,1,1,0,0,0,0
atlas,HOMFLY_PT_plus_Theta,232409,2,1,1,1,0,0,0,0
atlas,HOMFLY_PT_plus_Theta,232615,4,6,1,1,0,0,0,0
atlas,HOMFLY_PT_plus_Theta,232616,2,1,1,1,0,0,0,0
atlas,HOMFLY_PT_plus_Theta,232617,2,1,1,1,0,0,0,0
atlas,HOMFLY_PT_plus_Theta,232618,2,1,1,1,0,0,0,0
atlas,HOMFLY_PT_plus_Theta,232628,2,1,1,1,0,0,0,0
atlas,HOMFLY_PT_plus_Theta,232753,2,1,1,1,0,0,0,0
atlas,HOMFLY_PT_plus_Theta,232783,2,1,1,1,0,0,0,0
atlas,HOMFLY_PT_plus_Theta,232807,2,1,1,1,0,0,0,0
atlas,HOMFLY_PT_plus_Theta,232817,2,1,1,1,0,0,0,0
atlas,HOMFLY_PT_plus_Theta,232836,2,1,1,1,0,0,0,0
atlas,HOMFLY_PT_plus_Theta,232866,2,1,1,1,0,0,0,0
atlas,HOMFLY_PT_plus_Theta,232868,2,1,1,1,0,0,0,0
atlas,HOMFLY_PT_plus_Theta,232869,2,1,1,1,0,0,0,0
atlas,HOMFLY_PT_plus_Theta,232880,2,1,1,1,0,0,0,0
atlas,HOMFLY_PT_plus_Theta,233022,2,1,1,1,0,0,0,0
atlas,HOMFLY_PT_plus_Theta,233085,2,1,1,1,0,0,0,0
atlas,HOMFLY_PT_plus_Theta,233197,2,1,1,1,0,0,0,0
atlas,HOMFLY_PT_plus_Theta,233284,2,1,1,1,0,0,0,0
atlas,HOMFLY_PT_plus_Theta,233357,2,1,1,1,0,0,0,0
atlas,HOMFLY_PT_plus_Theta,233358,2,1,1,1,0,0,0,0
atlas,HOMFLY_PT_plus_Theta,233381,2,1,1,1,0,0,0,0
atlas,HOMFLY_PT_plus_Theta,233420,2,1,1,1,0,0,0,0
atlas,HOMFLY_PT_plus_Theta,233475,2,1,1,1,0,0,0,0
atlas,HOMFLY_PT_plus_Theta,233559,2,1,1,1,0,0,0,0
atlas,HOMFLY_PT_plus_Theta,233626,2,1,1,1,0,0,0,0
atlas,HOMFLY_PT_plus_Theta,233717,2,1,1,1,0,0,0,0
atlas,HOMFLY_PT_plus_Theta,233722,2,1,1,1,0,0,0,0
atlas,HOMFLY_PT_plus_Theta,233769,2,1,1,1,0,0,0,0
atlas,HOMFLY_PT_plus_Theta,233803,2,1,1,1,0,0,0,0
atlas,HOMFLY_PT_plus_Theta,234002,2,1,1,1,0,0,0,0
atlas,HOMFLY_PT_plus_Theta,234025,3,3,1,1,0,0,0,0
atlas,HOMFLY_PT_plus_Theta,234077,2,1,1,1,0,0,0,0
atlas,HOMFLY_PT_plus_Theta,234089,2,1,1,1,0,0,0,0
atlas,HOMFLY_PT_plus_Theta,234121,4,6,1,1,0,0,0,0
atlas,HOMFLY_PT_plus_Theta,234199,2,1,1,1,0,0,0,0
atlas,HOMFLY_PT_plus_Theta,234250,2,1,1,1,0,0,0,0
atlas,HOMFLY_PT_plus_Theta,234375,2,1,1,1,0,0,0,0
atlas,HOMFLY_PT_plus_Theta,234418,2,1,1,1,0,0,0,0
atlas,HOMFLY_PT_plus_Theta,234464,2,1,1,1,0,0,0,0
atlas,HOMFLY_PT_plus_Theta,234557,2,1,1,1,0,0,0,0
atlas,HOMFLY_PT_plus_Theta,234930,3,3,1,1,0,0,0,0
atlas,HOMFLY_PT_plus_Theta,235013,2,1,1,1,0,0,0,0
atlas,HOMFLY_PT_plus_Theta,235015,2,1,1,1,0,0,0,0
atlas,HOMFLY_PT_plus_Theta,235046,2,1,1,1,0,0,0,0
atlas,HOMFLY_PT_plus_Theta,235060,2,1,1,1,0,0,0,0
atlas,HOMFLY_PT_plus_Theta,235306,2,1,1,1,0,0,0,0
atlas,HOMFLY_PT_plus_Theta,235428,2,1,1,1,0,0,0,0
atlas,HOMFLY_PT_plus_Theta,235516,2,1,1,1,0,0,0,0
atlas,HOMFLY_PT_plus_Theta,235538,2,1,1,1,0,0,0,0
atlas,HOMFLY_PT_plus_Theta,235550,2,1,1,1,0,0,0,0
atlas,HOMFLY_PT_plus_Theta,235576,2,1,1,1,0,0,0,0
atlas,HOMFLY_PT_plus_Theta,235578,2,1,1,1,0,0,0,0
atlas,HOMFLY_PT_plus_Theta,235601,2,1,1,1,0,0,0,0
atlas,HOMFLY_PT_plus_Theta,235700,2,1,1,1,0,0,0,0
atlas,HOMFLY_PT_plus_Theta,235703,2,1,1,1,0,0,0,0
atlas,HOMFLY_PT_plus_Theta,235806,2,1,1,1,0,0,0,0
atlas,HOMFLY_PT_plus_Theta,235807,2,1,1,1,0,0,0,0
atlas,HOMFLY_PT_plus_Theta,235833,2,1,1,1,0,0,0,0
atlas,HOMFLY_PT_plus_Theta,235860,2,1,1,1,0,0,0,0
atlas,HOMFLY_PT_plus_Theta,235901,2,1,1,1,0,0,0,0
atlas,HOMFLY_PT_plus_Theta,235911,2,1,1,1,0,0,0,0
atlas,HOMFLY_PT_plus_Theta,235940,2,1,1,1,0,0,0,0
atlas,HOMFLY_PT_plus_Theta,235983,2,1,1,1,0,0,0,0
atlas,HOMFLY_PT_plus_Theta,235985,2,1,1,1,0,0,0,0
atlas,HOMFLY_PT_plus_Theta,236012,2,1,1,1,0,0,0,0
atlas,HOMFLY_PT_plus_Theta,236106,4,6,1,1,0,0,0,0
atlas,HOMFLY_PT_plus_Theta,236155,2,1,1,1,0,0,0,0
atlas,HOMFLY_PT_plus_Theta,236247,2,1,1,1,0,0,0,0
atlas,HOMFLY_PT_plus_Theta,236280,2,1,1,1,0,0,0,0
atlas,HOMFLY_PT_plus_Theta,236368,2,1,1,1,0,0,0,0
atlas,HOMFLY_PT_plus_Theta,236377,2,1,1,1,0,0,0,0
atlas,HOMFLY_PT_plus_Theta,236416,2,1,1,1,0,0,0,0
atlas,HOMFLY_PT_plus_Theta,236433,2,1,1,1,0,0,0,0
atlas,HOMFLY_PT_plus_Theta,236473,2,1,1,1,0,0,0,0
atlas,HOMFLY_PT_plus_Theta,236501,2,1,1,1,0,0,0,0
atlas,HOMFLY_PT_plus_Theta,236555,2,1,1,1,0,0,0,0
atlas,HOMFLY_PT_plus_Theta,236564,2,1,1,1,0,0,0,0
atlas,HOMFLY_PT_plus_Theta,236590,2,1,1,1,0,0,0,0
atlas,HOMFLY_PT_plus_Theta,236658,2,1,1,1,0,0,0,0
atlas,HOMFLY_PT_plus_Theta,236728,2,1,1,1,0,0,0,0
atlas,HOMFLY_PT_plus_Theta,236729,2,1,1,1,0,0,0,0
atlas,HOMFLY_PT_plus_Theta,236734,2,1,1,1,0,0,0,0
atlas,HOMFLY_PT_plus_Theta,236739,2,1,1,1,0,0,0,0
atlas,HOMFLY_PT_plus_Theta,236826,2,1,1,1,0,0,0,0
atlas,HOMFLY_PT_plus_Theta,236867,2,1,1,1,0,0,0,0
atlas,HOMFLY_PT_plus_Theta,236902,2,1,1,1,0,0,0,0
atlas,HOMFLY_PT_plus_Theta,236958,2,1,1,1,0,0,0,0
atlas,HOMFLY_PT_plus_Theta,236962,2,1,1,1,0,0,0,0
atlas,HOMFLY_PT_plus_Theta,236987,2,1,1,1,0,0,0,0
atlas,HOMFLY_PT_plus_Theta,237000,2,1,1,1,0,0,0,0
atlas,HOMFLY_PT_plus_Theta,237010,2,1,1,1,0,0,0,0
atlas,HOMFLY_PT_plus_Theta,237016,2,1,1,1,0,0,0,0
atlas,HOMFLY_PT_plus_Theta,237222,2,1,1,1,0,0,0,0
atlas,HOMFLY_PT_plus_Theta,237243,2,1,1,1,0,0,0,0
atlas,HOMFLY_PT_plus_Theta,237258,2,1,1,1,0,0,0,0
atlas,HOMFLY_PT_plus_Theta,237271,2,1,1,1,0,0,0,0
atlas,HOMFLY_PT_plus_Theta,237298,2,1,1,1,0,0,0,0
atlas,HOMFLY_PT_plus_Theta,237400,2,1,1,1,0,0,0,0
atlas,HOMFLY_PT_plus_Theta,237442,2,1,1,1,0,0,0,0
atlas,HOMFLY_PT_plus_Theta,237520,2,1,1,1,0,0,0,0
atlas,HOMFLY_PT_plus_Theta,237581,2,1,1,1,0,0,0,0
atlas,HOMFLY_PT_plus_Theta,237610,2,1,1,1,0,0,0,0
atlas,HOMFLY_PT_plus_Theta,237668,2,1,1,1,0,0,0,0
atlas,HOMFLY_PT_plus_Theta,237739,2,1,1,1,0,0,0,0
atlas,HOMFLY_PT_plus_Theta,237761,2,1,1,1,0,0,0,0
atlas,HOMFLY_PT_plus_Theta,237778,2,1,1,1,0,0,0,0
atlas,HOMFLY_PT_plus_Theta,237979,2,1,1,1,0,0,0,0
atlas,HOMFLY_PT_plus_Theta,238040,2,1,1,1,0,0,0,0
atlas,HOMFLY_PT_plus_Theta,238043,2,1,1,1,0,0,0,0
atlas,HOMFLY_PT_plus_Theta,238063,2,1,1,1,0,0,0,0
atlas,HOMFLY_PT_plus_Theta,238163,2,1,1,1,0,0,0,0
atlas,HOMFLY_PT_plus_Theta,238180,2,1,1,1,0,0,0,0
atlas,HOMFLY_PT_plus_Theta,238191,2,1,1,1,0,0,0,0
atlas,HOMFLY_PT_plus_Theta,238379,2,1,1,1,0,0,0,0
atlas,HOMFLY_PT_plus_Theta,238422,2,1,1,1,0,0,0,0
atlas,HOMFLY_PT_plus_Theta,238478,2,1,1,1,0,0,0,0
atlas,HOMFLY_PT_plus_Theta,238479,2,1,1,1,0,0,0,0
atlas,HOMFLY_PT_plus_Theta,238509,2,1,1,1,0,0,0,0
atlas,HOMFLY_PT_plus_Theta,238579,2,1,1,1,0,0,0,0
atlas,HOMFLY_PT_plus_Theta,238612,2,1,1,1,0,0,0,0
atlas,HOMFLY_PT_plus_Theta,238645,2,1,1,1,0,0,0,0
atlas,HOMFLY_PT_plus_Theta,238891,2,1,1,1,0,0,0,0
atlas,HOMFLY_PT_plus_Theta,239090,2,1,1,1,0,0,0,0
atlas,HOMFLY_PT_plus_Theta,239106,2,1,1,1,0,0,0,0
atlas,HOMFLY_PT_plus_Theta,239171,2,1,1,1,0,0,0,0
atlas,HOMFLY_PT_plus_Theta,239172,2,1,1,1,0,0,0,0
atlas,HOMFLY_PT_plus_Theta,239223,4,6,1,1,0,0,0,0
atlas,HOMFLY_PT_plus_Theta,239252,2,1,1,1,0,0,0,0
atlas,HOMFLY_PT_plus_Theta,239269,2,1,1,1,0,0,0,0
atlas,HOMFLY_PT_plus_Theta,239291,3,3,1,1,0,0,0,0
atlas,HOMFLY_PT_plus_Theta,239346,2,1,1,1,0,0,0,0
atlas,HOMFLY_PT_plus_Theta,239447,2,1,1,1,0,0,0,0
atlas,HOMFLY_PT_plus_Theta,239546,2,1,1,1,0,0,0,0
atlas,HOMFLY_PT_plus_Theta,239562,2,1,1,1,0,0,0,0
atlas,HOMFLY_PT_plus_Theta,239564,2,1,1,1,0,0,0,0
atlas,HOMFLY_PT_plus_Theta,239600,2,1,1,1,0,0,0,0
atlas,HOMFLY_PT_plus_Theta,239644,2,1,1,1,0,0,0,0
atlas,HOMFLY_PT_plus_Theta,239650,2,1,1,1,0,0,0,0
atlas,HOMFLY_PT_plus_Theta,239730,2,1,1,1,0,0,0,0
atlas,HOMFLY_PT_plus_Theta,239861,2,1,1,1,0,0,0,0
atlas,HOMFLY_PT_plus_Theta,239910,2,1,1,1,0,0,0,0
atlas,HOMFLY_PT_plus_Theta,239914,2,1,1,1,0,0,0,0
atlas,HOMFLY_PT_plus_Theta,239915,2,1,1,1,0,0,0,0
atlas,HOMFLY_PT_plus_Theta,239949,2,1,1,1,0,0,0,0
atlas,HOMFLY_PT_plus_Theta,239995,2,1,1,1,0,0,0,0
atlas,HOMFLY_PT_plus_Theta,240044,2,1,1,1,0,0,0,0
atlas,HOMFLY_PT_plus_Theta,240270,2,1,1,1,0,0,0,0
atlas,HOMFLY_PT_plus_Theta,240272,2,1,1,1,0,0,0,0
atlas,HOMFLY_PT_plus_Theta,240629,2,1,1,1,0,0,0,0
atlas,HOMFLY_PT_plus_Theta,240770,2,1,1,1,0,0,0,0
atlas,HOMFLY_PT_plus_Theta,240822,2,1,1,1,0,0,0,0
atlas,HOMFLY_PT_plus_Theta,240833,2,1,1,1,0,0,0,0
atlas,HOMFLY_PT_plus_Theta,240920,2,1,1,1,0,0,0,0
atlas,HOMFLY_PT_plus_Theta,241020,2,1,1,1,0,0,0,0
atlas,HOMFLY_PT_plus_Theta,241058,2,1,1,1,0,0,0,0
atlas,HOMFLY_PT_plus_Theta,241059,2,1,1,1,0,0,0,0
atlas,HOMFLY_PT_plus_Theta,241061,2,1,1,1,0,0,0,0
atlas,HOMFLY_PT_plus_Theta,241081,2,1,1,1,0,0,0,0
atlas,HOMFLY_PT_plus_Theta,241084,2,1,1,1,0,0,0,0
atlas,HOMFLY_PT_plus_Theta,241100,2,1,1,1,0,0,0,0
atlas,HOMFLY_PT_plus_Theta,241163,2,1,1,1,0,0,0,0
atlas,HOMFLY_PT_plus_Theta,241268,2,1,1,1,0,0,0,0
atlas,HOMFLY_PT_plus_Theta,241358,2,1,1,1,0,0,0,0
atlas,HOMFLY_PT_plus_Theta,241364,2,1,1,1,0,0,0,0
atlas,HOMFLY_PT_plus_Theta,241427,4,6,1,1,0,0,0,0
atlas,HOMFLY_PT_plus_Theta,241437,2,1,1,1,0,0,0,0
atlas,HOMFLY_PT_plus_Theta,241476,2,1,1,1,0,0,0,0
atlas,HOMFLY_PT_plus_Theta,241491,2,1,1,1,0,0,0,0
atlas,HOMFLY_PT_plus_Theta,241492,2,1,1,1,0,0,0,0
atlas,HOMFLY_PT_plus_Theta,241544,2,1,1,1,0,0,0,0
atlas,HOMFLY_PT_plus_Theta,241573,2,1,1,1,0,0,0,0
atlas,HOMFLY_PT_plus_Theta,241713,2,1,1,1,0,0,0,0
atlas,HOMFLY_PT_plus_Theta,241791,2,1,1,1,0,0,0,0
atlas,HOMFLY_PT_plus_Theta,241822,2,1,1,1,0,0,0,0
atlas,HOMFLY_PT_plus_Theta,241858,2,1,1,1,0,0,0,0
atlas,HOMFLY_PT_plus_Theta,241893,2,1,1,1,0,0,0,0
atlas,HOMFLY_PT_plus_Theta,241958,2,1,1,1,0,0,0,0
atlas,HOMFLY_PT_plus_Theta,242070,2,1,1,1,0,0,0,0
atlas,HOMFLY_PT_plus_Theta,242088,2,1,1,1,0,0,0,0
atlas,HOMFLY_PT_plus_Theta,242103,2,1,1,1,0,0,0,0
atlas,HOMFLY_PT_plus_Theta,242139,2,1,1,1,0,0,0,0
atlas,HOMFLY_PT_plus_Theta,242149,2,1,1,1,0,0,0,0
atlas,HOMFLY_PT_plus_Theta,242195,2,1,1,1,0,0,0,0
atlas,HOMFLY_PT_plus_Theta,242276,2,1,1,1,0,0,0,0
atlas,HOMFLY_PT_plus_Theta,242293,2,1,1,1,0,0,0,0
atlas,HOMFLY_PT_plus_Theta,242307,2,1,1,1,0,0,0,0
atlas,HOMFLY_PT_plus_Theta,242315,2,1,1,1,0,0,0,0
atlas,HOMFLY_PT_plus_Theta,242470,2,1,1,1,0,0,0,0
atlas,HOMFLY_PT_plus_Theta,242475,2,1,1,1,0,0,0,0
atlas,HOMFLY_PT_plus_Theta,242503,2,1,1,1,0,0,0,0
atlas,HOMFLY_PT_plus_Theta,242538,2,1,1,1,0,0,0,0
atlas,HOMFLY_PT_plus_Theta,242540,2,1,1,1,0,0,0,0
atlas,HOMFLY_PT_plus_Theta,242600,2,1,1,1,0,0,0,0
atlas,HOMFLY_PT_plus_Theta,242626,2,1,1,1,0,0,0,0
atlas,HOMFLY_PT_plus_Theta,242627,2,1,1,1,0,0,0,0
atlas,HOMFLY_PT_plus_Theta,242693,2,1,1,1,0,0,0,0
atlas,HOMFLY_PT_plus_Theta,242698,2,1,1,1,0,0,0,0
atlas,HOMFLY_PT_plus_Theta,242701,2,1,1,1,0,0,0,0
atlas,HOMFLY_PT_plus_Theta,242790,2,1,1,1,0,0,0,0
atlas,HOMFLY_PT_plus_Theta,242792,2,1,1,1,0,0,0,0
atlas,HOMFLY_PT_plus_Theta,242876,2,1,1,1,0,0,0,0
atlas,HOMFLY_PT_plus_Theta,242881,2,1,1,1,0,0,0,0
atlas,HOMFLY_PT_plus_Theta,242931,2,1,1,1,0,0,0,0
atlas,HOMFLY_PT_plus_Theta,242941,2,1,1,1,0,0,0,0
atlas,HOMFLY_PT_plus_Theta,243043,2,1,1,1,0,0,0,0
atlas,HOMFLY_PT_plus_Theta,243055,2,1,1,1,0,0,0,0
atlas,HOMFLY_PT_plus_Theta,243060,2,1,1,1,0,0,0,0
atlas,HOMFLY_PT_plus_Theta,243092,2,1,1,1,0,0,0,0
atlas,HOMFLY_PT_plus_Theta,243103,2,1,1,1,0,0,0,0
atlas,HOMFLY_PT_plus_Theta,243131,2,1,1,1,0,0,0,0
atlas,HOMFLY_PT_plus_Theta,243257,2,1,1,1,0,0,0,0
atlas,HOMFLY_PT_plus_Theta,243416,2,1,1,1,0,0,0,0
atlas,HOMFLY_PT_plus_Theta,243450,2,1,1,1,0,0,0,0
atlas,HOMFLY_PT_plus_Theta,243477,2,1,1,1,0,0,0,0
atlas,HOMFLY_PT_plus_Theta,243639,2,1,1,1,0,0,0,0
atlas,HOMFLY_PT_plus_Theta,243653,2,1,1,1,0,0,0,0
atlas,HOMFLY_PT_plus_Theta,243720,2,1,1,1,0,0,0,0
atlas,HOMFLY_PT_plus_Theta,243767,2,1,1,1,0,0,0,0
atlas,HOMFLY_PT_plus_Theta,243784,2,1,1,1,0,0,0,0
atlas,HOMFLY_PT_plus_Theta,243815,2,1,1,1,0,0,0,0
atlas,HOMFLY_PT_plus_Theta,244092,2,1,1,1,0,0,0,0
atlas,HOMFLY_PT_plus_Theta,244135,2,1,1,1,0,0,0,0
atlas,HOMFLY_PT_plus_Theta,244137,2,1,1,1,0,0,0,0
atlas,HOMFLY_PT_plus_Theta,244153,2,1,1,1,0,0,0,0
atlas,HOMFLY_PT_plus_Theta,244183,2,1,1,1,0,0,0,0
atlas,HOMFLY_PT_plus_Theta,244339,2,1,1,1,0,0,0,0
atlas,HOMFLY_PT_plus_Theta,244346,2,1,1,1,0,0,0,0
atlas,HOMFLY_PT_plus_Theta,244421,2,1,1,1,0,0,0,0
atlas,HOMFLY_PT_plus_Theta,244657,2,1,1,1,0,0,0,0
atlas,HOMFLY_PT_plus_Theta,244666,2,1,1,1,0,0,0,0
atlas,HOMFLY_PT_plus_Theta,244827,2,1,1,1,0,0,0,0
atlas,HOMFLY_PT_plus_Theta,244890,2,1,1,1,0,0,0,0
atlas,HOMFLY_PT_plus_Theta,244976,2,1,1,1,0,0,0,0
atlas,HOMFLY_PT_plus_Theta,245026,2,1,1,1,0,0,0,0
atlas,HOMFLY_PT_plus_Theta,245067,2,1,1,1,0,0,0,0
atlas,HOMFLY_PT_plus_Theta,245212,2,1,1,1,0,0,0,0
atlas,HOMFLY_PT_plus_Theta,245242,2,1,1,1,0,0,0,0
atlas,HOMFLY_PT_plus_Theta,245243,2,1,1,1,0,0,0,0
atlas,HOMFLY_PT_plus_Theta,245261,2,1,1,1,0,0,0,0
atlas,HOMFLY_PT_plus_Theta,245336,2,1,1,1,0,0,0,0
atlas,HOMFLY_PT_plus_Theta,245347,2,1,1,1,0,0,0,0
atlas,HOMFLY_PT_plus_Theta,245561,2,1,1,1,0,0,0,0
atlas,HOMFLY_PT_plus_Theta,245638,3,3,1,1,0,0,0,0
atlas,HOMFLY_PT_plus_Theta,245703,2,1,1,1,0,0,0,0
atlas,HOMFLY_PT_plus_Theta,245756,2,1,1,1,0,0,0,0
atlas,HOMFLY_PT_plus_Theta,245757,2,1,1,1,0,0,0,0
atlas,HOMFLY_PT_plus_Theta,245849,2,1,1,1,0,0,0,0
atlas,HOMFLY_PT_plus_Theta,245850,2,1,1,1,0,0,0,0
atlas,HOMFLY_PT_plus_Theta,245885,2,1,1,1,0,0,0,0
atlas,HOMFLY_PT_plus_Theta,245950,2,1,1,1,0,0,0,0
atlas,HOMFLY_PT_plus_Theta,246236,4,6,1,1,0,0,0,0
atlas,HOMFLY_PT_plus_Theta,246237,2,1,1,1,0,0,0,0
atlas,HOMFLY_PT_plus_Theta,246324,2,1,1,1,0,0,0,0
atlas,HOMFLY_PT_plus_Theta,246341,2,1,1,1,0,0,0,0
atlas,HOMFLY_PT_plus_Theta,246419,2,1,1,1,0,0,0,0
atlas,HOMFLY_PT_plus_Theta,246487,2,1,1,1,0,0,0,0
atlas,HOMFLY_PT_plus_Theta,246488,2,1,1,1,0,0,0,0
atlas,HOMFLY_PT_plus_Theta,246516,2,1,1,1,0,0,0,0
atlas,HOMFLY_PT_plus_Theta,246533,2,1,1,1,0,0,0,0
atlas,HOMFLY_PT_plus_Theta,246692,2,1,1,1,0,0,0,0
atlas,HOMFLY_PT_plus_Theta,246695,2,1,1,1,0,0,0,0
atlas,HOMFLY_PT_plus_Theta,246769,2,1,1,1,0,0,0,0
atlas,HOMFLY_PT_plus_Theta,246774,2,1,1,1,0,0,0,0
atlas,HOMFLY_PT_plus_Theta,246779,2,1,1,1,0,0,0,0
atlas,HOMFLY_PT_plus_Theta,246799,2,1,1,1,0,0,0,0
atlas,HOMFLY_PT_plus_Theta,246837,2,1,1,1,0,0,0,0
atlas,HOMFLY_PT_plus_Theta,246841,2,1,1,1,0,0,0,0
atlas,HOMFLY_PT_plus_Theta,246878,2,1,1,1,0,0,0,0
atlas,HOMFLY_PT_plus_Theta,247037,2,1,1,1,0,0,0,0
atlas,HOMFLY_PT_plus_Theta,247102,2,1,1,1,0,0,0,0
atlas,HOMFLY_PT_plus_Theta,247141,2,1,1,1,0,0,0,0
atlas,HOMFLY_PT_plus_Theta,247304,2,1,1,1,0,0,0,0
atlas,HOMFLY_PT_plus_Theta,247307,2,1,1,1,0,0,0,0
atlas,HOMFLY_PT_plus_Theta,247346,2,1,1,1,0,0,0,0
atlas,HOMFLY_PT_plus_Theta,247418,2,1,1,1,0,0,0,0
atlas,HOMFLY_PT_plus_Theta,247424,2,1,1,1,0,0,0,0
atlas,HOMFLY_PT_plus_Theta,247444,2,1,1,1,0,0,0,0
atlas,HOMFLY_PT_plus_Theta,247446,2,1,1,1,0,0,0,0
atlas,HOMFLY_PT_plus_Theta,247453,2,1,1,1,0,0,0,0
atlas,HOMFLY_PT_plus_Theta,247562,2,1,1,1,0,0,0,0
atlas,HOMFLY_PT_plus_Theta,247593,2,1,1,1,0,0,0,0
atlas,HOMFLY_PT_plus_Theta,247708,2,1,1,1,0,0,0,0
atlas,HOMFLY_PT_plus_Theta,247736,2,1,1,1,0,0,0,0
atlas,HOMFLY_PT_plus_Theta,247738,2,1,1,1,0,0,0,0
atlas,HOMFLY_PT_plus_Theta,247802,2,1,1,1,0,0,0,0
atlas,HOMFLY_PT_plus_Theta,247803,2,1,1,1,0,0,0,0
atlas,HOMFLY_PT_plus_Theta,247879,2,1,1,1,0,0,0,0
atlas,HOMFLY_PT_plus_Theta,247945,2,1,1,1,0,0,0,0
atlas,HOMFLY_PT_plus_Theta,247946,2,1,1,1,0,0,0,0
atlas,HOMFLY_PT_plus_Theta,247971,2,1,1,1,0,0,0,0
atlas,HOMFLY_PT_plus_Theta,248091,2,1,1,1,0,0,0,0
atlas,HOMFLY_PT_plus_Theta,248146,2,1,1,1,0,0,0,0
atlas,HOMFLY_PT_plus_Theta,248272,2,1,1,1,0,0,0,0
atlas,HOMFLY_PT_plus_Theta,248420,2,1,1,1,0,0,0,0
atlas,HOMFLY_PT_plus_Theta,248431,2,1,1,1,0,0,0,0
atlas,HOMFLY_PT_plus_Theta,248432,2,1,1,1,0,0,0,0
atlas,HOMFLY_PT_plus_Theta,248443,2,1,1,1,0,0,0,0
atlas,HOMFLY_PT_plus_Theta,248461,2,1,1,1,0,0,0,0
atlas,HOMFLY_PT_plus_Theta,248526,2,1,1,1,0,0,0,0
atlas,HOMFLY_PT_plus_Theta,248543,2,1,1,1,0,0,0,0
atlas,HOMFLY_PT_plus_Theta,248546,2,1,1,1,0,0,0,0
atlas,HOMFLY_PT_plus_Theta,248559,4,6,1,1,0,0,0,0
atlas,HOMFLY_PT_plus_Theta,248609,2,1,1,1,0,0,0,0
atlas,HOMFLY_PT_plus_Theta,248622,4,6,1,1,0,0,0,0
atlas,HOMFLY_PT_plus_Theta,248700,4,6,1,1,0,0,0,0
atlas,HOMFLY_PT_plus_Theta,248752,2,1,1,1,0,0,0,0
atlas,HOMFLY_PT_plus_Theta,248803,2,1,1,1,0,0,0,0
atlas,HOMFLY_PT_plus_Theta,248945,2,1,1,1,0,0,0,0
atlas,HOMFLY_PT_plus_Theta,248953,2,1,1,1,0,0,0,0
atlas,HOMFLY_PT_plus_Theta,248989,2,1,1,1,0,0,0,0
atlas,HOMFLY_PT_plus_Theta,249025,2,1,1,1,0,0,0,0
atlas,HOMFLY_PT_plus_Theta,249094,2,1,1,1,0,0,0,0
atlas,HOMFLY_PT_plus_Theta,249154,2,1,1,1,0,0,0,0
atlas,HOMFLY_PT_plus_Theta,249271,2,1,1,1,0,0,0,0
atlas,HOMFLY_PT_plus_Theta,249346,2,1,1,1,0,0,0,0
atlas,HOMFLY_PT_plus_Theta,249347,2,1,1,1,0,0,0,0
atlas,HOMFLY_PT_plus_Theta,249367,2,1,1,1,0,0,0,0
atlas,HOMFLY_PT_plus_Theta,249418,2,1,1,1,0,0,0,0
atlas,HOMFLY_PT_plus_Theta,249420,2,1,1,1,0,0,0,0
atlas,HOMFLY_PT_plus_Theta,249475,2,1,1,1,0,0,0,0
atlas,HOMFLY_PT_plus_Theta,249512,2,1,1,1,0,0,0,0
atlas,HOMFLY_PT_plus_Theta,249521,2,1,1,1,0,0,0,0
atlas,HOMFLY_PT_plus_Theta,249578,2,1,1,1,0,0,0,0
atlas,HOMFLY_PT_plus_Theta,249642,2,1,1,1,0,0,0,0
atlas,HOMFLY_PT_plus_Theta,249725,2,1,1,1,0,0,0,0
atlas,HOMFLY_PT_plus_Theta,249800,2,1,1,1,0,0,0,0
atlas,HOMFLY_PT_plus_Theta,249814,2,1,1,1,0,0,0,0
atlas,HOMFLY_PT_plus_Theta,249971,2,1,1,1,0,0,0,0
atlas,HOMFLY_PT_plus_Theta,249977,2,1,1,1,0,0,0,0
atlas,HOMFLY_PT_plus_Theta,249984,2,1,1,1,0,0,0,0
atlas,HOMFLY_PT_plus_Theta,249989,2,1,1,1,0,0,0,0
atlas,HOMFLY_PT_plus_Theta,250061,2,1,1,1,0,0,0,0
atlas,HOMFLY_PT_plus_Theta,250094,2,1,1,1,0,0,0,0
atlas,HOMFLY_PT_plus_Theta,250241,2,1,1,1,0,0,0,0
atlas,HOMFLY_PT_plus_Theta,250266,2,1,1,1,0,0,0,0
atlas,HOMFLY_PT_plus_Theta,250297,2,1,1,1,0,0,0,0
atlas,HOMFLY_PT_plus_Theta,250360,2,1,1,1,0,0,0,0
atlas,HOMFLY_PT_plus_Theta,250368,2,1,1,1,0,0,0,0
atlas,HOMFLY_PT_plus_Theta,250470,2,1,1,1,0,0,0,0
atlas,HOMFLY_PT_plus_Theta,250484,2,1,1,1,0,0,0,0
atlas,HOMFLY_PT_plus_Theta,250511,2,1,1,1,0,0,0,0
atlas,HOMFLY_PT_plus_Theta,250578,2,1,1,1,0,0,0,0
atlas,HOMFLY_PT_plus_Theta,250608,2,1,1,1,0,0,0,0
atlas,HOMFLY_PT_plus_Theta,250734,2,1,1,1,0,0,0,0
atlas,HOMFLY_PT_plus_Theta,250797,2,1,1,1,0,0,0,0
atlas,HOMFLY_PT_plus_Theta,250845,4,6,1,1,0,0,0,0
atlas,HOMFLY_PT_plus_Theta,250852,2,1,1,1,0,0,0,0
atlas,HOMFLY_PT_plus_Theta,250914,2,1,1,1,0,0,0,0
atlas,HOMFLY_PT_plus_Theta,250934,2,1,1,1,0,0,0,0
atlas,HOMFLY_PT_plus_Theta,250961,2,1,1,1,0,0,0,0
atlas,HOMFLY_PT_plus_Theta,251007,2,1,1,1,0,0,0,0
atlas,HOMFLY_PT_plus_Theta,251024,2,1,1,1,0,0,0,0
atlas,HOMFLY_PT_plus_Theta,251288,2,1,1,1,0,0,0,0
atlas,HOMFLY_PT_plus_Theta,251323,2,1,1,1,0,0,0,0
atlas,HOMFLY_PT_plus_Theta,251425,2,1,1,1,0,0,0,0
atlas,HOMFLY_PT_plus_Theta,251596,2,1,1,1,0,0,0,0
atlas,HOMFLY_PT_plus_Theta,251639,2,1,1,1,0,0,0,0
atlas,HOMFLY_PT_plus_Theta,251793,2,1,1,1,0,0,0,0
atlas,HOMFLY_PT_plus_Theta,251808,2,1,1,1,0,0,0,0
atlas,HOMFLY_PT_plus_Theta,251880,2,1,1,1,0,0,0,0
atlas,HOMFLY_PT_plus_Theta,251903,4,6,1,1,0,0,0,0
atlas,HOMFLY_PT_plus_Theta,251924,2,1,1,1,0,0,0,0
atlas,HOMFLY_PT_plus_Theta,251950,2,1,1,1,0,0,0,0
atlas,HOMFLY_PT_plus_Theta,251954,2,1,1,1,0,0,0,0
atlas,HOMFLY_PT_plus_Theta,252042,2,1,1,1,0,0,0,0
atlas,HOMFLY_PT_plus_Theta,252087,2,1,1,1,0,0,0,0
atlas,HOMFLY_PT_plus_Theta,252125,2,1,1,1,0,0,0,0
atlas,HOMFLY_PT_plus_Theta,252156,2,1,1,1,0,0,0,0
atlas,HOMFLY_PT_plus_Theta,252255,2,1,1,1,0,0,0,0
atlas,HOMFLY_PT_plus_Theta,252345,2,1,1,1,0,0,0,0
atlas,HOMFLY_PT_plus_Theta,252346,2,1,1,1,0,0,0,0
atlas,HOMFLY_PT_plus_Theta,252385,2,1,1,1,0,0,0,0
atlas,HOMFLY_PT_plus_Theta,252390,2,1,1,1,0,0,0,0
atlas,HOMFLY_PT_plus_Theta,252411,2,1,1,1,0,0,0,0
atlas,HOMFLY_PT_plus_Theta,252437,2,1,1,1,0,0,0,0
atlas,HOMFLY_PT_plus_Theta,252477,2,1,1,1,0,0,0,0
atlas,HOMFLY_PT_plus_Theta,252478,2,1,1,1,0,0,0,0
atlas,HOMFLY_PT_plus_Theta,252479,2,1,1,1,0,0,0,0
atlas,HOMFLY_PT_plus_Theta,252517,2,1,1,1,0,0,0,0
atlas,HOMFLY_PT_plus_Theta,252547,2,1,1,1,0,0,0,0
atlas,HOMFLY_PT_plus_Theta,252573,2,1,1,1,0,0,0,0
atlas,HOMFLY_PT_plus_Theta,252576,2,1,1,1,0,0,0,0
atlas,HOMFLY_PT_plus_Theta,252580,2,1,1,1,0,0,0,0
atlas,HOMFLY_PT_plus_Theta,252587,2,1,1,1,0,0,0,0
atlas,HOMFLY_PT_plus_Theta,252803,2,1,1,1,0,0,0,0
atlas,HOMFLY_PT_plus_Theta,252828,2,1,1,1,0,0,0,0
atlas,HOMFLY_PT_plus_Theta,252914,2,1,1,1,0,0,0,0
atlas,HOMFLY_PT_plus_Theta,252943,2,1,1,1,0,0,0,0
atlas,HOMFLY_PT_plus_Theta,252945,2,1,1,1,0,0,0,0
atlas,HOMFLY_PT_plus_Theta,253071,2,1,1,1,0,0,0,0
atlas,HOMFLY_PT_plus_Theta,253115,2,1,1,1,0,0,0,0
atlas,HOMFLY_PT_plus_Theta,253154,2,1,1,1,0,0,0,0
atlas,HOMFLY_PT_plus_Theta,253161,2,1,1,1,0,0,0,0
atlas,HOMFLY_PT_plus_Theta,253167,2,1,1,1,0,0,0,0
atlas,HOMFLY_PT_plus_Theta,253195,2,1,1,1,0,0,0,0
atlas,HOMFLY_PT_plus_Theta,253196,2,1,1,1,0,0,0,0
atlas,HOMFLY_PT_plus_Theta,253301,2,1,1,1,0,0,0,0
atlas,HOMFLY_PT_plus_Theta,253316,2,1,1,1,0,0,0,0
atlas,HOMFLY_PT_plus_Theta,253321,2,1,1,1,0,0,0,0
atlas,HOMFLY_PT_plus_Theta,253417,2,1,1,1,0,0,0,0
atlas,HOMFLY_PT_plus_Theta,253442,2,1,1,1,0,0,0,0
atlas,HOMFLY_PT_plus_Theta,253623,2,1,1,1,0,0,0,0
atlas,HOMFLY_PT_plus_Theta,253750,2,1,1,1,0,0,0,0
atlas,HOMFLY_PT_plus_Theta,253806,2,1,1,1,0,0,0,0
atlas,HOMFLY_PT_plus_Theta,253853,2,1,1,1,0,0,0,0
atlas,HOMFLY_PT_plus_Theta,253856,2,1,1,1,0,0,0,0
atlas,HOMFLY_PT_plus_Theta,253887,2,1,1,1,0,0,0,0
atlas,HOMFLY_PT_plus_Theta,253890,2,1,1,1,0,0,0,0
atlas,HOMFLY_PT_plus_Theta,253940,4,6,1,1,0,0,0,0
atlas,HOMFLY_PT_plus_Theta,253960,2,1,1,1,0,0,0,0
atlas,HOMFLY_PT_plus_Theta,253994,2,1,1,1,0,0,0,0
atlas,HOMFLY_PT_plus_Theta,253996,2,1,1,1,0,0,0,0
atlas,HOMFLY_PT_plus_Theta,254023,4,6,1,1,0,0,0,0
atlas,HOMFLY_PT_plus_Theta,254024,2,1,1,1,0,0,0,0
atlas,HOMFLY_PT_plus_Theta,254040,2,1,1,1,0,0,0,0
atlas,HOMFLY_PT_plus_Theta,254115,2,1,1,1,0,0,0,0
atlas,HOMFLY_PT_plus_Theta,254118,2,1,1,1,0,0,0,0
atlas,HOMFLY_PT_plus_Theta,254163,2,1,1,1,0,0,0,0
atlas,HOMFLY_PT_plus_Theta,254274,2,1,1,1,0,0,0,0
atlas,HOMFLY_PT_plus_Theta,254432,2,1,1,1,0,0,0,0
atlas,HOMFLY_PT_plus_Theta,254433,2,1,1,1,0,0,0,0
atlas,HOMFLY_PT_plus_Theta,254447,2,1,1,1,0,0,0,0
atlas,HOMFLY_PT_plus_Theta,254460,3,3,1,1,0,0,0,0
atlas,HOMFLY_PT_plus_Theta,254473,2,1,1,1,0,0,0,0
atlas,HOMFLY_PT_plus_Theta,254523,2,1,1,1,0,0,0,0
atlas,HOMFLY_PT_plus_Theta,254561,2,1,1,1,0,0,0,0
atlas,HOMFLY_PT_plus_Theta,254586,2,1,1,1,0,0,0,0
atlas,HOMFLY_PT_plus_Theta,254612,2,1,1,1,0,0,0,0
atlas,HOMFLY_PT_plus_Theta,254717,2,1,1,1,0,0,0,0
atlas,HOMFLY_PT_plus_Theta,254759,2,1,1,1,0,0,0,0
atlas,HOMFLY_PT_plus_Theta,254773,2,1,1,1,0,0,0,0
atlas,HOMFLY_PT_plus_Theta,254878,2,1,1,1,0,0,0,0
atlas,HOMFLY_PT_plus_Theta,254923,2,1,1,1,0,0,0,0
atlas,HOMFLY_PT_plus_Theta,254956,2,1,1,1,0,0,0,0
atlas,HOMFLY_PT_plus_Theta,254975,2,1,1,1,0,0,0,0
atlas,HOMFLY_PT_plus_Theta,254997,2,1,1,1,0,0,0,0
atlas,HOMFLY_PT_plus_Theta,255046,2,1,1,1,0,0,0,0
atlas,HOMFLY_PT_plus_Theta,255047,2,1,1,1,0,0,0,0
atlas,HOMFLY_PT_plus_Theta,255296,2,1,1,1,0,0,0,0
atlas,HOMFLY_PT_plus_Theta,255308,2,1,1,1,0,0,0,0
atlas,HOMFLY_PT_plus_Theta,255460,2,1,1,1,0,0,0,0
atlas,HOMFLY_PT_plus_Theta,255588,2,1,1,1,0,0,0,0
atlas,HOMFLY_PT_plus_Theta,255596,2,1,1,1,0,0,0,0
atlas,HOMFLY_PT_plus_Theta,255696,2,1,1,1,0,0,0,0
atlas,HOMFLY_PT_plus_Theta,255760,2,1,1,1,0,0,0,0
atlas,HOMFLY_PT_plus_Theta,255762,2,1,1,1,0,0,0,0
atlas,HOMFLY_PT_plus_Theta,255818,2,1,1,1,0,0,0,0
atlas,HOMFLY_PT_plus_Theta,255847,2,1,1,1,0,0,0,0
atlas,HOMFLY_PT_plus_Theta,255901,2,1,1,1,0,0,0,0
atlas,HOMFLY_PT_plus_Theta,255917,2,1,1,1,0,0,0,0
atlas,HOMFLY_PT_plus_Theta,255943,2,1,1,1,0,0,0,0
atlas,HOMFLY_PT_plus_Theta,255944,2,1,1,1,0,0,0,0
atlas,HOMFLY_PT_plus_Theta,255961,2,1,1,1,0,0,0,0
atlas,HOMFLY_PT_plus_Theta,255978,2,1,1,1,0,0,0,0
atlas,HOMFLY_PT_plus_Theta,256102,2,1,1,1,0,0,0,0
atlas,HOMFLY_PT_plus_Theta,256131,3,3,1,1,0,0,0,0
atlas,HOMFLY_PT_plus_Theta,256162,2,1,1,1,0,0,0,0
atlas,HOMFLY_PT_plus_Theta,256163,2,1,1,1,0,0,0,0
atlas,HOMFLY_PT_plus_Theta,256176,2,1,1,1,0,0,0,0
atlas,HOMFLY_PT_plus_Theta,256200,2,1,1,1,0,0,0,0
atlas,HOMFLY_PT_plus_Theta,256206,2,1,1,1,0,0,0,0
atlas,HOMFLY_PT_plus_Theta,256221,2,1,1,1,0,0,0,0
atlas,HOMFLY_PT_plus_Theta,256312,2,1,1,1,0,0,0,0
atlas,HOMFLY_PT_plus_Theta,256322,2,1,1,1,0,0,0,0
atlas,HOMFLY_PT_plus_Theta,256373,2,1,1,1,0,0,0,0
atlas,HOMFLY_PT_plus_Theta,256453,2,1,1,1,0,0,0,0
atlas,HOMFLY_PT_plus_Theta,256479,2,1,1,1,0,0,0,0
atlas,HOMFLY_PT_plus_Theta,256486,2,1,1,1,0,0,0,0
atlas,HOMFLY_PT_plus_Theta,256500,2,1,1,1,0,0,0,0
atlas,HOMFLY_PT_plus_Theta,256599,2,1,1,1,0,0,0,0
atlas,HOMFLY_PT_plus_Theta,256630,2,1,1,1,0,0,0,0
atlas,HOMFLY_PT_plus_Theta,256647,2,1,1,1,0,0,0,0
atlas,HOMFLY_PT_plus_Theta,256669,2,1,1,1,0,0,0,0
atlas,HOMFLY_PT_plus_Theta,256809,2,1,1,1,0,0,0,0
atlas,HOMFLY_PT_plus_Theta,256900,2,1,1,1,0,0,0,0
atlas,HOMFLY_PT_plus_Theta,257022,2,1,1,1,0,0,0,0
atlas,HOMFLY_PT_plus_Theta,257023,2,1,1,1,0,0,0,0
atlas,HOMFLY_PT_plus_Theta,257091,2,1,1,1,0,0,0,0
atlas,HOMFLY_PT_plus_Theta,257099,2,1,1,1,0,0,0,0
atlas,HOMFLY_PT_plus_Theta,257100,3,3,1,1,0,0,0,0
atlas,HOMFLY_PT_plus_Theta,257156,2,1,1,1,0,0,0,0
atlas,HOMFLY_PT_plus_Theta,257169,2,1,1,1,0,0,0,0
atlas,HOMFLY_PT_plus_Theta,257205,2,1,1,1,0,0,0,0
atlas,HOMFLY_PT_plus_Theta,257224,2,1,1,1,0,0,0,0
atlas,HOMFLY_PT_plus_Theta,257226,2,1,1,1,0,0,0,0
atlas,HOMFLY_PT_plus_Theta,257249,2,1,1,1,0,0,0,0
atlas,HOMFLY_PT_plus_Theta,257258,2,1,1,1,0,0,0,0
atlas,HOMFLY_PT_plus_Theta,257315,2,1,1,1,0,0,0,0
atlas,HOMFLY_PT_plus_Theta,257385,2,1,1,1,0,0,0,0
atlas,HOMFLY_PT_plus_Theta,257414,2,1,1,1,0,0,0,0
atlas,HOMFLY_PT_plus_Theta,257415,2,1,1,1,0,0,0,0
atlas,HOMFLY_PT_plus_Theta,257419,2,1,1,1,0,0,0,0
atlas,HOMFLY_PT_plus_Theta,257444,2,1,1,1,0,0,0,0
atlas,HOMFLY_PT_plus_Theta,257525,2,1,1,1,0,0,0,0
atlas,HOMFLY_PT_plus_Theta,257642,2,1,1,1,0,0,0,0
atlas,HOMFLY_PT_plus_Theta,257663,2,1,1,1,0,0,0,0
atlas,HOMFLY_PT_plus_Theta,257692,2,1,1,1,0,0,0,0
atlas,HOMFLY_PT_plus_Theta,257744,2,1,1,1,0,0,0,0
atlas,HOMFLY_PT_plus_Theta,257801,2,1,1,1,0,0,0,0
atlas,HOMFLY_PT_plus_Theta,257802,2,1,1,1,0,0,0,0
atlas,HOMFLY_PT_plus_Theta,257900,2,1,1,1,0,0,0,0
atlas,HOMFLY_PT_plus_Theta,257918,2,1,1,1,0,0,0,0
atlas,HOMFLY_PT_plus_Theta,257992,2,1,1,1,0,0,0,0
atlas,HOMFLY_PT_plus_Theta,257995,2,1,1,1,0,0,0,0
atlas,HOMFLY_PT_plus_Theta,258007,4,6,1,1,0,0,0,0
atlas,HOMFLY_PT_plus_Theta,258042,2,1,1,1,0,0,0,0
atlas,HOMFLY_PT_plus_Theta,258078,2,1,1,1,0,0,0,0
atlas,HOMFLY_PT_plus_Theta,258138,2,1,1,1,0,0,0,0
atlas,HOMFLY_PT_plus_Theta,258229,2,1,1,1,0,0,0,0
atlas,HOMFLY_PT_plus_Theta,258247,2,1,1,1,0,0,0,0
atlas,HOMFLY_PT_plus_Theta,258249,2,1,1,1,0,0,0,0
atlas,HOMFLY_PT_plus_Theta,258265,2,1,1,1,0,0,0,0
atlas,HOMFLY_PT_plus_Theta,258323,2,1,1,1,0,0,0,0
atlas,HOMFLY_PT_plus_Theta,258331,2,1,1,1,0,0,0,0
atlas,HOMFLY_PT_plus_Theta,258405,2,1,1,1,0,0,0,0
atlas,HOMFLY_PT_plus_Theta,258409,2,1,1,1,0,0,0,0
atlas,HOMFLY_PT_plus_Theta,258444,2,1,1,1,0,0,0,0
atlas,HOMFLY_PT_plus_Theta,258481,2,1,1,1,0,0,0,0
atlas,HOMFLY_PT_plus_Theta,258585,2,1,1,1,0,0,0,0
atlas,HOMFLY_PT_plus_Theta,258611,2,1,1,1,0,0,0,0
atlas,HOMFLY_PT_plus_Theta,258628,2,1,1,1,0,0,0,0
atlas,HOMFLY_PT_plus_Theta,258643,2,1,1,1,0,0,0,0
atlas,HOMFLY_PT_plus_Theta,258741,2,1,1,1,0,0,0,0
atlas,HOMFLY_PT_plus_Theta,258757,4,6,1,1,0,0,0,0
atlas,HOMFLY_PT_plus_Theta,258771,2,1,1,1,0,0,0,0
atlas,HOMFLY_PT_plus_Theta,258803,2,1,1,1,0,0,0,0
atlas,HOMFLY_PT_plus_Theta,258807,2,1,1,1,0,0,0,0
atlas,HOMFLY_PT_plus_Theta,258827,4,6,1,1,0,0,0,0
atlas,HOMFLY_PT_plus_Theta,259000,2,1,1,1,0,0,0,0
atlas,HOMFLY_PT_plus_Theta,259123,2,1,1,1,0,0,0,0
atlas,HOMFLY_PT_plus_Theta,259207,2,1,1,1,0,0,0,0
atlas,HOMFLY_PT_plus_Theta,259213,2,1,1,1,0,0,0,0
atlas,HOMFLY_PT_plus_Theta,259291,2,1,1,1,0,0,0,0
atlas,HOMFLY_PT_plus_Theta,259463,2,1,1,1,0,0,0,0
atlas,HOMFLY_PT_plus_Theta,259609,2,1,1,1,0,0,0,0
atlas,HOMFLY_PT_plus_Theta,259622,2,1,1,1,0,0,0,0
atlas,HOMFLY_PT_plus_Theta,259659,2,1,1,1,0,0,0,0
atlas,HOMFLY_PT_plus_Theta,259736,2,1,1,1,0,0,0,0
atlas,HOMFLY_PT_plus_Theta,259750,2,1,1,1,0,0,0,0
atlas,HOMFLY_PT_plus_Theta,259848,3,3,1,1,0,0,0,0
atlas,HOMFLY_PT_plus_Theta,259913,2,1,1,1,0,0,0,0
atlas,HOMFLY_PT_plus_Theta,259934,2,1,1,1,0,0,0,0
atlas,HOMFLY_PT_plus_Theta,260037,2,1,1,1,0,0,0,0
atlas,HOMFLY_PT_plus_Theta,260038,2,1,1,1,0,0,0,0
atlas,HOMFLY_PT_plus_Theta,260088,2,1,1,1,0,0,0,0
atlas,HOMFLY_PT_plus_Theta,260192,2,1,1,1,0,0,0,0
atlas,HOMFLY_PT_plus_Theta,260260,2,1,1,1,0,0,0,0
atlas,HOMFLY_PT_plus_Theta,260303,2,1,1,1,0,0,0,0
atlas,HOMFLY_PT_plus_Theta,260334,2,1,1,1,0,0,0,0
atlas,HOMFLY_PT_plus_Theta,260349,2,1,1,1,0,0,0,0
atlas,HOMFLY_PT_plus_Theta,260424,3,3,1,1,0,0,0,0
atlas,HOMFLY_PT_plus_Theta,260426,2,1,1,1,0,0,0,0
atlas,HOMFLY_PT_plus_Theta,260429,2,1,1,1,0,0,0,0
atlas,HOMFLY_PT_plus_Theta,260460,2,1,1,1,0,0,0,0
atlas,HOMFLY_PT_plus_Theta,260555,2,1,1,1,0,0,0,0
atlas,HOMFLY_PT_plus_Theta,260611,2,1,1,1,0,0,0,0
atlas,HOMFLY_PT_plus_Theta,260630,2,1,1,1,0,0,0,0
atlas,HOMFLY_PT_plus_Theta,260661,2,1,1,1,0,0,0,0
atlas,HOMFLY_PT_plus_Theta,260688,2,1,1,1,0,0,0,0
atlas,HOMFLY_PT_plus_Theta,260710,2,1,1,1,0,0,0,0
atlas,HOMFLY_PT_plus_Theta,260803,2,1,1,1,0,0,0,0
atlas,HOMFLY_PT_plus_Theta,260887,2,1,1,1,0,0,0,0
atlas,HOMFLY_PT_plus_Theta,260890,2,1,1,1,0,0,0,0
atlas,HOMFLY_PT_plus_Theta,260928,2,1,1,1,0,0,0,0
atlas,HOMFLY_PT_plus_Theta,260929,2,1,1,1,0,0,0,0
atlas,HOMFLY_PT_plus_Theta,260994,2,1,1,1,0,0,0,0
atlas,HOMFLY_PT_plus_Theta,261135,2,1,1,1,0,0,0,0
atlas,HOMFLY_PT_plus_Theta,261177,4,6,1,1,0,0,0,0
atlas,HOMFLY_PT_plus_Theta,261222,2,1,1,1,0,0,0,0
atlas,HOMFLY_PT_plus_Theta,261240,2,1,1,1,0,0,0,0
atlas,HOMFLY_PT_plus_Theta,261241,2,1,1,1,0,0,0,0
atlas,HOMFLY_PT_plus_Theta,261308,2,1,1,1,0,0,0,0
atlas,HOMFLY_PT_plus_Theta,261328,2,1,1,1,0,0,0,0
atlas,HOMFLY_PT_plus_Theta,261329,2,1,1,1,0,0,0,0
atlas,HOMFLY_PT_plus_Theta,261371,2,1,1,1,0,0,0,0
atlas,HOMFLY_PT_plus_Theta,261417,2,1,1,1,0,0,0,0
atlas,HOMFLY_PT_plus_Theta,261527,2,1,1,1,0,0,0,0
atlas,HOMFLY_PT_plus_Theta,261557,2,1,1,1,0,0,0,0
atlas,HOMFLY_PT_plus_Theta,261656,2,1,1,1,0,0,0,0
atlas,HOMFLY_PT_plus_Theta,261698,2,1,1,1,0,0,0,0
atlas,HOMFLY_PT_plus_Theta,261731,2,1,1,1,0,0,0,0
atlas,HOMFLY_PT_plus_Theta,261837,2,1,1,1,0,0,0,0
atlas,HOMFLY_PT_plus_Theta,261891,2,1,1,1,0,0,0,0
atlas,HOMFLY_PT_plus_Theta,261906,2,1,1,1,0,0,0,0
atlas,HOMFLY_PT_plus_Theta,261937,2,1,1,1,0,0,0,0
atlas,HOMFLY_PT_plus_Theta,262050,2,1,1,1,0,0,0,0
atlas,HOMFLY_PT_plus_Theta,262063,2,1,1,1,0,0,0,0
atlas,HOMFLY_PT_plus_Theta,262100,2,1,1,1,0,0,0,0
atlas,HOMFLY_PT_plus_Theta,262163,2,1,1,1,0,0,0,0
atlas,HOMFLY_PT_plus_Theta,262374,2,1,1,1,0,0,0,0
atlas,HOMFLY_PT_plus_Theta,262394,2,1,1,1,0,0,0,0
atlas,HOMFLY_PT_plus_Theta,262551,2,1,1,1,0,0,0,0
atlas,HOMFLY_PT_plus_Theta,262561,2,1,1,1,0,0,0,0
atlas,HOMFLY_PT_plus_Theta,262570,2,1,1,1,0,0,0,0
atlas,HOMFLY_PT_plus_Theta,262684,2,1,1,1,0,0,0,0
atlas,HOMFLY_PT_plus_Theta,262961,2,1,1,1,0,0,0,0
atlas,HOMFLY_PT_plus_Theta,262984,2,1,1,1,0,0,0,0
atlas,HOMFLY_PT_plus_Theta,262985,4,6,1,1,0,0,0,0
atlas,HOMFLY_PT_plus_Theta,263063,3,3,1,1,0,0,0,0
atlas,HOMFLY_PT_plus_Theta,263159,2,1,1,1,0,0,0,0
atlas,HOMFLY_PT_plus_Theta,263331,2,1,1,1,0,0,0,0
atlas,HOMFLY_PT_plus_Theta,263560,2,1,1,1,0,0,0,0
atlas,HOMFLY_PT_plus_Theta,263620,2,1,1,1,0,0,0,0
atlas,HOMFLY_PT_plus_Theta,263659,2,1,1,1,0,0,0,0
atlas,HOMFLY_PT_plus_Theta,263710,2,1,1,1,0,0,0,0
atlas,HOMFLY_PT_plus_Theta,263730,2,1,1,1,0,0,0,0
atlas,HOMFLY_PT_plus_Theta,263806,2,1,1,1,0,0,0,0
atlas,HOMFLY_PT_plus_Theta,264093,2,1,1,1,0,0,0,0
atlas,HOMFLY_PT_plus_Theta,264125,2,1,1,1,0,0,0,0
atlas,HOMFLY_PT_plus_Theta,264174,2,1,1,1,0,0,0,0
atlas,HOMFLY_PT_plus_Theta,264187,2,1,1,1,0,0,0,0
atlas,HOMFLY_PT_plus_Theta,264213,2,1,1,1,0,0,0,0
atlas,HOMFLY_PT_plus_Theta,264299,2,1,1,1,0,0,0,0
atlas,HOMFLY_PT_plus_Theta,264370,2,1,1,1,0,0,0,0
atlas,HOMFLY_PT_plus_Theta,264419,2,1,1,1,0,0,0,0
atlas,HOMFLY_PT_plus_Theta,264450,2,1,1,1,0,0,0,0
atlas,HOMFLY_PT_plus_Theta,264453,2,1,1,1,0,0,0,0
atlas,HOMFLY_PT_plus_Theta,264469,2,1,1,1,0,0,0,0
atlas,HOMFLY_PT_plus_Theta,264472,2,1,1,1,0,0,0,0
atlas,HOMFLY_PT_plus_Theta,264524,2,1,1,1,0,0,0,0
atlas,HOMFLY_PT_plus_Theta,264535,2,1,1,1,0,0,0,0
atlas,HOMFLY_PT_plus_Theta,264546,2,1,1,1,0,0,0,0
atlas,HOMFLY_PT_plus_Theta,264550,2,1,1,1,0,0,0,0
atlas,HOMFLY_PT_plus_Theta,264692,4,6,1,1,0,0,0,0
atlas,HOMFLY_PT_plus_Theta,264738,2,1,1,1,0,0,0,0
atlas,HOMFLY_PT_plus_Theta,264745,2,1,1,1,0,0,0,0
atlas,HOMFLY_PT_plus_Theta,264746,2,1,1,1,0,0,0,0
atlas,HOMFLY_PT_plus_Theta,264811,2,1,1,1,0,0,0,0
atlas,HOMFLY_PT_plus_Theta,264817,2,1,1,1,0,0,0,0
atlas,HOMFLY_PT_plus_Theta,264978,2,1,1,1,0,0,0,0
atlas,HOMFLY_PT_plus_Theta,264984,2,1,1,1,0,0,0,0
atlas,HOMFLY_PT_plus_Theta,264991,4,6,1,1,0,0,0,0
atlas,HOMFLY_PT_plus_Theta,265024,2,1,1,1,0,0,0,0
atlas,HOMFLY_PT_plus_Theta,265117,2,1,1,1,0,0,0,0
atlas,HOMFLY_PT_plus_Theta,265135,2,1,1,1,0,0,0,0
atlas,HOMFLY_PT_plus_Theta,265140,2,1,1,1,0,0,0,0
atlas,HOMFLY_PT_plus_Theta,265305,2,1,1,1,0,0,0,0
atlas,HOMFLY_PT_plus_Theta,265354,2,1,1,1,0,0,0,0
atlas,HOMFLY_PT_plus_Theta,265367,2,1,1,1,0,0,0,0
atlas,HOMFLY_PT_plus_Theta,265371,2,1,1,1,0,0,0,0
atlas,HOMFLY_PT_plus_Theta,265387,2,1,1,1,0,0,0,0
atlas,HOMFLY_PT_plus_Theta,265871,2,1,1,1,0,0,0,0
atlas,HOMFLY_PT_plus_Theta,265872,4,6,1,1,0,0,0,0
atlas,HOMFLY_PT_plus_Theta,265877,2,1,1,1,0,0,0,0
atlas,HOMFLY_PT_plus_Theta,265950,2,1,1,1,0,0,0,0
atlas,HOMFLY_PT_plus_Theta,265969,2,1,1,1,0,0,0,0
atlas,HOMFLY_PT_plus_Theta,265973,2,1,1,1,0,0,0,0
atlas,HOMFLY_PT_plus_Theta,266027,2,1,1,1,0,0,0,0
atlas,HOMFLY_PT_plus_Theta,266047,2,1,1,1,0,0,0,0
atlas,HOMFLY_PT_plus_Theta,266061,4,6,1,1,0,0,0,0
atlas,HOMFLY_PT_plus_Theta,266095,2,1,1,1,0,0,0,0
atlas,HOMFLY_PT_plus_Theta,266122,2,1,1,1,0,0,0,0
atlas,HOMFLY_PT_plus_Theta,266165,2,1,1,1,0,0,0,0
atlas,HOMFLY_PT_plus_Theta,266205,2,1,1,1,0,0,0,0
atlas,HOMFLY_PT_plus_Theta,266245,2,1,1,1,0,0,0,0
atlas,HOMFLY_PT_plus_Theta,266312,2,1,1,1,0,0,0,0
atlas,HOMFLY_PT_plus_Theta,266339,2,1,1,1,0,0,0,0
atlas,HOMFLY_PT_plus_Theta,266448,2,1,1,1,0,0,0,0
atlas,HOMFLY_PT_plus_Theta,266453,4,6,1,1,0,0,0,0
atlas,HOMFLY_PT_plus_Theta,266454,2,1,1,1,0,0,0,0
atlas,HOMFLY_PT_plus_Theta,266469,2,1,1,1,0,0,0,0
atlas,HOMFLY_PT_plus_Theta,266484,2,1,1,1,0,0,0,0
atlas,HOMFLY_PT_plus_Theta,266508,2,1,1,1,0,0,0,0
atlas,HOMFLY_PT_plus_Theta,266549,2,1,1,1,0,0,0,0
atlas,HOMFLY_PT_plus_Theta,266550,2,1,1,1,0,0,0,0
atlas,HOMFLY_PT_plus_Theta,266676,2,1,1,1,0,0,0,0
atlas,HOMFLY_PT_plus_Theta,266716,2,1,1,1,0,0,0,0
atlas,HOMFLY_PT_plus_Theta,266813,2,1,1,1,0,0,0,0
atlas,HOMFLY_PT_plus_Theta,266843,2,1,1,1,0,0,0,0
atlas,HOMFLY_PT_plus_Theta,266864,2,1,1,1,0,0,0,0
atlas,HOMFLY_PT_plus_Theta,266898,2,1,1,1,0,0,0,0
atlas,HOMFLY_PT_plus_Theta,266912,2,1,1,1,0,0,0,0
atlas,HOMFLY_PT_plus_Theta,267015,2,1,1,1,0,0,0,0
atlas,HOMFLY_PT_plus_Theta,267069,2,1,1,1,0,0,0,0
atlas,HOMFLY_PT_plus_Theta,267071,2,1,1,1,0,0,0,0
atlas,HOMFLY_PT_plus_Theta,267113,2,1,1,1,0,0,0,0
atlas,HOMFLY_PT_plus_Theta,267115,2,1,1,1,0,0,0,0
atlas,HOMFLY_PT_plus_Theta,267122,2,1,1,1,0,0,0,0
atlas,HOMFLY_PT_plus_Theta,267264,2,1,1,1,0,0,0,0
atlas,HOMFLY_PT_plus_Theta,267313,2,1,1,1,0,0,0,0
atlas,HOMFLY_PT_plus_Theta,267336,2,1,1,1,0,0,0,0
atlas,HOMFLY_PT_plus_Theta,267370,2,1,1,1,0,0,0,0
atlas,HOMFLY_PT_plus_Theta,267397,2,1,1,1,0,0,0,0
atlas,HOMFLY_PT_plus_Theta,267404,2,1,1,1,0,0,0,0
atlas,HOMFLY_PT_plus_Theta,267480,2,1,1,1,0,0,0,0
atlas,HOMFLY_PT_plus_Theta,267630,2,1,1,1,0,0,0,0
atlas,HOMFLY_PT_plus_Theta,267686,2,1,1,1,0,0,0,0
atlas,HOMFLY_PT_plus_Theta,267720,2,1,1,1,0,0,0,0
atlas,HOMFLY_PT_plus_Theta,267758,2,1,1,1,0,0,0,0
atlas,HOMFLY_PT_plus_Theta,267803,2,1,1,1,0,0,0,0
atlas,HOMFLY_PT_plus_Theta,267851,2,1,1,1,0,0,0,0
atlas,HOMFLY_PT_plus_Theta,267868,2,1,1,1,0,0,0,0
atlas,HOMFLY_PT_plus_Theta,267869,2,1,1,1,0,0,0,0
atlas,HOMFLY_PT_plus_Theta,267893,4,6,1,1,0,0,0,0
atlas,HOMFLY_PT_plus_Theta,267900,2,1,1,1,0,0,0,0
atlas,HOMFLY_PT_plus_Theta,267988,2,1,1,1,0,0,0,0
atlas,HOMFLY_PT_plus_Theta,268019,2,1,1,1,0,0,0,0
atlas,HOMFLY_PT_plus_Theta,268036,2,1,1,1,0,0,0,0
atlas,HOMFLY_PT_plus_Theta,268067,2,1,1,1,0,0,0,0
atlas,HOMFLY_PT_plus_Theta,268103,2,1,1,1,0,0,0,0
atlas,HOMFLY_PT_plus_Theta,268142,2,1,1,1,0,0,0,0
atlas,HOMFLY_PT_plus_Theta,268150,2,1,1,1,0,0,0,0
atlas,HOMFLY_PT_plus_Theta,268161,2,1,1,1,0,0,0,0
atlas,HOMFLY_PT_plus_Theta,268170,2,1,1,1,0,0,0,0
atlas,HOMFLY_PT_plus_Theta,268186,2,1,1,1,0,0,0,0
atlas,HOMFLY_PT_plus_Theta,268190,2,1,1,1,0,0,0,0
atlas,HOMFLY_PT_plus_Theta,268194,2,1,1,1,0,0,0,0
atlas,HOMFLY_PT_plus_Theta,268226,2,1,1,1,0,0,0,0
atlas,HOMFLY_PT_plus_Theta,268260,2,1,1,1,0,0,0,0
atlas,HOMFLY_PT_plus_Theta,268261,2,1,1,1,0,0,0,0
atlas,HOMFLY_PT_plus_Theta,268269,2,1,1,1,0,0,0,0
atlas,HOMFLY_PT_plus_Theta,268440,2,1,1,1,0,0,0,0
atlas,HOMFLY_PT_plus_Theta,268475,2,1,1,1,0,0,0,0
atlas,HOMFLY_PT_plus_Theta,268546,2,1,1,1,0,0,0,0
atlas,HOMFLY_PT_plus_Theta,268565,2,1,1,1,0,0,0,0
atlas,HOMFLY_PT_plus_Theta,268590,2,1,1,1,0,0,0,0
atlas,HOMFLY_PT_plus_Theta,268627,2,1,1,1,0,0,0,0
atlas,HOMFLY_PT_plus_Theta,268635,2,1,1,1,0,0,0,0
atlas,HOMFLY_PT_plus_Theta,268663,2,1,1,1,0,0,0,0
atlas,HOMFLY_PT_plus_Theta,268668,2,1,1,1,0,0,0,0
atlas,HOMFLY_PT_plus_Theta,268694,2,1,1,1,0,0,0,0
atlas,HOMFLY_PT_plus_Theta,268740,2,1,1,1,0,0,0,0
atlas,HOMFLY_PT_plus_Theta,268865,2,1,1,1,0,0,0,0
atlas,HOMFLY_PT_plus_Theta,268905,2,1,1,1,0,0,0,0
atlas,HOMFLY_PT_plus_Theta,268932,2,1,1,1,0,0,0,0
atlas,HOMFLY_PT_plus_Theta,268934,2,1,1,1,0,0,0,0
atlas,HOMFLY_PT_plus_Theta,268960,2,1,1,1,0,0,0,0
atlas,HOMFLY_PT_plus_Theta,268981,2,1,1,1,0,0,0,0
atlas,HOMFLY_PT_plus_Theta,269012,2,1,1,1,0,0,0,0
atlas,HOMFLY_PT_plus_Theta,269029,2,1,1,1,0,0,0,0
atlas,HOMFLY_PT_plus_Theta,269030,2,1,1,1,0,0,0,0
atlas,HOMFLY_PT_plus_Theta,269049,2,1,1,1,0,0,0,0
atlas,HOMFLY_PT_plus_Theta,269069,2,1,1,1,0,0,0,0
atlas,HOMFLY_PT_plus_Theta,269096,2,1,1,1,0,0,0,0
atlas,HOMFLY_PT_plus_Theta,269165,2,1,1,1,0,0,0,0
atlas,HOMFLY_PT_plus_Theta,269209,2,1,1,1,0,0,0,0
atlas,HOMFLY_PT_plus_Theta,269272,2,1,1,1,0,0,0,0
atlas,HOMFLY_PT_plus_Theta,269381,2,1,1,1,0,0,0,0
atlas,HOMFLY_PT_plus_Theta,269464,2,1,1,1,0,0,0,0
atlas,HOMFLY_PT_plus_Theta,269585,2,1,1,1,0,0,0,0
atlas,HOMFLY_PT_plus_Theta,269674,2,1,1,1,0,0,0,0
atlas,HOMFLY_PT_plus_Theta,269708,2,1,1,1,0,0,0,0
atlas,HOMFLY_PT_plus_Theta,269719,2,1,1,1,0,0,0,0
atlas,HOMFLY_PT_plus_Theta,269820,2,1,1,1,0,0,0,0
atlas,HOMFLY_PT_plus_Theta,269852,2,1,1,1,0,0,0,0
atlas,HOMFLY_PT_plus_Theta,269857,2,1,1,1,0,0,0,0
atlas,HOMFLY_PT_plus_Theta,270033,2,1,1,1,0,0,0,0
atlas,HOMFLY_PT_plus_Theta,270055,2,1,1,1,0,0,0,0
atlas,HOMFLY_PT_plus_Theta,270056,2,1,1,1,0,0,0,0
atlas,HOMFLY_PT_plus_Theta,270071,2,1,1,1,0,0,0,0
atlas,HOMFLY_PT_plus_Theta,270137,2,1,1,1,0,0,0,0
atlas,HOMFLY_PT_plus_Theta,270196,2,1,1,1,0,0,0,0
atlas,HOMFLY_PT_plus_Theta,270227,2,1,1,1,0,0,0,0
atlas,HOMFLY_PT_plus_Theta,270304,2,1,1,1,0,0,0,0
atlas,HOMFLY_PT_plus_Theta,270338,2,1,1,1,0,0,0,0
atlas,HOMFLY_PT_plus_Theta,270425,2,1,1,1,0,0,0,0
atlas,HOMFLY_PT_plus_Theta,270435,2,1,1,1,0,0,0,0
atlas,HOMFLY_PT_plus_Theta,270449,2,1,1,1,0,0,0,0
atlas,HOMFLY_PT_plus_Theta,270517,3,3,1,1,0,0,0,0
atlas,HOMFLY_PT_plus_Theta,270537,2,1,1,1,0,0,0,0
atlas,HOMFLY_PT_plus_Theta,270587,2,1,1,1,0,0,0,0
atlas,HOMFLY_PT_plus_Theta,270627,2,1,1,1,0,0,0,0
atlas,HOMFLY_PT_plus_Theta,270632,2,1,1,1,0,0,0,0
atlas,HOMFLY_PT_plus_Theta,270688,2,1,1,1,0,0,0,0
atlas,HOMFLY_PT_plus_Theta,270742,2,1,1,1,0,0,0,0
atlas,HOMFLY_PT_plus_Theta,270751,2,1,1,1,0,0,0,0
atlas,HOMFLY_PT_plus_Theta,270837,2,1,1,1,0,0,0,0
atlas,HOMFLY_PT_plus_Theta,270852,2,1,1,1,0,0,0,0
atlas,HOMFLY_PT_plus_Theta,270951,2,1,1,1,0,0,0,0
atlas,HOMFLY_PT_plus_Theta,271060,2,1,1,1,0,0,0,0
atlas,HOMFLY_PT_plus_Theta,271135,2,1,1,1,0,0,0,0
atlas,HOMFLY_PT_plus_Theta,271330,2,1,1,1,0,0,0,0
atlas,HOMFLY_PT_plus_Theta,271350,2,1,1,1,0,0,0,0
atlas,HOMFLY_PT_plus_Theta,271423,2,1,1,1,0,0,0,0
atlas,HOMFLY_PT_plus_Theta,271520,2,1,1,1,0,0,0,0
atlas,HOMFLY_PT_plus_Theta,271522,2,1,1,1,0,0,0,0
atlas,HOMFLY_PT_plus_Theta,271579,2,1,1,1,0,0,0,0
atlas,HOMFLY_PT_plus_Theta,271705,2,1,1,1,0,0,0,0
atlas,HOMFLY_PT_plus_Theta,271709,3,3,1,1,0,0,0,0
atlas,HOMFLY_PT_plus_Theta,271760,2,1,1,1,0,0,0,0
atlas,HOMFLY_PT_plus_Theta,271782,2,1,1,1,0,0,0,0
atlas,HOMFLY_PT_plus_Theta,271814,2,1,1,1,0,0,0,0
atlas,HOMFLY_PT_plus_Theta,271818,2,1,1,1,0,0,0,0
atlas,HOMFLY_PT_plus_Theta,271825,2,1,1,1,0,0,0,0
atlas,HOMFLY_PT_plus_Theta,271826,2,1,1,1,0,0,0,0
atlas,HOMFLY_PT_plus_Theta,271837,2,1,1,1,0,0,0,0
atlas,HOMFLY_PT_plus_Theta,271879,2,1,1,1,0,0,0,0
atlas,HOMFLY_PT_plus_Theta,271881,2,1,1,1,0,0,0,0
atlas,HOMFLY_PT_plus_Theta,271882,2,1,1,1,0,0,0,0
atlas,HOMFLY_PT_plus_Theta,271972,2,1,1,1,0,0,0,0
atlas,HOMFLY_PT_plus_Theta,271978,2,1,1,1,0,0,0,0
atlas,HOMFLY_PT_plus_Theta,272090,2,1,1,1,0,0,0,0
atlas,HOMFLY_PT_plus_Theta,272151,2,1,1,1,0,0,0,0
atlas,HOMFLY_PT_plus_Theta,272177,2,1,1,1,0,0,0,0
atlas,HOMFLY_PT_plus_Theta,272222,2,1,1,1,0,0,0,0
atlas,HOMFLY_PT_plus_Theta,272417,2,1,1,1,0,0,0,0
atlas,HOMFLY_PT_plus_Theta,272422,2,1,1,1,0,0,0,0
atlas,HOMFLY_PT_plus_Theta,272439,2,1,1,1,0,0,0,0
atlas,HOMFLY_PT_plus_Theta,272446,2,1,1,1,0,0,0,0
atlas,HOMFLY_PT_plus_Theta,272489,2,1,1,1,0,0,0,0
atlas,HOMFLY_PT_plus_Theta,272542,2,1,1,1,0,0,0,0
atlas,HOMFLY_PT_plus_Theta,272607,2,1,1,1,0,0,0,0
atlas,HOMFLY_PT_plus_Theta,272608,2,1,1,1,0,0,0,0
atlas,HOMFLY_PT_plus_Theta,272609,2,1,1,1,0,0,0,0
atlas,HOMFLY_PT_plus_Theta,272610,2,1,1,1,0,0,0,0
atlas,HOMFLY_PT_plus_Theta,272622,2,1,1,1,0,0,0,0
atlas,HOMFLY_PT_plus_Theta,272852,2,1,1,1,0,0,0,0
atlas,HOMFLY_PT_plus_Theta,272921,2,1,1,1,0,0,0,0
atlas,HOMFLY_PT_plus_Theta,272922,2,1,1,1,0,0,0,0
atlas,HOMFLY_PT_plus_Theta,273061,2,1,1,1,0,0,0,0
atlas,HOMFLY_PT_plus_Theta,273121,2,1,1,1,0,0,0,0
atlas,HOMFLY_PT_plus_Theta,273179,2,1,1,1,0,0,0,0
atlas,HOMFLY_PT_plus_Theta,273180,2,1,1,1,0,0,0,0
atlas,HOMFLY_PT_plus_Theta,273184,2,1,1,1,0,0,0,0
atlas,HOMFLY_PT_plus_Theta,273409,2,1,1,1,0,0,0,0
atlas,HOMFLY_PT_plus_Theta,273410,4,6,1,1,0,0,0,0
atlas,HOMFLY_PT_plus_Theta,273429,2,1,1,1,0,0,0,0
atlas,HOMFLY_PT_plus_Theta,273476,2,1,1,1,0,0,0,0
atlas,HOMFLY_PT_plus_Theta,273521,2,1,1,1,0,0,0,0
atlas,HOMFLY_PT_plus_Theta,273607,2,1,1,1,0,0,0,0
atlas,HOMFLY_PT_plus_Theta,273641,4,6,1,1,0,0,0,0
atlas,HOMFLY_PT_plus_Theta,273656,2,1,1,1,0,0,0,0
atlas,HOMFLY_PT_plus_Theta,273668,2,1,1,1,0,0,0,0
atlas,HOMFLY_PT_plus_Theta,273880,2,1,1,1,0,0,0,0
atlas,HOMFLY_PT_plus_Theta,273919,2,1,1,1,0,0,0,0
atlas,HOMFLY_PT_plus_Theta,273922,2,1,1,1,0,0,0,0
atlas,HOMFLY_PT_plus_Theta,273942,2,1,1,1,0,0,0,0
atlas,HOMFLY_PT_plus_Theta,274172,2,1,1,1,0,0,0,0
atlas,HOMFLY_PT_plus_Theta,274173,2,1,1,1,0,0,0,0
atlas,HOMFLY_PT_plus_Theta,274335,2,1,1,1,0,0,0,0
atlas,HOMFLY_PT_plus_Theta,274342,2,1,1,1,0,0,0,0
atlas,HOMFLY_PT_plus_Theta,274353,2,1,1,1,0,0,0,0
atlas,HOMFLY_PT_plus_Theta,274363,2,1,1,1,0,0,0,0
atlas,HOMFLY_PT_plus_Theta,274407,2,1,1,1,0,0,0,0
atlas,HOMFLY_PT_plus_Theta,274447,2,1,1,1,0,0,0,0
atlas,HOMFLY_PT_plus_Theta,274471,2,1,1,1,0,0,0,0
atlas,HOMFLY_PT_plus_Theta,274595,2,1,1,1,0,0,0,0
atlas,HOMFLY_PT_plus_Theta,274661,2,1,1,1,0,0,0,0
atlas,HOMFLY_PT_plus_Theta,274707,2,1,1,1,0,0,0,0
atlas,HOMFLY_PT_plus_Theta,274802,2,1,1,1,0,0,0,0
atlas,HOMFLY_PT_plus_Theta,274803,2,1,1,1,0,0,0,0
atlas,HOMFLY_PT_plus_Theta,274836,2,1,1,1,0,0,0,0
atlas,HOMFLY_PT_plus_Theta,274886,2,1,1,1,0,0,0,0
atlas,HOMFLY_PT_plus_Theta,274887,2,1,1,1,0,0,0,0
atlas,HOMFLY_PT_plus_Theta,275012,2,1,1,1,0,0,0,0
atlas,HOMFLY_PT_plus_Theta,275066,2,1,1,1,0,0,0,0
atlas,HOMFLY_PT_plus_Theta,275071,4,6,1,1,0,0,0,0
atlas,HOMFLY_PT_plus_Theta,275109,2,1,1,1,0,0,0,0
atlas,HOMFLY_PT_plus_Theta,275124,3,3,1,1,0,0,0,0
atlas,HOMFLY_PT_plus_Theta,275152,2,1,1,1,0,0,0,0
atlas,HOMFLY_PT_plus_Theta,275160,2,1,1,1,0,0,0,0
atlas,HOMFLY_PT_plus_Theta,275162,2,1,1,1,0,0,0,0
atlas,HOMFLY_PT_plus_Theta,275183,2,1,1,1,0,0,0,0
atlas,HOMFLY_PT_plus_Theta,275221,2,1,1,1,0,0,0,0
atlas,HOMFLY_PT_plus_Theta,275425,2,1,1,1,0,0,0,0
atlas,HOMFLY_PT_plus_Theta,275427,2,1,1,1,0,0,0,0
atlas,HOMFLY_PT_plus_Theta,275431,2,1,1,1,0,0,0,0
atlas,HOMFLY_PT_plus_Theta,275682,2,1,1,1,0,0,0,0
atlas,HOMFLY_PT_plus_Theta,275709,2,1,1,2,0,1,0,1
atlas,HOMFLY_PT_plus_Theta,275716,2,1,1,1,0,0,0,0
atlas,HOMFLY_PT_plus_Theta,275800,2,1,1,1,0,0,0,0
atlas,HOMFLY_PT_plus_Theta,275841,2,1,1,1,0,0,0,0
atlas,HOMFLY_PT_plus_Theta,275856,2,1,1,1,0,0,0,0
atlas,HOMFLY_PT_plus_Theta,275859,2,1,1,1,0,0,0,0
atlas,HOMFLY_PT_plus_Theta,275933,2,1,1,1,0,0,0,0
atlas,HOMFLY_PT_plus_Theta,275935,2,1,1,1,0,0,0,0
atlas,HOMFLY_PT_plus_Theta,275937,2,1,1,1,0,0,0,0
atlas,HOMFLY_PT_plus_Theta,276185,2,1,1,1,0,0,0,0
atlas,HOMFLY_PT_plus_Theta,276191,2,1,1,1,0,0,0,0
atlas,HOMFLY_PT_plus_Theta,276246,2,1,1,1,0,0,0,0
atlas,HOMFLY_PT_plus_Theta,276262,2,1,1,1,0,0,0,0
atlas,HOMFLY_PT_plus_Theta,276290,2,1,1,1,0,0,0,0
atlas,HOMFLY_PT_plus_Theta,276407,2,1,1,1,0,0,0,0
atlas,HOMFLY_PT_plus_Theta,276439,2,1,1,1,0,0,0,0
atlas,HOMFLY_PT_plus_Theta,276540,2,1,1,1,0,0,0,0
atlas,HOMFLY_PT_plus_Theta,276575,2,1,1,1,0,0,0,0
atlas,HOMFLY_PT_plus_Theta,276616,2,1,1,1,0,0,0,0
atlas,HOMFLY_PT_plus_Theta,276641,2,1,1,1,0,0,0,0
atlas,HOMFLY_PT_plus_Theta,276746,2,1,1,1,0,0,0,0
atlas,HOMFLY_PT_plus_Theta,276763,2,1,1,1,0,0,0,0
atlas,HOMFLY_PT_plus_Theta,276767,2,1,1,1,0,0,0,0
atlas,HOMFLY_PT_plus_Theta,276784,2,1,1,1,0,0,0,0
atlas,HOMFLY_PT_plus_Theta,276785,2,1,1,1,0,0,0,0
atlas,HOMFLY_PT_plus_Theta,276822,2,1,1,1,0,0,0,0
atlas,HOMFLY_PT_plus_Theta,276906,2,1,1,1,0,0,0,0
atlas,HOMFLY_PT_plus_Theta,276928,2,1,1,1,0,0,0,0
atlas,HOMFLY_PT_plus_Theta,276935,2,1,1,1,0,0,0,0
atlas,HOMFLY_PT_plus_Theta,276995,2,1,1,1,0,0,0,0
atlas,HOMFLY_PT_plus_Theta,277023,2,1,1,1,0,0,0,0
atlas,HOMFLY_PT_plus_Theta,277231,2,1,1,1,0,0,0,0
atlas,HOMFLY_PT_plus_Theta,277439,2,1,1,1,0,0,0,0
atlas,HOMFLY_PT_plus_Theta,277503,2,1,1,1,0,0,0,0
atlas,HOMFLY_PT_plus_Theta,277536,2,1,1,1,0,0,0,0
atlas,HOMFLY_PT_plus_Theta,277591,2,1,1,1,0,0,0,0
atlas,HOMFLY_PT_plus_Theta,277697,2,1,1,1,0,0,0,0
atlas,HOMFLY_PT_plus_Theta,277730,2,1,1,1,0,0,0,0
atlas,HOMFLY_PT_plus_Theta,277869,2,1,1,1,0,0,0,0
atlas,HOMFLY_PT_plus_Theta,277887,2,1,1,1,0,0,0,0
atlas,HOMFLY_PT_plus_Theta,277968,2,1,1,1,0,0,0,0
atlas,HOMFLY_PT_plus_Theta,278030,2,1,1,1,0,0,0,0
atlas,HOMFLY_PT_plus_Theta,278061,2,1,1,1,0,0,0,0
atlas,HOMFLY_PT_plus_Theta,278113,2,1,1,1,0,0,0,0
atlas,HOMFLY_PT_plus_Theta,278114,2,1,1,1,0,0,0,0
atlas,HOMFLY_PT_plus_Theta,278216,4,6,1,1,0,0,0,0
atlas,HOMFLY_PT_plus_Theta,278261,3,3,1,1,0,0,0,0
atlas,HOMFLY_PT_plus_Theta,278468,2,1,1,1,0,0,0,0
atlas,HOMFLY_PT_plus_Theta,278533,4,6,1,1,0,0,0,0
atlas,HOMFLY_PT_plus_Theta,278567,2,1,1,1,0,0,0,0
atlas,HOMFLY_PT_plus_Theta,278574,2,1,1,1,0,0,0,0
atlas,HOMFLY_PT_plus_Theta,278601,2,1,1,1,0,0,0,0
atlas,HOMFLY_PT_plus_Theta,278608,2,1,1,1,0,0,0,0
atlas,HOMFLY_PT_plus_Theta,278615,2,1,1,1,0,0,0,0
atlas,HOMFLY_PT_plus_Theta,278660,2,1,1,1,0,0,0,0
atlas,HOMFLY_PT_plus_Theta,278752,2,1,1,1,0,0,0,0
atlas,HOMFLY_PT_plus_Theta,278753,2,1,1,1,0,0,0,0
atlas,HOMFLY_PT_plus_Theta,278805,2,1,1,1,0,0,0,0
atlas,HOMFLY_PT_plus_Theta,278870,2,1,1,1,0,0,0,0
atlas,HOMFLY_PT_plus_Theta,278898,2,1,1,1,0,0,0,0
atlas,HOMFLY_PT_plus_Theta,278899,2,1,1,1,0,0,0,0
atlas,HOMFLY_PT_plus_Theta,279094,2,1,1,1,0,0,0,0
atlas,HOMFLY_PT_plus_Theta,279157,2,1,1,1,0,0,0,0
atlas,HOMFLY_PT_plus_Theta,279197,2,1,1,1,0,0,0,0
atlas,HOMFLY_PT_plus_Theta,279198,2,1,1,1,0,0,0,0
atlas,HOMFLY_PT_plus_Theta,279388,2,1,1,1,0,0,0,0
atlas,HOMFLY_PT_plus_Theta,279398,2,1,1,1,0,0,0,0
atlas,HOMFLY_PT_plus_Theta,279468,2,1,1,1,0,0,0,0
atlas,HOMFLY_PT_plus_Theta,279477,2,1,1,1,0,0,0,0
atlas,HOMFLY_PT_plus_Theta,279491,2,1,1,1,0,0,0,0
atlas,HOMFLY_PT_plus_Theta,279528,2,1,1,1,0,0,0,0
atlas,HOMFLY_PT_plus_Theta,279532,2,1,1,1,0,0,0,0
atlas,HOMFLY_PT_plus_Theta,279536,2,1,1,1,0,0,0,0
atlas,HOMFLY_PT_plus_Theta,279700,2,1,1,1,0,0,0,0
atlas,HOMFLY_PT_plus_Theta,279717,2,1,1,1,0,0,0,0
atlas,HOMFLY_PT_plus_Theta,279807,2,1,1,1,0,0,0,0
atlas,HOMFLY_PT_plus_Theta,279815,2,1,1,1,0,0,0,0
atlas,HOMFLY_PT_plus_Theta,279842,2,1,1,1,0,0,0,0
atlas,HOMFLY_PT_plus_Theta,279908,2,1,1,1,0,0,0,0
atlas,HOMFLY_PT_plus_Theta,280051,2,1,1,1,0,0,0,0
atlas,HOMFLY_PT_plus_Theta,280063,2,1,1,1,0,0,0,0
atlas,HOMFLY_PT_plus_Theta,280091,2,1,1,1,0,0,0,0
atlas,HOMFLY_PT_plus_Theta,280117,2,1,1,1,0,0,0,0
atlas,HOMFLY_PT_plus_Theta,280159,2,1,1,1,0,0,0,0
atlas,HOMFLY_PT_plus_Theta,280162,2,1,1,1,0,0,0,0
atlas,HOMFLY_PT_plus_Theta,280202,2,1,1,1,0,0,0,0
atlas,HOMFLY_PT_plus_Theta,280241,2,1,1,1,0,0,0,0
atlas,HOMFLY_PT_plus_Theta,280309,2,1,1,1,0,0,0,0
atlas,HOMFLY_PT_plus_Theta,280319,2,1,1,1,0,0,0,0
atlas,HOMFLY_PT_plus_Theta,280628,3,3,1,1,0,0,0,0
atlas,HOMFLY_PT_plus_Theta,280629,2,1,1,1,0,0,0,0
atlas,HOMFLY_PT_plus_Theta,280654,2,1,1,1,0,0,0,0
atlas,HOMFLY_PT_plus_Theta,280667,2,1,1,1,0,0,0,0
atlas,HOMFLY_PT_plus_Theta,280827,2,1,1,1,0,0,0,0
atlas,HOMFLY_PT_plus_Theta,280860,2,1,1,1,0,0,0,0
atlas,HOMFLY_PT_plus_Theta,280861,4,6,1,1,0,0,0,0
atlas,HOMFLY_PT_plus_Theta,280864,2,1,1,1,0,0,0,0
atlas,HOMFLY_PT_plus_Theta,280913,2,1,1,1,0,0,0,0
atlas,HOMFLY_PT_plus_Theta,281006,2,1,1,1,0,0,0,0
atlas,HOMFLY_PT_plus_Theta,281020,2,1,1,1,0,0,0,0
atlas,HOMFLY_PT_plus_Theta,281027,2,1,1,1,0,0,0,0
atlas,HOMFLY_PT_plus_Theta,281069,2,1,1,1,0,0,0,0
atlas,HOMFLY_PT_plus_Theta,281072,2,1,1,1,0,0,0,0
atlas,HOMFLY_PT_plus_Theta,281099,2,1,1,1,0,0,0,0
atlas,HOMFLY_PT_plus_Theta,281168,2,1,1,1,0,0,0,0
atlas,HOMFLY_PT_plus_Theta,281221,2,1,1,1,0,0,0,0
atlas,HOMFLY_PT_plus_Theta,281223,2,1,1,1,0,0,0,0
atlas,HOMFLY_PT_plus_Theta,281309,2,1,1,1,0,0,0,0
atlas,HOMFLY_PT_plus_Theta,281352,2,1,1,1,0,0,0,0
atlas,HOMFLY_PT_plus_Theta,281355,2,1,1,1,0,0,0,0
atlas,HOMFLY_PT_plus_Theta,281398,2,1,1,1,0,0,0,0
atlas,HOMFLY_PT_plus_Theta,281476,2,1,1,1,0,0,0,0
atlas,HOMFLY_PT_plus_Theta,281488,2,1,1,1,0,0,0,0
atlas,HOMFLY_PT_plus_Theta,281537,2,1,1,1,0,0,0,0
atlas,HOMFLY_PT_plus_Theta,281555,2,1,1,1,0,0,0,0
atlas,HOMFLY_PT_plus_Theta,281645,2,1,1,1,0,0,0,0
atlas,HOMFLY_PT_plus_Theta,281668,2,1,1,1,0,0,0,0
atlas,HOMFLY_PT_plus_Theta,281707,2,1,1,1,0,0,0,0
atlas,HOMFLY_PT_plus_Theta,281712,2,1,1,1,0,0,0,0
atlas,HOMFLY_PT_plus_Theta,281716,2,1,1,1,0,0,0,0
atlas,HOMFLY_PT_plus_Theta,281790,2,1,1,1,0,0,0,0
atlas,HOMFLY_PT_plus_Theta,281796,2,1,1,1,0,0,0,0
atlas,HOMFLY_PT_plus_Theta,281803,2,1,1,1,0,0,0,0
atlas,HOMFLY_PT_plus_Theta,281882,2,1,1,1,0,0,0,0
atlas,HOMFLY_PT_plus_Theta,281929,2,1,1,1,0,0,0,0
atlas,HOMFLY_PT_plus_Theta,281949,2,1,1,1,0,0,0,0
atlas,HOMFLY_PT_plus_Theta,282020,2,1,1,1,0,0,0,0
atlas,HOMFLY_PT_plus_Theta,282156,2,1,1,1,0,0,0,0
atlas,HOMFLY_PT_plus_Theta,282239,2,1,1,1,0,0,0,0
atlas,HOMFLY_PT_plus_Theta,282301,2,1,1,1,0,0,0,0
atlas,HOMFLY_PT_plus_Theta,282352,2,1,1,1,0,0,0,0
atlas,HOMFLY_PT_plus_Theta,282394,2,1,1,1,0,0,0,0
atlas,HOMFLY_PT_plus_Theta,282489,2,1,1,1,0,0,0,0
atlas,HOMFLY_PT_plus_Theta,282685,2,1,1,1,0,0,0,0
atlas,HOMFLY_PT_plus_Theta,282742,2,1,1,1,0,0,0,0
atlas,HOMFLY_PT_plus_Theta,282893,2,1,1,1,0,0,0,0
atlas,HOMFLY_PT_plus_Theta,282894,2,1,1,1,0,0,0,0
atlas,HOMFLY_PT_plus_Theta,282920,2,1,1,1,0,0,0,0
atlas,HOMFLY_PT_plus_Theta,282941,2,1,1,1,0,0,0,0
atlas,HOMFLY_PT_plus_Theta,282944,2,1,1,1,0,0,0,0
atlas,HOMFLY_PT_plus_Theta,282951,2,1,1,1,0,0,0,0
atlas,HOMFLY_PT_plus_Theta,282970,2,1,1,1,0,0,0,0
atlas,HOMFLY_PT_plus_Theta,282971,2,1,1,1,0,0,0,0
atlas,HOMFLY_PT_plus_Theta,283015,2,1,1,1,0,0,0,0
atlas,HOMFLY_PT_plus_Theta,283049,4,6,1,1,0,0,0,0
atlas,HOMFLY_PT_plus_Theta,283070,2,1,1,1,0,0,0,0
atlas,HOMFLY_PT_plus_Theta,283097,4,6,1,1,0,0,0,0
atlas,HOMFLY_PT_plus_Theta,283109,2,1,1,1,0,0,0,0
atlas,HOMFLY_PT_plus_Theta,283221,2,1,1,1,0,0,0,0
atlas,HOMFLY_PT_plus_Theta,283222,2,1,1,1,0,0,0,0
atlas,HOMFLY_PT_plus_Theta,283230,2,1,1,1,0,0,0,0
atlas,HOMFLY_PT_plus_Theta,283236,2,1,1,1,0,0,0,0
atlas,HOMFLY_PT_plus_Theta,283240,2,1,1,1,0,0,0,0
atlas,HOMFLY_PT_plus_Theta,283285,2,1,1,1,0,0,0,0
atlas,HOMFLY_PT_plus_Theta,283300,2,1,1,1,0,0,0,0
atlas,HOMFLY_PT_plus_Theta,283510,5,10,1,1,0,0,0,0
atlas,HOMFLY_PT_plus_Theta,283517,2,1,1,1,0,0,0,0
atlas,HOMFLY_PT_plus_Theta,283527,2,1,1,1,0,0,0,0
atlas,HOMFLY_PT_plus_Theta,283568,2,1,1,1,0,0,0,0
atlas,HOMFLY_PT_plus_Theta,283588,2,1,1,1,0,0,0,0
atlas,HOMFLY_PT_plus_Theta,283794,2,1,1,1,0,0,0,0
atlas,HOMFLY_PT_plus_Theta,283805,2,1,1,1,0,0,0,0
atlas,HOMFLY_PT_plus_Theta,283827,2,1,1,1,0,0,0,0
atlas,HOMFLY_PT_plus_Theta,283884,2,1,1,1,0,0,0,0
atlas,HOMFLY_PT_plus_Theta,283972,2,1,1,1,0,0,0,0
atlas,HOMFLY_PT_plus_Theta,283996,2,1,1,1,0,0,0,0
atlas,HOMFLY_PT_plus_Theta,284025,2,1,1,1,0,0,0,0
atlas,HOMFLY_PT_plus_Theta,284194,2,1,1,1,0,0,0,0
atlas,HOMFLY_PT_plus_Theta,284212,2,1,1,1,0,0,0,0
atlas,HOMFLY_PT_plus_Theta,284215,2,1,1,1,0,0,0,0
atlas,HOMFLY_PT_plus_Theta,284242,2,1,1,1,0,0,0,0
atlas,HOMFLY_PT_plus_Theta,284375,2,1,1,1,0,0,0,0
atlas,HOMFLY_PT_plus_Theta,284389,2,1,1,1,0,0,0,0
atlas,HOMFLY_PT_plus_Theta,284394,2,1,1,1,0,0,0,0
atlas,HOMFLY_PT_plus_Theta,284455,2,1,1,1,0,0,0,0
atlas,HOMFLY_PT_plus_Theta,284625,2,1,1,1,0,0,0,0
atlas,HOMFLY_PT_plus_Theta,284655,2,1,1,1,0,0,0,0
atlas,HOMFLY_PT_plus_Theta,284677,2,1,1,1,0,0,0,0
atlas,HOMFLY_PT_plus_Theta,284712,2,1,1,1,0,0,0,0
atlas,HOMFLY_PT_plus_Theta,284871,2,1,1,1,0,0,0,0
atlas,HOMFLY_PT_plus_Theta,284908,2,1,1,1,0,0,0,0
atlas,HOMFLY_PT_plus_Theta,284932,2,1,1,1,0,0,0,0
atlas,HOMFLY_PT_plus_Theta,284960,2,1,1,1,0,0,0,0
atlas,HOMFLY_PT_plus_Theta,284961,2,1,1,1,0,0,0,0
atlas,HOMFLY_PT_plus_Theta,284989,2,1,1,1,0,0,0,0
atlas,HOMFLY_PT_plus_Theta,285021,2,1,1,1,0,0,0,0
atlas,HOMFLY_PT_plus_Theta,285045,2,1,1,1,0,0,0,0
atlas,HOMFLY_PT_plus_Theta,285063,2,1,1,1,0,0,0,0
atlas,HOMFLY_PT_plus_Theta,285223,2,1,1,1,0,0,0,0
atlas,HOMFLY_PT_plus_Theta,285254,2,1,1,1,0,0,0,0
atlas,HOMFLY_PT_plus_Theta,285270,3,3,1,1,0,0,0,0
atlas,HOMFLY_PT_plus_Theta,285318,2,1,1,1,0,0,0,0
atlas,HOMFLY_PT_plus_Theta,285329,2,1,1,1,0,0,0,0
atlas,HOMFLY_PT_plus_Theta,285421,2,1,1,1,0,0,0,0
atlas,HOMFLY_PT_plus_Theta,285456,2,1,1,1,0,0,0,0
atlas,HOMFLY_PT_plus_Theta,285476,2,1,1,1,0,0,0,0
atlas,HOMFLY_PT_plus_Theta,285502,2,1,1,1,0,0,0,0
atlas,HOMFLY_PT_plus_Theta,285575,2,1,1,1,0,0,0,0
atlas,HOMFLY_PT_plus_Theta,285594,2,1,1,1,0,0,0,0
atlas,HOMFLY_PT_plus_Theta,285615,2,1,1,1,0,0,0,0
atlas,HOMFLY_PT_plus_Theta,285618,2,1,1,1,0,0,0,0
atlas,HOMFLY_PT_plus_Theta,285619,2,1,1,1,0,0,0,0
atlas,HOMFLY_PT_plus_Theta,285713,2,1,1,1,0,0,0,0
atlas,HOMFLY_PT_plus_Theta,285735,2,1,1,1,0,0,0,0
atlas,HOMFLY_PT_plus_Theta,285770,2,1,1,1,0,0,0,0
atlas,HOMFLY_PT_plus_Theta,285824,2,1,1,1,0,0,0,0
atlas,HOMFLY_PT_plus_Theta,285932,2,1,1,1,0,0,0,0
atlas,HOMFLY_PT_plus_Theta,285941,2,1,1,1,0,0,0,0
atlas,HOMFLY_PT_plus_Theta,285965,2,1,1,1,0,0,0,0
atlas,HOMFLY_PT_plus_Theta,286113,2,1,1,1,0,0,0,0
atlas,HOMFLY_PT_plus_Theta,286135,2,1,1,1,0,0,0,0
atlas,HOMFLY_PT_plus_Theta,286219,2,1,1,1,0,0,0,0
atlas,HOMFLY_PT_plus_Theta,286241,2,1,1,1,0,0,0,0
atlas,HOMFLY_PT_plus_Theta,286408,2,1,1,1,0,0,0,0
atlas,HOMFLY_PT_plus_Theta,286502,2,1,1,1,0,0,0,0
atlas,HOMFLY_PT_plus_Theta,286550,2,1,1,1,0,0,0,0
atlas,HOMFLY_PT_plus_Theta,286582,2,1,1,1,0,0,0,0
atlas,HOMFLY_PT_plus_Theta,286607,2,1,1,1,0,0,0,0
atlas,HOMFLY_PT_plus_Theta,286612,2,1,1,1,0,0,0,0
atlas,HOMFLY_PT_plus_Theta,286695,2,1,1,1,0,0,0,0
atlas,HOMFLY_PT_plus_Theta,286715,2,1,1,1,0,0,0,0
atlas,HOMFLY_PT_plus_Theta,286770,2,1,1,1,0,0,0,0
atlas,HOMFLY_PT_plus_Theta,286793,2,1,1,1,0,0,0,0
atlas,HOMFLY_PT_plus_Theta,286942,2,1,1,1,0,0,0,0
atlas,HOMFLY_PT_plus_Theta,286985,2,1,1,1,0,0,0,0
atlas,HOMFLY_PT_plus_Theta,286999,2,1,1,1,0,0,0,0
atlas,HOMFLY_PT_plus_Theta,287054,2,1,1,1,0,0,0,0
atlas,HOMFLY_PT_plus_Theta,287103,2,1,1,1,0,0,0,0
atlas,HOMFLY_PT_plus_Theta,287198,2,1,1,1,0,0,0,0
atlas,HOMFLY_PT_plus_Theta,287209,2,1,1,1,0,0,0,0
atlas,HOMFLY_PT_plus_Theta,287210,2,1,1,1,0,0,0,0
atlas,HOMFLY_PT_plus_Theta,287254,2,1,1,1,0,0,0,0
atlas,HOMFLY_PT_plus_Theta,287300,2,1,1,1,0,0,0,0
atlas,HOMFLY_PT_plus_Theta,287338,2,1,1,1,0,0,0,0
atlas,HOMFLY_PT_plus_Theta,287363,2,1,1,1,0,0,0,0
atlas,HOMFLY_PT_plus_Theta,287413,2,1,1,1,0,0,0,0
atlas,HOMFLY_PT_plus_Theta,287434,2,1,1,1,0,0,0,0
atlas,HOMFLY_PT_plus_Theta,287436,2,1,1,1,0,0,0,0
atlas,HOMFLY_PT_plus_Theta,287489,2,1,1,1,0,0,0,0
atlas,HOMFLY_PT_plus_Theta,287553,2,1,1,1,0,0,0,0
atlas,HOMFLY_PT_plus_Theta,287566,2,1,1,1,0,0,0,0
atlas,HOMFLY_PT_plus_Theta,287567,2,1,1,1,0,0,0,0
atlas,HOMFLY_PT_plus_Theta,287575,2,1,1,1,0,0,0,0
atlas,HOMFLY_PT_plus_Theta,287591,2,1,1,1,0,0,0,0
atlas,HOMFLY_PT_plus_Theta,287592,2,1,1,1,0,0,0,0
atlas,HOMFLY_PT_plus_Theta,287601,2,1,1,1,0,0,0,0
atlas,HOMFLY_PT_plus_Theta,287602,2,1,1,1,0,0,0,0
atlas,HOMFLY_PT_plus_Theta,287623,2,1,1,1,0,0,0,0
atlas,HOMFLY_PT_plus_Theta,287658,2,1,1,1,0,0,0,0
atlas,HOMFLY_PT_plus_Theta,287692,2,1,1,1,0,0,0,0
atlas,HOMFLY_PT_plus_Theta,287699,2,1,1,1,0,0,0,0
atlas,HOMFLY_PT_plus_Theta,287707,2,1,1,1,0,0,0,0
atlas,HOMFLY_PT_plus_Theta,287726,2,1,1,1,0,0,0,0
atlas,HOMFLY_PT_plus_Theta,287743,2,1,1,1,0,0,0,0
atlas,HOMFLY_PT_plus_Theta,287746,2,1,1,1,0,0,0,0
atlas,HOMFLY_PT_plus_Theta,287781,2,1,1,1,0,0,0,0
atlas,HOMFLY_PT_plus_Theta,287835,2,1,1,1,0,0,0,0
atlas,HOMFLY_PT_plus_Theta,287839,2,1,1,1,0,0,0,0
atlas,HOMFLY_PT_plus_Theta,287870,2,1,1,1,0,0,0,0
atlas,HOMFLY_PT_plus_Theta,287905,2,1,1,1,0,0,0,0
atlas,HOMFLY_PT_plus_Theta,288019,2,1,1,1,0,0,0,0
atlas,HOMFLY_PT_plus_Theta,288316,2,1,1,1,0,0,0,0
atlas,HOMFLY_PT_plus_Theta,288344,2,1,1,1,0,0,0,0
atlas,HOMFLY_PT_plus_Theta,288346,2,1,1,1,0,0,0,0
atlas,HOMFLY_PT_plus_Theta,288348,2,1,1,1,0,0,0,0
atlas,HOMFLY_PT_plus_Theta,288429,2,1,1,1,0,0,0,0
atlas,HOMFLY_PT_plus_Theta,288439,2,1,1,1,0,0,0,0
atlas,HOMFLY_PT_plus_Theta,288485,2,1,1,1,0,0,0,0
atlas,HOMFLY_PT_plus_Theta,288521,2,1,1,1,0,0,0,0
atlas,HOMFLY_PT_plus_Theta,288606,5,10,1,1,0,0,0,0
atlas,HOMFLY_PT_plus_Theta,288685,2,1,1,1,0,0,0,0
atlas,HOMFLY_PT_plus_Theta,288721,2,1,1,1,0,0,0,0
atlas,HOMFLY_PT_plus_Theta,288755,2,1,1,1,0,0,0,0
atlas,HOMFLY_PT_plus_Theta,288761,2,1,1,1,0,0,0,0
atlas,HOMFLY_PT_plus_Theta,288762,2,1,1,1,0,0,0,0
atlas,HOMFLY_PT_plus_Theta,288813,2,1,1,1,0,0,0,0
atlas,HOMFLY_PT_plus_Theta,288869,2,1,1,1,0,0,0,0
atlas,HOMFLY_PT_plus_Theta,288966,2,1,1,1,0,0,0,0
atlas,HOMFLY_PT_plus_Theta,288987,2,1,1,1,0,0,0,0
atlas,HOMFLY_PT_plus_Theta,288995,2,1,1,1,0,0,0,0
atlas,HOMFLY_PT_plus_Theta,288996,2,1,1,1,0,0,0,0
atlas,HOMFLY_PT_plus_Theta,289010,2,1,1,1,0,0,0,0
atlas,HOMFLY_PT_plus_Theta,289135,2,1,1,1,0,0,0,0
atlas,HOMFLY_PT_plus_Theta,289159,2,1,1,1,0,0,0,0
atlas,HOMFLY_PT_plus_Theta,289209,2,1,1,1,0,0,0,0
atlas,HOMFLY_PT_plus_Theta,289210,2,1,1,1,0,0,0,0
atlas,HOMFLY_PT_plus_Theta,289273,2,1,1,1,0,0,0,0
atlas,HOMFLY_PT_plus_Theta,289295,2,1,1,1,0,0,0,0
atlas,HOMFLY_PT_plus_Theta,289297,2,1,1,1,0,0,0,0
atlas,HOMFLY_PT_plus_Theta,289347,2,1,1,1,0,0,0,0
atlas,HOMFLY_PT_plus_Theta,289348,2,1,1,1,0,0,0,0
atlas,HOMFLY_PT_plus_Theta,289402,2,1,1,1,0,0,0,0
atlas,HOMFLY_PT_plus_Theta,289749,2,1,1,1,0,0,0,0
atlas,HOMFLY_PT_plus_Theta,289761,2,1,1,1,0,0,0,0
atlas,HOMFLY_PT_plus_Theta,289793,2,1,1,1,0,0,0,0
atlas,HOMFLY_PT_plus_Theta,289819,2,1,1,1,0,0,0,0
atlas,HOMFLY_PT_plus_Theta,289856,2,1,1,1,0,0,0,0
atlas,HOMFLY_PT_plus_Theta,289896,2,1,1,1,0,0,0,0
atlas,HOMFLY_PT_plus_Theta,289960,2,1,1,1,0,0,0,0
atlas,HOMFLY_PT_plus_Theta,289968,2,1,1,1,0,0,0,0
atlas,HOMFLY_PT_plus_Theta,290034,2,1,1,1,0,0,0,0
atlas,HOMFLY_PT_plus_Theta,290063,2,1,1,1,0,0,0,0
atlas,HOMFLY_PT_plus_Theta,290086,2,1,1,1,0,0,0,0
atlas,HOMFLY_PT_plus_Theta,290141,3,3,1,1,0,0,0,0
atlas,HOMFLY_PT_plus_Theta,290157,2,1,1,1,0,0,0,0
atlas,HOMFLY_PT_plus_Theta,290172,2,1,1,1,0,0,0,0
atlas,HOMFLY_PT_plus_Theta,290176,2,1,1,1,0,0,0,0
atlas,HOMFLY_PT_plus_Theta,290211,2,1,1,1,0,0,0,0
atlas,HOMFLY_PT_plus_Theta,290259,2,1,1,1,0,0,0,0
atlas,HOMFLY_PT_plus_Theta,290265,2,1,1,1,0,0,0,0
atlas,HOMFLY_PT_plus_Theta,290330,2,1,1,1,0,0,0,0
atlas,HOMFLY_PT_plus_Theta,290334,2,1,1,1,0,0,0,0
atlas,HOMFLY_PT_plus_Theta,290365,2,1,1,1,0,0,0,0
atlas,HOMFLY_PT_plus_Theta,290375,2,1,1,1,0,0,0,0
atlas,HOMFLY_PT_plus_Theta,290404,2,1,1,1,0,0,0,0
atlas,HOMFLY_PT_plus_Theta,290458,2,1,1,1,0,0,0,0
atlas,HOMFLY_PT_plus_Theta,290482,4,6,1,1,0,0,0,0
atlas,HOMFLY_PT_plus_Theta,290485,2,1,1,1,0,0,0,0
atlas,HOMFLY_PT_plus_Theta,290631,2,1,1,1,0,0,0,0
atlas,HOMFLY_PT_plus_Theta,290632,4,6,1,1,0,0,0,0
atlas,HOMFLY_PT_plus_Theta,290633,2,1,1,1,0,0,0,0
atlas,HOMFLY_PT_plus_Theta,290651,2,1,1,1,0,0,0,0
atlas,HOMFLY_PT_plus_Theta,290665,2,1,1,1,0,0,0,0
atlas,HOMFLY_PT_plus_Theta,290682,2,1,1,1,0,0,0,0
atlas,HOMFLY_PT_plus_Theta,290689,2,1,1,1,0,0,0,0
atlas,HOMFLY_PT_plus_Theta,290767,2,1,1,1,0,0,0,0
atlas,HOMFLY_PT_plus_Theta,290804,2,1,1,1,0,0,0,0
atlas,HOMFLY_PT_plus_Theta,290955,2,1,1,1,0,0,0,0
atlas,HOMFLY_PT_plus_Theta,291071,2,1,1,1,0,0,0,0
atlas,HOMFLY_PT_plus_Theta,291232,2,1,1,1,0,0,0,0
atlas,HOMFLY_PT_plus_Theta,291247,2,1,1,1,0,0,0,0
atlas,HOMFLY_PT_plus_Theta,291316,2,1,1,1,0,0,0,0
atlas,HOMFLY_PT_plus_Theta,291451,2,1,1,1,0,0,0,0
atlas,HOMFLY_PT_plus_Theta,291528,2,1,1,1,0,0,0,0
atlas,HOMFLY_PT_plus_Theta,291546,2,1,1,1,0,0,0,0
atlas,HOMFLY_PT_plus_Theta,291560,2,1,1,1,0,0,0,0
atlas,HOMFLY_PT_plus_Theta,291561,2,1,1,1,0,0,0,0
atlas,HOMFLY_PT_plus_Theta,291850,2,1,1,1,0,0,0,0
atlas,HOMFLY_PT_plus_Theta,291884,2,1,1,1,0,0,0,0
atlas,HOMFLY_PT_plus_Theta,291899,2,1,1,1,0,0,0,0
atlas,HOMFLY_PT_plus_Theta,291900,2,1,1,1,0,0,0,0
atlas,HOMFLY_PT_plus_Theta,291928,2,1,1,1,0,0,0,0
atlas,HOMFLY_PT_plus_Theta,291959,2,1,1,1,0,0,0,0
atlas,HOMFLY_PT_plus_Theta,292075,2,1,1,1,0,0,0,0
atlas,HOMFLY_PT_plus_Theta,292093,2,1,1,1,0,0,0,0
atlas,HOMFLY_PT_plus_Theta,292164,2,1,1,1,0,0,0,0
atlas,HOMFLY_PT_plus_Theta,292296,2,1,1,1,0,0,0,0
atlas,HOMFLY_PT_plus_Theta,292358,2,1,1,1,0,0,0,0
atlas,HOMFLY_PT_plus_Theta,292361,2,1,1,1,0,0,0,0
atlas,HOMFLY_PT_plus_Theta,292364,2,1,1,1,0,0,0,0
atlas,HOMFLY_PT_plus_Theta,292500,2,1,1,1,0,0,0,0
atlas,HOMFLY_PT_plus_Theta,292526,2,1,1,1,0,0,0,0
atlas,HOMFLY_PT_plus_Theta,292528,2,1,1,1,0,0,0,0
atlas,HOMFLY_PT_plus_Theta,292704,2,1,1,1,0,0,0,0
atlas,HOMFLY_PT_plus_Theta,292720,2,1,1,1,0,0,0,0
atlas,HOMFLY_PT_plus_Theta,292726,2,1,1,1,0,0,0,0
atlas,HOMFLY_PT_plus_Theta,292747,2,1,1,1,0,0,0,0
atlas,HOMFLY_PT_plus_Theta,292791,2,1,1,1,0,0,0,0
atlas,HOMFLY_PT_plus_Theta,292803,2,1,1,1,0,0,0,0
atlas,HOMFLY_PT_plus_Theta,292973,2,1,1,1,0,0,0,0
atlas,HOMFLY_PT_plus_Theta,293073,2,1,1,1,0,0,0,0
atlas,HOMFLY_PT_plus_Theta,293186,2,1,1,1,0,0,0,0
atlas,HOMFLY_PT_plus_Theta,293319,2,1,1,1,0,0,0,0
atlas,HOMFLY_PT_plus_Theta,293320,2,1,1,1,0,0,0,0
atlas,HOMFLY_PT_plus_Theta,293522,2,1,1,1,0,0,0,0
atlas,HOMFLY_PT_plus_Theta,293526,2,1,1,1,0,0,0,0
atlas,HOMFLY_PT_plus_Theta,293527,2,1,1,1,0,0,0,0
atlas,HOMFLY_PT_plus_Theta,293711,2,1,1,1,0,0,0,0
atlas,HOMFLY_PT_plus_Theta,293713,2,1,1,1,0,0,0,0
atlas,HOMFLY_PT_plus_Theta,293810,2,1,1,1,0,0,0,0
atlas,HOMFLY_PT_plus_Theta,293816,2,1,1,1,0,0,0,0
atlas,HOMFLY_PT_plus_Theta,293864,2,1,1,1,0,0,0,0
atlas,HOMFLY_PT_plus_Theta,293915,2,1,1,1,0,0,0,0
atlas,HOMFLY_PT_plus_Theta,293923,2,1,1,1,0,0,0,0
atlas,HOMFLY_PT_plus_Theta,293924,2,1,1,1,0,0,0,0
atlas,HOMFLY_PT_plus_Theta,293959,2,1,1,1,0,0,0,0
atlas,HOMFLY_PT_plus_Theta,293972,2,1,1,1,0,0,0,0
atlas,HOMFLY_PT_plus_Theta,294032,2,1,1,1,0,0,0,0
atlas,HOMFLY_PT_plus_Theta,294039,4,6,1,1,0,0,0,0
atlas,HOMFLY_PT_plus_Theta,294070,2,1,1,1,0,0,0,0
atlas,HOMFLY_PT_plus_Theta,294089,2,1,1,1,0,0,0,0
atlas,HOMFLY_PT_plus_Theta,294102,2,1,1,1,0,0,0,0
atlas,HOMFLY_PT_plus_Theta,294107,2,1,1,1,0,0,0,0
atlas,HOMFLY_PT_plus_Theta,294148,2,1,1,1,0,0,0,0
atlas,HOMFLY_PT_plus_Theta,294197,2,1,1,1,0,0,0,0
atlas,HOMFLY_PT_plus_Theta,294198,4,6,1,1,0,0,0,0
atlas,HOMFLY_PT_plus_Theta,294199,2,1,1,1,0,0,0,0
atlas,HOMFLY_PT_plus_Theta,294200,2,1,1,1,0,0,0,0
atlas,HOMFLY_PT_plus_Theta,294291,2,1,1,1,0,0,0,0
atlas,HOMFLY_PT_plus_Theta,294304,2,1,1,1,0,0,0,0
atlas,HOMFLY_PT_plus_Theta,294308,2,1,1,1,0,0,0,0
atlas,HOMFLY_PT_plus_Theta,294349,2,1,1,1,0,0,0,0
atlas,HOMFLY_PT_plus_Theta,294414,2,1,1,1,0,0,0,0
atlas,HOMFLY_PT_plus_Theta,294618,2,1,1,1,0,0,0,0
atlas,HOMFLY_PT_plus_Theta,294642,2,1,1,1,0,0,0,0
atlas,HOMFLY_PT_plus_Theta,294769,2,1,1,1,0,0,0,0
atlas,HOMFLY_PT_plus_Theta,294807,2,1,1,1,0,0,0,0
atlas,HOMFLY_PT_plus_Theta,294830,2,1,1,1,0,0,0,0
atlas,HOMFLY_PT_plus_Theta,295012,2,1,1,1,0,0,0,0
atlas,HOMFLY_PT_plus_Theta,295025,2,1,1,1,0,0,0,0
atlas,HOMFLY_PT_plus_Theta,295055,2,1,1,1,0,0,0,0
atlas,HOMFLY_PT_plus_Theta,295061,2,1,1,1,0,0,0,0
atlas,HOMFLY_PT_plus_Theta,295062,2,1,1,1,0,0,0,0
atlas,HOMFLY_PT_plus_Theta,295081,2,1,1,1,0,0,0,0
atlas,HOMFLY_PT_plus_Theta,295220,2,1,1,1,0,0,0,0
atlas,HOMFLY_PT_plus_Theta,295221,2,1,1,1,0,0,0,0
atlas,HOMFLY_PT_plus_Theta,295309,2,1,1,1,0,0,0,0
atlas,HOMFLY_PT_plus_Theta,295360,2,1,1,1,0,0,0,0
atlas,HOMFLY_PT_plus_Theta,295431,2,1,1,1,0,0,0,0
atlas,HOMFLY_PT_plus_Theta,295432,2,1,1,1,0,0,0,0
atlas,HOMFLY_PT_plus_Theta,295480,2,1,1,1,0,0,0,0
atlas,HOMFLY_PT_plus_Theta,295547,2,1,1,1,0,0,0,0
atlas,HOMFLY_PT_plus_Theta,295620,2,1,1,1,0,0,0,0
atlas,HOMFLY_PT_plus_Theta,295784,2,1,1,1,0,0,0,0
atlas,HOMFLY_PT_plus_Theta,295827,2,1,1,1,0,0,0,0
atlas,HOMFLY_PT_plus_Theta,296086,2,1,1,1,0,0,0,0
atlas,HOMFLY_PT_plus_Theta,296120,2,1,1,1,0,0,0,0
atlas,HOMFLY_PT_plus_Theta,296122,2,1,1,1,0,0,0,0
atlas,HOMFLY_PT_plus_Theta,296230,2,1,1,1,0,0,0,0
atlas,HOMFLY_PT_plus_Theta,296336,2,1,1,1,0,0,0,0
atlas,HOMFLY_PT_plus_Theta,296360,2,1,1,1,0,0,0,0
atlas,HOMFLY_PT_plus_Theta,296365,2,1,1,1,0,0,0,0
atlas,HOMFLY_PT_plus_Theta,296397,2,1,1,1,0,0,0,0
atlas,HOMFLY_PT_plus_Theta,296415,2,1,1,1,0,0,0,0
atlas,HOMFLY_PT_plus_Theta,296474,2,1,1,1,0,0,0,0
atlas,HOMFLY_PT_plus_Theta,296477,4,6,1,1,0,0,0,0
atlas,HOMFLY_PT_plus_Theta,296482,2,1,1,1,0,0,0,0
atlas,HOMFLY_PT_plus_Theta,296504,2,1,1,1,0,0,0,0
atlas,HOMFLY_PT_plus_Theta,296587,2,1,1,1,0,0,0,0
atlas,HOMFLY_PT_plus_Theta,296674,2,1,1,1,0,0,0,0
atlas,HOMFLY_PT_plus_Theta,296708,2,1,1,1,0,0,0,0
atlas,HOMFLY_PT_plus_Theta,296901,4,6,1,1,0,0,0,0
atlas,HOMFLY_PT_plus_Theta,296903,2,1,1,1,0,0,0,0
atlas,HOMFLY_PT_plus_Theta,296911,2,1,1,1,0,0,0,0
atlas,HOMFLY_PT_plus_Theta,296945,2,1,1,1,0,0,0,0
atlas,HOMFLY_PT_plus_Theta,296955,2,1,1,1,0,0,0,0
atlas,HOMFLY_PT_plus_Theta,296992,2,1,1,1,0,0,0,0
atlas,HOMFLY_PT_plus_Theta,296994,2,1,1,1,0,0,0,0
atlas,HOMFLY_PT_plus_Theta,297029,2,1,1,1,0,0,0,0
atlas,HOMFLY_PT_plus_Theta,297030,2,1,1,1,0,0,0,0
atlas,HOMFLY_PT_plus_Theta,297077,2,1,1,1,0,0,0,0
atlas,HOMFLY_PT_plus_Theta,297180,2,1,1,1,0,0,0,0
atlas,HOMFLY_PT_plus_Theta,297185,2,1,1,1,0,0,0,0
atlas,HOMFLY_PT_plus_Theta,297195,2,1,1,1,0,0,0,0
atlas,HOMFLY_PT_plus_Theta,297220,2,1,1,1,0,0,0,0
atlas,HOMFLY_PT_plus_Theta,297340,2,1,1,1,0,0,0,0
atlas,HOMFLY_PT_plus_Theta,297363,2,1,1,1,0,0,0,0
atlas,HOMFLY_PT_plus_Theta,297364,2,1,1,1,0,0,0,0
atlas,HOMFLY_PT_plus_Theta,297384,2,1,1,1,0,0,0,0
atlas,HOMFLY_PT_plus_Theta,297385,2,1,1,1,0,0,0,0
atlas,HOMFLY_PT_plus_Theta,297432,2,1,1,1,0,0,0,0
atlas,HOMFLY_PT_plus_Theta,297553,2,1,1,1,0,0,0,0
atlas,HOMFLY_PT_plus_Theta,297609,2,1,1,1,0,0,0,0
atlas,HOMFLY_PT_plus_Theta,297628,2,1,1,1,0,0,0,0
atlas,HOMFLY_PT_plus_Theta,297691,2,1,1,1,0,0,0,0
atlas,HOMFLY_PT_plus_Theta,297875,2,1,1,1,0,0,0,0
atlas,HOMFLY_PT_plus_Theta,297888,2,1,1,1,0,0,0,0
atlas,HOMFLY_PT_plus_Theta,298003,2,1,1,1,0,0,0,0
atlas,HOMFLY_PT_plus_Theta,298082,2,1,1,1,0,0,0,0
atlas,HOMFLY_PT_plus_Theta,298085,2,1,1,1,0,0,0,0
atlas,HOMFLY_PT_plus_Theta,298155,2,1,1,1,0,0,0,0
atlas,HOMFLY_PT_plus_Theta,298164,2,1,1,1,0,0,0,0
atlas,HOMFLY_PT_plus_Theta,298205,2,1,1,1,0,0,0,0
atlas,HOMFLY_PT_plus_Theta,298224,2,1,1,1,0,0,0,0
atlas,HOMFLY_PT_plus_Theta,298225,2,1,1,1,0,0,0,0
atlas,HOMFLY_PT_plus_Theta,298385,2,1,1,1,0,0,0,0
atlas,HOMFLY_PT_plus_Theta,298408,2,1,1,1,0,0,0,0
atlas,HOMFLY_PT_plus_Theta,298447,2,1,1,1,0,0,0,0
atlas,HOMFLY_PT_plus_Theta,298457,2,1,1,1,0,0,0,0
atlas,HOMFLY_PT_plus_Theta,298458,2,1,1,1,0,0,0,0
atlas,HOMFLY_PT_plus_Theta,298614,2,1,1,1,0,0,0,0
atlas,HOMFLY_PT_plus_Theta,298673,2,1,1,1,0,0,0,0
atlas,HOMFLY_PT_plus_Theta,298747,2,1,1,1,0,0,0,0
atlas,HOMFLY_PT_plus_Theta,298817,2,1,1,1,0,0,0,0
atlas,HOMFLY_PT_plus_Theta,298832,2,1,1,1,0,0,0,0
atlas,HOMFLY_PT_plus_Theta,298839,2,1,1,1,0,0,0,0
atlas,HOMFLY_PT_plus_Theta,298844,2,1,1,1,0,0,0,0
atlas,HOMFLY_PT_plus_Theta,298915,2,1,1,1,0,0,0,0
atlas,HOMFLY_PT_plus_Theta,298918,2,1,1,1,0,0,0,0
atlas,HOMFLY_PT_plus_Theta,298956,2,1,1,1,0,0,0,0
atlas,HOMFLY_PT_plus_Theta,298957,2,1,1,1,0,0,0,0
atlas,HOMFLY_PT_plus_Theta,299015,2,1,1,1,0,0,0,0
atlas,HOMFLY_PT_plus_Theta,299041,2,1,1,1,0,0,0,0
atlas,HOMFLY_PT_plus_Theta,299104,2,1,1,1,0,0,0,0
atlas,HOMFLY_PT_plus_Theta,299181,2,1,1,1,0,0,0,0
atlas,HOMFLY_PT_plus_Theta,299207,2,1,1,1,0,0,0,0
atlas,HOMFLY_PT_plus_Theta,299220,2,1,1,1,0,0,0,0
atlas,HOMFLY_PT_plus_Theta,299267,2,1,1,1,0,0,0,0
atlas,HOMFLY_PT_plus_Theta,299294,2,1,1,1,0,0,0,0
atlas,HOMFLY_PT_plus_Theta,299401,2,1,1,1,0,0,0,0
atlas,HOMFLY_PT_plus_Theta,299475,2,1,1,1,0,0,0,0
atlas,HOMFLY_PT_plus_Theta,299518,2,1,1,1,0,0,0,0
atlas,HOMFLY_PT_plus_Theta,299561,4,6,1,1,0,0,0,0
atlas,HOMFLY_PT_plus_Theta,299578,2,1,1,1,0,0,0,0
atlas,HOMFLY_PT_plus_Theta,299581,4,6,1,1,0,0,0,0
atlas,HOMFLY_PT_plus_Theta,299621,2,1,1,1,0,0,0,0
atlas,HOMFLY_PT_plus_Theta,299786,2,1,1,1,0,0,0,0
atlas,HOMFLY_PT_plus_Theta,299924,2,1,1,1,0,0,0,0
atlas,HOMFLY_PT_plus_Theta,299925,2,1,1,1,0,0,0,0
atlas,HOMFLY_PT_plus_Theta,299943,2,1,1,1,0,0,0,0
atlas,HOMFLY_PT_plus_Theta,299958,2,1,1,1,0,0,0,0
atlas,HOMFLY_PT_plus_Theta,299972,2,1,1,1,0,0,0,0
atlas,HOMFLY_PT_plus_Theta,299982,2,1,1,1,0,0,0,0
atlas,HOMFLY_PT_plus_Theta,300005,2,1,1,1,0,0,0,0
atlas,HOMFLY_PT_plus_Theta,300019,2,1,1,1,0,0,0,0
atlas,HOMFLY_PT_plus_Theta,300039,2,1,1,1,0,0,0,0
atlas,HOMFLY_PT_plus_Theta,300051,2,1,1,1,0,0,0,0
atlas,HOMFLY_PT_plus_Theta,300182,2,1,1,1,0,0,0,0
atlas,HOMFLY_PT_plus_Theta,300231,2,1,1,1,0,0,0,0
atlas,HOMFLY_PT_plus_Theta,300332,2,1,1,1,0,0,0,0
atlas,HOMFLY_PT_plus_Theta,300337,2,1,1,1,0,0,0,0
atlas,HOMFLY_PT_plus_Theta,300417,2,1,1,1,0,0,0,0
atlas,HOMFLY_PT_plus_Theta,300428,2,1,1,1,0,0,0,0
atlas,HOMFLY_PT_plus_Theta,300456,2,1,1,1,0,0,0,0
atlas,HOMFLY_PT_plus_Theta,300659,2,1,1,1,0,0,0,0
atlas,HOMFLY_PT_plus_Theta,300708,2,1,1,1,0,0,0,0
atlas,HOMFLY_PT_plus_Theta,300907,2,1,1,1,0,0,0,0
atlas,HOMFLY_PT_plus_Theta,300968,2,1,1,1,0,0,0,0
atlas,HOMFLY_PT_plus_Theta,301036,2,1,1,1,0,0,0,0
atlas,HOMFLY_PT_plus_Theta,301109,2,1,1,1,0,0,0,0
atlas,HOMFLY_PT_plus_Theta,301132,2,1,1,1,0,0,0,0
atlas,HOMFLY_PT_plus_Theta,301156,2,1,1,1,0,0,0,0
atlas,HOMFLY_PT_plus_Theta,301158,2,1,1,1,0,0,0,0
atlas,HOMFLY_PT_plus_Theta,301351,2,1,1,1,0,0,0,0
atlas,HOMFLY_PT_plus_Theta,301411,2,1,1,1,0,0,0,0
atlas,HOMFLY_PT_plus_Theta,301416,2,1,1,1,0,0,0,0
atlas,HOMFLY_PT_plus_Theta,301426,2,1,1,1,0,0,0,0
atlas,HOMFLY_PT_plus_Theta,301456,2,1,1,1,0,0,0,0
atlas,HOMFLY_PT_plus_Theta,301462,2,1,1,1,0,0,0,0
atlas,HOMFLY_PT_plus_Theta,301513,2,1,1,1,0,0,0,0
atlas,HOMFLY_PT_plus_Theta,301566,2,1,1,1,0,0,0,0
atlas,HOMFLY_PT_plus_Theta,301569,2,1,1,1,0,0,0,0
atlas,HOMFLY_PT_plus_Theta,301574,2,1,1,1,0,0,0,0
atlas,HOMFLY_PT_plus_Theta,301623,2,1,1,1,0,0,0,0
atlas,HOMFLY_PT_plus_Theta,301690,2,1,1,1,0,0,0,0
atlas,HOMFLY_PT_plus_Theta,301691,2,1,1,1,0,0,0,0
atlas,HOMFLY_PT_plus_Theta,301692,2,1,1,1,0,0,0,0
atlas,HOMFLY_PT_plus_Theta,301781,2,1,1,1,0,0,0,0
atlas,HOMFLY_PT_plus_Theta,301798,2,1,1,1,0,0,0,0
atlas,HOMFLY_PT_plus_Theta,301928,2,1,1,1,0,0,0,0
atlas,HOMFLY_PT_plus_Theta,301942,2,1,1,1,0,0,0,0
atlas,HOMFLY_PT_plus_Theta,302046,2,1,1,1,0,0,0,0
atlas,HOMFLY_PT_plus_Theta,302402,2,1,1,1,0,0,0,0
atlas,HOMFLY_PT_plus_Theta,302403,2,1,1,1,0,0,0,0
atlas,HOMFLY_PT_plus_Theta,302442,4,6,1,1,0,0,0,0
atlas,HOMFLY_PT_plus_Theta,302444,4,6,1,1,0,0,0,0
atlas,HOMFLY_PT_plus_Theta,302507,2,1,1,1,0,0,0,0
atlas,HOMFLY_PT_plus_Theta,302528,2,1,1,1,0,0,0,0
atlas,HOMFLY_PT_plus_Theta,302710,2,1,1,1,0,0,0,0
atlas,HOMFLY_PT_plus_Theta,302712,2,1,1,1,0,0,0,0
atlas,HOMFLY_PT_plus_Theta,302716,2,1,1,1,0,0,0,0
atlas,HOMFLY_PT_plus_Theta,302737,2,1,1,1,0,0,0,0
atlas,HOMFLY_PT_plus_Theta,302824,2,1,1,1,0,0,0,0
atlas,HOMFLY_PT_plus_Theta,302869,2,1,1,1,0,0,0,0
atlas,HOMFLY_PT_plus_Theta,302898,2,1,1,1,0,0,0,0
atlas,HOMFLY_PT_plus_Theta,302920,2,1,1,1,0,0,0,0
atlas,HOMFLY_PT_plus_Theta,302953,2,1,1,1,0,0,0,0
atlas,HOMFLY_PT_plus_Theta,302998,2,1,1,1,0,0,0,0
atlas,HOMFLY_PT_plus_Theta,303092,2,1,1,1,0,0,0,0
atlas,HOMFLY_PT_plus_Theta,303095,2,1,1,1,0,0,0,0
atlas,HOMFLY_PT_plus_Theta,303223,2,1,1,1,0,0,0,0
atlas,HOMFLY_PT_plus_Theta,303270,2,1,1,1,0,0,0,0
atlas,HOMFLY_PT_plus_Theta,303289,2,1,1,1,0,0,0,0
atlas,HOMFLY_PT_plus_Theta,303314,2,1,1,1,0,0,0,0
atlas,HOMFLY_PT_plus_Theta,303343,2,1,1,1,0,0,0,0
atlas,HOMFLY_PT_plus_Theta,303392,2,1,1,1,0,0,0,0
atlas,HOMFLY_PT_plus_Theta,303457,2,1,1,1,0,0,0,0
atlas,HOMFLY_PT_plus_Theta,303495,2,1,1,1,0,0,0,0
atlas,HOMFLY_PT_plus_Theta,303543,2,1,1,1,0,0,0,0
atlas,HOMFLY_PT_plus_Theta,303570,2,1,1,1,0,0,0,0
atlas,HOMFLY_PT_plus_Theta,303581,2,1,1,1,0,0,0,0
atlas,HOMFLY_PT_plus_Theta,303632,2,1,1,1,0,0,0,0
atlas,HOMFLY_PT_plus_Theta,303652,2,1,1,1,0,0,0,0
atlas,HOMFLY_PT_plus_Theta,303685,2,1,1,1,0,0,0,0
atlas,HOMFLY_PT_plus_Theta,303686,2,1,1,1,0,0,0,0
atlas,HOMFLY_PT_plus_Theta,303736,2,1,1,1,0,0,0,0
atlas,HOMFLY_PT_plus_Theta,303768,2,1,1,1,0,0,0,0
atlas,HOMFLY_PT_plus_Theta,303782,2,1,1,1,0,0,0,0
atlas,HOMFLY_PT_plus_Theta,303954,2,1,1,1,0,0,0,0
atlas,HOMFLY_PT_plus_Theta,304018,2,1,1,1,0,0,0,0
atlas,HOMFLY_PT_plus_Theta,304026,2,1,1,1,0,0,0,0
atlas,HOMFLY_PT_plus_Theta,304135,2,1,1,1,0,0,0,0
atlas,HOMFLY_PT_plus_Theta,304162,2,1,1,1,0,0,0,0
atlas,HOMFLY_PT_plus_Theta,304213,2,1,1,1,0,0,0,0
atlas,HOMFLY_PT_plus_Theta,304300,2,1,1,1,0,0,0,0
atlas,HOMFLY_PT_plus_Theta,304301,4,6,1,1,0,0,0,0
atlas,HOMFLY_PT_plus_Theta,304354,2,1,1,1,0,0,0,0
atlas,HOMFLY_PT_plus_Theta,304387,2,1,1,1,0,0,0,0
atlas,HOMFLY_PT_plus_Theta,304521,2,1,1,1,0,0,0,0
atlas,HOMFLY_PT_plus_Theta,304559,2,1,1,1,0,0,0,0
atlas,HOMFLY_PT_plus_Theta,304594,2,1,1,1,0,0,0,0
atlas,HOMFLY_PT_plus_Theta,304721,2,1,1,1,0,0,0,0
atlas,HOMFLY_PT_plus_Theta,304722,2,1,1,1,0,0,0,0
atlas,HOMFLY_PT_plus_Theta,304801,2,1,1,1,0,0,0,0
atlas,HOMFLY_PT_plus_Theta,304806,2,1,1,1,0,0,0,0
atlas,HOMFLY_PT_plus_Theta,304931,4,6,1,1,0,0,0,0
atlas,HOMFLY_PT_plus_Theta,304986,2,1,1,1,0,0,0,0
atlas,HOMFLY_PT_plus_Theta,305055,2,1,1,1,0,0,0,0
atlas,HOMFLY_PT_plus_Theta,305116,2,1,1,1,0,0,0,0
atlas,HOMFLY_PT_plus_Theta,305279,2,1,1,1,0,0,0,0
atlas,HOMFLY_PT_plus_Theta,305354,5,10,1,1,0,0,0,0
atlas,HOMFLY_PT_plus_Theta,305391,2,1,1,1,0,0,0,0
atlas,HOMFLY_PT_plus_Theta,305489,2,1,1,1,0,0,0,0
atlas,HOMFLY_PT_plus_Theta,305568,2,1,1,1,0,0,0,0
atlas,HOMFLY_PT_plus_Theta,305602,2,1,1,1,0,0,0,0
atlas,HOMFLY_PT_plus_Theta,305658,2,1,1,1,0,0,0,0
atlas,HOMFLY_PT_plus_Theta,305869,2,1,1,1,0,0,0,0
atlas,HOMFLY_PT_plus_Theta,305878,2,1,1,1,0,0,0,0
atlas,HOMFLY_PT_plus_Theta,305899,2,1,1,1,0,0,0,0
atlas,HOMFLY_PT_plus_Theta,305915,2,1,1,1,0,0,0,0
atlas,HOMFLY_PT_plus_Theta,305989,2,1,1,1,0,0,0,0
atlas,HOMFLY_PT_plus_Theta,305994,2,1,1,1,0,0,0,0
atlas,HOMFLY_PT_plus_Theta,306077,2,1,1,1,0,0,0,0
atlas,HOMFLY_PT_plus_Theta,306177,2,1,1,1,0,0,0,0
atlas,HOMFLY_PT_plus_Theta,306226,2,1,1,1,0,0,0,0
atlas,HOMFLY_PT_plus_Theta,306237,2,1,1,1,0,0,0,0
atlas,HOMFLY_PT_plus_Theta,306250,2,1,1,1,0,0,0,0
atlas,HOMFLY_PT_plus_Theta,306334,2,1,1,1,0,0,0,0
atlas,HOMFLY_PT_plus_Theta,306359,2,1,1,1,0,0,0,0
atlas,HOMFLY_PT_plus_Theta,306377,2,1,1,1,0,0,0,0
atlas,HOMFLY_PT_plus_Theta,306397,2,1,1,1,0,0,0,0
atlas,HOMFLY_PT_plus_Theta,306404,2,1,1,1,0,0,0,0
atlas,HOMFLY_PT_plus_Theta,306551,2,1,1,1,0,0,0,0
atlas,HOMFLY_PT_plus_Theta,306567,2,1,1,1,0,0,0,0
atlas,HOMFLY_PT_plus_Theta,306569,2,1,1,1,0,0,0,0
atlas,HOMFLY_PT_plus_Theta,306607,2,1,1,1,0,0,0,0
atlas,HOMFLY_PT_plus_Theta,306641,2,1,1,1,0,0,0,0
atlas,HOMFLY_PT_plus_Theta,306655,2,1,1,1,0,0,0,0
atlas,four_view_noKh,14,2,1,1,1,0,0,0,0
atlas,four_view_noKh,43,2,1,1,1,0,0,0,0
atlas,four_view_noKh,203,2,1,1,1,0,0,0,0
atlas,four_view_noKh,204,2,1,1,1,0,0,0,0
atlas,four_view_noKh,214,4,6,1,1,0,0,0,0
atlas,four_view_noKh,220,2,1,1,1,0,0,0,0
atlas,four_view_noKh,279,2,1,1,1,0,0,0,0
atlas,four_view_noKh,661,2,1,1,1,0,0,0,0
atlas,four_view_noKh,663,2,1,1,1,0,0,0,0
atlas,four_view_noKh,714,2,1,1,1,0,0,0,0
atlas,four_view_noKh,845,2,1,1,1,0,0,0,0
atlas,four_view_noKh,846,2,1,1,1,0,0,0,0
atlas,four_view_noKh,848,2,1,1,1,0,0,0,0
atlas,four_view_noKh,849,2,1,1,1,0,0,0,0
atlas,four_view_noKh,850,2,1,1,1,0,0,0,0
atlas,four_view_noKh,851,2,1,1,1,0,0,0,0
atlas,four_view_noKh,948,2,1,1,1,0,0,0,0
atlas,four_view_noKh,953,2,1,1,1,0,0,0,0
atlas,four_view_noKh,1609,2,1,1,1,0,0,0,0
atlas,four_view_noKh,1799,2,1,1,1,0,0,0,0
atlas,four_view_noKh,1811,2,1,1,1,0,0,0,0
atlas,four_view_noKh,1817,2,1,1,1,0,0,0,0
atlas,four_view_noKh,1818,2,1,1,1,0,0,0,0
atlas,four_view_noKh,1819,2,1,1,1,0,0,0,0
atlas,four_view_noKh,1824,2,1,1,1,0,0,0,0
atlas,four_view_noKh,1825,2,1,1,1,0,0,0,0
atlas,four_view_noKh,2134,2,1,1,1,0,0,0,0
atlas,four_view_noKh,2137,2,1,1,1,0,0,0,0
atlas,four_view_noKh,2293,2,1,1,1,0,0,0,0
atlas,four_view_noKh,2302,2,1,1,1,0,0,0,0
atlas,four_view_noKh,2305,2,1,1,1,0,0,0,0
atlas,four_view_noKh,2308,2,1,1,1,0,0,0,0
atlas,four_view_noKh,2311,2,1,1,1,0,0,0,0
atlas,four_view_noKh,2328,2,1,1,1,0,0,0,0
atlas,four_view_noKh,2386,2,1,1,1,0,0,0,0
atlas,four_view_noKh,2410,2,1,1,1,0,0,0,0
atlas,four_view_noKh,2415,2,1,1,1,0,0,0,0
atlas,four_view_noKh,2418,2,1,1,1,0,0,0,0
atlas,four_view_noKh,2420,2,1,1,1,0,0,0,0
atlas,four_view_noKh,2430,2,1,1,1,0,0,0,0
atlas,four_view_noKh,2486,2,1,1,1,0,0,0,0
atlas,four_view_noKh,2511,2,1,1,1,0,0,0,0
atlas,four_view_noKh,2631,2,1,1,1,0,0,0,0
atlas,four_view_noKh,2641,2,1,1,1,0,0,0,0
atlas,four_view_noKh,2642,2,1,1,1,0,0,0,0
atlas,four_view_noKh,2679,2,1,1,1,0,0,0,0
atlas,four_view_noKh,2772,2,1,1,1,0,0,0,0
atlas,four_view_noKh,2783,2,1,1,1,0,0,0,0
atlas,four_view_noKh,2922,2,1,1,1,0,0,0,0
atlas,four_view_noKh,2937,2,1,1,1,0,0,0,0
atlas,four_view_noKh,2977,2,1,1,1,0,0,0,0
atlas,four_view_noKh,3113,2,1,1,1,0,0,0,0
atlas,four_view_noKh,3123,2,1,1,1,0,0,0,0
atlas,four_view_noKh,3243,2,1,1,1,0,0,0,0
atlas,four_view_noKh,3348,2,1,1,1,0,0,0,0
atlas,four_view_noKh,3391,2,1,1,1,0,0,0,0
atlas,four_view_noKh,3539,2,1,1,1,0,0,0,0
atlas,four_view_noKh,3618,2,1,1,1,0,0,0,0
atlas,four_view_noKh,3629,2,1,1,1,0,0,0,0
atlas,four_view_noKh,3765,2,1,1,1,0,0,0,0
atlas,four_view_noKh,3807,2,1,1,1,0,0,0,0
atlas,four_view_noKh,3831,2,1,1,1,0,0,0,0
atlas,four_view_noKh,4013,2,1,1,1,0,0,0,0
atlas,four_view_noKh,4018,2,1,1,1,0,0,0,0
atlas,four_view_noKh,4047,2,1,1,1,0,0,0,0
atlas,four_view_noKh,4049,2,1,1,1,0,0,0,0
atlas,four_view_noKh,4050,2,1,1,1,0,0,0,0
atlas,four_view_noKh,4052,2,1,1,1,0,0,0,0
atlas,four_view_noKh,4054,2,1,1,1,0,0,0,0
atlas,four_view_noKh,4058,4,6,1,1,0,0,0,0
atlas,four_view_noKh,4059,2,1,1,1,0,0,0,0
atlas,four_view_noKh,4065,2,1,1,1,0,0,0,0
atlas,four_view_noKh,4066,2,1,1,1,0,0,0,0
atlas,four_view_noKh,4071,2,1,1,1,0,0,0,0
atlas,four_view_noKh,4072,2,1,1,1,0,0,0,0
atlas,four_view_noKh,4075,2,1,1,1,0,0,0,0
atlas,four_view_noKh,4079,2,1,1,1,0,0,0,0
atlas,four_view_noKh,4090,3,3,1,1,0,0,0,0
atlas,four_view_noKh,4091,2,1,1,1,0,0,0,0
atlas,four_view_noKh,4191,2,1,1,1,0,0,0,0
atlas,four_view_noKh,4193,2,1,1,1,0,0,0,0
atlas,four_view_noKh,4196,2,1,1,1,0,0,0,0
atlas,four_view_noKh,4197,2,1,1,1,0,0,0,0
atlas,four_view_noKh,4352,2,1,1,1,0,0,0,0
atlas,four_view_noKh,4353,2,1,1,1,0,0,0,0
atlas,four_view_noKh,4371,2,1,1,1,0,0,0,0
atlas,four_view_noKh,4557,2,1,1,1,0,0,0,0
atlas,four_view_noKh,4641,2,1,1,1,0,0,0,0
atlas,four_view_noKh,4825,2,1,1,1,0,0,0,0
atlas,four_view_noKh,4843,2,1,1,1,0,0,0,0
atlas,four_view_noKh,4908,2,1,1,1,0,0,0,0
atlas,four_view_noKh,4916,2,1,1,1,0,0,0,0
atlas,four_view_noKh,4957,2,1,1,1,0,0,0,0
atlas,four_view_noKh,5012,2,1,1,1,0,0,0,0
atlas,four_view_noKh,5040,2,1,1,1,0,0,0,0
atlas,four_view_noKh,5211,2,1,1,1,0,0,0,0
atlas,four_view_noKh,5212,2,1,1,1,0,0,0,0
atlas,four_view_noKh,5260,2,1,1,1,0,0,0,0
atlas,four_view_noKh,5413,2,1,1,1,0,0,0,0
atlas,four_view_noKh,5415,2,1,1,1,0,0,0,0
atlas,four_view_noKh,5417,2,1,1,1,0,0,0,0
atlas,four_view_noKh,5420,2,1,1,1,0,0,0,0
atlas,four_view_noKh,5422,4,6,1,1,0,0,0,0
atlas,four_view_noKh,5430,2,1,1,1,0,0,0,0
atlas,four_view_noKh,5432,2,1,1,1,0,0,0,0
atlas,four_view_noKh,5433,2,1,1,1,0,0,0,0
atlas,four_view_noKh,5438,2,1,1,1,0,0,0,0
atlas,four_view_noKh,5455,2,1,1,1,0,0,0,0
atlas,four_view_noKh,5726,2,1,1,1,0,0,0,0
atlas,four_view_noKh,5821,2,1,1,1,0,0,0,0
atlas,four_view_noKh,5889,2,1,1,1,0,0,0,0
atlas,four_view_noKh,6030,2,1,1,1,0,0,0,0
atlas,four_view_noKh,6031,2,1,1,1,0,0,0,0
atlas,four_view_noKh,6112,2,1,1,1,0,0,0,0
atlas,four_view_noKh,6295,2,1,1,1,0,0,0,0
atlas,four_view_noKh,6328,2,1,1,1,0,0,0,0
atlas,four_view_noKh,6358,2,1,1,1,0,0,0,0
atlas,four_view_noKh,6359,2,1,1,1,0,0,0,0
atlas,four_view_noKh,6415,2,1,1,1,0,0,0,0
atlas,four_view_noKh,6418,2,1,1,1,0,0,0,0
atlas,four_view_noKh,6419,2,1,1,1,0,0,0,0
atlas,four_view_noKh,6425,2,1,1,1,0,0,0,0
atlas,four_view_noKh,6428,2,1,1,1,0,0,0,0
atlas,four_view_noKh,6430,2,1,1,1,0,0,0,0
atlas,four_view_noKh,6435,2,1,1,1,0,0,0,0
atlas,four_view_noKh,6436,2,1,1,1,0,0,0,0
atlas,four_view_noKh,6438,2,1,1,1,0,0,0,0
atlas,four_view_noKh,6444,5,10,1,1,0,0,0,0
atlas,four_view_noKh,6448,2,1,1,1,0,0,0,0
atlas,four_view_noKh,6511,2,1,1,1,0,0,0,0
atlas,four_view_noKh,6618,2,1,1,1,0,0,0,0
atlas,four_view_noKh,6650,2,1,1,1,0,0,0,0
atlas,four_view_noKh,6651,2,1,1,1,0,0,0,0
atlas,four_view_noKh,6653,2,1,1,1,0,0,0,0
atlas,four_view_noKh,6755,2,1,1,1,0,0,0,0
atlas,four_view_noKh,6801,2,1,1,1,0,0,0,0
atlas,four_view_noKh,6947,2,1,1,1,0,0,0,0
atlas,four_view_noKh,7218,2,1,1,1,0,0,0,0
atlas,four_view_noKh,7230,2,1,1,1,0,0,0,0
atlas,four_view_noKh,7286,2,1,1,1,0,0,0,0
atlas,four_view_noKh,7317,2,1,1,1,0,0,0,0
atlas,four_view_noKh,7318,2,1,1,1,0,0,0,0
atlas,four_view_noKh,7324,2,1,1,1,0,0,0,0
atlas,four_view_noKh,7380,2,1,1,1,0,0,0,0
atlas,four_view_noKh,7395,2,1,1,1,0,0,0,0
atlas,four_view_noKh,7500,2,1,1,1,0,0,0,0
atlas,four_view_noKh,7616,2,1,1,1,0,0,0,0
atlas,four_view_noKh,7671,2,1,1,1,0,0,0,0
atlas,four_view_noKh,7699,2,1,1,1,0,0,0,0
atlas,four_view_noKh,7700,2,1,1,1,0,0,0,0
atlas,four_view_noKh,7721,2,1,1,1,0,0,0,0
atlas,four_view_noKh,7722,2,1,1,1,0,0,0,0
atlas,four_view_noKh,7874,2,1,1,1,0,0,0,0
atlas,four_view_noKh,7896,2,1,1,1,0,0,0,0
atlas,four_view_noKh,7902,2,1,1,1,0,0,0,0
atlas,four_view_noKh,7903,2,1,1,1,0,0,0,0
atlas,four_view_noKh,8072,2,1,1,1,0,0,0,0
atlas,four_view_noKh,8082,2,1,1,1,0,0,0,0
atlas,four_view_noKh,8169,2,1,1,1,0,0,0,0
atlas,four_view_noKh,8595,2,1,1,1,0,0,0,0
atlas,four_view_noKh,8717,2,1,1,1,0,0,0,0
atlas,four_view_noKh,8860,4,6,1,1,0,0,0,0
atlas,four_view_noKh,8861,2,1,1,1,0,0,0,0
atlas,four_view_noKh,8868,2,1,1,1,0,0,0,0
atlas,four_view_noKh,8869,3,3,1,1,0,0,0,0
atlas,four_view_noKh,8870,2,1,1,1,0,0,0,0
atlas,four_view_noKh,8871,4,6,1,1,0,0,0,0
atlas,four_view_noKh,9012,2,1,1,1,0,0,0,0
atlas,four_view_noKh,9087,2,1,1,1,0,0,0,0
atlas,four_view_noKh,9114,2,1,1,1,0,0,0,0
atlas,four_view_noKh,9168,2,1,1,1,0,0,0,0
atlas,four_view_noKh,9180,2,1,1,1,0,0,0,0
atlas,four_view_noKh,9186,2,1,1,1,0,0,0,0
atlas,four_view_noKh,9211,4,6,1,1,0,0,0,0
atlas,four_view_noKh,9217,2,1,1,1,0,0,0,0
atlas,four_view_noKh,9229,2,1,1,1,0,0,0,0
atlas,four_view_noKh,9276,2,1,1,1,0,0,0,0
atlas,four_view_noKh,9313,2,1,1,1,0,0,0,0
atlas,four_view_noKh,9360,2,1,1,1,0,0,0,0
atlas,four_view_noKh,9375,2,1,1,1,0,0,0,0
atlas,four_view_noKh,9376,2,1,1,1,0,0,0,0
atlas,four_view_noKh,9398,2,1,1,1,0,0,0,0
atlas,four_view_noKh,9439,2,1,1,1,0,0,0,0
atlas,four_view_noKh,9522,2,1,1,1,0,0,0,0
atlas,four_view_noKh,9574,2,1,1,1,0,0,0,0
atlas,four_view_noKh,9616,2,1,1,1,0,0,0,0
atlas,four_view_noKh,9639,2,1,1,1,0,0,0,0
atlas,four_view_noKh,9641,2,1,1,1,0,0,0,0
atlas,four_view_noKh,9888,2,1,1,1,0,0,0,0
atlas,four_view_noKh,10003,2,1,1,1,0,0,0,0
atlas,four_view_noKh,10006,2,1,1,1,0,0,0,0
atlas,four_view_noKh,10013,2,1,1,1,0,0,0,0
atlas,four_view_noKh,10015,2,1,1,1,0,0,0,0
atlas,four_view_noKh,10016,2,1,1,1,0,0,0,0
atlas,four_view_noKh,10136,2,1,1,1,0,0,0,0
atlas,four_view_noKh,10139,2,1,1,1,0,0,0,0
atlas,four_view_noKh,10181,2,1,1,1,0,0,0,0
atlas,four_view_noKh,10186,2,1,1,1,0,0,0,0
atlas,four_view_noKh,10200,2,1,1,1,0,0,0,0
atlas,four_view_noKh,10203,2,1,1,1,0,0,0,0
atlas,four_view_noKh,10252,2,1,1,1,0,0,0,0
atlas,four_view_noKh,10329,2,1,1,1,0,0,0,0
atlas,four_view_noKh,10446,2,1,1,1,0,0,0,0
atlas,four_view_noKh,10489,2,1,1,1,0,0,0,0
atlas,four_view_noKh,10510,2,1,1,1,0,0,0,0
atlas,four_view_noKh,10586,2,1,1,1,0,0,0,0
atlas,four_view_noKh,10685,2,1,1,1,0,0,0,0
atlas,four_view_noKh,10745,2,1,1,1,0,0,0,0
atlas,four_view_noKh,10752,3,3,1,1,0,0,0,0
atlas,four_view_noKh,10753,2,1,1,1,0,0,0,0
atlas,four_view_noKh,10815,2,1,1,1,0,0,0,0
atlas,four_view_noKh,10830,2,1,1,1,0,0,0,0
atlas,four_view_noKh,10910,2,1,1,1,0,0,0,0
atlas,four_view_noKh,10915,2,1,1,1,0,0,0,0
atlas,four_view_noKh,10916,2,1,1,1,0,0,0,0
atlas,four_view_noKh,10957,2,1,1,1,0,0,0,0
atlas,four_view_noKh,11192,2,1,1,1,0,0,0,0
atlas,four_view_noKh,11193,2,1,1,1,0,0,0,0
atlas,four_view_noKh,11222,2,1,1,1,0,0,0,0
atlas,four_view_noKh,11322,2,1,1,1,0,0,0,0
atlas,four_view_noKh,11381,2,1,1,1,0,0,0,0
atlas,four_view_noKh,11434,2,1,1,1,0,0,0,0
atlas,four_view_noKh,11530,2,1,1,1,0,0,0,0
atlas,four_view_noKh,11531,2,1,1,1,0,0,0,0
atlas,four_view_noKh,11670,2,1,1,1,0,0,0,0
atlas,four_view_noKh,11680,2,1,1,1,0,0,0,0
atlas,four_view_noKh,11873,2,1,1,1,0,0,0,0
atlas,four_view_noKh,11874,2,1,1,1,0,0,0,0
atlas,four_view_noKh,11966,2,1,1,1,0,0,0,0
atlas,four_view_noKh,11990,2,1,1,1,0,0,0,0
atlas,four_view_noKh,12012,2,1,1,1,0,0,0,0
atlas,four_view_noKh,12045,2,1,1,1,0,0,0,0
atlas,four_view_noKh,12053,2,1,1,1,0,0,0,0
atlas,four_view_noKh,12064,2,1,1,1,0,0,0,0
atlas,four_view_noKh,12091,2,1,1,1,0,0,0,0
atlas,four_view_noKh,12245,2,1,1,1,0,0,0,0
atlas,four_view_noKh,12310,2,1,1,1,0,0,0,0
atlas,four_view_noKh,12323,2,1,1,1,0,0,0,0
atlas,four_view_noKh,12327,2,1,1,1,0,0,0,0
atlas,four_view_noKh,12508,2,1,1,1,0,0,0,0
atlas,four_view_noKh,12675,2,1,1,1,0,0,0,0
atlas,four_view_noKh,12680,2,1,1,1,0,0,0,0
atlas,four_view_noKh,12683,2,1,1,1,0,0,0,0
atlas,four_view_noKh,12684,2,1,1,1,0,0,0,0
atlas,four_view_noKh,12688,2,1,1,1,0,0,0,0
atlas,four_view_noKh,12690,2,1,1,1,0,0,0,0
atlas,four_view_noKh,12752,2,1,1,1,0,0,0,0
atlas,four_view_noKh,12902,2,1,1,1,0,0,0,0
atlas,four_view_noKh,12903,2,1,1,1,0,0,0,0
atlas,four_view_noKh,13216,2,1,1,1,0,0,0,0
atlas,four_view_noKh,13357,2,1,1,1,0,0,0,0
atlas,four_view_noKh,13373,2,1,1,1,0,0,0,0
atlas,four_view_noKh,13512,2,1,1,1,0,0,0,0
atlas,four_view_noKh,13565,2,1,1,1,0,0,0,0
atlas,four_view_noKh,13638,2,1,1,1,0,0,0,0
atlas,four_view_noKh,13644,2,1,1,1,0,0,0,0
atlas,four_view_noKh,13646,2,1,1,1,0,0,0,0
atlas,four_view_noKh,13657,2,1,1,1,0,0,0,0
atlas,four_view_noKh,13664,2,1,1,1,0,0,0,0
atlas,four_view_noKh,13683,2,1,1,1,0,0,0,0
atlas,four_view_noKh,13685,2,1,1,1,0,0,0,0
atlas,four_view_noKh,13730,2,1,1,1,0,0,0,0
atlas,four_view_noKh,13751,2,1,1,1,0,0,0,0
atlas,four_view_noKh,13755,2,1,1,1,0,0,0,0
atlas,four_view_noKh,13913,2,1,1,1,0,0,0,0
atlas,four_view_noKh,13943,2,1,1,1,0,0,0,0
atlas,four_view_noKh,13944,2,1,1,1,0,0,0,0
atlas,four_view_noKh,14043,2,1,1,1,0,0,0,0
atlas,four_view_noKh,14078,2,1,1,1,0,0,0,0
atlas,four_view_noKh,14079,4,6,1,1,0,0,0,0
atlas,four_view_noKh,14307,2,1,1,1,0,0,0,0
atlas,four_view_noKh,14986,2,1,1,1,0,0,0,0
atlas,four_view_noKh,15042,2,1,1,1,0,0,0,0
atlas,four_view_noKh,15050,2,1,1,1,0,0,0,0
atlas,four_view_noKh,15090,2,1,1,1,0,0,0,0
atlas,four_view_noKh,15093,2,1,1,1,0,0,0,0
atlas,four_view_noKh,15167,2,1,1,1,0,0,0,0
atlas,four_view_noKh,15195,2,1,1,1,0,0,0,0
atlas,four_view_noKh,15199,2,1,1,1,0,0,0,0
atlas,four_view_noKh,15227,2,1,1,1,0,0,0,0
atlas,four_view_noKh,15247,2,1,1,1,0,0,0,0
atlas,four_view_noKh,15312,2,1,1,1,0,0,0,0
atlas,four_view_noKh,15570,2,1,1,1,0,0,0,0
atlas,four_view_noKh,15678,2,1,1,1,0,0,0,0
atlas,four_view_noKh,15727,2,1,1,1,0,0,0,0
atlas,four_view_noKh,15795,2,1,1,1,0,0,0,0
atlas,four_view_noKh,15809,2,1,1,1,0,0,0,0
atlas,four_view_noKh,15841,2,1,1,1,0,0,0,0
atlas,four_view_noKh,15850,2,1,1,1,0,0,0,0
atlas,four_view_noKh,15868,2,1,1,1,0,0,0,0
atlas,four_view_noKh,16074,2,1,1,1,0,0,0,0
atlas,four_view_noKh,16156,2,1,1,1,0,0,0,0
atlas,four_view_noKh,16322,2,1,1,1,0,0,0,0
atlas,four_view_noKh,16440,2,1,1,1,0,0,0,0
atlas,four_view_noKh,16442,2,1,1,1,0,0,0,0
atlas,four_view_noKh,16444,2,1,1,1,0,0,0,0
atlas,four_view_noKh,16626,2,1,1,1,0,0,0,0
atlas,four_view_noKh,16633,2,1,1,1,0,0,0,0
atlas,four_view_noKh,16666,2,1,1,1,0,0,0,0
atlas,four_view_noKh,16951,2,1,1,1,0,0,0,0
atlas,four_view_noKh,16955,4,6,1,1,0,0,0,0
atlas,four_view_noKh,16968,2,1,1,1,0,0,0,0
atlas,four_view_noKh,16971,2,1,1,1,0,0,0,0
atlas,four_view_noKh,17030,2,1,1,1,0,0,0,0
atlas,four_view_noKh,17175,2,1,1,1,0,0,0,0
atlas,four_view_noKh,17184,2,1,1,1,0,0,0,0
atlas,four_view_noKh,17272,2,1,1,1,0,0,0,0
atlas,four_view_noKh,17395,2,1,1,1,0,0,0,0
atlas,four_view_noKh,17396,2,1,1,1,0,0,0,0
atlas,four_view_noKh,17397,2,1,1,1,0,0,0,0
atlas,four_view_noKh,17398,2,1,1,1,0,0,0,0
atlas,four_view_noKh,17401,2,1,1,1,0,0,0,0
atlas,four_view_noKh,17402,2,1,1,1,0,0,0,0
atlas,four_view_noKh,17404,2,1,1,1,0,0,0,0
atlas,four_view_noKh,17439,2,1,1,1,0,0,0,0
atlas,four_view_noKh,17527,2,1,1,1,0,0,0,0
atlas,four_view_noKh,17528,2,1,1,1,0,0,0,0
atlas,four_view_noKh,17650,2,1,1,1,0,0,0,0
atlas,four_view_noKh,17668,2,1,1,1,0,0,0,0
atlas,four_view_noKh,17670,2,1,1,1,0,0,0,0
atlas,four_view_noKh,17693,2,1,1,1,0,0,0,0
atlas,four_view_noKh,17805,2,1,1,1,0,0,0,0
atlas,four_view_noKh,17825,2,1,1,1,0,0,0,0
atlas,four_view_noKh,17979,2,1,1,1,0,0,0,0
atlas,four_view_noKh,18005,2,1,1,1,0,0,0,0
atlas,four_view_noKh,18007,2,1,1,1,0,0,0,0
atlas,four_view_noKh,18060,2,1,1,1,0,0,0,0
atlas,four_view_noKh,18093,2,1,1,1,0,0,0,0
atlas,four_view_noKh,18104,2,1,1,1,0,0,0,0
atlas,four_view_noKh,18105,2,1,1,1,0,0,0,0
atlas,four_view_noKh,18287,2,1,1,1,0,0,0,0
atlas,four_view_noKh,18288,2,1,1,1,0,0,0,0
atlas,four_view_noKh,18358,2,1,1,1,0,0,0,0
atlas,four_view_noKh,18359,2,1,1,1,0,0,0,0
atlas,four_view_noKh,18508,2,1,1,1,0,0,0,0
atlas,four_view_noKh,18738,2,1,1,1,0,0,0,0
atlas,four_view_noKh,18752,2,1,1,1,0,0,0,0
atlas,four_view_noKh,18889,2,1,1,1,0,0,0,0
atlas,four_view_noKh,19317,2,1,1,1,0,0,0,0
atlas,four_view_noKh,19348,2,1,1,1,0,0,0,0
atlas,four_view_noKh,19474,2,1,1,1,0,0,0,0
atlas,four_view_noKh,19475,2,1,1,1,0,0,0,0
atlas,four_view_noKh,19601,2,1,1,1,0,0,0,0
atlas,four_view_noKh,19609,2,1,1,1,0,0,0,0
atlas,four_view_noKh,19613,2,1,1,1,0,0,0,0
atlas,four_view_noKh,19615,2,1,1,1,0,0,0,0
atlas,four_view_noKh,19616,2,1,1,1,0,0,0,0
atlas,four_view_noKh,19617,2,1,1,1,0,0,0,0
atlas,four_view_noKh,19619,2,1,1,1,0,0,0,0
atlas,four_view_noKh,19627,2,1,1,1,0,0,0,0
atlas,four_view_noKh,19640,2,1,1,1,0,0,0,0
atlas,four_view_noKh,19723,2,1,1,1,0,0,0,0
atlas,four_view_noKh,20130,2,1,1,1,0,0,0,0
atlas,four_view_noKh,20181,2,1,1,1,0,0,0,0
atlas,four_view_noKh,20187,2,1,1,1,0,0,0,0
atlas,four_view_noKh,20286,2,1,1,1,0,0,0,0
atlas,four_view_noKh,20425,2,1,1,1,0,0,0,0
atlas,four_view_noKh,20432,2,1,1,1,0,0,0,0
atlas,four_view_noKh,20809,2,1,1,1,0,0,0,0
atlas,four_view_noKh,20863,2,1,1,1,0,0,0,0
atlas,four_view_noKh,20956,2,1,1,1,0,0,0,0
atlas,four_view_noKh,20958,2,1,1,1,0,0,0,0
atlas,four_view_noKh,20959,2,1,1,1,0,0,0,0
atlas,four_view_noKh,21056,2,1,1,1,0,0,0,0
atlas,four_view_noKh,21272,2,1,1,1,0,0,0,0
atlas,four_view_noKh,21418,2,1,1,1,0,0,0,0
atlas,four_view_noKh,21591,2,1,1,1,0,0,0,0
atlas,four_view_noKh,21710,2,1,1,1,0,0,0,0
atlas,four_view_noKh,21737,2,1,1,1,0,0,0,0
atlas,four_view_noKh,21767,2,1,1,1,0,0,0,0
atlas,four_view_noKh,21826,2,1,1,1,0,0,0,0
atlas,four_view_noKh,22006,2,1,1,1,0,0,0,0
atlas,four_view_noKh,22117,4,6,1,1,0,0,0,0
atlas,four_view_noKh,22119,2,1,1,1,0,0,0,0
atlas,four_view_noKh,22121,2,1,1,1,0,0,0,0
atlas,four_view_noKh,22125,2,1,1,1,0,0,0,0
atlas,four_view_noKh,22205,2,1,1,1,0,0,0,0
atlas,four_view_noKh,22208,2,1,1,1,0,0,0,0
atlas,four_view_noKh,22212,2,1,1,1,0,0,0,0
atlas,four_view_noKh,22215,2,1,1,1,0,0,0,0
atlas,four_view_noKh,22222,2,1,1,1,0,0,0,0
atlas,four_view_noKh,22225,2,1,1,1,0,0,0,0
atlas,four_view_noKh,22226,2,1,1,1,0,0,0,0
atlas,four_view_noKh,22382,2,1,1,1,0,0,0,0
atlas,four_view_noKh,22397,4,6,1,1,0,0,0,0
atlas,four_view_noKh,22472,2,1,1,1,0,0,0,0
atlas,four_view_noKh,22671,2,1,1,1,0,0,0,0
atlas,four_view_noKh,22675,2,1,1,1,0,0,0,0
atlas,four_view_noKh,22677,2,1,1,1,0,0,0,0
atlas,four_view_noKh,22714,4,6,1,1,0,0,0,0
atlas,four_view_noKh,22948,2,1,1,1,0,0,0,0
atlas,four_view_noKh,23000,2,1,1,1,0,0,0,0
atlas,four_view_noKh,23102,2,1,1,1,0,0,0,0
atlas,four_view_noKh,23132,2,1,1,1,0,0,0,0
atlas,four_view_noKh,23260,2,1,1,1,0,0,0,0
atlas,four_view_noKh,23289,2,1,1,1,0,0,0,0
atlas,four_view_noKh,23364,2,1,1,1,0,0,0,0
atlas,four_view_noKh,23411,2,1,1,1,0,0,0,0
atlas,four_view_noKh,23418,2,1,1,1,0,0,0,0
atlas,four_view_noKh,23424,2,1,1,1,0,0,0,0
atlas,four_view_noKh,23425,2,1,1,1,0,0,0,0
atlas,four_view_noKh,23557,2,1,1,1,0,0,0,0
atlas,four_view_noKh,23627,2,1,1,1,0,0,0,0
atlas,four_view_noKh,23628,2,1,1,1,0,0,0,0
atlas,four_view_noKh,23722,2,1,1,1,0,0,0,0
atlas,four_view_noKh,23726,2,1,1,1,0,0,0,0
atlas,four_view_noKh,23798,2,1,1,1,0,0,0,0
atlas,four_view_noKh,23799,2,1,1,1,0,0,0,0
atlas,four_view_noKh,23828,2,1,1,1,0,0,0,0
atlas,four_view_noKh,24009,2,1,1,1,0,0,0,0
atlas,four_view_noKh,24062,2,1,1,1,0,0,0,0
atlas,four_view_noKh,24130,2,1,1,1,0,0,0,0
atlas,four_view_noKh,24131,2,1,1,1,0,0,0,0
atlas,four_view_noKh,24257,2,1,1,1,0,0,0,0
atlas,four_view_noKh,24425,2,1,1,1,0,0,0,0
atlas,four_view_noKh,24435,2,1,1,1,0,0,0,0
atlas,four_view_noKh,24540,2,1,1,1,0,0,0,0
atlas,four_view_noKh,24542,2,1,1,1,0,0,0,0
atlas,four_view_noKh,24544,2,1,1,1,0,0,0,0
atlas,four_view_noKh,24546,4,6,1,1,0,0,0,0
atlas,four_view_noKh,24547,2,1,1,1,0,0,0,0
atlas,four_view_noKh,24618,2,1,1,1,0,0,0,0
atlas,four_view_noKh,24662,3,3,1,1,0,0,0,0
atlas,four_view_noKh,24663,2,1,1,1,0,0,0,0
atlas,four_view_noKh,24664,2,1,1,1,0,0,0,0
atlas,four_view_noKh,24804,2,1,1,1,0,0,0,0
atlas,four_view_noKh,24889,2,1,1,1,0,0,0,0
atlas,four_view_noKh,25074,2,1,1,1,0,0,0,0
atlas,four_view_noKh,25143,2,1,1,1,0,0,0,0
atlas,four_view_noKh,25173,2,1,1,1,0,0,0,0
atlas,four_view_noKh,25174,2,1,1,1,0,0,0,0
atlas,four_view_noKh,25268,2,1,1,1,0,0,0,0
atlas,four_view_noKh,25269,2,1,1,1,0,0,0,0
atlas,four_view_noKh,25286,2,1,1,1,0,0,0,0
atlas,four_view_noKh,25295,2,1,1,1,0,0,0,0
atlas,four_view_noKh,25306,2,1,1,1,0,0,0,0
atlas,four_view_noKh,25392,4,6,1,1,0,0,0,0
atlas,four_view_noKh,25401,4,6,1,1,0,0,0,0
atlas,four_view_noKh,25402,2,1,1,1,0,0,0,0
atlas,four_view_noKh,25403,2,1,1,1,0,0,0,0
atlas,four_view_noKh,25588,2,1,1,1,0,0,0,0
atlas,four_view_noKh,25600,2,1,1,1,0,0,0,0
atlas,four_view_noKh,25698,2,1,1,1,0,0,0,0
atlas,four_view_noKh,25747,2,1,1,1,0,0,0,0
atlas,four_view_noKh,25863,2,1,1,1,0,0,0,0
atlas,four_view_noKh,25864,2,1,1,1,0,0,0,0
atlas,four_view_noKh,25865,2,1,1,1,0,0,0,0
atlas,four_view_noKh,25959,2,1,1,1,0,0,0,0
atlas,four_view_noKh,26060,2,1,1,1,0,0,0,0
atlas,four_view_noKh,26098,2,1,1,1,0,0,0,0
atlas,four_view_noKh,26275,2,1,1,1,0,0,0,0
atlas,four_view_noKh,26314,2,1,1,1,0,0,0,0
atlas,four_view_noKh,26327,2,1,1,1,0,0,0,0
atlas,four_view_noKh,26379,2,1,1,1,0,0,0,0
atlas,four_view_noKh,26380,2,1,1,1,0,0,0,0
atlas,four_view_noKh,26422,2,1,1,1,0,0,0,0
atlas,four_view_noKh,26526,2,1,1,1,0,0,0,0
atlas,four_view_noKh,26608,2,1,1,1,0,0,0,0
atlas,four_view_noKh,26724,2,1,1,1,0,0,0,0
atlas,four_view_noKh,26767,2,1,1,1,0,0,0,0
atlas,four_view_noKh,26857,2,1,1,1,0,0,0,0
atlas,four_view_noKh,26858,2,1,1,1,0,0,0,0
atlas,four_view_noKh,26894,2,1,1,1,0,0,0,0
atlas,four_view_noKh,27022,2,1,1,1,0,0,0,0
atlas,four_view_noKh,27323,2,1,1,1,0,0,0,0
atlas,four_view_noKh,27370,2,1,1,1,0,0,0,0
atlas,four_view_noKh,27371,2,1,1,1,0,0,0,0
atlas,four_view_noKh,27538,2,1,1,1,0,0,0,0
atlas,four_view_noKh,27569,2,1,1,1,0,0,0,0
atlas,four_view_noKh,27616,2,1,1,1,0,0,0,0
atlas,four_view_noKh,27626,2,1,1,1,0,0,0,0
atlas,four_view_noKh,27630,2,1,1,1,0,0,0,0
atlas,four_view_noKh,27651,2,1,1,1,0,0,0,0
atlas,four_view_noKh,27765,2,1,1,1,0,0,0,0
atlas,four_view_noKh,27769,2,1,1,1,0,0,0,0
atlas,four_view_noKh,27770,2,1,1,1,0,0,0,0
atlas,four_view_noKh,27792,2,1,1,1,0,0,0,0
atlas,four_view_noKh,27823,2,1,1,1,0,0,0,0
atlas,four_view_noKh,27886,2,1,1,1,0,0,0,0
atlas,four_view_noKh,27973,2,1,1,1,0,0,0,0
atlas,four_view_noKh,27990,2,1,1,1,0,0,0,0
atlas,four_view_noKh,28031,2,1,1,1,0,0,0,0
atlas,four_view_noKh,28084,2,1,1,1,0,0,0,0
atlas,four_view_noKh,28105,2,1,1,1,0,0,0,0
atlas,four_view_noKh,28116,2,1,1,1,0,0,0,0
atlas,four_view_noKh,28124,2,1,1,1,0,0,0,0
atlas,four_view_noKh,28127,2,1,1,1,0,0,0,0
atlas,four_view_noKh,28578,2,1,1,1,0,0,0,0
atlas,four_view_noKh,28598,2,1,1,1,0,0,0,0
atlas,four_view_noKh,28652,2,1,1,1,0,0,0,0
atlas,four_view_noKh,28731,2,1,1,1,0,0,0,0
atlas,four_view_noKh,28807,2,1,1,1,0,0,0,0
atlas,four_view_noKh,28848,2,1,1,1,0,0,0,0
atlas,four_view_noKh,28980,2,1,1,1,0,0,0,0
atlas,four_view_noKh,29032,2,1,1,1,0,0,0,0
atlas,four_view_noKh,29039,2,1,1,1,0,0,0,0
atlas,four_view_noKh,29066,2,1,1,1,0,0,0,0
atlas,four_view_noKh,29086,2,1,1,1,0,0,0,0
atlas,four_view_noKh,29104,2,1,1,1,0,0,0,0
atlas,four_view_noKh,29113,2,1,1,1,0,0,0,0
atlas,four_view_noKh,29114,2,1,1,1,0,0,0,0
atlas,four_view_noKh,29118,2,1,1,1,0,0,0,0
atlas,four_view_noKh,29128,2,1,1,1,0,0,0,0
atlas,four_view_noKh,29130,2,1,1,1,0,0,0,0
atlas,four_view_noKh,29239,2,1,1,1,0,0,0,0
atlas,four_view_noKh,29276,2,1,1,1,0,0,0,0
atlas,four_view_noKh,29284,2,1,1,1,0,0,0,0
atlas,four_view_noKh,29343,2,1,1,1,0,0,0,0
atlas,four_view_noKh,29542,2,1,1,1,0,0,0,0
atlas,four_view_noKh,29544,2,1,1,1,0,0,0,0
atlas,four_view_noKh,29550,2,1,1,1,0,0,0,0
atlas,four_view_noKh,29553,2,1,1,1,0,0,0,0
atlas,four_view_noKh,29569,2,1,1,1,0,0,0,0
atlas,four_view_noKh,29741,2,1,1,1,0,0,0,0
atlas,four_view_noKh,29884,2,1,1,1,0,0,0,0
atlas,four_view_noKh,30077,2,1,1,1,0,0,0,0
atlas,four_view_noKh,30085,2,1,1,1,0,0,0,0
atlas,four_view_noKh,30095,2,1,1,1,0,0,0,0
atlas,four_view_noKh,30174,2,1,1,1,0,0,0,0
atlas,four_view_noKh,30208,2,1,1,1,0,0,0,0
atlas,four_view_noKh,30380,2,1,1,1,0,0,0,0
atlas,four_view_noKh,30453,2,1,1,1,0,0,0,0
atlas,four_view_noKh,30474,2,1,1,1,0,0,0,0
atlas,four_view_noKh,30505,2,1,1,1,0,0,0,0
atlas,four_view_noKh,30621,2,1,1,2,0,1,0,1
atlas,four_view_noKh,30665,2,1,1,1,0,0,0,0
atlas,four_view_noKh,31060,2,1,1,1,0,0,0,0
atlas,four_view_noKh,31350,2,1,1,1,0,0,0,0
atlas,four_view_noKh,31370,2,1,1,1,0,0,0,0
atlas,four_view_noKh,31378,2,1,1,1,0,0,0,0
atlas,four_view_noKh,31392,2,1,1,1,0,0,0,0
atlas,four_view_noKh,31397,2,1,1,1,0,0,0,0
atlas,four_view_noKh,31408,2,1,1,1,0,0,0,0
atlas,four_view_noKh,31415,2,1,1,1,0,0,0,0
atlas,four_view_noKh,31416,2,1,1,1,0,0,0,0
atlas,four_view_noKh,31426,2,1,1,1,0,0,0,0
atlas,four_view_noKh,31427,3,3,1,1,0,0,0,0
atlas,four_view_noKh,31428,2,1,1,1,0,0,0,0
atlas,four_view_noKh,31431,2,1,1,1,0,0,0,0
atlas,four_view_noKh,31448,2,1,1,1,0,0,0,0
atlas,four_view_noKh,31452,4,6,1,1,0,0,0,0
atlas,four_view_noKh,31479,2,1,1,1,0,0,0,0
atlas,four_view_noKh,31482,3,3,1,1,0,0,0,0
atlas,four_view_noKh,31487,2,1,1,1,0,0,0,0
atlas,four_view_noKh,31510,2,1,1,1,0,0,0,0
atlas,four_view_noKh,31542,2,1,1,1,0,0,0,0
atlas,four_view_noKh,31561,3,3,1,1,0,0,0,0
atlas,four_view_noKh,31727,2,1,1,1,0,0,0,0
atlas,four_view_noKh,31773,2,1,1,1,0,0,0,0
atlas,four_view_noKh,31947,2,1,1,1,0,0,0,0
atlas,four_view_noKh,32256,2,1,1,1,0,0,0,0
atlas,four_view_noKh,32381,2,1,1,1,0,0,0,0
atlas,four_view_noKh,32539,2,1,1,1,0,0,0,0
atlas,four_view_noKh,32669,2,1,1,1,0,0,0,0
atlas,four_view_noKh,32676,2,1,1,1,0,0,0,0
atlas,four_view_noKh,32681,2,1,1,1,0,0,0,0
atlas,four_view_noKh,32695,2,1,1,1,0,0,0,0
atlas,four_view_noKh,32712,2,1,1,1,0,0,0,0
atlas,four_view_noKh,32713,4,6,1,1,0,0,0,0
atlas,four_view_noKh,32717,2,1,1,1,0,0,0,0
atlas,four_view_noKh,32738,2,1,1,1,0,0,0,0
atlas,four_view_noKh,32741,2,1,1,1,0,0,0,0
atlas,four_view_noKh,32742,2,1,1,1,0,0,0,0
atlas,four_view_noKh,32756,2,1,1,1,0,0,0,0
atlas,four_view_noKh,32758,2,1,1,1,0,0,0,0
atlas,four_view_noKh,32806,2,1,1,1,0,0,0,0
atlas,four_view_noKh,32808,2,1,1,1,0,0,0,0
atlas,four_view_noKh,32809,2,1,1,1,0,0,0,0
atlas,four_view_noKh,33113,2,1,1,1,0,0,0,0
atlas,four_view_noKh,33116,2,1,1,1,0,0,0,0
atlas,four_view_noKh,33371,2,1,1,1,0,0,0,0
atlas,four_view_noKh,33484,2,1,1,1,0,0,0,0
atlas,four_view_noKh,33635,2,1,1,1,0,0,0,0
atlas,four_view_noKh,34000,2,1,1,1,0,0,0,0
atlas,four_view_noKh,34070,2,1,1,1,0,0,0,0
atlas,four_view_noKh,34102,2,1,1,1,0,0,0,0
atlas,four_view_noKh,34280,2,1,1,1,0,0,0,0
atlas,four_view_noKh,34328,2,1,1,1,0,0,0,0
atlas,four_view_noKh,34416,3,3,1,1,0,0,0,0
atlas,four_view_noKh,34432,2,1,1,1,0,0,0,0
atlas,four_view_noKh,34440,2,1,1,1,0,0,0,0
atlas,four_view_noKh,34441,2,1,1,1,0,0,0,0
atlas,four_view_noKh,34452,2,1,1,1,0,0,0,0
atlas,four_view_noKh,34460,2,1,1,1,0,0,0,0
atlas,four_view_noKh,34467,2,1,1,1,0,0,0,0
atlas,four_view_noKh,34472,2,1,1,1,0,0,0,0
atlas,four_view_noKh,34475,2,1,1,1,0,0,0,0
atlas,four_view_noKh,34476,2,1,1,1,0,0,0,0
atlas,four_view_noKh,34478,2,1,1,1,0,0,0,0
atlas,four_view_noKh,34485,3,3,1,1,0,0,0,0
atlas,four_view_noKh,34501,2,1,1,1,0,0,0,0
atlas,four_view_noKh,34509,2,1,1,1,0,0,0,0
atlas,four_view_noKh,34512,4,6,1,1,0,0,0,0
atlas,four_view_noKh,34513,2,1,1,1,0,0,0,0
atlas,four_view_noKh,34515,2,1,1,1,0,0,0,0
atlas,four_view_noKh,34593,2,1,1,1,0,0,0,0
atlas,four_view_noKh,34607,2,1,1,1,0,0,0,0
atlas,four_view_noKh,34741,2,1,1,1,0,0,0,0
atlas,four_view_noKh,34742,2,1,1,1,0,0,0,0
atlas,four_view_noKh,34794,2,1,1,1,0,0,0,0
atlas,four_view_noKh,35014,2,1,1,1,0,0,0,0
atlas,four_view_noKh,35036,2,1,1,1,0,0,0,0
atlas,four_view_noKh,35094,2,1,1,1,0,0,0,0
atlas,four_view_noKh,35377,2,1,1,1,0,0,0,0
atlas,four_view_noKh,35449,2,1,1,1,0,0,0,0
atlas,four_view_noKh,35450,2,1,1,1,0,0,0,0
atlas,four_view_noKh,35493,2,1,1,1,0,0,0,0
atlas,four_view_noKh,35500,2,1,1,1,0,0,0,0
atlas,four_view_noKh,35522,2,1,1,1,0,0,0,0
atlas,four_view_noKh,35551,2,1,1,1,0,0,0,0
atlas,four_view_noKh,35561,4,6,1,1,0,0,0,0
atlas,four_view_noKh,35563,2,1,1,1,0,0,0,0
atlas,four_view_noKh,35617,2,1,1,1,0,0,0,0
atlas,four_view_noKh,35705,2,1,1,1,0,0,0,0
atlas,four_view_noKh,35888,2,1,1,1,0,0,0,0
atlas,four_view_noKh,36043,2,1,1,1,0,0,0,0
atlas,four_view_noKh,36099,2,1,1,1,0,0,0,0
atlas,four_view_noKh,36187,2,1,1,1,0,0,0,0
atlas,four_view_noKh,36330,2,1,1,1,0,0,0,0
atlas,four_view_noKh,36467,2,1,1,1,0,0,0,0
atlas,four_view_noKh,36593,2,1,1,1,0,0,0,0
atlas,four_view_noKh,36680,2,1,1,1,0,0,0,0
atlas,four_view_noKh,36697,2,1,1,1,0,0,0,0
atlas,four_view_noKh,36711,2,1,1,1,0,0,0,0
atlas,four_view_noKh,36749,2,1,1,1,0,0,0,0
atlas,four_view_noKh,37024,2,1,1,1,0,0,0,0
atlas,four_view_noKh,37041,2,1,1,1,0,0,0,0
atlas,four_view_noKh,37091,2,1,1,1,0,0,0,0
atlas,four_view_noKh,37129,2,1,1,1,0,0,0,0
atlas,four_view_noKh,37189,2,1,1,1,0,0,0,0
atlas,four_view_noKh,37393,2,1,1,1,0,0,0,0
atlas,four_view_noKh,37501,2,1,1,1,0,0,0,0
atlas,four_view_noKh,37530,2,1,1,1,0,0,0,0
atlas,four_view_noKh,37584,2,1,1,1,0,0,0,0
atlas,four_view_noKh,37995,2,1,1,1,0,0,0,0
atlas,four_view_noKh,38001,2,1,1,1,0,0,0,0
atlas,four_view_noKh,38035,2,1,1,1,0,0,0,0
atlas,four_view_noKh,38047,2,1,1,1,0,0,0,0
atlas,four_view_noKh,38050,2,1,1,1,0,0,0,0
atlas,four_view_noKh,38149,2,1,1,1,0,0,0,0
atlas,four_view_noKh,38199,2,1,1,1,0,0,0,0
atlas,four_view_noKh,38360,2,1,1,1,0,0,0,0
atlas,four_view_noKh,38361,2,1,1,1,0,0,0,0
atlas,four_view_noKh,38387,2,1,1,1,0,0,0,0
atlas,four_view_noKh,38488,2,1,1,1,0,0,0,0
atlas,four_view_noKh,38543,2,1,1,1,0,0,0,0
atlas,four_view_noKh,38819,2,1,1,1,0,0,0,0
atlas,four_view_noKh,38995,2,1,1,1,0,0,0,0
atlas,four_view_noKh,39016,2,1,1,1,0,0,0,0
atlas,four_view_noKh,39073,2,1,1,1,0,0,0,0
atlas,four_view_noKh,39106,2,1,1,1,0,0,0,0
atlas,four_view_noKh,39152,2,1,1,1,0,0,0,0
atlas,four_view_noKh,39319,2,1,1,1,0,0,0,0
atlas,four_view_noKh,39382,2,1,1,1,0,0,0,0
atlas,four_view_noKh,39546,2,1,1,1,0,0,0,0
atlas,four_view_noKh,39612,2,1,1,1,0,0,0,0
atlas,four_view_noKh,39686,2,1,1,1,0,0,0,0
atlas,four_view_noKh,39692,2,1,1,1,0,0,0,0
atlas,four_view_noKh,39717,2,1,1,1,0,0,0,0
atlas,four_view_noKh,39732,2,1,1,1,0,0,0,0
atlas,four_view_noKh,39734,2,1,1,1,0,0,0,0
atlas,four_view_noKh,39738,2,1,1,1,0,0,0,0
atlas,four_view_noKh,39959,2,1,1,1,0,0,0,0
atlas,four_view_noKh,40030,2,1,1,1,0,0,0,0
atlas,four_view_noKh,40141,2,1,1,1,0,0,0,0
atlas,four_view_noKh,40318,2,1,1,1,0,0,0,0
atlas,four_view_noKh,40352,2,1,1,1,0,0,0,0
atlas,four_view_noKh,40362,2,1,1,1,0,0,0,0
atlas,four_view_noKh,40374,2,1,1,1,0,0,0,0
atlas,four_view_noKh,40412,2,1,1,1,0,0,0,0
atlas,four_view_noKh,40415,2,1,1,1,0,0,0,0
atlas,four_view_noKh,40422,2,1,1,1,0,0,0,0
atlas,four_view_noKh,40430,2,1,1,1,0,0,0,0
atlas,four_view_noKh,40432,2,1,1,1,0,0,0,0
atlas,four_view_noKh,40435,2,1,1,1,0,0,0,0
atlas,four_view_noKh,40454,2,1,1,1,0,0,0,0
atlas,four_view_noKh,40455,2,1,1,1,0,0,0,0
atlas,four_view_noKh,40456,2,1,1,1,0,0,0,0
atlas,four_view_noKh,40459,2,1,1,1,0,0,0,0
atlas,four_view_noKh,40461,3,3,1,1,0,0,0,0
atlas,four_view_noKh,40463,2,1,1,1,0,0,0,0
atlas,four_view_noKh,40476,4,6,1,1,0,0,0,0
atlas,four_view_noKh,40479,2,1,1,1,0,0,0,0
atlas,four_view_noKh,40481,2,1,1,1,0,0,0,0
atlas,four_view_noKh,40527,2,1,1,1,0,0,0,0
atlas,four_view_noKh,40539,2,1,1,1,0,0,0,0
atlas,four_view_noKh,40547,2,1,1,1,0,0,0,0
atlas,four_view_noKh,40561,2,1,1,1,0,0,0,0
atlas,four_view_noKh,40600,2,1,1,1,0,0,0,0
atlas,four_view_noKh,40782,2,1,1,1,0,0,0,0
atlas,four_view_noKh,40798,2,1,1,1,0,0,0,0
atlas,four_view_noKh,40864,2,1,1,1,0,0,0,0
atlas,four_view_noKh,40868,2,1,1,1,0,0,0,0
atlas,four_view_noKh,40870,2,1,1,1,0,0,0,0
atlas,four_view_noKh,40871,2,1,1,1,0,0,0,0
atlas,four_view_noKh,40874,2,1,1,1,0,0,0,0
atlas,four_view_noKh,40875,2,1,1,1,0,0,0,0
atlas,four_view_noKh,40876,2,1,1,1,0,0,0,0
atlas,four_view_noKh,40877,2,1,1,1,0,0,0,0
atlas,four_view_noKh,40878,2,1,1,1,0,0,0,0
atlas,four_view_noKh,40909,2,1,1,1,0,0,0,0
atlas,four_view_noKh,41051,2,1,1,1,0,0,0,0
atlas,four_view_noKh,41052,2,1,1,1,0,0,0,0
atlas,four_view_noKh,41053,2,1,1,1,0,0,0,0
atlas,four_view_noKh,41054,2,1,1,1,0,0,0,0
atlas,four_view_noKh,41056,4,6,1,1,0,0,0,0
atlas,four_view_noKh,41058,2,1,1,1,0,0,0,0
atlas,four_view_noKh,41059,2,1,1,1,0,0,0,0
atlas,four_view_noKh,41145,2,1,1,1,0,0,0,0
atlas,four_view_noKh,41247,2,1,1,1,0,0,0,0
atlas,four_view_noKh,41249,2,1,1,1,0,0,0,0
atlas,four_view_noKh,41311,2,1,1,1,0,0,0,0
atlas,four_view_noKh,41474,2,1,1,1,0,0,0,0
atlas,four_view_noKh,41563,2,1,1,1,0,0,0,0
atlas,four_view_noKh,41683,2,1,1,1,0,0,0,0
atlas,four_view_noKh,41886,2,1,1,1,0,0,0,0
atlas,four_view_noKh,41995,2,1,1,1,0,0,0,0
atlas,four_view_noKh,42036,2,1,1,1,0,0,0,0
atlas,four_view_noKh,42832,2,1,1,1,0,0,0,0
atlas,four_view_noKh,43087,2,1,1,1,0,0,0,0
atlas,four_view_noKh,43293,2,1,1,1,0,0,0,0
atlas,four_view_noKh,43295,2,1,1,1,0,0,0,0
atlas,four_view_noKh,43416,2,1,1,1,0,0,0,0
atlas,four_view_noKh,43625,2,1,1,1,0,0,0,0
atlas,four_view_noKh,43724,2,1,1,1,0,0,0,0
atlas,four_view_noKh,43793,2,1,1,1,0,0,0,0
atlas,four_view_noKh,43825,2,1,1,1,0,0,0,0
atlas,four_view_noKh,43830,2,1,1,1,0,0,0,0
atlas,four_view_noKh,43945,2,1,1,1,0,0,0,0
atlas,four_view_noKh,43947,2,1,1,1,0,0,0,0
atlas,four_view_noKh,44040,2,1,1,1,0,0,0,0
atlas,four_view_noKh,44062,2,1,1,1,0,0,0,0
atlas,four_view_noKh,44089,2,1,1,1,0,0,0,0
atlas,four_view_noKh,44143,2,1,1,1,0,0,0,0
atlas,four_view_noKh,44258,2,1,1,1,0,0,0,0
atlas,four_view_noKh,44385,2,1,1,1,0,0,0,0
atlas,four_view_noKh,44423,2,1,1,1,0,0,0,0
atlas,four_view_noKh,44567,2,1,1,1,0,0,0,0
atlas,four_view_noKh,44568,2,1,1,1,0,0,0,0
atlas,four_view_noKh,44569,2,1,1,1,0,0,0,0
atlas,four_view_noKh,44593,2,1,1,1,0,0,0,0
atlas,four_view_noKh,44598,2,1,1,1,0,0,0,0
atlas,four_view_noKh,44599,2,1,1,1,0,0,0,0
atlas,four_view_noKh,44772,2,1,1,1,0,0,0,0
atlas,four_view_noKh,44773,4,6,1,1,0,0,0,0
atlas,four_view_noKh,44775,2,1,1,1,0,0,0,0
atlas,four_view_noKh,44776,2,1,1,1,0,0,0,0
atlas,four_view_noKh,44777,2,1,1,1,0,0,0,0
atlas,four_view_noKh,44779,2,1,1,1,0,0,0,0
atlas,four_view_noKh,44781,2,1,1,1,0,0,0,0
atlas,four_view_noKh,44784,4,6,1,1,0,0,0,0
atlas,four_view_noKh,44792,2,1,1,1,0,0,0,0
atlas,four_view_noKh,44793,2,1,1,1,0,0,0,0
atlas,four_view_noKh,44991,2,1,1,1,0,0,0,0
atlas,four_view_noKh,45007,2,1,1,1,0,0,0,0
atlas,four_view_noKh,45027,2,1,1,1,0,0,0,0
atlas,four_view_noKh,45044,2,1,1,1,0,0,0,0
atlas,four_view_noKh,45202,2,1,1,1,0,0,0,0
atlas,four_view_noKh,45239,2,1,1,1,0,0,0,0
atlas,four_view_noKh,45278,2,1,1,1,0,0,0,0
atlas,four_view_noKh,45314,2,1,1,1,0,0,0,0
atlas,four_view_noKh,45315,2,1,1,1,0,0,0,0
atlas,four_view_noKh,45322,2,1,1,1,0,0,0,0
atlas,four_view_noKh,45324,2,1,1,1,0,0,0,0
atlas,four_view_noKh,45333,2,1,1,1,0,0,0,0
atlas,four_view_noKh,45339,2,1,1,1,0,0,0,0
atlas,four_view_noKh,45410,2,1,1,1,0,0,0,0
atlas,four_view_noKh,45565,2,1,1,1,0,0,0,0
atlas,four_view_noKh,45571,2,1,1,1,0,0,0,0
atlas,four_view_noKh,45724,2,1,1,1,0,0,0,0
atlas,four_view_noKh,45726,2,1,1,1,0,0,0,0
atlas,four_view_noKh,45782,2,1,1,1,0,0,0,0
atlas,four_view_noKh,45846,2,1,1,1,0,0,0,0
atlas,four_view_noKh,45866,2,1,1,1,0,0,0,0
atlas,four_view_noKh,45899,2,1,1,1,0,0,0,0
atlas,four_view_noKh,45986,2,1,1,1,0,0,0,0
atlas,four_view_noKh,46102,2,1,1,1,0,0,0,0
atlas,four_view_noKh,46124,2,1,1,1,0,0,0,0
atlas,four_view_noKh,46239,2,1,1,1,0,0,0,0
atlas,four_view_noKh,46240,2,1,1,1,0,0,0,0
atlas,four_view_noKh,46277,2,1,1,1,0,0,0,0
atlas,four_view_noKh,46494,2,1,1,1,0,0,0,0
atlas,four_view_noKh,46574,2,1,1,1,0,0,0,0
atlas,four_view_noKh,46611,2,1,1,1,0,0,0,0
atlas,four_view_noKh,46613,2,1,1,1,0,0,0,0
atlas,four_view_noKh,46620,2,1,1,1,0,0,0,0
atlas,four_view_noKh,46627,2,1,1,1,0,0,0,0
atlas,four_view_noKh,46628,2,1,1,1,0,0,0,0
atlas,four_view_noKh,46892,2,1,1,1,0,0,0,0
atlas,four_view_noKh,46955,2,1,1,1,0,0,0,0
atlas,four_view_noKh,46956,2,1,1,1,0,0,0,0
atlas,four_view_noKh,46975,2,1,1,1,0,0,0,0
atlas,four_view_noKh,47028,2,1,1,1,0,0,0,0
atlas,four_view_noKh,47085,2,1,1,1,0,0,0,0
atlas,four_view_noKh,47251,2,1,1,1,0,0,0,0
atlas,four_view_noKh,47360,3,3,1,1,0,0,0,0
atlas,four_view_noKh,47366,2,1,1,1,0,0,0,0
atlas,four_view_noKh,47371,2,1,1,1,0,0,0,0
atlas,four_view_noKh,47660,2,1,1,1,0,0,0,0
atlas,four_view_noKh,47690,2,1,1,1,0,0,0,0
atlas,four_view_noKh,47697,2,1,1,1,0,0,0,0
atlas,four_view_noKh,47761,2,1,1,1,0,0,0,0
atlas,four_view_noKh,47765,2,1,1,1,0,0,0,0
atlas,four_view_noKh,47779,2,1,1,1,0,0,0,0
atlas,four_view_noKh,47938,2,1,1,1,0,0,0,0
atlas,four_view_noKh,48139,2,1,1,1,0,0,0,0
atlas,four_view_noKh,48279,2,1,1,1,0,0,0,0
atlas,four_view_noKh,48292,2,1,1,1,0,0,0,0
atlas,four_view_noKh,48323,2,1,1,1,0,0,0,0
atlas,four_view_noKh,48335,2,1,1,1,0,0,0,0
atlas,four_view_noKh,48922,2,1,1,1,0,0,0,0
atlas,four_view_noKh,48934,2,1,1,1,0,0,0,0
atlas,four_view_noKh,48951,2,1,1,1,0,0,0,0
atlas,four_view_noKh,49119,2,1,1,1,0,0,0,0
atlas,four_view_noKh,49213,2,1,1,1,0,0,0,0
atlas,four_view_noKh,49479,2,1,1,1,0,0,0,0
atlas,four_view_noKh,49494,2,1,1,1,0,0,0,0
atlas,four_view_noKh,49504,2,1,1,1,0,0,0,0
atlas,four_view_noKh,49505,2,1,1,1,0,0,0,0
atlas,four_view_noKh,49571,2,1,1,1,0,0,0,0
atlas,four_view_noKh,49572,2,1,1,1,0,0,0,0
atlas,four_view_noKh,49574,2,1,1,1,0,0,0,0
atlas,four_view_noKh,49577,2,1,1,1,0,0,0,0
atlas,four_view_noKh,49579,2,1,1,1,0,0,0,0
atlas,four_view_noKh,49589,2,1,1,1,0,0,0,0
atlas,four_view_noKh,49605,2,1,1,1,0,0,0,0
atlas,four_view_noKh,49864,2,1,1,1,0,0,0,0
atlas,four_view_noKh,49927,2,1,1,1,0,0,0,0
atlas,four_view_noKh,49928,2,1,1,1,0,0,0,0
atlas,four_view_noKh,50126,2,1,1,1,0,0,0,0
atlas,four_view_noKh,50128,2,1,1,1,0,0,0,0
atlas,four_view_noKh,50129,2,1,1,1,0,0,0,0
atlas,four_view_noKh,50131,2,1,1,1,0,0,0,0
atlas,four_view_noKh,50134,2,1,1,1,0,0,0,0
atlas,four_view_noKh,50139,2,1,1,1,0,0,0,0
atlas,four_view_noKh,50140,2,1,1,1,0,0,0,0
atlas,four_view_noKh,50143,2,1,1,1,0,0,0,0
atlas,four_view_noKh,50146,2,1,1,1,0,0,0,0
atlas,four_view_noKh,50154,2,1,1,1,0,0,0,0
atlas,four_view_noKh,50160,2,1,1,1,0,0,0,0
atlas,four_view_noKh,50171,2,1,1,1,0,0,0,0
atlas,four_view_noKh,50173,2,1,1,1,0,0,0,0
atlas,four_view_noKh,50174,2,1,1,1,0,0,0,0
atlas,four_view_noKh,50175,2,1,1,1,0,0,0,0
atlas,four_view_noKh,50189,2,1,1,1,0,0,0,0
atlas,four_view_noKh,50193,2,1,1,1,0,0,0,0
atlas,four_view_noKh,50194,2,1,1,1,0,0,0,0
atlas,four_view_noKh,50197,2,1,1,1,0,0,0,0
atlas,four_view_noKh,50290,2,1,1,1,0,0,0,0
atlas,four_view_noKh,50347,2,1,1,1,0,0,0,0
atlas,four_view_noKh,50606,2,1,1,1,0,0,0,0
atlas,four_view_noKh,50609,2,1,1,1,0,0,0,0
atlas,four_view_noKh,50665,2,1,1,1,0,0,0,0
atlas,four_view_noKh,50717,2,1,1,1,0,0,0,0
atlas,four_view_noKh,50797,2,1,1,1,0,0,0,0
atlas,four_view_noKh,50817,2,1,1,1,0,0,0,0
atlas,four_view_noKh,50851,2,1,1,1,0,0,0,0
atlas,four_view_noKh,50879,2,1,1,1,0,0,0,0
atlas,four_view_noKh,50880,2,1,1,1,0,0,0,0
atlas,four_view_noKh,50952,2,1,1,1,0,0,0,0
atlas,four_view_noKh,51229,2,1,1,1,0,0,0,0
atlas,four_view_noKh,51231,2,1,1,1,0,0,0,0
atlas,four_view_noKh,51232,2,1,1,1,0,0,0,0
atlas,four_view_noKh,51234,2,1,1,1,0,0,0,0
atlas,four_view_noKh,51235,2,1,1,1,0,0,0,0
atlas,four_view_noKh,51236,2,1,1,1,0,0,0,0
atlas,four_view_noKh,51238,2,1,1,1,0,0,0,0
atlas,four_view_noKh,51291,2,1,1,1,0,0,0,0
atlas,four_view_noKh,51305,2,1,1,1,0,0,0,0
atlas,four_view_noKh,51313,4,6,1,1,0,0,0,0
atlas,four_view_noKh,51323,2,1,1,1,0,0,0,0
atlas,four_view_noKh,51327,2,1,1,1,0,0,0,0
atlas,four_view_noKh,51330,5,10,1,1,0,0,0,0
atlas,four_view_noKh,51333,2,1,1,1,0,0,0,0
atlas,four_view_noKh,51340,2,1,1,1,0,0,0,0
atlas,four_view_noKh,51596,2,1,1,1,0,0,0,0
atlas,four_view_noKh,51639,2,1,1,1,0,0,0,0
atlas,four_view_noKh,51670,2,1,1,1,0,0,0,0
atlas,four_view_noKh,51722,2,1,1,1,0,0,0,0
atlas,four_view_noKh,51956,2,1,1,1,0,0,0,0
atlas,four_view_noKh,52034,2,1,1,1,0,0,0,0
atlas,four_view_noKh,52192,2,1,1,1,0,0,0,0
atlas,four_view_noKh,52353,2,1,1,1,0,0,0,0
atlas,four_view_noKh,52652,2,1,1,1,0,0,0,0
atlas,four_view_noKh,52772,2,1,1,1,0,0,0,0
atlas,four_view_noKh,52807,2,1,1,1,0,0,0,0
atlas,four_view_noKh,52880,2,1,1,1,0,0,0,0
atlas,four_view_noKh,53174,2,1,1,1,0,0,0,0
atlas,four_view_noKh,53175,2,1,1,1,0,0,0,0
atlas,four_view_noKh,53299,2,1,1,1,0,0,0,0
atlas,four_view_noKh,53332,2,1,1,1,0,0,0,0
atlas,four_view_noKh,53333,4,6,1,1,0,0,0,0
atlas,four_view_noKh,53336,2,1,1,1,0,0,0,0
atlas,four_view_noKh,53441,2,1,1,1,0,0,0,0
atlas,four_view_noKh,53444,2,1,1,1,0,0,0,0
atlas,four_view_noKh,53556,2,1,1,1,0,0,0,0
atlas,four_view_noKh,53617,2,1,1,1,0,0,0,0
atlas,four_view_noKh,53622,2,1,1,1,0,0,0,0
atlas,four_view_noKh,53746,2,1,1,1,0,0,0,0
atlas,four_view_noKh,53809,2,1,1,1,0,0,0,0
atlas,four_view_noKh,53844,2,1,1,1,0,0,0,0
atlas,four_view_noKh,53985,2,1,1,1,0,0,0,0
atlas,four_view_noKh,54013,2,1,1,1,0,0,0,0
atlas,four_view_noKh,54059,2,1,1,1,0,0,0,0
atlas,four_view_noKh,54148,2,1,1,1,0,0,0,0
atlas,four_view_noKh,54379,2,1,1,1,0,0,0,0
atlas,four_view_noKh,54434,2,1,1,1,0,0,0,0
atlas,four_view_noKh,54527,2,1,1,1,0,0,0,0
atlas,four_view_noKh,54779,2,1,1,1,0,0,0,0
atlas,four_view_noKh,54830,2,1,1,1,0,0,0,0
atlas,four_view_noKh,54864,2,1,1,1,0,0,0,0
atlas,four_view_noKh,54882,2,1,1,1,0,0,0,0
atlas,four_view_noKh,54896,2,1,1,1,0,0,0,0
atlas,four_view_noKh,54906,2,1,1,1,0,0,0,0
atlas,four_view_noKh,54914,2,1,1,1,0,0,0,0
atlas,four_view_noKh,54916,2,1,1,1,0,0,0,0
atlas,four_view_noKh,54943,2,1,1,1,0,0,0,0
atlas,four_view_noKh,54963,2,1,1,1,0,0,0,0
atlas,four_view_noKh,55064,2,1,1,1,0,0,0,0
atlas,four_view_noKh,55302,2,1,1,1,0,0,0,0
atlas,four_view_noKh,55610,2,1,1,1,0,0,0,0
atlas,four_view_noKh,55747,2,1,1,1,0,0,0,0
atlas,four_view_noKh,55765,2,1,1,1,0,0,0,0
atlas,four_view_noKh,55766,2,1,1,1,0,0,0,0
atlas,four_view_noKh,55768,2,1,1,1,0,0,0,0
atlas,four_view_noKh,55770,2,1,1,1,0,0,0,0
atlas,four_view_noKh,55771,2,1,1,1,0,0,0,0
atlas,four_view_noKh,55773,2,1,1,1,0,0,0,0
atlas,four_view_noKh,55774,2,1,1,1,0,0,0,0
atlas,four_view_noKh,55777,2,1,1,1,0,0,0,0
atlas,four_view_noKh,55874,2,1,1,1,0,0,0,0
atlas,four_view_noKh,55914,2,1,1,1,0,0,0,0
atlas,four_view_noKh,55945,2,1,1,1,0,0,0,0
atlas,four_view_noKh,56202,2,1,1,1,0,0,0,0
atlas,four_view_noKh,56243,2,1,1,1,0,0,0,0
atlas,four_view_noKh,56247,2,1,1,1,0,0,0,0
atlas,four_view_noKh,56414,2,1,1,1,0,0,0,0
atlas,four_view_noKh,56462,2,1,1,1,0,0,0,0
atlas,four_view_noKh,56463,2,1,1,1,0,0,0,0
atlas,four_view_noKh,56468,2,1,1,1,0,0,0,0
atlas,four_view_noKh,56471,2,1,1,1,0,0,0,0
atlas,four_view_noKh,56472,2,1,1,1,0,0,0,0
atlas,four_view_noKh,56475,2,1,1,1,0,0,0,0
atlas,four_view_noKh,56477,2,1,1,1,0,0,0,0
atlas,four_view_noKh,56492,2,1,1,1,0,0,0,0
atlas,four_view_noKh,56528,2,1,1,1,0,0,0,0
atlas,four_view_noKh,56652,2,1,1,1,0,0,0,0
atlas,four_view_noKh,56841,2,1,1,1,0,0,0,0
atlas,four_view_noKh,56855,2,1,1,1,0,0,0,0
atlas,four_view_noKh,56857,2,1,1,1,0,0,0,0
atlas,four_view_noKh,56874,2,1,1,1,0,0,0,0
atlas,four_view_noKh,56880,2,1,1,1,0,0,0,0
atlas,four_view_noKh,56881,2,1,1,1,0,0,0,0
atlas,four_view_noKh,56893,2,1,1,1,0,0,0,0
atlas,four_view_noKh,56894,2,1,1,1,0,0,0,0
atlas,four_view_noKh,56899,2,1,1,1,0,0,0,0
atlas,four_view_noKh,56908,2,1,1,1,0,0,0,0
atlas,four_view_noKh,56957,2,1,1,1,0,0,0,0
atlas,four_view_noKh,57050,2,1,1,1,0,0,0,0
atlas,four_view_noKh,57066,2,1,1,1,0,0,0,0
atlas,four_view_noKh,57148,2,1,1,1,0,0,0,0
atlas,four_view_noKh,57151,2,1,1,1,0,0,0,0
atlas,four_view_noKh,57154,2,1,1,1,0,0,0,0
atlas,four_view_noKh,57161,2,1,1,1,0,0,0,0
atlas,four_view_noKh,57163,2,1,1,1,0,0,0,0
atlas,four_view_noKh,57166,2,1,1,1,0,0,0,0
atlas,four_view_noKh,57247,2,1,1,1,0,0,0,0
atlas,four_view_noKh,57300,2,1,1,1,0,0,0,0
atlas,four_view_noKh,57303,2,1,1,1,0,0,0,0
atlas,four_view_noKh,57304,2,1,1,1,0,0,0,0
atlas,four_view_noKh,57382,2,1,1,1,0,0,0,0
atlas,four_view_noKh,57415,2,1,1,1,0,0,0,0
atlas,four_view_noKh,57668,2,1,1,1,0,0,0,0
atlas,four_view_noKh,57710,2,1,1,1,0,0,0,0
atlas,four_view_noKh,57808,2,1,1,1,0,0,0,0
atlas,four_view_noKh,57907,2,1,1,1,0,0,0,0
atlas,four_view_noKh,57995,2,1,1,1,0,0,0,0
atlas,four_view_noKh,58039,2,1,1,1,0,0,0,0
atlas,four_view_noKh,58042,2,1,1,1,0,0,0,0
atlas,four_view_noKh,58126,2,1,1,1,0,0,0,0
atlas,four_view_noKh,58432,2,1,1,1,0,0,0,0
atlas,four_view_noKh,58566,2,1,1,1,0,0,0,0
atlas,four_view_noKh,58650,2,1,1,1,0,0,0,0
atlas,four_view_noKh,58654,2,1,1,1,0,0,0,0
atlas,four_view_noKh,58817,2,1,1,1,0,0,0,0
atlas,four_view_noKh,58818,2,1,1,1,0,0,0,0
atlas,four_view_noKh,59014,2,1,1,1,0,0,0,0
atlas,four_view_noKh,59023,2,1,1,1,0,0,0,0
atlas,four_view_noKh,59036,2,1,1,1,0,0,0,0
atlas,four_view_noKh,59044,3,3,1,1,0,0,0,0
atlas,four_view_noKh,59052,2,1,1,1,0,0,0,0
atlas,four_view_noKh,59053,2,1,1,1,0,0,0,0
atlas,four_view_noKh,59184,2,1,1,1,0,0,0,0
atlas,four_view_noKh,59258,2,1,1,1,0,0,0,0
atlas,four_view_noKh,59279,2,1,1,1,0,0,0,0
atlas,four_view_noKh,59382,2,1,1,1,0,0,0,0
atlas,four_view_noKh,59402,2,1,1,1,0,0,0,0
atlas,four_view_noKh,59553,2,1,1,1,0,0,0,0
atlas,four_view_noKh,59554,2,1,1,1,0,0,0,0
atlas,four_view_noKh,59959,2,1,1,1,0,0,0,0
atlas,four_view_noKh,60001,2,1,1,1,0,0,0,0
atlas,four_view_noKh,60669,2,1,1,1,0,0,0,0
atlas,four_view_noKh,60670,2,1,1,1,0,0,0,0
atlas,four_view_noKh,60680,2,1,1,1,0,0,0,0
atlas,four_view_noKh,60778,2,1,1,1,0,0,0,0
atlas,four_view_noKh,60823,2,1,1,1,0,0,0,0
atlas,four_view_noKh,60994,2,1,1,1,0,0,0,0
atlas,four_view_noKh,61022,2,1,1,1,0,0,0,0
atlas,four_view_noKh,61242,2,1,1,1,0,0,0,0
atlas,four_view_noKh,61302,2,1,1,1,0,0,0,0
atlas,four_view_noKh,61318,2,1,1,1,0,0,0,0
atlas,four_view_noKh,61322,2,1,1,1,0,0,0,0
atlas,four_view_noKh,61323,3,3,1,1,0,0,0,0
atlas,four_view_noKh,61324,2,1,1,1,0,0,0,0
atlas,four_view_noKh,61326,2,1,1,1,0,0,0,0
atlas,four_view_noKh,61329,2,1,1,1,0,0,0,0
atlas,four_view_noKh,61330,4,6,1,1,0,0,0,0
atlas,four_view_noKh,61331,4,6,1,1,0,0,0,0
atlas,four_view_noKh,61334,2,1,1,1,0,0,0,0
atlas,four_view_noKh,61345,3,3,1,1,0,0,0,0
atlas,four_view_noKh,61349,4,6,1,1,0,0,0,0
atlas,four_view_noKh,61352,2,1,1,1,0,0,0,0
atlas,four_view_noKh,61356,2,1,1,1,0,0,0,0
atlas,four_view_noKh,61360,2,1,1,1,0,0,0,0
atlas,four_view_noKh,61367,2,1,1,1,0,0,0,0
atlas,four_view_noKh,61600,2,1,1,1,0,0,0,0
atlas,four_view_noKh,61743,2,1,1,1,0,0,0,0
atlas,four_view_noKh,61776,2,1,1,1,0,0,0,0
atlas,four_view_noKh,61777,2,1,1,1,0,0,0,0
atlas,four_view_noKh,61778,2,1,1,1,0,0,0,0
atlas,four_view_noKh,61784,2,1,1,1,0,0,0,0
atlas,four_view_noKh,61785,2,1,1,1,0,0,0,0
atlas,four_view_noKh,61787,2,1,1,1,0,0,0,0
atlas,four_view_noKh,61875,2,1,1,1,0,0,0,0
atlas,four_view_noKh,62030,2,1,1,1,0,0,0,0
atlas,four_view_noKh,62221,2,1,1,1,0,0,0,0
atlas,four_view_noKh,62374,2,1,1,1,0,0,0,0
atlas,four_view_noKh,62375,2,1,1,1,0,0,0,0
atlas,four_view_noKh,62528,2,1,1,1,0,0,0,0
atlas,four_view_noKh,62774,2,1,1,1,0,0,0,0
atlas,four_view_noKh,62789,2,1,1,1,0,0,0,0
atlas,four_view_noKh,62790,2,1,1,1,0,0,0,0
atlas,four_view_noKh,62856,2,1,1,1,0,0,0,0
atlas,four_view_noKh,62958,2,1,1,1,0,0,0,0
atlas,four_view_noKh,63017,2,1,1,1,0,0,0,0
atlas,four_view_noKh,63032,2,1,1,1,0,0,0,0
atlas,four_view_noKh,63101,2,1,1,1,0,0,0,0
atlas,four_view_noKh,63106,2,1,1,1,0,0,0,0
atlas,four_view_noKh,63147,2,1,1,1,0,0,0,0
atlas,four_view_noKh,63164,2,1,1,1,0,0,0,0
atlas,four_view_noKh,63365,3,3,1,1,0,0,0,0
atlas,four_view_noKh,63366,2,1,1,1,0,0,0,0
atlas,four_view_noKh,63367,2,1,1,1,0,0,0,0
atlas,four_view_noKh,63368,2,1,1,1,0,0,0,0
atlas,four_view_noKh,63369,2,1,1,1,0,0,0,0
atlas,four_view_noKh,63371,2,1,1,1,0,0,0,0
atlas,four_view_noKh,63374,2,1,1,1,0,0,0,0
atlas,four_view_noKh,63393,2,1,1,1,0,0,0,0
atlas,four_view_noKh,63520,2,1,1,1,0,0,0,0
atlas,four_view_noKh,63524,2,1,1,1,0,0,0,0
atlas,four_view_noKh,63588,2,1,1,1,0,0,0,0
atlas,four_view_noKh,63589,2,1,1,1,0,0,0,0
atlas,four_view_noKh,63603,2,1,1,1,0,0,0,0
atlas,four_view_noKh,63604,2,1,1,1,0,0,0,0
atlas,four_view_noKh,63605,2,1,1,1,0,0,0,0
atlas,four_view_noKh,63606,2,1,1,1,0,0,0,0
atlas,four_view_noKh,63609,3,3,1,1,0,0,0,0
atlas,four_view_noKh,63617,2,1,1,1,0,0,0,0
atlas,four_view_noKh,63619,2,1,1,1,0,0,0,0
atlas,four_view_noKh,64021,2,1,1,1,0,0,0,0
atlas,four_view_noKh,64062,2,1,1,1,0,0,0,0
atlas,four_view_noKh,64074,2,1,1,1,0,0,0,0
atlas,four_view_noKh,64152,2,1,1,1,0,0,0,0
atlas,four_view_noKh,64154,4,6,1,1,0,0,0,0
atlas,four_view_noKh,64155,2,1,1,1,0,0,0,0
atlas,four_view_noKh,64348,2,1,1,1,0,0,0,0
atlas,four_view_noKh,64352,2,1,1,1,0,0,0,0
atlas,four_view_noKh,64355,2,1,1,1,0,0,0,0
atlas,four_view_noKh,64359,2,1,1,1,0,0,0,0
atlas,four_view_noKh,64385,2,1,1,1,0,0,0,0
atlas,four_view_noKh,64616,2,1,1,1,0,0,0,0
atlas,four_view_noKh,64646,2,1,1,1,0,0,0,0
atlas,four_view_noKh,64749,2,1,1,1,0,0,0,0
atlas,four_view_noKh,64799,2,1,1,1,0,0,0,0
atlas,four_view_noKh,65190,2,1,1,1,0,0,0,0
atlas,four_view_noKh,65259,2,1,1,1,0,0,0,0
atlas,four_view_noKh,65319,2,1,1,1,0,0,0,0
atlas,four_view_noKh,65352,2,1,1,1,0,0,0,0
atlas,four_view_noKh,65353,2,1,1,1,0,0,0,0
atlas,four_view_noKh,65354,2,1,1,1,0,0,0,0
atlas,four_view_noKh,65355,2,1,1,1,0,0,0,0
atlas,four_view_noKh,65356,2,1,1,1,0,0,0,0
atlas,four_view_noKh,65357,4,6,1,1,0,0,0,0
atlas,four_view_noKh,65359,2,1,1,1,0,0,0,0
atlas,four_view_noKh,65429,2,1,1,1,0,0,0,0
atlas,four_view_noKh,65437,2,1,1,1,0,0,0,0
atlas,four_view_noKh,65545,2,1,1,1,0,0,0,0
atlas,four_view_noKh,65611,2,1,1,1,0,0,0,0
atlas,four_view_noKh,65663,2,1,1,1,0,0,0,0
atlas,four_view_noKh,65785,2,1,1,1,0,0,0,0
atlas,four_view_noKh,65830,2,1,1,1,0,0,0,0
atlas,four_view_noKh,65853,2,1,1,1,0,0,0,0
atlas,four_view_noKh,65866,2,1,1,1,0,0,0,0
atlas,four_view_noKh,65903,2,1,1,1,0,0,0,0
atlas,four_view_noKh,65955,2,1,1,1,0,0,0,0
atlas,four_view_noKh,65973,2,1,1,1,0,0,0,0
atlas,four_view_noKh,66201,2,1,1,1,0,0,0,0
atlas,four_view_noKh,66278,2,1,1,1,0,0,0,0
atlas,four_view_noKh,66290,2,1,1,1,0,0,0,0
atlas,four_view_noKh,66375,2,1,1,1,0,0,0,0
atlas,four_view_noKh,66661,2,1,1,1,0,0,0,0
atlas,four_view_noKh,66812,2,1,1,1,0,0,0,0
atlas,four_view_noKh,66819,2,1,1,1,0,0,0,0
atlas,four_view_noKh,66912,2,1,1,1,0,0,0,0
atlas,four_view_noKh,66979,2,1,1,1,0,0,0,0
atlas,four_view_noKh,66980,2,1,1,1,0,0,0,0
atlas,four_view_noKh,66981,2,1,1,1,0,0,0,0
atlas,four_view_noKh,66982,2,1,1,1,0,0,0,0
atlas,four_view_noKh,66983,2,1,1,1,0,0,0,0
atlas,four_view_noKh,66984,2,1,1,1,0,0,0,0
atlas,four_view_noKh,67144,2,1,1,1,0,0,0,0
atlas,four_view_noKh,67147,2,1,1,1,0,0,0,0
atlas,four_view_noKh,67148,2,1,1,1,0,0,0,0
atlas,four_view_noKh,67149,2,1,1,1,0,0,0,0
atlas,four_view_noKh,67187,2,1,1,1,0,0,0,0
atlas,four_view_noKh,67189,2,1,1,1,0,0,0,0
atlas,four_view_noKh,67368,2,1,1,1,0,0,0,0
atlas,four_view_noKh,67392,2,1,1,1,0,0,0,0
atlas,four_view_noKh,67474,2,1,1,1,0,0,0,0
atlas,four_view_noKh,67599,2,1,1,1,0,0,0,0
atlas,four_view_noKh,67803,2,1,1,1,0,0,0,0
atlas,four_view_noKh,67943,2,1,1,1,0,0,0,0
atlas,four_view_noKh,67977,2,1,1,1,0,0,0,0
atlas,four_view_noKh,67988,2,1,1,1,0,0,0,0
atlas,four_view_noKh,67995,2,1,1,1,0,0,0,0
atlas,four_view_noKh,68097,2,1,1,1,0,0,0,0
atlas,four_view_noKh,68100,2,1,1,1,0,0,0,0
atlas,four_view_noKh,68104,2,1,1,1,0,0,0,0
atlas,four_view_noKh,68109,2,1,1,1,0,0,0,0
atlas,four_view_noKh,68110,2,1,1,1,0,0,0,0
atlas,four_view_noKh,68116,2,1,1,1,0,0,0,0
atlas,four_view_noKh,68120,2,1,1,1,0,0,0,0
atlas,four_view_noKh,68125,2,1,1,1,0,0,0,0
atlas,four_view_noKh,68136,2,1,1,1,0,0,0,0
atlas,four_view_noKh,68138,2,1,1,1,0,0,0,0
atlas,four_view_noKh,68139,2,1,1,1,0,0,0,0
atlas,four_view_noKh,68144,2,1,1,1,0,0,0,0
atlas,four_view_noKh,68406,2,1,1,1,0,0,0,0
atlas,four_view_noKh,68474,2,1,1,1,0,0,0,0
atlas,four_view_noKh,68520,2,1,1,1,0,0,0,0
atlas,four_view_noKh,68522,2,1,1,1,0,0,0,0
atlas,four_view_noKh,68555,2,1,1,1,0,0,0,0
atlas,four_view_noKh,68566,2,1,1,1,0,0,0,0
atlas,four_view_noKh,68615,2,1,1,1,0,0,0,0
atlas,four_view_noKh,68696,2,1,1,1,0,0,0,0
atlas,four_view_noKh,68858,2,1,1,1,0,0,0,0
atlas,four_view_noKh,68940,2,1,1,1,0,0,0,0
atlas,four_view_noKh,68945,2,1,1,1,0,0,0,0
atlas,four_view_noKh,69022,2,1,1,1,0,0,0,0
atlas,four_view_noKh,69114,2,1,1,1,0,0,0,0
atlas,four_view_noKh,69210,2,1,1,1,0,0,0,0
atlas,four_view_noKh,69331,2,1,1,1,0,0,0,0
atlas,four_view_noKh,69376,2,1,1,1,0,0,0,0
atlas,four_view_noKh,69384,2,1,1,1,0,0,0,0
atlas,four_view_noKh,69387,2,1,1,1,0,0,0,0
atlas,four_view_noKh,69464,2,1,1,1,0,0,0,0
atlas,four_view_noKh,69500,2,1,1,1,0,0,0,0
atlas,four_view_noKh,69508,2,1,1,1,0,0,0,0
atlas,four_view_noKh,69604,2,1,1,1,0,0,0,0
atlas,four_view_noKh,69772,2,1,1,1,0,0,0,0
atlas,four_view_noKh,69947,2,1,1,1,0,0,0,0
atlas,four_view_noKh,69948,2,1,1,1,0,0,0,0
atlas,four_view_noKh,70033,2,1,1,1,0,0,0,0
atlas,four_view_noKh,70034,2,1,1,1,0,0,0,0
atlas,four_view_noKh,70039,2,1,1,1,0,0,0,0
atlas,four_view_noKh,70046,2,1,1,1,0,0,0,0
atlas,four_view_noKh,70054,2,1,1,1,0,0,0,0
atlas,four_view_noKh,70056,2,1,1,1,0,0,0,0
atlas,four_view_noKh,70059,2,1,1,1,0,0,0,0
atlas,four_view_noKh,70075,2,1,1,1,0,0,0,0
atlas,four_view_noKh,70077,2,1,1,1,0,0,0,0
atlas,four_view_noKh,70087,2,1,1,1,0,0,0,0
atlas,four_view_noKh,70094,2,1,1,1,0,0,0,0
atlas,four_view_noKh,70100,2,1,1,1,0,0,0,0
atlas,four_view_noKh,70106,2,1,1,1,0,0,0,0
atlas,four_view_noKh,70107,2,1,1,1,0,0,0,0
atlas,four_view_noKh,70110,2,1,1,1,0,0,0,0
atlas,four_view_noKh,70111,2,1,1,1,0,0,0,0
atlas,four_view_noKh,70112,2,1,1,1,0,0,0,0
atlas,four_view_noKh,70120,2,1,1,1,0,0,0,0
atlas,four_view_noKh,70121,2,1,1,1,0,0,0,0
atlas,four_view_noKh,70136,4,6,1,1,0,0,0,0
atlas,four_view_noKh,70143,2,1,1,1,0,0,0,0
atlas,four_view_noKh,70149,2,1,1,1,0,0,0,0
atlas,four_view_noKh,70150,2,1,1,1,0,0,0,0
atlas,four_view_noKh,70154,2,1,1,1,0,0,0,0
atlas,four_view_noKh,70196,2,1,1,1,0,0,0,0
atlas,four_view_noKh,70197,2,1,1,1,0,0,0,0
atlas,four_view_noKh,70476,2,1,1,1,0,0,0,0
atlas,four_view_noKh,70477,2,1,1,1,0,0,0,0
atlas,four_view_noKh,70478,2,1,1,1,0,0,0,0
atlas,four_view_noKh,70490,2,1,1,1,0,0,0,0
atlas,four_view_noKh,70591,2,1,1,1,0,0,0,0
atlas,four_view_noKh,70679,2,1,1,1,0,0,0,0
atlas,four_view_noKh,70686,2,1,1,1,0,0,0,0
atlas,four_view_noKh,70957,2,1,1,1,0,0,0,0
atlas,four_view_noKh,70959,2,1,1,1,0,0,0,0
atlas,four_view_noKh,71224,2,1,1,1,0,0,0,0
atlas,four_view_noKh,71243,2,1,1,1,0,0,0,0
atlas,four_view_noKh,71244,2,1,1,1,0,0,0,0
atlas,four_view_noKh,71307,2,1,1,1,0,0,0,0
atlas,four_view_noKh,71308,2,1,1,1,0,0,0,0
atlas,four_view_noKh,71453,2,1,1,1,0,0,0,0
atlas,four_view_noKh,71522,2,1,1,1,0,0,0,0
atlas,four_view_noKh,71764,2,1,1,1,0,0,0,0
atlas,four_view_noKh,71767,4,6,1,1,0,0,0,0
atlas,four_view_noKh,71783,2,1,1,1,0,0,0,0
atlas,four_view_noKh,71790,2,1,1,1,0,0,0,0
atlas,four_view_noKh,71793,2,1,1,1,0,0,0,0
atlas,four_view_noKh,71796,2,1,1,1,0,0,0,0
atlas,four_view_noKh,71797,2,1,1,1,0,0,0,0
atlas,four_view_noKh,71798,2,1,1,1,0,0,0,0
atlas,four_view_noKh,71809,2,1,1,1,0,0,0,0
atlas,four_view_noKh,71814,2,1,1,1,0,0,0,0
atlas,four_view_noKh,71972,2,1,1,1,0,0,0,0
atlas,four_view_noKh,71973,2,1,1,1,0,0,0,0
atlas,four_view_noKh,71977,2,1,1,1,0,0,0,0
atlas,four_view_noKh,71978,2,1,1,1,0,0,0,0
atlas,four_view_noKh,71981,2,1,1,1,0,0,0,0
atlas,four_view_noKh,71982,2,1,1,1,0,0,0,0
atlas,four_view_noKh,71984,2,1,1,1,0,0,0,0
atlas,four_view_noKh,71986,2,1,1,1,0,0,0,0
atlas,four_view_noKh,71988,2,1,1,1,0,0,0,0
atlas,four_view_noKh,72363,2,1,1,1,0,0,0,0
atlas,four_view_noKh,72374,2,1,1,1,0,0,0,0
atlas,four_view_noKh,72375,4,6,1,1,0,0,0,0
atlas,four_view_noKh,72391,2,1,1,1,0,0,0,0
atlas,four_view_noKh,72394,2,1,1,1,0,0,0,0
atlas,four_view_noKh,72448,2,1,1,1,0,0,0,0
atlas,four_view_noKh,72526,2,1,1,1,0,0,0,0
atlas,four_view_noKh,72538,2,1,1,1,0,0,0,0
atlas,four_view_noKh,72553,2,1,1,1,0,0,0,0
atlas,four_view_noKh,72777,2,1,1,1,0,0,0,0
atlas,four_view_noKh,72825,2,1,1,1,0,0,0,0
atlas,four_view_noKh,72881,2,1,1,1,0,0,0,0
atlas,four_view_noKh,72975,2,1,1,1,0,0,0,0
atlas,four_view_noKh,73298,2,1,1,1,0,0,0,0
atlas,four_view_noKh,73299,2,1,1,1,0,0,0,0
atlas,four_view_noKh,73302,2,1,1,1,0,0,0,0
atlas,four_view_noKh,73307,2,1,1,1,0,0,0,0
atlas,four_view_noKh,73519,2,1,1,1,0,0,0,0
atlas,four_view_noKh,73520,2,1,1,1,0,0,0,0
atlas,four_view_noKh,73528,2,1,1,1,0,0,0,0
atlas,four_view_noKh,73584,2,1,1,1,0,0,0,0
atlas,four_view_noKh,73662,2,1,1,1,0,0,0,0
atlas,four_view_noKh,73798,2,1,1,1,0,0,0,0
atlas,four_view_noKh,73856,2,1,1,1,0,0,0,0
atlas,four_view_noKh,73860,2,1,1,1,0,0,0,0
atlas,four_view_noKh,73875,2,1,1,1,0,0,0,0
atlas,four_view_noKh,73967,2,1,1,1,0,0,0,0
atlas,four_view_noKh,73974,3,3,1,1,0,0,0,0
atlas,four_view_noKh,73985,2,1,1,1,0,0,0,0
atlas,four_view_noKh,73987,2,1,1,1,0,0,0,0
atlas,four_view_noKh,73988,4,6,1,1,0,0,0,0
atlas,four_view_noKh,74008,2,1,1,1,0,0,0,0
atlas,four_view_noKh,74035,3,3,1,1,0,0,0,0
atlas,four_view_noKh,74038,3,3,1,1,0,0,0,0
atlas,four_view_noKh,74041,2,1,1,1,0,0,0,0
atlas,four_view_noKh,74094,2,1,1,1,0,0,0,0
atlas,four_view_noKh,74270,2,1,1,1,0,0,0,0
atlas,four_view_noKh,74333,2,1,1,1,0,0,0,0
atlas,four_view_noKh,74381,2,1,1,1,0,0,0,0
atlas,four_view_noKh,74503,2,1,1,1,0,0,0,0
atlas,four_view_noKh,74529,2,1,1,1,0,0,0,0
atlas,four_view_noKh,74559,2,1,1,1,0,0,0,0
atlas,four_view_noKh,74569,2,1,1,1,0,0,0,0
atlas,four_view_noKh,74570,2,1,1,1,0,0,0,0
atlas,four_view_noKh,74571,2,1,1,1,0,0,0,0
atlas,four_view_noKh,74574,2,1,1,1,0,0,0,0
atlas,four_view_noKh,74575,2,1,1,1,0,0,0,0
atlas,four_view_noKh,74778,2,1,1,1,0,0,0,0
atlas,four_view_noKh,75028,2,1,1,1,0,0,0,0
atlas,four_view_noKh,75098,2,1,1,1,0,0,0,0
atlas,four_view_noKh,75202,2,1,1,1,0,0,0,0
atlas,four_view_noKh,75279,2,1,1,1,0,0,0,0
atlas,four_view_noKh,75307,2,1,1,1,0,0,0,0
atlas,four_view_noKh,75311,2,1,1,1,0,0,0,0
atlas,four_view_noKh,75317,2,1,1,1,0,0,0,0
atlas,four_view_noKh,75319,2,1,1,1,0,0,0,0
atlas,four_view_noKh,75522,2,1,1,1,0,0,0,0
atlas,four_view_noKh,75524,2,1,1,1,0,0,0,0
atlas,four_view_noKh,75527,2,1,1,1,0,0,0,0
atlas,four_view_noKh,75532,2,1,1,1,0,0,0,0
atlas,four_view_noKh,75533,2,1,1,1,0,0,0,0
atlas,four_view_noKh,75609,2,1,1,1,0,0,0,0
atlas,four_view_noKh,75610,2,1,1,1,0,0,0,0
atlas,four_view_noKh,75611,2,1,1,1,0,0,0,0
atlas,four_view_noKh,75745,2,1,1,1,0,0,0,0
atlas,four_view_noKh,75748,2,1,1,1,0,0,0,0
atlas,four_view_noKh,75847,2,1,1,1,0,0,0,0
atlas,four_view_noKh,75867,2,1,1,1,0,0,0,0
atlas,four_view_noKh,76093,2,1,1,1,0,0,0,0
atlas,four_view_noKh,76257,2,1,1,1,0,0,0,0
atlas,four_view_noKh,76325,2,1,1,1,0,0,0,0
atlas,four_view_noKh,76326,2,1,1,1,0,0,0,0
atlas,four_view_noKh,76329,2,1,1,1,0,0,0,0
atlas,four_view_noKh,76333,2,1,1,1,0,0,0,0
atlas,four_view_noKh,76335,2,1,1,1,0,0,0,0
atlas,four_view_noKh,76339,2,1,1,1,0,0,0,0
atlas,four_view_noKh,76344,4,6,1,1,0,0,0,0
atlas,four_view_noKh,76345,2,1,1,1,0,0,0,0
atlas,four_view_noKh,76744,2,1,1,1,0,0,0,0
atlas,four_view_noKh,76745,2,1,1,1,0,0,0,0
atlas,four_view_noKh,76779,2,1,1,1,0,0,0,0
atlas,four_view_noKh,76785,4,6,1,1,0,0,0,0
atlas,four_view_noKh,76787,2,1,1,1,0,0,0,0
atlas,four_view_noKh,76805,2,1,1,1,0,0,0,0
atlas,four_view_noKh,76868,2,1,1,1,0,0,0,0
atlas,four_view_noKh,76870,2,1,1,1,0,0,0,0
atlas,four_view_noKh,76872,2,1,1,1,0,0,0,0
atlas,four_view_noKh,76889,2,1,1,1,0,0,0,0
atlas,four_view_noKh,76894,2,1,1,1,0,0,0,0
atlas,four_view_noKh,76895,2,1,1,1,0,0,0,0
atlas,four_view_noKh,76906,2,1,1,1,0,0,0,0
atlas,four_view_noKh,76907,2,1,1,1,0,0,0,0
atlas,four_view_noKh,76910,2,1,1,1,0,0,0,0
atlas,four_view_noKh,76919,2,1,1,1,0,0,0,0
atlas,four_view_noKh,76931,2,1,1,1,0,0,0,0
atlas,four_view_noKh,76939,2,1,1,1,0,0,0,0
atlas,four_view_noKh,76967,2,1,1,1,0,0,0,0
atlas,four_view_noKh,76996,2,1,1,1,0,0,0,0
atlas,four_view_noKh,77052,2,1,1,1,0,0,0,0
atlas,four_view_noKh,77053,2,1,1,1,0,0,0,0
atlas,four_view_noKh,77202,2,1,1,1,0,0,0,0
atlas,four_view_noKh,77339,2,1,1,1,0,0,0,0
atlas,four_view_noKh,77410,2,1,1,1,0,0,0,0
atlas,four_view_noKh,77484,2,1,1,1,0,0,0,0
atlas,four_view_noKh,77485,2,1,1,1,0,0,0,0
atlas,four_view_noKh,77488,2,1,1,1,0,0,0,0
atlas,four_view_noKh,77491,2,1,1,1,0,0,0,0
atlas,four_view_noKh,77492,2,1,1,1,0,0,0,0
atlas,four_view_noKh,77493,2,1,1,1,0,0,0,0
atlas,four_view_noKh,77495,2,1,1,1,0,0,0,0
atlas,four_view_noKh,77572,2,1,1,1,0,0,0,0
atlas,four_view_noKh,77621,2,1,1,1,0,0,0,0
atlas,four_view_noKh,77623,2,1,1,1,0,0,0,0
atlas,four_view_noKh,77626,2,1,1,1,0,0,0,0
atlas,four_view_noKh,77640,2,1,1,1,0,0,0,0
atlas,four_view_noKh,77644,2,1,1,1,0,0,0,0
atlas,four_view_noKh,77647,2,1,1,1,0,0,0,0
atlas,four_view_noKh,77649,4,6,1,1,0,0,0,0
atlas,four_view_noKh,77652,2,1,1,1,0,0,0,0
atlas,four_view_noKh,77653,2,1,1,1,0,0,0,0
atlas,four_view_noKh,77658,2,1,1,1,0,0,0,0
atlas,four_view_noKh,77667,2,1,1,1,0,0,0,0
atlas,four_view_noKh,77675,3,3,1,1,0,0,0,0
atlas,four_view_noKh,77721,2,1,1,1,0,0,0,0
atlas,four_view_noKh,77755,2,1,1,1,0,0,0,0
atlas,four_view_noKh,77804,2,1,1,1,0,0,0,0
atlas,four_view_noKh,78101,2,1,1,1,0,0,0,0
atlas,four_view_noKh,78102,2,1,1,1,0,0,0,0
atlas,four_view_noKh,78103,2,1,1,1,0,0,0,0
atlas,four_view_noKh,78104,2,1,1,1,0,0,0,0
atlas,four_view_noKh,78105,2,1,1,1,0,0,0,0
atlas,four_view_noKh,78106,2,1,1,1,0,0,0,0
atlas,four_view_noKh,78273,2,1,1,1,0,0,0,0
atlas,four_view_noKh,78290,2,1,1,1,0,0,0,0
atlas,four_view_noKh,78305,2,1,1,1,0,0,0,0
atlas,four_view_noKh,78318,2,1,1,1,0,0,0,0
atlas,four_view_noKh,78333,2,1,1,1,0,0,0,0
atlas,four_view_noKh,78387,2,1,1,1,0,0,0,0
atlas,four_view_noKh,78466,2,1,1,1,0,0,0,0
atlas,four_view_noKh,78658,2,1,1,1,0,0,0,0
atlas,four_view_noKh,78675,2,1,1,1,0,0,0,0
atlas,four_view_noKh,78676,2,1,1,1,0,0,0,0
atlas,four_view_noKh,78703,2,1,1,1,0,0,0,0
atlas,four_view_noKh,78845,2,1,1,1,0,0,0,0
atlas,four_view_noKh,78892,2,1,1,1,0,0,0,0
atlas,four_view_noKh,78903,2,1,1,1,0,0,0,0
atlas,four_view_noKh,78905,2,1,1,1,0,0,0,0
atlas,four_view_noKh,78949,2,1,1,1,0,0,0,0
atlas,four_view_noKh,79026,2,1,1,1,0,0,0,0
atlas,four_view_noKh,79112,2,1,1,1,0,0,0,0
atlas,four_view_noKh,79153,2,1,1,1,0,0,0,0
atlas,four_view_noKh,79154,2,1,1,1,0,0,0,0
atlas,four_view_noKh,79166,2,1,1,1,0,0,0,0
atlas,four_view_noKh,79167,2,1,1,1,0,0,0,0
atlas,four_view_noKh,79185,2,1,1,1,0,0,0,0
atlas,four_view_noKh,79312,2,1,1,1,0,0,0,0
atlas,four_view_noKh,79313,2,1,1,1,0,0,0,0
atlas,four_view_noKh,79350,2,1,1,1,0,0,0,0
atlas,four_view_noKh,79373,2,1,1,1,0,0,0,0
atlas,four_view_noKh,79374,2,1,1,1,0,0,0,0
atlas,four_view_noKh,79520,4,6,1,1,0,0,0,0
atlas,four_view_noKh,79527,4,6,1,1,0,0,0,0
atlas,four_view_noKh,79530,2,1,1,1,0,0,0,0
atlas,four_view_noKh,79531,4,6,1,1,0,0,0,0
atlas,four_view_noKh,79549,2,1,1,1,0,0,0,0
atlas,four_view_noKh,79567,2,1,1,1,0,0,0,0
atlas,four_view_noKh,79568,2,1,1,1,0,0,0,0
atlas,four_view_noKh,79633,2,1,1,1,0,0,0,0
atlas,four_view_noKh,79650,2,1,1,1,0,0,0,0
atlas,four_view_noKh,79783,2,1,1,1,0,0,0,0
atlas,four_view_noKh,79978,2,1,1,1,0,0,0,0
atlas,four_view_noKh,79984,2,1,1,1,0,0,0,0
atlas,four_view_noKh,79987,2,1,1,1,0,0,0,0
atlas,four_view_noKh,79988,2,1,1,1,0,0,0,0
atlas,four_view_noKh,79991,2,1,1,1,0,0,0,0
atlas,four_view_noKh,80244,2,1,1,1,0,0,0,0
atlas,four_view_noKh,80254,2,1,1,1,0,0,0,0
atlas,four_view_noKh,80260,2,1,1,1,0,0,0,0
atlas,four_view_noKh,80263,2,1,1,1,0,0,0,0
atlas,four_view_noKh,80264,2,1,1,1,0,0,0,0
atlas,four_view_noKh,80265,2,1,1,1,0,0,0,0
atlas,four_view_noKh,80419,2,1,1,1,0,0,0,0
atlas,four_view_noKh,80730,2,1,1,1,0,0,0,0
atlas,four_view_noKh,80897,2,1,1,1,0,0,0,0
atlas,four_view_noKh,80898,2,1,1,1,0,0,0,0
atlas,four_view_noKh,80907,2,1,1,1,0,0,0,0
atlas,four_view_noKh,80953,4,6,1,1,0,0,0,0
atlas,four_view_noKh,80956,2,1,1,1,0,0,0,0
atlas,four_view_noKh,80958,2,1,1,1,0,0,0,0
atlas,four_view_noKh,81029,2,1,1,1,0,0,0,0
atlas,four_view_noKh,81055,2,1,1,1,0,0,0,0
atlas,four_view_noKh,81063,2,1,1,1,0,0,0,0
atlas,four_view_noKh,81117,2,1,1,1,0,0,0,0
atlas,four_view_noKh,81118,2,1,1,1,0,0,0,0
atlas,four_view_noKh,81120,2,1,1,1,0,0,0,0
atlas,four_view_noKh,81121,4,6,1,1,0,0,0,0
atlas,four_view_noKh,81188,2,1,1,1,0,0,0,0
atlas,four_view_noKh,81206,2,1,1,1,0,0,0,0
atlas,four_view_noKh,81214,2,1,1,1,0,0,0,0
atlas,four_view_noKh,81319,2,1,1,1,0,0,0,0
atlas,four_view_noKh,81397,2,1,1,1,0,0,0,0
atlas,four_view_noKh,81489,2,1,1,1,0,0,0,0
atlas,four_view_noKh,81498,2,1,1,1,0,0,0,0
atlas,four_view_noKh,81521,2,1,1,1,0,0,0,0
atlas,four_view_noKh,81684,2,1,1,1,0,0,0,0
atlas,four_view_noKh,81704,2,1,1,1,0,0,0,0
atlas,four_view_noKh,81724,2,1,1,1,0,0,0,0
atlas,four_view_noKh,81731,2,1,1,1,0,0,0,0
atlas,four_view_noKh,81783,2,1,1,1,0,0,0,0
atlas,four_view_noKh,81946,2,1,1,1,0,0,0,0
atlas,four_view_noKh,81997,2,1,1,1,0,0,0,0
atlas,four_view_noKh,82021,2,1,2,2,1,1,0,1
atlas,four_view_noKh,82143,2,1,1,1,0,0,0,0
atlas,four_view_noKh,82284,2,1,1,1,0,0,0,0
atlas,four_view_noKh,82327,2,1,1,1,0,0,0,0
atlas,four_view_noKh,82336,2,1,1,1,0,0,0,0
atlas,four_view_noKh,82456,2,1,1,1,0,0,0,0
atlas,four_view_noKh,82486,4,6,1,1,0,0,0,0
atlas,four_view_noKh,82488,4,6,1,1,0,0,0,0
atlas,four_view_noKh,82490,2,1,1,1,0,0,0,0
atlas,four_view_noKh,82500,2,1,1,1,0,0,0,0
atlas,four_view_noKh,82504,2,1,1,1,0,0,0,0
atlas,four_view_noKh,82509,2,1,1,1,0,0,0,0
atlas,four_view_noKh,82517,2,1,1,1,0,0,0,0
atlas,four_view_noKh,82525,4,6,1,1,0,0,0,0
atlas,four_view_noKh,82533,3,3,1,1,0,0,0,0
atlas,four_view_noKh,82538,2,1,1,1,0,0,0,0
atlas,four_view_noKh,82544,2,1,1,1,0,0,0,0
atlas,four_view_noKh,82545,2,1,1,1,0,0,0,0
atlas,four_view_noKh,82579,2,1,1,1,0,0,0,0
atlas,four_view_noKh,82581,2,1,1,1,0,0,0,0
atlas,four_view_noKh,82677,2,1,1,1,0,0,0,0
atlas,four_view_noKh,82741,2,1,1,1,0,0,0,0
atlas,four_view_noKh,82871,2,1,1,1,0,0,0,0
atlas,four_view_noKh,82907,4,6,1,1,0,0,0,0
atlas,four_view_noKh,82919,2,1,1,1,0,0,0,0
atlas,four_view_noKh,82940,2,1,1,1,0,0,0,0
atlas,four_view_noKh,83062,2,1,1,1,0,0,0,0
atlas,four_view_noKh,83069,2,1,1,1,0,0,0,0
atlas,four_view_noKh,83078,2,1,1,1,0,0,0,0
atlas,four_view_noKh,83122,2,1,1,1,0,0,0,0
atlas,four_view_noKh,83304,2,1,1,1,0,0,0,0
atlas,four_view_noKh,83314,2,1,1,1,0,0,0,0
atlas,four_view_noKh,83315,2,1,1,1,0,0,0,0
atlas,four_view_noKh,83318,2,1,1,1,0,0,0,0
atlas,four_view_noKh,83319,2,1,1,1,0,0,0,0
atlas,four_view_noKh,83322,2,1,1,1,0,0,0,0
atlas,four_view_noKh,83323,2,1,1,1,0,0,0,0
atlas,four_view_noKh,83325,2,1,1,1,0,0,0,0
atlas,four_view_noKh,83330,4,6,1,1,0,0,0,0
atlas,four_view_noKh,83613,2,1,1,1,0,0,0,0
atlas,four_view_noKh,83614,2,1,1,1,0,0,0,0
atlas,four_view_noKh,83625,2,1,1,1,0,0,0,0
atlas,four_view_noKh,83626,2,1,1,1,0,0,0,0
atlas,four_view_noKh,83627,2,1,1,1,0,0,0,0
atlas,four_view_noKh,83628,2,1,1,1,0,0,0,0
atlas,four_view_noKh,83634,2,1,1,1,0,0,0,0
atlas,four_view_noKh,83635,2,1,1,1,0,0,0,0
atlas,four_view_noKh,83784,2,1,1,1,0,0,0,0
atlas,four_view_noKh,83820,2,1,1,1,0,0,0,0
atlas,four_view_noKh,83958,2,1,1,1,0,0,0,0
atlas,four_view_noKh,84255,2,1,1,1,0,0,0,0
atlas,four_view_noKh,84257,2,1,1,1,0,0,0,0
atlas,four_view_noKh,84258,2,1,1,1,0,0,0,0
atlas,four_view_noKh,84261,2,1,1,1,0,0,0,0
atlas,four_view_noKh,84264,2,1,1,1,0,0,0,0
atlas,four_view_noKh,84268,2,1,1,1,0,0,0,0
atlas,four_view_noKh,84305,2,1,1,1,0,0,0,0
atlas,four_view_noKh,84462,2,1,1,1,0,0,0,0
atlas,four_view_noKh,84486,2,1,1,1,0,0,0,0
atlas,four_view_noKh,84576,2,1,1,1,0,0,0,0
atlas,four_view_noKh,84771,2,1,1,1,0,0,0,0
atlas,four_view_noKh,84773,2,1,1,1,0,0,0,0
atlas,four_view_noKh,84774,2,1,1,1,0,0,0,0
atlas,four_view_noKh,84929,2,1,1,1,0,0,0,0
atlas,four_view_noKh,84970,2,1,1,1,0,0,0,0
atlas,four_view_noKh,85164,2,1,1,1,0,0,0,0
atlas,four_view_noKh,85213,2,1,1,1,0,0,0,0
atlas,four_view_noKh,85303,2,1,1,1,0,0,0,0
atlas,four_view_noKh,85304,2,1,1,1,0,0,0,0
atlas,four_view_noKh,85344,2,1,1,1,0,0,0,0
atlas,four_view_noKh,85455,2,1,1,1,0,0,0,0
atlas,four_view_noKh,85559,2,1,1,1,0,0,0,0
atlas,four_view_noKh,85619,2,1,1,1,0,0,0,0
atlas,four_view_noKh,85708,2,1,1,1,0,0,0,0
atlas,four_view_noKh,85838,2,1,1,1,0,0,0,0
atlas,four_view_noKh,85840,2,1,1,1,0,0,0,0
atlas,four_view_noKh,85875,2,1,1,1,0,0,0,0
atlas,four_view_noKh,85938,2,1,1,1,0,0,0,0
atlas,four_view_noKh,85984,2,1,1,1,0,0,0,0
atlas,four_view_noKh,86066,2,1,1,1,0,0,0,0
atlas,four_view_noKh,86230,2,1,1,1,0,0,0,0
atlas,four_view_noKh,86231,2,1,1,1,0,0,0,0
atlas,four_view_noKh,86232,2,1,1,1,0,0,0,0
atlas,four_view_noKh,86233,2,1,1,1,0,0,0,0
atlas,four_view_noKh,86234,2,1,1,1,0,0,0,0
atlas,four_view_noKh,86236,2,1,1,1,0,0,0,0
atlas,four_view_noKh,86310,2,1,1,1,0,0,0,0
atlas,four_view_noKh,86317,2,1,1,1,0,0,0,0
atlas,four_view_noKh,86411,2,1,1,1,0,0,0,0
atlas,four_view_noKh,86425,2,1,1,1,0,0,0,0
atlas,four_view_noKh,86476,2,1,1,1,0,0,0,0
atlas,four_view_noKh,86569,2,1,1,1,0,0,0,0
atlas,four_view_noKh,86608,2,1,1,1,0,0,0,0
atlas,four_view_noKh,86625,2,1,1,1,0,0,0,0
atlas,four_view_noKh,86631,4,6,1,1,0,0,0,0
atlas,four_view_noKh,86636,2,1,1,1,0,0,0,0
atlas,four_view_noKh,86637,4,6,1,1,0,0,0,0
atlas,four_view_noKh,86639,2,1,1,1,0,0,0,0
atlas,four_view_noKh,86642,4,6,1,1,0,0,0,0
atlas,four_view_noKh,86643,4,6,1,1,0,0,0,0
atlas,four_view_noKh,86653,2,1,1,1,0,0,0,0
atlas,four_view_noKh,86654,2,1,1,1,0,0,0,0
atlas,four_view_noKh,86665,2,1,1,1,0,0,0,0
atlas,four_view_noKh,86669,2,1,1,1,0,0,0,0
atlas,four_view_noKh,86679,2,1,1,1,0,0,0,0
atlas,four_view_noKh,86717,2,1,1,1,0,0,0,0
atlas,four_view_noKh,86775,2,1,1,1,0,0,0,0
atlas,four_view_noKh,86861,2,1,1,1,0,0,0,0
atlas,four_view_noKh,86862,2,1,1,1,0,0,0,0
atlas,four_view_noKh,86889,2,1,1,1,0,0,0,0
atlas,four_view_noKh,86958,2,1,1,1,0,0,0,0
atlas,four_view_noKh,87001,2,1,1,1,0,0,0,0
atlas,four_view_noKh,87002,2,1,1,1,0,0,0,0
atlas,four_view_noKh,87022,2,1,1,1,0,0,0,0
atlas,four_view_noKh,87026,2,1,1,1,0,0,0,0
atlas,four_view_noKh,87034,2,1,1,1,0,0,0,0
atlas,four_view_noKh,87068,2,1,1,1,0,0,0,0
atlas,four_view_noKh,87069,2,1,1,1,0,0,0,0
atlas,four_view_noKh,87168,2,1,1,1,0,0,0,0
atlas,four_view_noKh,87187,2,1,1,1,0,0,0,0
atlas,four_view_noKh,87189,2,1,1,1,0,0,0,0
atlas,four_view_noKh,87191,2,1,1,1,0,0,0,0
atlas,four_view_noKh,87192,2,1,1,1,0,0,0,0
atlas,four_view_noKh,87193,2,1,1,1,0,0,0,0
atlas,four_view_noKh,87194,2,1,1,1,0,0,0,0
atlas,four_view_noKh,87196,2,1,1,1,0,0,0,0
atlas,four_view_noKh,87207,2,1,1,1,0,0,0,0
atlas,four_view_noKh,87225,2,1,1,1,0,0,0,0
atlas,four_view_noKh,87234,2,1,1,1,0,0,0,0
atlas,four_view_noKh,87237,2,1,1,1,0,0,0,0
atlas,four_view_noKh,87238,2,1,1,1,0,0,0,0
atlas,four_view_noKh,87239,2,1,1,1,0,0,0,0
atlas,four_view_noKh,87245,2,1,1,1,0,0,0,0
atlas,four_view_noKh,87248,2,1,1,1,0,0,0,0
atlas,four_view_noKh,87252,2,1,1,1,0,0,0,0
atlas,four_view_noKh,87259,2,1,1,1,0,0,0,0
atlas,four_view_noKh,87265,2,1,1,1,0,0,0,0
atlas,four_view_noKh,87280,2,1,1,1,0,0,0,0
atlas,four_view_noKh,87355,2,1,1,1,0,0,0,0
atlas,four_view_noKh,87423,2,1,1,1,0,0,0,0
atlas,four_view_noKh,87425,2,1,1,1,0,0,0,0
atlas,four_view_noKh,87495,4,6,1,1,0,0,0,0
atlas,four_view_noKh,87496,2,1,1,1,0,0,0,0
atlas,four_view_noKh,87497,2,1,1,1,0,0,0,0
atlas,four_view_noKh,87604,2,1,1,1,0,0,0,0
atlas,four_view_noKh,87613,2,1,1,1,0,0,0,0
atlas,four_view_noKh,87645,2,1,1,1,0,0,0,0
atlas,four_view_noKh,87656,2,1,1,1,0,0,0,0
atlas,four_view_noKh,87685,2,1,1,1,0,0,0,0
atlas,four_view_noKh,87686,2,1,1,1,0,0,0,0
atlas,four_view_noKh,87702,2,1,1,1,0,0,0,0
atlas,four_view_noKh,87764,2,1,1,1,0,0,0,0
atlas,four_view_noKh,87920,2,1,1,1,0,0,0,0
atlas,four_view_noKh,88025,2,1,1,1,0,0,0,0
atlas,four_view_noKh,88026,2,1,1,1,0,0,0,0
atlas,four_view_noKh,88412,2,1,1,1,0,0,0,0
atlas,four_view_noKh,88419,2,1,1,1,0,0,0,0
atlas,four_view_noKh,88420,2,1,1,1,0,0,0,0
atlas,four_view_noKh,88424,2,1,1,1,0,0,0,0
atlas,four_view_noKh,88425,2,1,1,1,0,0,0,0
atlas,four_view_noKh,88427,2,1,1,1,0,0,0,0
atlas,four_view_noKh,88428,2,1,1,1,0,0,0,0
atlas,four_view_noKh,88454,2,1,1,1,0,0,0,0
atlas,four_view_noKh,88463,2,1,1,1,0,0,0,0
atlas,four_view_noKh,88725,2,1,1,1,0,0,0,0
atlas,four_view_noKh,88727,2,1,1,1,0,0,0,0
atlas,four_view_noKh,88756,2,1,1,1,0,0,0,0
atlas,four_view_noKh,88758,2,1,1,1,0,0,0,0
atlas,four_view_noKh,88901,2,1,1,1,0,0,0,0
atlas,four_view_noKh,88908,2,1,1,1,0,0,0,0
atlas,four_view_noKh,88922,2,1,1,1,0,0,0,0
atlas,four_view_noKh,88930,2,1,1,1,0,0,0,0
atlas,four_view_noKh,88931,2,1,1,1,0,0,0,0
atlas,four_view_noKh,89113,2,1,1,1,0,0,0,0
atlas,four_view_noKh,89155,2,1,1,1,0,0,0,0
atlas,four_view_noKh,89159,2,1,1,1,0,0,0,0
atlas,four_view_noKh,89160,3,3,1,1,0,0,0,0
atlas,four_view_noKh,89165,2,1,1,1,0,0,0,0
atlas,four_view_noKh,89424,2,1,1,1,0,0,0,0
atlas,four_view_noKh,89590,2,1,1,1,0,0,0,0
atlas,four_view_noKh,89592,2,1,1,1,0,0,0,0
atlas,four_view_noKh,89596,2,1,1,1,0,0,0,0
atlas,four_view_noKh,89597,2,1,1,1,0,0,0,0
atlas,four_view_noKh,89598,2,1,1,1,0,0,0,0
atlas,four_view_noKh,89604,2,1,1,1,0,0,0,0
atlas,four_view_noKh,89648,2,1,1,1,0,0,0,0
atlas,four_view_noKh,89744,2,1,1,1,0,0,0,0
atlas,four_view_noKh,90032,2,1,1,1,0,0,0,0
atlas,four_view_noKh,90064,2,1,1,1,0,0,0,0
atlas,four_view_noKh,90676,2,1,1,1,0,0,0,0
atlas,four_view_noKh,90677,2,1,1,1,0,0,0,0
atlas,four_view_noKh,90742,2,1,1,1,0,0,0,0
atlas,four_view_noKh,90757,2,1,1,1,0,0,0,0
atlas,four_view_noKh,90801,2,1,1,1,0,0,0,0
atlas,four_view_noKh,90828,2,1,1,1,0,0,0,0
atlas,four_view_noKh,90837,2,1,1,1,0,0,0,0
atlas,four_view_noKh,90838,2,1,1,1,0,0,0,0
atlas,four_view_noKh,90839,2,1,1,1,0,0,0,0
atlas,four_view_noKh,90847,2,1,1,1,0,0,0,0
atlas,four_view_noKh,90876,2,1,1,1,0,0,0,0
atlas,four_view_noKh,90924,2,1,1,1,0,0,0,0
atlas,four_view_noKh,90943,2,1,1,1,0,0,0,0
atlas,four_view_noKh,90994,2,1,1,1,0,0,0,0
atlas,four_view_noKh,91106,2,1,1,1,0,0,0,0
atlas,four_view_noKh,91158,2,1,1,1,0,0,0,0
atlas,four_view_noKh,91159,2,1,1,1,0,0,0,0
atlas,four_view_noKh,91522,2,1,1,1,0,0,0,0
atlas,four_view_noKh,91524,2,1,1,1,0,0,0,0
atlas,four_view_noKh,91815,2,1,1,1,0,0,0,0
atlas,four_view_noKh,91867,2,1,1,1,0,0,0,0
atlas,four_view_noKh,91868,2,1,1,1,0,0,0,0
atlas,four_view_noKh,92156,2,1,1,1,0,0,0,0
atlas,four_view_noKh,92169,2,1,1,1,0,0,0,0
atlas,four_view_noKh,92247,2,1,1,1,0,0,0,0
atlas,four_view_noKh,92248,2,1,1,1,0,0,0,0
atlas,four_view_noKh,92331,2,1,1,1,0,0,0,0
atlas,four_view_noKh,92363,2,1,1,1,0,0,0,0
atlas,four_view_noKh,92407,2,1,1,1,0,0,0,0
atlas,four_view_noKh,92523,2,1,1,1,0,0,0,0
atlas,four_view_noKh,92569,2,1,1,1,0,0,0,0
atlas,four_view_noKh,92610,2,1,1,1,0,0,0,0
atlas,four_view_noKh,92641,2,1,1,1,0,0,0,0
atlas,four_view_noKh,92757,2,1,1,1,0,0,0,0
atlas,four_view_noKh,92807,2,1,1,1,0,0,0,0
atlas,four_view_noKh,92822,2,1,1,1,0,0,0,0
atlas,four_view_noKh,92977,2,1,1,1,0,0,0,0
atlas,four_view_noKh,93262,2,1,1,1,0,0,0,0
atlas,four_view_noKh,93480,2,1,1,1,0,0,0,0
atlas,four_view_noKh,93481,2,1,1,1,0,0,0,0
atlas,four_view_noKh,93484,2,1,1,1,0,0,0,0
atlas,four_view_noKh,93485,2,1,1,1,0,0,0,0
atlas,four_view_noKh,93488,4,6,1,1,0,0,0,0
atlas,four_view_noKh,93489,2,1,1,1,0,0,0,0
atlas,four_view_noKh,93492,2,1,1,1,0,0,0,0
atlas,four_view_noKh,93495,2,1,1,1,0,0,0,0
atlas,four_view_noKh,93499,2,1,1,1,0,0,0,0
atlas,four_view_noKh,93502,2,1,1,1,0,0,0,0
atlas,four_view_noKh,93503,2,1,1,1,0,0,0,0
atlas,four_view_noKh,93504,2,1,1,1,0,0,0,0
atlas,four_view_noKh,93506,2,1,1,1,0,0,0,0
atlas,four_view_noKh,93514,2,1,1,1,0,0,0,0
atlas,four_view_noKh,93565,2,1,1,1,0,0,0,0
atlas,four_view_noKh,93567,2,1,1,1,0,0,0,0
atlas,four_view_noKh,93572,4,6,1,1,0,0,0,0
atlas,four_view_noKh,93573,2,1,1,1,0,0,0,0
atlas,four_view_noKh,93574,2,1,1,1,0,0,0,0
atlas,four_view_noKh,93646,2,1,1,1,0,0,0,0
atlas,four_view_noKh,93766,2,1,1,1,0,0,0,0
atlas,four_view_noKh,93783,2,1,1,1,0,0,0,0
atlas,four_view_noKh,93897,2,1,1,1,0,0,0,0
atlas,four_view_noKh,93898,2,1,1,1,0,0,0,0
atlas,four_view_noKh,93903,2,1,1,1,0,0,0,0
atlas,four_view_noKh,93921,2,1,1,1,0,0,0,0
atlas,four_view_noKh,93929,2,1,1,1,0,0,0,0
atlas,four_view_noKh,93939,2,1,1,1,0,0,0,0
atlas,four_view_noKh,93945,2,1,1,1,0,0,0,0
atlas,four_view_noKh,94245,2,1,1,1,0,0,0,0
atlas,four_view_noKh,94249,2,1,1,1,0,0,0,0
atlas,four_view_noKh,94473,2,1,1,1,0,0,0,0
atlas,four_view_noKh,94474,2,1,1,1,0,0,0,0
atlas,four_view_noKh,94628,2,1,1,1,0,0,0,0
atlas,four_view_noKh,94873,2,1,1,1,0,0,0,0
atlas,four_view_noKh,94905,2,1,1,1,0,0,0,0
atlas,four_view_noKh,94920,2,1,1,1,0,0,0,0
atlas,four_view_noKh,94928,2,1,1,1,0,0,0,0
atlas,four_view_noKh,94930,2,1,1,1,0,0,0,0
atlas,four_view_noKh,94936,2,1,1,1,0,0,0,0
atlas,four_view_noKh,94937,2,1,1,1,0,0,0,0
atlas,four_view_noKh,95006,2,1,1,1,0,0,0,0
atlas,four_view_noKh,95016,2,1,1,1,0,0,0,0
atlas,four_view_noKh,95051,2,1,1,1,0,0,0,0
atlas,four_view_noKh,95073,2,1,1,1,0,0,0,0
atlas,four_view_noKh,95082,2,1,1,1,0,0,0,0
atlas,four_view_noKh,95202,2,1,1,1,0,0,0,0
atlas,four_view_noKh,95396,2,1,1,1,0,0,0,0
atlas,four_view_noKh,95508,2,1,1,1,0,0,0,0
atlas,four_view_noKh,95650,2,1,1,1,0,0,0,0
atlas,four_view_noKh,95734,2,1,1,1,0,0,0,0
atlas,four_view_noKh,95738,2,1,1,1,0,0,0,0
atlas,four_view_noKh,95785,2,1,1,1,0,0,0,0
atlas,four_view_noKh,95786,2,1,1,1,0,0,0,0
atlas,four_view_noKh,95806,2,1,1,1,0,0,0,0
atlas,four_view_noKh,95807,2,1,1,1,0,0,0,0
atlas,four_view_noKh,95808,2,1,1,1,0,0,0,0
atlas,four_view_noKh,95818,2,1,1,1,0,0,0,0
atlas,four_view_noKh,95823,2,1,1,1,0,0,0,0
atlas,four_view_noKh,95824,2,1,1,1,0,0,0,0
atlas,four_view_noKh,95829,2,1,1,1,0,0,0,0
atlas,four_view_noKh,95838,2,1,1,1,0,0,0,0
atlas,four_view_noKh,95849,2,1,1,1,0,0,0,0
atlas,four_view_noKh,95852,2,1,1,1,0,0,0,0
atlas,four_view_noKh,95853,2,1,1,1,0,0,0,0
atlas,four_view_noKh,95857,2,1,1,1,0,0,0,0
atlas,four_view_noKh,95858,2,1,1,1,0,0,0,0
atlas,four_view_noKh,95860,2,1,1,1,0,0,0,0
atlas,four_view_noKh,95866,2,1,1,1,0,0,0,0
atlas,four_view_noKh,95868,2,1,1,1,0,0,0,0
atlas,four_view_noKh,95869,2,1,1,1,0,0,0,0
atlas,four_view_noKh,95870,2,1,1,1,0,0,0,0
atlas,four_view_noKh,95872,2,1,1,1,0,0,0,0
atlas,four_view_noKh,95873,2,1,1,1,0,0,0,0
atlas,four_view_noKh,95881,2,1,1,1,0,0,0,0
atlas,four_view_noKh,95892,2,1,1,1,0,0,0,0
atlas,four_view_noKh,95911,2,1,1,1,0,0,0,0
atlas,four_view_noKh,95918,2,1,1,1,0,0,0,0
atlas,four_view_noKh,95927,2,1,1,1,0,0,0,0
atlas,four_view_noKh,95933,2,1,1,1,0,0,0,0
atlas,four_view_noKh,95934,2,1,1,1,0,0,0,0
atlas,four_view_noKh,95937,2,1,1,1,0,0,0,0
atlas,four_view_noKh,96029,2,1,1,1,0,0,0,0
atlas,four_view_noKh,96031,2,1,1,1,0,0,0,0
atlas,four_view_noKh,96035,2,1,1,1,0,0,0,0
atlas,four_view_noKh,96040,4,6,1,1,0,0,0,0
atlas,four_view_noKh,96044,2,1,1,1,0,0,0,0
atlas,four_view_noKh,96049,2,1,1,1,0,0,0,0
atlas,four_view_noKh,96050,2,1,1,1,0,0,0,0
atlas,four_view_noKh,96057,2,1,1,1,0,0,0,0
atlas,four_view_noKh,96063,4,6,1,1,0,0,0,0
atlas,four_view_noKh,96086,2,1,1,1,0,0,0,0
atlas,four_view_noKh,96090,2,1,1,1,0,0,0,0
atlas,four_view_noKh,96101,2,1,1,1,0,0,0,0
atlas,four_view_noKh,96107,2,1,1,1,0,0,0,0
atlas,four_view_noKh,96110,2,1,1,1,0,0,0,0
atlas,four_view_noKh,96117,2,1,1,1,0,0,0,0
atlas,four_view_noKh,96118,2,1,1,1,0,0,0,0
atlas,four_view_noKh,96119,2,1,1,1,0,0,0,0
atlas,four_view_noKh,96121,2,1,1,1,0,0,0,0
atlas,four_view_noKh,96126,4,6,1,1,0,0,0,0
atlas,four_view_noKh,96407,2,1,1,1,0,0,0,0
atlas,four_view_noKh,96413,2,1,1,1,0,0,0,0
atlas,four_view_noKh,96415,2,1,1,1,0,0,0,0
atlas,four_view_noKh,96478,2,1,1,1,0,0,0,0
atlas,four_view_noKh,96543,2,1,1,1,0,0,0,0
atlas,four_view_noKh,96549,2,1,1,1,0,0,0,0
atlas,four_view_noKh,96550,2,1,1,1,0,0,0,0
atlas,four_view_noKh,96559,2,1,1,1,0,0,0,0
atlas,four_view_noKh,96568,2,1,1,1,0,0,0,0
atlas,four_view_noKh,96571,2,1,1,1,0,0,0,0
atlas,four_view_noKh,96575,2,1,1,1,0,0,0,0
atlas,four_view_noKh,96578,2,1,1,1,0,0,0,0
atlas,four_view_noKh,96579,2,1,1,1,0,0,0,0
atlas,four_view_noKh,96586,2,1,1,1,0,0,0,0
atlas,four_view_noKh,96587,2,1,1,1,0,0,0,0
atlas,four_view_noKh,96593,2,1,1,1,0,0,0,0
atlas,four_view_noKh,96595,2,1,1,1,0,0,0,0
atlas,four_view_noKh,96596,2,1,1,1,0,0,0,0
atlas,four_view_noKh,96600,2,1,1,1,0,0,0,0
atlas,four_view_noKh,96603,2,1,1,1,0,0,0,0
atlas,four_view_noKh,96604,2,1,1,1,0,0,0,0
atlas,four_view_noKh,96608,2,1,1,1,0,0,0,0
atlas,four_view_noKh,96611,2,1,1,1,0,0,0,0
atlas,four_view_noKh,96633,2,1,1,1,0,0,0,0
atlas,four_view_noKh,96635,2,1,1,1,0,0,0,0
atlas,four_view_noKh,96637,2,1,1,1,0,0,0,0
atlas,four_view_noKh,96638,2,1,1,1,0,0,0,0
atlas,four_view_noKh,96640,2,1,1,1,0,0,0,0
atlas,four_view_noKh,96642,2,1,1,1,0,0,0,0
atlas,four_view_noKh,96646,2,1,1,1,0,0,0,0
atlas,four_view_noKh,96650,2,1,1,1,0,0,0,0
atlas,four_view_noKh,96661,2,1,1,1,0,0,0,0
atlas,four_view_noKh,96670,2,1,1,1,0,0,0,0
atlas,four_view_noKh,96674,2,1,1,1,0,0,0,0
atlas,four_view_noKh,96687,2,1,1,1,0,0,0,0
atlas,four_view_noKh,96691,2,1,1,1,0,0,0,0
atlas,four_view_noKh,96694,2,1,1,1,0,0,0,0
atlas,four_view_noKh,96696,2,1,1,1,0,0,0,0
atlas,four_view_noKh,96698,2,1,1,1,0,0,0,0
atlas,four_view_noKh,96764,2,1,1,1,0,0,0,0
atlas,four_view_noKh,96921,2,1,1,1,0,0,0,0
atlas,four_view_noKh,97033,2,1,1,1,0,0,0,0
atlas,four_view_noKh,97085,2,1,1,1,0,0,0,0
atlas,four_view_noKh,97120,2,1,1,1,0,0,0,0
atlas,four_view_noKh,97124,2,1,1,1,0,0,0,0
atlas,four_view_noKh,97127,2,1,1,1,0,0,0,0
atlas,four_view_noKh,97258,2,1,1,1,0,0,0,0
atlas,four_view_noKh,97305,2,1,1,1,0,0,0,0
atlas,four_view_noKh,97328,2,1,1,1,0,0,0,0
atlas,four_view_noKh,97330,2,1,1,1,0,0,0,0
atlas,four_view_noKh,97492,2,1,1,1,0,0,0,0
atlas,four_view_noKh,97506,2,1,1,1,0,0,0,0
atlas,four_view_noKh,97516,2,1,1,1,0,0,0,0
atlas,four_view_noKh,97540,2,1,1,1,0,0,0,0
atlas,four_view_noKh,97561,2,1,1,1,0,0,0,0
atlas,four_view_noKh,97576,2,1,1,1,0,0,0,0
atlas,four_view_noKh,97579,2,1,1,1,0,0,0,0
atlas,four_view_noKh,97605,2,1,1,1,0,0,0,0
atlas,four_view_noKh,97681,2,1,1,1,0,0,0,0
atlas,four_view_noKh,97683,2,1,1,1,0,0,0,0
atlas,four_view_noKh,97718,2,1,1,1,0,0,0,0
atlas,four_view_noKh,97727,2,1,1,1,0,0,0,0
atlas,four_view_noKh,97729,2,1,1,1,0,0,0,0
atlas,four_view_noKh,97730,2,1,1,1,0,0,0,0
atlas,four_view_noKh,97782,2,1,1,1,0,0,0,0
atlas,four_view_noKh,97841,2,1,1,1,0,0,0,0
atlas,four_view_noKh,97968,2,1,1,1,0,0,0,0
atlas,four_view_noKh,97977,2,1,1,1,0,0,0,0
atlas,four_view_noKh,97982,2,1,1,1,0,0,0,0
atlas,four_view_noKh,97995,2,1,1,1,0,0,0,0
atlas,four_view_noKh,98005,2,1,1,1,0,0,0,0
atlas,four_view_noKh,98008,2,1,1,1,0,0,0,0
atlas,four_view_noKh,98009,2,1,1,1,0,0,0,0
atlas,four_view_noKh,98160,2,1,1,1,0,0,0,0
atlas,four_view_noKh,98165,2,1,1,1,0,0,0,0
atlas,four_view_noKh,98198,2,1,1,1,0,0,0,0
atlas,four_view_noKh,98325,2,1,1,1,0,0,0,0
atlas,four_view_noKh,98523,2,1,1,1,0,0,0,0
atlas,four_view_noKh,98540,2,1,1,1,0,0,0,0
atlas,four_view_noKh,98586,2,1,1,1,0,0,0,0
atlas,four_view_noKh,98637,2,1,1,1,0,0,0,0
atlas,four_view_noKh,98638,2,1,1,1,0,0,0,0
atlas,four_view_noKh,98647,2,1,1,1,0,0,0,0
atlas,four_view_noKh,98648,2,1,1,1,0,0,0,0
atlas,four_view_noKh,98652,2,1,1,1,0,0,0,0
atlas,four_view_noKh,98671,2,1,1,1,0,0,0,0
atlas,four_view_noKh,98740,2,1,1,1,0,0,0,0
atlas,four_view_noKh,98797,2,1,1,1,0,0,0,0
atlas,four_view_noKh,98826,2,1,1,1,0,0,0,0
atlas,four_view_noKh,98828,2,1,1,1,0,0,0,0
atlas,four_view_noKh,98856,2,1,1,1,0,0,0,0
atlas,four_view_noKh,98900,2,1,1,1,0,0,0,0
atlas,four_view_noKh,98903,2,1,1,1,0,0,0,0
atlas,four_view_noKh,98911,2,1,1,1,0,0,0,0
atlas,four_view_noKh,98913,2,1,1,1,0,0,0,0
atlas,four_view_noKh,98917,2,1,1,1,0,0,0,0
atlas,four_view_noKh,98926,2,1,1,1,0,0,0,0
atlas,four_view_noKh,98927,2,1,1,1,0,0,0,0
atlas,four_view_noKh,98928,4,6,1,1,0,0,0,0
atlas,four_view_noKh,98930,2,1,1,1,0,0,0,0
atlas,four_view_noKh,98938,4,6,1,1,0,0,0,0
atlas,four_view_noKh,98939,2,1,1,1,0,0,0,0
atlas,four_view_noKh,98942,4,6,1,1,0,0,0,0
atlas,four_view_noKh,99124,2,1,1,1,0,0,0,0
atlas,four_view_noKh,99214,2,1,1,1,0,0,0,0
atlas,four_view_noKh,99215,2,1,1,1,0,0,0,0
atlas,four_view_noKh,99216,2,1,1,1,0,0,0,0
atlas,four_view_noKh,99412,2,1,1,1,0,0,0,0
atlas,four_view_noKh,99422,2,1,1,1,0,0,0,0
atlas,four_view_noKh,99423,2,1,1,1,0,0,0,0
atlas,four_view_noKh,99438,4,6,1,1,0,0,0,0
atlas,four_view_noKh,99450,2,1,1,1,0,0,0,0
atlas,four_view_noKh,99468,2,1,1,1,0,0,0,0
atlas,four_view_noKh,99470,2,1,1,1,0,0,1,1
atlas,four_view_noKh,99478,2,1,1,1,0,0,0,0
atlas,four_view_noKh,99481,2,1,1,1,0,0,0,0
atlas,four_view_noKh,99589,2,1,1,1,0,0,0,0
atlas,four_view_noKh,99720,4,6,1,1,0,0,0,0
atlas,four_view_noKh,99769,2,1,1,1,0,0,0,0
atlas,four_view_noKh,99948,2,1,1,1,0,0,0,0
atlas,four_view_noKh,99952,2,1,1,1,0,0,0,0
atlas,four_view_noKh,99984,2,1,1,1,0,0,0,0
atlas,four_view_noKh,99989,2,1,1,1,0,0,0,0
atlas,four_view_noKh,99990,2,1,1,1,0,0,0,0
atlas,four_view_noKh,99992,4,6,1,1,0,0,0,0
atlas,four_view_noKh,99995,2,1,1,1,0,0,0,0
atlas,four_view_noKh,99997,2,1,1,1,0,0,0,0
atlas,four_view_noKh,99999,2,1,1,1,0,0,0,0
atlas,four_view_noKh,100004,2,1,1,1,0,0,0,0
atlas,four_view_noKh,100008,4,6,1,1,0,0,0,0
atlas,four_view_noKh,100012,2,1,1,1,0,0,0,0
atlas,four_view_noKh,100097,2,1,1,1,0,0,0,0
atlas,four_view_noKh,100534,2,1,1,1,0,0,0,0
atlas,four_view_noKh,100611,2,1,1,1,0,0,0,0
atlas,four_view_noKh,100718,2,1,1,1,0,0,0,0
atlas,four_view_noKh,100768,2,1,1,1,0,0,0,0
atlas,four_view_noKh,101023,2,1,1,1,0,0,0,0
atlas,four_view_noKh,101029,2,1,1,1,0,0,0,0
atlas,four_view_noKh,101064,2,1,1,1,0,0,0,0
atlas,four_view_noKh,101102,2,1,1,1,0,0,0,0
atlas,four_view_noKh,101207,2,1,1,1,0,0,0,0
atlas,four_view_noKh,101208,2,1,1,1,0,0,0,0
atlas,four_view_noKh,101215,2,1,1,1,0,0,0,0
atlas,four_view_noKh,101217,2,1,1,1,0,0,0,0
atlas,four_view_noKh,101227,2,1,1,1,0,0,0,0
atlas,four_view_noKh,101234,2,1,1,1,0,0,0,0
atlas,four_view_noKh,101239,2,1,1,1,0,0,0,0
atlas,four_view_noKh,101385,2,1,1,1,0,0,0,0
atlas,four_view_noKh,101812,2,1,1,1,0,0,0,0
atlas,four_view_noKh,101854,2,1,1,1,0,0,0,0
atlas,four_view_noKh,101955,2,1,1,1,0,0,0,0
atlas,four_view_noKh,101969,2,1,1,1,0,0,0,0
atlas,four_view_noKh,102137,2,1,1,1,0,0,0,0
atlas,four_view_noKh,102210,2,1,1,1,0,0,0,0
atlas,four_view_noKh,102368,2,1,1,1,0,0,0,0
atlas,four_view_noKh,102584,2,1,1,1,0,0,0,0
atlas,four_view_noKh,102587,2,1,1,1,0,0,0,0
atlas,four_view_noKh,102590,2,1,1,1,0,0,0,0
atlas,four_view_noKh,102591,2,1,1,1,0,0,0,0
atlas,four_view_noKh,102592,2,1,1,1,0,0,0,0
atlas,four_view_noKh,102595,2,1,1,1,0,0,0,0
atlas,four_view_noKh,102596,2,1,1,1,0,0,0,0
atlas,four_view_noKh,102599,2,1,1,1,0,0,0,0
atlas,four_view_noKh,102603,2,1,1,1,0,0,0,0
atlas,four_view_noKh,102604,2,1,1,1,0,0,0,0
atlas,four_view_noKh,102605,2,1,1,1,0,0,0,0
atlas,four_view_noKh,102606,2,1,1,1,0,0,0,0
atlas,four_view_noKh,102607,4,6,1,1,0,0,0,0
atlas,four_view_noKh,102668,2,1,1,1,0,0,0,0
atlas,four_view_noKh,102860,2,1,1,1,0,0,0,0
atlas,four_view_noKh,102958,2,1,1,1,0,0,0,0
atlas,four_view_noKh,102959,2,1,1,1,0,0,0,0
atlas,four_view_noKh,102978,2,1,1,1,0,0,0,0
atlas,four_view_noKh,102980,2,1,1,1,0,0,0,0
atlas,four_view_noKh,102981,4,6,1,1,0,0,0,0
atlas,four_view_noKh,102982,2,1,1,1,0,0,0,0
atlas,four_view_noKh,102983,2,1,1,1,0,0,0,0
atlas,four_view_noKh,102991,2,1,1,1,0,0,0,0
atlas,four_view_noKh,102997,2,1,1,1,0,0,0,0
atlas,four_view_noKh,102998,2,1,1,1,0,0,0,0
atlas,four_view_noKh,102999,2,1,1,1,0,0,0,0
atlas,four_view_noKh,103044,2,1,1,1,0,0,0,0
atlas,four_view_noKh,103046,2,1,1,1,0,0,0,0
atlas,four_view_noKh,103048,2,1,1,1,0,0,0,0
atlas,four_view_noKh,103049,2,1,1,1,0,0,0,0
atlas,four_view_noKh,103054,2,1,1,1,0,0,0,0
atlas,four_view_noKh,103077,2,1,1,1,0,0,0,0
atlas,four_view_noKh,103119,2,1,1,1,0,0,0,0
atlas,four_view_noKh,103215,2,1,1,1,0,0,0,0
atlas,four_view_noKh,103275,2,1,1,1,0,0,0,0
atlas,four_view_noKh,103371,2,1,1,1,0,0,0,0
atlas,four_view_noKh,103564,2,1,1,1,0,0,0,0
atlas,four_view_noKh,103565,2,1,1,1,0,0,0,0
atlas,four_view_noKh,103567,2,1,1,1,0,0,0,0
atlas,four_view_noKh,103568,2,1,1,1,0,0,0,0
atlas,four_view_noKh,103570,2,1,1,1,0,0,0,0
atlas,four_view_noKh,103571,2,1,1,1,0,0,0,0
atlas,four_view_noKh,103574,2,1,1,1,0,0,0,0
atlas,four_view_noKh,103575,4,6,1,1,0,0,0,0
atlas,four_view_noKh,103581,2,1,1,1,0,0,0,0
atlas,four_view_noKh,103708,2,1,1,1,0,0,0,0
atlas,four_view_noKh,103844,2,1,1,1,0,0,0,0
atlas,four_view_noKh,103897,2,1,1,1,0,0,0,0
atlas,four_view_noKh,103922,2,1,1,1,0,0,0,0
atlas,four_view_noKh,104075,2,1,1,1,0,0,0,0
atlas,four_view_noKh,104076,2,1,1,1,0,0,0,0
atlas,four_view_noKh,104077,2,1,1,1,0,0,0,0
atlas,four_view_noKh,104081,2,1,1,1,0,0,0,0
atlas,four_view_noKh,104084,2,1,1,1,0,0,0,0
atlas,four_view_noKh,104086,2,1,1,1,0,0,0,0
atlas,four_view_noKh,104087,2,1,1,1,0,0,0,0
atlas,four_view_noKh,104089,2,1,1,1,0,0,0,0
atlas,four_view_noKh,104090,4,6,1,1,0,0,0,0
atlas,four_view_noKh,104092,2,1,1,1,0,0,0,0
atlas,four_view_noKh,104097,2,1,1,1,0,0,0,0
atlas,four_view_noKh,104098,2,1,1,1,0,0,0,0
atlas,four_view_noKh,104099,2,1,1,1,0,0,0,0
atlas,four_view_noKh,104244,2,1,1,1,0,0,0,0
atlas,four_view_noKh,104262,2,1,1,1,0,0,0,0
atlas,four_view_noKh,104401,2,1,1,1,0,0,0,0
atlas,four_view_noKh,104500,2,1,1,1,0,0,0,0
atlas,four_view_noKh,104503,2,1,1,1,0,0,0,0
atlas,four_view_noKh,104508,2,1,1,1,0,0,0,0
atlas,four_view_noKh,104512,2,1,1,1,0,0,0,0
atlas,four_view_noKh,104517,2,1,1,1,0,0,0,0
atlas,four_view_noKh,104518,2,1,1,1,0,0,0,0
atlas,four_view_noKh,104526,2,1,1,1,0,0,0,0
atlas,four_view_noKh,104542,3,3,1,1,0,0,0,0
atlas,four_view_noKh,104548,2,1,1,1,0,0,0,0
atlas,four_view_noKh,104549,2,1,1,1,0,0,0,0
atlas,four_view_noKh,104556,2,1,1,1,0,0,0,0
atlas,four_view_noKh,104558,2,1,1,1,0,0,0,0
atlas,four_view_noKh,104560,2,1,1,1,0,0,0,0
atlas,four_view_noKh,104565,2,1,1,1,0,0,0,0
atlas,four_view_noKh,104576,2,1,1,1,0,0,0,0
atlas,four_view_noKh,104579,2,1,1,1,0,0,0,0
atlas,four_view_noKh,104583,2,1,1,1,0,0,0,0
atlas,four_view_noKh,104588,2,1,1,1,0,0,0,0
atlas,four_view_noKh,104590,2,1,1,1,0,0,0,0
atlas,four_view_noKh,104591,2,1,1,1,0,0,0,0
atlas,four_view_noKh,104601,2,1,1,1,0,0,0,0
atlas,four_view_noKh,104605,2,1,1,1,0,0,0,0
atlas,four_view_noKh,104612,2,1,1,1,0,0,0,0
atlas,four_view_noKh,104617,2,1,1,1,0,0,0,0
atlas,four_view_noKh,104625,2,1,1,1,0,0,0,0
atlas,four_view_noKh,104629,2,1,1,1,0,0,0,0
atlas,four_view_noKh,104632,2,1,1,1,0,0,0,0
atlas,four_view_noKh,104636,2,1,1,1,0,0,0,0
atlas,four_view_noKh,104639,2,1,1,1,0,0,0,0
atlas,four_view_noKh,104641,2,1,1,1,0,0,0,0
atlas,four_view_noKh,104650,2,1,1,1,0,0,0,0
atlas,four_view_noKh,104651,2,1,1,1,0,0,0,0
atlas,four_view_noKh,104652,2,1,1,1,0,0,0,0
atlas,four_view_noKh,104653,2,1,1,1,0,0,0,0
atlas,four_view_noKh,104656,3,3,1,1,0,0,0,0
atlas,four_view_noKh,104662,2,1,1,1,0,0,0,0
atlas,four_view_noKh,104665,2,1,1,1,0,0,0,0
atlas,four_view_noKh,104673,2,1,1,1,0,0,0,0
atlas,four_view_noKh,104681,2,1,1,1,0,0,0,0
atlas,four_view_noKh,104683,2,1,1,1,0,0,0,0
atlas,four_view_noKh,104686,2,1,1,1,0,0,0,0
atlas,four_view_noKh,104688,2,1,1,1,0,0,0,0
atlas,four_view_noKh,104690,2,1,1,1,0,0,0,0
atlas,four_view_noKh,104691,2,1,1,1,0,0,0,0
atlas,four_view_noKh,104920,2,1,1,1,0,0,0,0
atlas,four_view_noKh,104935,2,1,1,1,0,0,0,0
atlas,four_view_noKh,104936,2,1,1,1,0,0,0,0
atlas,four_view_noKh,105074,2,1,1,1,0,0,0,0
atlas,four_view_noKh,105160,2,1,1,1,0,0,0,0
atlas,four_view_noKh,105177,2,1,1,1,0,0,0,0
atlas,four_view_noKh,105287,2,1,1,1,0,0,0,0
atlas,four_view_noKh,105477,2,1,1,1,0,0,0,0
atlas,four_view_noKh,105640,2,1,1,1,0,0,0,0
atlas,four_view_noKh,105731,2,1,1,1,0,0,0,0
atlas,four_view_noKh,105889,2,1,1,1,0,0,0,0
atlas,four_view_noKh,106040,2,1,1,1,0,0,0,0
atlas,four_view_noKh,106042,2,1,1,1,0,0,0,0
atlas,four_view_noKh,106046,2,1,1,1,0,0,0,0
atlas,four_view_noKh,106049,2,1,1,1,0,0,0,0
atlas,four_view_noKh,106053,2,1,1,1,0,0,0,0
atlas,four_view_noKh,106054,2,1,1,1,0,0,0,0
atlas,four_view_noKh,106057,2,1,1,1,0,0,0,0
atlas,four_view_noKh,106058,2,1,1,1,0,0,0,0
atlas,four_view_noKh,106161,2,1,1,1,0,0,0,0
atlas,four_view_noKh,106202,2,1,1,1,0,0,0,0
atlas,four_view_noKh,106204,2,1,1,1,0,0,0,0
atlas,four_view_noKh,106218,2,1,1,1,0,0,0,0
atlas,four_view_noKh,106222,2,1,1,1,0,0,0,0
atlas,four_view_noKh,106335,2,1,1,1,0,0,0,0
atlas,four_view_noKh,106340,2,1,1,1,0,0,0,0
atlas,four_view_noKh,106366,2,1,1,1,0,0,0,0
atlas,four_view_noKh,106370,2,1,1,1,0,0,0,0
atlas,four_view_noKh,106527,2,1,1,1,0,0,0,0
atlas,four_view_noKh,106637,2,1,1,1,0,0,0,0
atlas,four_view_noKh,106644,2,1,1,1,0,0,0,0
atlas,four_view_noKh,106675,2,1,1,1,0,0,0,0
atlas,four_view_noKh,106676,2,1,1,1,0,0,0,0
atlas,four_view_noKh,106686,2,1,1,1,0,0,0,0
atlas,four_view_noKh,106704,2,1,1,1,0,0,0,0
atlas,four_view_noKh,106830,2,1,1,1,0,0,0,0
atlas,four_view_noKh,106832,2,1,1,1,0,0,0,0
atlas,four_view_noKh,106840,2,1,1,1,0,0,0,0
atlas,four_view_noKh,106841,2,1,1,1,0,0,0,0
atlas,four_view_noKh,106842,2,1,1,1,0,0,0,0
atlas,four_view_noKh,106849,2,1,1,1,0,0,0,0
atlas,four_view_noKh,106852,2,1,1,1,0,0,0,0
atlas,four_view_noKh,106853,2,1,1,1,0,0,0,0
atlas,four_view_noKh,106854,3,3,1,1,0,0,0,0
atlas,four_view_noKh,106856,2,1,1,1,0,0,0,0
atlas,four_view_noKh,106867,2,1,1,1,0,0,0,0
atlas,four_view_noKh,106873,2,1,1,1,0,0,0,0
atlas,four_view_noKh,106950,2,1,1,1,0,0,0,0
atlas,four_view_noKh,107061,2,1,1,1,0,0,0,0
atlas,four_view_noKh,107363,2,1,1,1,0,0,0,0
atlas,four_view_noKh,107364,2,1,1,1,0,0,0,0
atlas,four_view_noKh,107634,2,1,1,1,0,0,0,0
atlas,four_view_noKh,107648,2,1,1,1,0,0,0,0
atlas,four_view_noKh,107704,2,1,1,1,0,0,0,0
atlas,four_view_noKh,108101,2,1,1,1,0,0,0,0
atlas,four_view_noKh,108236,2,1,1,1,0,0,0,0
atlas,four_view_noKh,108409,2,1,1,1,0,0,0,0
atlas,four_view_noKh,108470,2,1,1,1,0,0,0,0
atlas,four_view_noKh,108486,2,1,1,1,0,0,0,0
atlas,four_view_noKh,108679,2,1,1,1,0,0,0,0
atlas,four_view_noKh,108706,2,1,1,1,0,0,0,0
atlas,four_view_noKh,108711,2,1,1,1,0,0,0,0
atlas,four_view_noKh,108854,2,1,1,1,0,0,0,0
atlas,four_view_noKh,108886,2,1,1,1,0,0,0,0
atlas,four_view_noKh,109106,2,1,1,1,0,0,0,0
atlas,four_view_noKh,109163,2,1,1,1,0,0,0,0
atlas,four_view_noKh,109206,2,1,1,1,0,0,0,0
atlas,four_view_noKh,109230,2,1,1,1,0,0,0,0
atlas,four_view_noKh,109231,2,1,1,1,0,0,0,0
atlas,four_view_noKh,109233,2,1,1,1,0,0,0,0
atlas,four_view_noKh,109254,2,1,1,1,0,0,0,0
atlas,four_view_noKh,109255,2,1,1,1,0,0,0,0
atlas,four_view_noKh,109259,2,1,1,1,0,0,0,0
atlas,four_view_noKh,109344,2,1,1,1,0,0,0,0
atlas,four_view_noKh,109386,2,1,1,1,0,0,0,0
atlas,four_view_noKh,109418,2,1,1,1,0,0,0,0
atlas,four_view_noKh,109617,2,1,1,1,0,0,0,0
atlas,four_view_noKh,109635,2,1,1,1,0,0,0,0
atlas,four_view_noKh,109658,2,1,1,1,0,0,0,0
atlas,four_view_noKh,109695,2,1,1,1,0,0,0,0
atlas,four_view_noKh,109696,2,1,1,1,0,0,0,0
atlas,four_view_noKh,109716,2,1,1,1,0,0,0,0
atlas,four_view_noKh,109723,2,1,1,1,0,0,0,0
atlas,four_view_noKh,109724,2,1,1,1,0,0,0,0
atlas,four_view_noKh,109726,2,1,1,1,0,0,0,0
atlas,four_view_noKh,109731,2,1,1,1,0,0,0,0
atlas,four_view_noKh,109734,2,1,1,1,0,0,0,0
atlas,four_view_noKh,109749,2,1,1,1,0,0,0,0
atlas,four_view_noKh,109754,2,1,1,1,0,0,0,0
atlas,four_view_noKh,109756,2,1,1,1,0,0,0,0
atlas,four_view_noKh,109766,2,1,1,1,0,0,0,0
atlas,four_view_noKh,109770,2,1,1,1,0,0,0,0
atlas,four_view_noKh,109777,2,1,1,1,0,0,0,0
atlas,four_view_noKh,109783,2,1,1,1,0,0,0,0
atlas,four_view_noKh,109787,2,1,1,1,0,0,0,0
atlas,four_view_noKh,109790,2,1,1,1,0,0,0,0
atlas,four_view_noKh,109793,4,6,1,1,0,0,0,0
atlas,four_view_noKh,109794,2,1,1,1,0,0,0,0
atlas,four_view_noKh,109796,4,6,1,1,0,0,0,0
atlas,four_view_noKh,109799,2,1,1,1,0,0,0,0
atlas,four_view_noKh,109807,4,6,1,1,0,0,0,0
atlas,four_view_noKh,109809,2,1,1,1,0,0,0,0
atlas,four_view_noKh,109811,2,1,1,1,0,0,0,0
atlas,four_view_noKh,109816,2,1,1,1,0,0,0,0
atlas,four_view_noKh,109821,2,1,1,1,0,0,0,0
atlas,four_view_noKh,109828,2,1,1,1,0,0,0,0
atlas,four_view_noKh,109832,2,1,1,1,0,0,0,0
atlas,four_view_noKh,109834,2,1,1,1,0,0,0,0
atlas,four_view_noKh,109911,2,1,1,1,0,0,0,0
atlas,four_view_noKh,109914,2,1,1,1,0,0,0,0
atlas,four_view_noKh,109915,3,3,1,1,0,0,0,0
atlas,four_view_noKh,109921,2,1,1,1,0,0,0,0
atlas,four_view_noKh,109923,2,1,1,1,0,0,0,0
atlas,four_view_noKh,109930,2,1,1,1,0,0,0,0
atlas,four_view_noKh,109937,2,1,1,1,0,0,0,0
atlas,four_view_noKh,110374,2,1,1,1,0,0,0,0
atlas,four_view_noKh,110458,2,1,1,1,0,0,0,0
atlas,four_view_noKh,110459,2,1,1,1,0,0,0,0
atlas,four_view_noKh,110618,2,1,1,1,0,0,0,0
atlas,four_view_noKh,110619,2,1,1,1,0,0,0,0
atlas,four_view_noKh,110620,2,1,1,1,0,0,0,0
atlas,four_view_noKh,110642,2,1,1,1,0,0,0,0
atlas,four_view_noKh,110663,2,1,1,1,0,0,0,0
atlas,four_view_noKh,110914,2,1,1,1,0,0,0,0
atlas,four_view_noKh,110916,2,1,1,1,0,0,0,0
atlas,four_view_noKh,111011,2,1,1,1,0,0,0,0
atlas,four_view_noKh,111126,2,1,1,1,0,0,0,0
atlas,four_view_noKh,111194,2,1,1,1,0,0,0,0
atlas,four_view_noKh,111213,2,1,1,1,0,0,0,0
atlas,four_view_noKh,111214,2,1,1,1,0,0,0,0
atlas,four_view_noKh,111250,2,1,1,1,0,0,0,0
atlas,four_view_noKh,111251,2,1,1,1,0,0,0,0
atlas,four_view_noKh,111373,2,1,1,1,0,0,0,0
atlas,four_view_noKh,111386,2,1,1,1,0,0,0,0
atlas,four_view_noKh,111526,2,1,1,1,0,0,0,0
atlas,four_view_noKh,111667,2,1,1,1,0,0,0,0
atlas,four_view_noKh,111668,2,1,1,1,0,0,0,0
atlas,four_view_noKh,111677,2,1,1,1,0,0,0,0
atlas,four_view_noKh,111716,2,1,1,1,0,0,0,0
atlas,four_view_noKh,111765,2,1,1,1,0,0,0,0
atlas,four_view_noKh,112162,2,1,1,1,0,0,0,0
atlas,four_view_noKh,112283,2,1,1,1,0,0,0,0
atlas,four_view_noKh,112288,2,1,1,1,0,0,0,0
atlas,four_view_noKh,112289,2,1,1,1,0,0,0,0
atlas,four_view_noKh,112329,2,1,1,1,0,0,0,0
atlas,four_view_noKh,112333,2,1,1,1,0,0,0,0
atlas,four_view_noKh,112349,2,1,1,1,0,0,0,0
atlas,four_view_noKh,112461,2,1,1,1,0,0,0,0
atlas,four_view_noKh,112464,2,1,1,1,0,0,0,0
atlas,four_view_noKh,112470,2,1,1,1,0,0,0,0
atlas,four_view_noKh,112528,2,1,1,1,0,0,0,0
atlas,four_view_noKh,112801,2,1,1,1,0,0,0,0
atlas,four_view_noKh,112864,2,1,1,1,0,0,0,0
atlas,four_view_noKh,112922,2,1,1,1,0,0,0,0
atlas,four_view_noKh,112972,4,6,1,1,0,0,0,0
atlas,four_view_noKh,112980,2,1,1,1,0,0,0,0
atlas,four_view_noKh,112998,2,1,1,1,0,0,0,0
atlas,four_view_noKh,113002,2,1,1,1,0,0,0,0
atlas,four_view_noKh,113006,2,1,1,1,0,0,0,0
atlas,four_view_noKh,113016,2,1,1,1,0,0,0,0
atlas,four_view_noKh,113101,2,1,1,1,0,0,0,0
atlas,four_view_noKh,113115,2,1,1,1,0,0,0,0
atlas,four_view_noKh,113117,2,1,1,1,0,0,0,0
atlas,four_view_noKh,113146,2,1,1,1,0,0,0,0
atlas,four_view_noKh,113148,2,1,1,1,0,0,0,0
atlas,four_view_noKh,113150,2,1,1,1,0,0,0,0
atlas,four_view_noKh,113200,2,1,1,1,0,0,0,0
atlas,four_view_noKh,113207,2,1,1,1,0,0,0,0
atlas,four_view_noKh,113393,2,1,1,1,0,0,0,0
atlas,four_view_noKh,113396,2,1,1,1,0,0,0,0
atlas,four_view_noKh,113398,2,1,1,1,0,0,0,0
atlas,four_view_noKh,113399,2,1,1,1,0,0,0,0
atlas,four_view_noKh,113473,2,1,1,1,0,0,0,0
atlas,four_view_noKh,113509,2,1,1,1,0,0,0,0
atlas,four_view_noKh,113522,2,1,1,1,0,0,0,0
atlas,four_view_noKh,113527,3,3,1,1,0,0,0,0
atlas,four_view_noKh,113550,2,1,1,1,0,0,0,0
atlas,four_view_noKh,113556,2,1,1,1,0,0,0,0
atlas,four_view_noKh,113584,2,1,1,1,0,0,0,0
atlas,four_view_noKh,113586,2,1,1,1,0,0,0,0
atlas,four_view_noKh,113815,2,1,1,1,0,0,0,0
atlas,four_view_noKh,113844,2,1,1,1,0,0,0,0
atlas,four_view_noKh,113955,2,1,1,1,0,0,0,0
atlas,four_view_noKh,113976,2,1,1,1,0,0,0,0
atlas,four_view_noKh,113998,2,1,1,1,0,0,0,0
atlas,four_view_noKh,114060,2,1,1,1,0,0,0,0
atlas,four_view_noKh,114168,2,1,1,1,0,0,0,0
atlas,four_view_noKh,114327,2,1,1,1,0,0,0,0
atlas,four_view_noKh,114331,2,1,1,1,0,0,0,0
atlas,four_view_noKh,114332,2,1,1,1,0,0,0,0
atlas,four_view_noKh,114334,2,1,1,1,0,0,0,0
atlas,four_view_noKh,114337,3,3,1,1,0,0,0,0
atlas,four_view_noKh,114344,2,1,1,1,0,0,0,0
atlas,four_view_noKh,114345,2,1,1,1,0,0,0,0
atlas,four_view_noKh,114347,2,1,1,1,0,0,0,0
atlas,four_view_noKh,114348,2,1,1,1,0,0,0,0
atlas,four_view_noKh,114349,2,1,1,1,0,0,0,0
atlas,four_view_noKh,114355,2,1,1,1,0,0,0,0
atlas,four_view_noKh,114357,2,1,1,1,0,0,0,0
atlas,four_view_noKh,114361,2,1,1,1,0,0,0,0
atlas,four_view_noKh,114373,2,1,1,1,0,0,0,0
atlas,four_view_noKh,114375,2,1,1,1,0,0,0,0
atlas,four_view_noKh,114376,2,1,1,1,0,0,0,0
atlas,four_view_noKh,114377,2,1,1,1,0,0,0,0
atlas,four_view_noKh,114380,2,1,1,1,0,0,0,0
atlas,four_view_noKh,114382,2,1,1,1,0,0,0,0
atlas,four_view_noKh,114388,2,1,1,1,0,0,0,0
atlas,four_view_noKh,114389,2,1,1,1,0,0,0,0
atlas,four_view_noKh,114392,2,1,1,1,0,0,0,0
atlas,four_view_noKh,114394,2,1,1,1,0,0,0,0
atlas,four_view_noKh,114402,2,1,1,1,0,0,0,0
atlas,four_view_noKh,114410,2,1,1,1,0,0,0,0
atlas,four_view_noKh,114417,4,6,1,1,0,0,0,0
atlas,four_view_noKh,114419,2,1,1,1,0,0,0,0
atlas,four_view_noKh,114420,4,6,1,1,0,0,0,0
atlas,four_view_noKh,114421,2,1,1,1,0,0,0,0
atlas,four_view_noKh,114424,3,3,1,1,0,0,0,0
atlas,four_view_noKh,114425,2,1,1,1,0,0,0,0
atlas,four_view_noKh,114431,3,3,1,1,0,0,0,0
atlas,four_view_noKh,114433,4,6,1,1,0,0,0,0
atlas,four_view_noKh,114447,2,1,1,1,0,0,0,0
atlas,four_view_noKh,114448,2,1,1,1,0,0,0,0
atlas,four_view_noKh,114453,2,1,1,1,0,0,0,0
atlas,four_view_noKh,114463,2,1,1,1,0,0,0,0
atlas,four_view_noKh,114465,2,1,1,1,0,0,0,0
atlas,four_view_noKh,114466,2,1,1,1,0,0,0,0
atlas,four_view_noKh,114467,2,1,1,1,0,0,0,0
atlas,four_view_noKh,114468,2,1,1,1,0,0,0,0
atlas,four_view_noKh,114486,2,1,1,1,0,0,0,0
atlas,four_view_noKh,114488,2,1,1,1,0,0,0,0
atlas,four_view_noKh,114501,2,1,1,1,0,0,0,0
atlas,four_view_noKh,114513,2,1,1,1,0,0,0,0
atlas,four_view_noKh,114517,2,1,1,1,0,0,0,0
atlas,four_view_noKh,114527,2,1,1,1,0,0,0,0
atlas,four_view_noKh,114528,2,1,1,1,0,0,0,0
atlas,four_view_noKh,114530,2,1,1,1,0,0,0,0
atlas,four_view_noKh,114531,3,3,1,1,0,0,0,0
atlas,four_view_noKh,114533,2,1,1,1,0,0,0,0
atlas,four_view_noKh,114584,2,1,1,1,0,0,0,0
atlas,four_view_noKh,114610,2,1,1,1,0,0,0,0
atlas,four_view_noKh,114672,2,1,1,1,0,0,0,0
atlas,four_view_noKh,114706,2,1,1,1,0,0,0,0
atlas,four_view_noKh,114753,2,1,1,1,0,0,0,0
atlas,four_view_noKh,114803,2,1,1,1,0,0,0,0
atlas,four_view_noKh,114825,2,1,1,1,0,0,0,0
atlas,four_view_noKh,114877,2,1,1,1,0,0,0,0
atlas,four_view_noKh,114987,2,1,1,1,0,0,0,0
atlas,four_view_noKh,115018,2,1,1,1,0,0,0,0
atlas,four_view_noKh,115029,2,1,1,1,0,0,0,0
atlas,four_view_noKh,115031,2,1,1,1,0,0,0,0
atlas,four_view_noKh,115094,2,1,1,1,0,0,0,0
atlas,four_view_noKh,115115,2,1,1,1,0,0,0,0
atlas,four_view_noKh,115116,2,1,1,1,0,0,0,0
atlas,four_view_noKh,115147,2,1,1,1,0,0,0,0
atlas,four_view_noKh,115155,2,1,1,1,0,0,0,0
atlas,four_view_noKh,115176,2,1,1,1,0,0,0,0
atlas,four_view_noKh,115206,2,1,1,1,0,0,0,0
atlas,four_view_noKh,115278,2,1,1,1,0,0,0,0
atlas,four_view_noKh,115314,2,1,1,1,0,0,0,0
atlas,four_view_noKh,115322,2,1,1,1,0,0,0,0
atlas,four_view_noKh,115354,2,1,1,1,0,0,0,0
atlas,four_view_noKh,115356,2,1,1,1,0,0,0,0
atlas,four_view_noKh,115358,5,10,1,1,0,0,0,0
atlas,four_view_noKh,115387,2,1,1,1,0,0,0,0
atlas,four_view_noKh,115588,2,1,1,1,0,0,0,0
atlas,four_view_noKh,115607,2,1,1,1,0,0,0,0
atlas,four_view_noKh,115615,3,3,1,1,0,0,0,0
atlas,four_view_noKh,115877,2,1,1,1,0,0,0,0
atlas,four_view_noKh,115878,2,1,1,1,0,0,0,0
atlas,four_view_noKh,115904,2,1,1,1,0,0,0,0
atlas,four_view_noKh,115905,2,1,1,1,0,0,0,0
atlas,four_view_noKh,116037,2,1,1,1,0,0,0,0
atlas,four_view_noKh,116038,2,1,1,1,0,0,0,0
atlas,four_view_noKh,116039,2,1,1,1,0,0,0,0
atlas,four_view_noKh,116084,2,1,1,1,0,0,0,0
atlas,four_view_noKh,116089,2,1,1,1,0,0,0,0
atlas,four_view_noKh,116090,2,1,1,1,0,0,0,0
atlas,four_view_noKh,116091,2,1,1,1,0,0,0,0
atlas,four_view_noKh,116225,2,1,1,1,0,0,0,0
atlas,four_view_noKh,116391,2,1,1,1,0,0,0,0
atlas,four_view_noKh,116446,2,1,1,1,0,0,0,0
atlas,four_view_noKh,116507,2,1,1,1,0,0,0,0
atlas,four_view_noKh,116692,2,1,1,1,0,0,0,0
atlas,four_view_noKh,116930,2,1,1,1,0,0,0,0
atlas,four_view_noKh,116932,2,1,1,1,0,0,0,0
atlas,four_view_noKh,116935,2,1,1,1,0,0,0,0
atlas,four_view_noKh,116984,2,1,1,1,0,0,0,0
atlas,four_view_noKh,116985,2,1,1,1,0,0,0,0
atlas,four_view_noKh,117044,2,1,1,1,0,0,0,0
atlas,four_view_noKh,117087,2,1,1,1,0,0,0,0
atlas,four_view_noKh,117248,2,1,1,1,0,0,0,0
atlas,four_view_noKh,117250,2,1,1,1,0,0,0,0
atlas,four_view_noKh,117257,2,1,1,1,0,0,0,0
atlas,four_view_noKh,117258,2,1,1,1,0,0,0,0
atlas,four_view_noKh,117356,2,1,1,1,0,0,0,0
atlas,four_view_noKh,117360,2,1,1,1,0,0,0,0
atlas,four_view_noKh,117404,2,1,1,1,0,0,0,0
atlas,four_view_noKh,117467,2,1,1,1,0,0,0,0
atlas,four_view_noKh,117480,2,1,1,1,0,0,0,0
atlas,four_view_noKh,117481,2,1,1,1,0,0,0,0
atlas,four_view_noKh,117512,2,1,1,1,0,0,0,0
atlas,four_view_noKh,117698,2,1,1,1,0,0,0,0
atlas,four_view_noKh,118000,2,1,1,1,0,0,0,0
atlas,four_view_noKh,118268,2,1,1,1,0,0,0,0
atlas,four_view_noKh,118311,2,1,1,1,0,0,0,0
atlas,four_view_noKh,118313,2,1,1,1,0,0,0,0
atlas,four_view_noKh,118333,2,1,1,1,0,0,0,0
atlas,four_view_noKh,118336,2,1,1,1,0,0,0,0
atlas,four_view_noKh,118341,2,1,1,1,0,0,0,0
atlas,four_view_noKh,118342,2,1,1,1,0,0,0,0
atlas,four_view_noKh,118343,2,1,1,1,0,0,0,0
atlas,four_view_noKh,118344,2,1,1,1,0,0,0,0
atlas,four_view_noKh,118366,2,1,1,1,0,0,0,0
atlas,four_view_noKh,118374,2,1,1,1,0,0,0,0
atlas,four_view_noKh,118377,2,1,1,1,0,0,0,0
atlas,four_view_noKh,118378,2,1,1,1,0,0,0,0
atlas,four_view_noKh,118422,2,1,1,1,0,0,0,0
atlas,four_view_noKh,118456,2,1,1,1,0,0,0,0
atlas,four_view_noKh,118457,2,1,1,1,0,0,0,0
atlas,four_view_noKh,118458,2,1,1,1,0,0,0,0
atlas,four_view_noKh,118464,2,1,1,1,0,0,0,0
atlas,four_view_noKh,118465,2,1,1,1,0,0,0,0
atlas,four_view_noKh,118466,2,1,1,1,0,0,0,0
atlas,four_view_noKh,118485,2,1,1,1,0,0,0,0
atlas,four_view_noKh,118487,2,1,1,1,0,0,0,0
atlas,four_view_noKh,118490,2,1,1,1,0,0,0,0
atlas,four_view_noKh,118599,2,1,1,1,0,0,0,0
atlas,four_view_noKh,118600,2,1,1,1,0,0,0,0
atlas,four_view_noKh,118617,2,1,1,1,0,0,0,0
atlas,four_view_noKh,118773,2,1,1,1,0,0,0,0
atlas,four_view_noKh,118775,2,1,1,1,0,0,0,0
atlas,four_view_noKh,118795,2,1,1,1,0,0,0,0
atlas,four_view_noKh,118946,2,1,1,1,0,0,0,0
atlas,four_view_noKh,118947,2,1,1,1,0,0,0,0
atlas,four_view_noKh,119176,2,1,1,1,0,0,0,0
atlas,four_view_noKh,119180,2,1,1,1,0,0,0,0
atlas,four_view_noKh,119237,2,1,1,1,0,0,0,0
atlas,four_view_noKh,119238,4,6,1,1,0,0,0,0
atlas,four_view_noKh,119338,2,1,1,1,0,0,0,0
atlas,four_view_noKh,119615,2,1,1,1,0,0,0,0
atlas,four_view_noKh,119624,2,1,1,1,0,0,0,0
atlas,four_view_noKh,119627,2,1,1,1,0,0,0,0
atlas,four_view_noKh,119628,2,1,1,1,0,0,0,0
atlas,four_view_noKh,119647,2,1,1,1,0,0,0,0
atlas,four_view_noKh,119648,2,1,1,1,0,0,0,0
atlas,four_view_noKh,119666,2,1,1,1,0,0,0,0
atlas,four_view_noKh,119667,2,1,1,1,0,0,0,0
atlas,four_view_noKh,119738,2,1,1,1,0,0,0,0
atlas,four_view_noKh,119786,2,1,1,1,0,0,0,0
atlas,four_view_noKh,119849,2,1,1,1,0,0,0,0
atlas,four_view_noKh,119854,2,1,1,1,0,0,0,0
atlas,four_view_noKh,119856,2,1,1,1,0,0,0,0
atlas,four_view_noKh,120139,2,1,1,1,0,0,0,0
atlas,four_view_noKh,120203,2,1,1,1,0,0,0,0
atlas,four_view_noKh,120205,2,1,1,1,0,0,0,0
atlas,four_view_noKh,120349,2,1,1,1,0,0,0,0
atlas,four_view_noKh,120380,2,1,1,1,0,0,0,0
atlas,four_view_noKh,120381,2,1,1,1,0,0,0,0
atlas,four_view_noKh,120477,2,1,1,1,0,0,0,0
atlas,four_view_noKh,120480,2,1,1,1,0,0,0,0
atlas,four_view_noKh,120481,2,1,1,1,0,0,0,0
atlas,four_view_noKh,120482,2,1,1,1,0,0,0,0
atlas,four_view_noKh,120549,2,1,1,1,0,0,0,0
atlas,four_view_noKh,120605,2,1,1,1,0,0,0,0
atlas,four_view_noKh,120719,2,1,1,1,0,0,0,0
atlas,four_view_noKh,120895,2,1,1,1,0,0,0,0
atlas,four_view_noKh,121020,2,1,1,1,0,0,0,0
atlas,four_view_noKh,121032,2,1,1,1,0,0,0,0
atlas,four_view_noKh,121191,2,1,1,1,0,0,0,0
atlas,four_view_noKh,121205,2,1,1,1,0,0,0,0
atlas,four_view_noKh,121478,2,1,1,1,0,0,0,0
atlas,four_view_noKh,121492,2,1,1,1,0,0,0,0
atlas,four_view_noKh,121612,2,1,1,1,0,0,0,0
atlas,four_view_noKh,121756,2,1,1,1,0,0,0,0
atlas,four_view_noKh,121839,2,1,1,1,0,0,0,0
atlas,four_view_noKh,121868,2,1,1,1,0,0,0,0
atlas,four_view_noKh,121953,2,1,1,1,0,0,0,0
atlas,four_view_noKh,122008,2,1,1,1,0,0,0,0
atlas,four_view_noKh,122075,2,1,1,1,0,0,0,0
atlas,four_view_noKh,122146,2,1,1,1,0,0,0,0
atlas,four_view_noKh,122191,2,1,1,1,0,0,0,0
atlas,four_view_noKh,122543,2,1,1,1,0,0,0,0
atlas,four_view_noKh,122573,2,1,1,1,0,0,0,0
atlas,four_view_noKh,122582,2,1,1,1,0,0,0,0
atlas,four_view_noKh,122587,2,1,1,1,0,0,0,0
atlas,four_view_noKh,122876,2,1,1,1,0,0,0,0
atlas,four_view_noKh,122890,2,1,1,1,0,0,0,0
atlas,four_view_noKh,122892,2,1,1,1,0,0,0,0
atlas,four_view_noKh,123023,2,1,1,1,0,0,0,0
atlas,four_view_noKh,123033,2,1,1,1,0,0,0,0
atlas,four_view_noKh,123108,2,1,1,1,0,0,0,0
atlas,four_view_noKh,123168,2,1,1,1,0,0,0,0
atlas,four_view_noKh,123302,2,1,1,1,0,0,0,0
atlas,four_view_noKh,123316,2,1,1,1,0,0,0,0
atlas,four_view_noKh,123317,2,1,1,1,0,0,0,0
atlas,four_view_noKh,123322,2,1,1,1,0,0,0,0
atlas,four_view_noKh,123343,2,1,1,1,0,0,0,0
atlas,four_view_noKh,123362,2,1,1,1,0,0,0,0
atlas,four_view_noKh,123657,2,1,1,1,0,0,0,0
atlas,four_view_noKh,123659,4,6,1,1,0,0,0,0
atlas,four_view_noKh,123662,2,1,1,1,0,0,0,0
atlas,four_view_noKh,123663,2,1,1,1,0,0,0,0
atlas,four_view_noKh,123665,2,1,1,1,0,0,0,0
atlas,four_view_noKh,123807,2,1,1,1,0,0,0,0
atlas,four_view_noKh,123897,2,1,1,1,0,0,0,0
atlas,four_view_noKh,123911,2,1,1,1,0,0,0,0
atlas,four_view_noKh,123988,2,1,1,1,0,0,0,0
atlas,four_view_noKh,124019,2,1,1,1,0,0,0,0
atlas,four_view_noKh,124043,2,1,1,1,0,0,0,0
atlas,four_view_noKh,124069,2,1,1,1,0,0,0,0
atlas,four_view_noKh,124220,2,1,1,1,0,0,0,0
atlas,four_view_noKh,124223,2,1,1,1,0,0,0,0
atlas,four_view_noKh,124318,4,6,1,1,0,0,0,0
atlas,four_view_noKh,124321,2,1,1,1,0,0,0,0
atlas,four_view_noKh,124391,2,1,1,1,0,0,0,0
atlas,four_view_noKh,124491,2,1,1,1,0,0,0,0
atlas,four_view_noKh,124511,2,1,1,1,0,0,0,0
atlas,four_view_noKh,124539,2,1,1,1,0,0,0,0
atlas,four_view_noKh,124562,2,1,1,1,0,0,0,0
atlas,four_view_noKh,124692,2,1,1,1,0,0,0,0
atlas,four_view_noKh,124736,2,1,1,1,0,0,0,0
atlas,four_view_noKh,124837,2,1,1,1,0,0,0,0
atlas,four_view_noKh,124862,2,1,1,1,0,0,0,0
atlas,four_view_noKh,124897,2,1,1,1,0,0,0,0
atlas,four_view_noKh,124899,2,1,1,1,0,0,0,0
atlas,four_view_noKh,124900,2,1,1,1,0,0,0,0
atlas,four_view_noKh,124907,2,1,1,1,0,0,0,0
atlas,four_view_noKh,124908,2,1,1,1,0,0,0,0
atlas,four_view_noKh,124909,2,1,1,1,0,0,0,0
atlas,four_view_noKh,124910,2,1,1,1,0,0,0,0
atlas,four_view_noKh,124911,2,1,1,1,0,0,0,0
atlas,four_view_noKh,125048,2,1,1,1,0,0,0,0
atlas,four_view_noKh,125376,2,1,1,1,0,0,0,0
atlas,four_view_noKh,125416,2,1,1,1,0,0,0,0
atlas,four_view_noKh,125579,2,1,1,1,0,0,0,0
atlas,four_view_noKh,125652,2,1,1,1,0,0,0,0
atlas,four_view_noKh,125677,2,1,1,1,0,0,0,0
atlas,four_view_noKh,125684,2,1,1,1,0,0,0,0
atlas,four_view_noKh,125686,2,1,1,1,0,0,0,0
atlas,four_view_noKh,125727,2,1,1,2,0,1,0,1
atlas,four_view_noKh,125733,2,1,1,1,0,0,0,0
atlas,four_view_noKh,125739,2,1,1,1,0,0,0,0
atlas,four_view_noKh,125756,2,1,1,1,0,0,0,0
atlas,four_view_noKh,125759,2,1,1,1,0,0,0,0
atlas,four_view_noKh,126009,2,1,1,1,0,0,0,0
atlas,four_view_noKh,126093,2,1,1,1,0,0,0,0
atlas,four_view_noKh,126094,2,1,1,1,0,0,0,0
atlas,four_view_noKh,126150,2,1,1,1,0,0,0,0
atlas,four_view_noKh,126225,2,1,1,1,0,0,0,0
atlas,four_view_noKh,126256,2,1,1,1,0,0,0,0
atlas,four_view_noKh,126260,3,3,1,1,0,0,0,0
atlas,four_view_noKh,126265,2,1,1,1,0,0,0,0
atlas,four_view_noKh,126311,2,1,1,1,0,0,0,0
atlas,four_view_noKh,126410,2,1,1,1,0,0,0,0
atlas,four_view_noKh,126411,2,1,1,1,0,0,0,0
atlas,four_view_noKh,126419,2,1,1,1,0,0,0,0
atlas,four_view_noKh,126603,2,1,1,1,0,0,0,0
atlas,four_view_noKh,126616,2,1,1,1,0,0,0,0
atlas,four_view_noKh,126791,2,1,1,1,0,0,0,0
atlas,four_view_noKh,126792,2,1,1,1,0,0,0,0
atlas,four_view_noKh,126794,2,1,1,1,0,0,0,0
atlas,four_view_noKh,126796,2,1,1,1,0,0,0,0
atlas,four_view_noKh,126803,2,1,1,1,0,0,0,0
atlas,four_view_noKh,126832,2,1,1,1,0,0,0,0
atlas,four_view_noKh,126837,2,1,1,1,0,0,0,0
atlas,four_view_noKh,126856,2,1,1,1,0,0,0,0
atlas,four_view_noKh,126860,2,1,1,1,0,0,0,0
atlas,four_view_noKh,126863,4,6,1,1,0,0,0,0
atlas,four_view_noKh,126898,2,1,1,1,0,0,0,0
atlas,four_view_noKh,126912,2,1,1,1,0,0,0,0
atlas,four_view_noKh,126961,2,1,1,1,0,0,0,0
atlas,four_view_noKh,126990,2,1,1,1,0,0,0,0
atlas,four_view_noKh,126993,2,1,1,1,0,0,0,0
atlas,four_view_noKh,127200,2,1,1,1,0,0,0,0
atlas,four_view_noKh,127291,2,1,1,1,0,0,0,0
atlas,four_view_noKh,127528,2,1,1,1,0,0,0,0
atlas,four_view_noKh,127678,2,1,1,1,0,0,0,0
atlas,four_view_noKh,127714,2,1,1,1,0,0,0,0
atlas,four_view_noKh,127760,2,1,1,1,0,0,0,0
atlas,four_view_noKh,127865,4,6,1,1,0,0,0,0
atlas,four_view_noKh,127867,2,1,1,1,0,0,0,0
atlas,four_view_noKh,127937,2,1,1,1,0,0,0,0
atlas,four_view_noKh,128186,2,1,1,1,0,0,0,0
atlas,four_view_noKh,128566,2,1,1,1,0,0,0,0
atlas,four_view_noKh,128569,2,1,1,1,0,0,0,0
atlas,four_view_noKh,128603,2,1,1,1,0,0,0,0
atlas,four_view_noKh,128613,2,1,1,1,0,0,0,0
atlas,four_view_noKh,128614,4,6,1,1,0,0,0,0
atlas,four_view_noKh,128615,2,1,1,1,0,0,0,0
atlas,four_view_noKh,128620,2,1,1,1,0,0,0,0
atlas,four_view_noKh,128623,2,1,1,1,0,0,0,0
atlas,four_view_noKh,128624,2,1,1,1,0,0,0,0
atlas,four_view_noKh,128740,2,1,1,1,0,0,0,0
atlas,four_view_noKh,128869,2,1,1,1,0,0,0,0
atlas,four_view_noKh,128871,2,1,1,1,0,0,0,0
atlas,four_view_noKh,128957,2,1,1,1,0,0,0,0
atlas,four_view_noKh,129012,2,1,1,1,0,0,0,0
atlas,four_view_noKh,129053,2,1,1,1,0,0,0,0
atlas,four_view_noKh,129291,2,1,1,1,0,0,0,0
atlas,four_view_noKh,129303,2,1,1,1,0,0,0,0
atlas,four_view_noKh,129305,2,1,1,1,0,0,0,0
atlas,four_view_noKh,129320,2,1,1,1,0,0,0,0
atlas,four_view_noKh,129322,2,1,1,1,0,0,0,0
atlas,four_view_noKh,129323,2,1,1,1,0,0,0,0
atlas,four_view_noKh,129504,2,1,1,1,0,0,0,0
atlas,four_view_noKh,129758,2,1,1,1,0,0,0,0
atlas,four_view_noKh,129834,2,1,1,1,0,0,0,0
atlas,four_view_noKh,129840,2,1,1,1,0,0,0,0
atlas,four_view_noKh,130007,2,1,1,1,0,0,0,0
atlas,four_view_noKh,130147,2,1,1,1,0,0,0,0
atlas,four_view_noKh,130209,2,1,1,1,0,0,0,0
atlas,four_view_noKh,130317,2,1,1,1,0,0,0,0
atlas,four_view_noKh,130367,2,1,1,1,0,0,0,0
atlas,four_view_noKh,130484,2,1,1,1,0,0,0,0
atlas,four_view_noKh,130576,2,1,1,1,0,0,0,0
atlas,four_view_noKh,130605,2,1,1,1,0,0,0,0
atlas,four_view_noKh,130676,2,1,1,1,0,0,0,0
atlas,four_view_noKh,130898,2,1,1,1,0,0,0,0
atlas,four_view_noKh,131033,2,1,1,1,0,0,0,0
atlas,four_view_noKh,131062,2,1,1,1,0,0,0,0
atlas,four_view_noKh,131099,2,1,1,1,0,0,0,0
atlas,four_view_noKh,131100,2,1,1,1,0,0,0,0
atlas,four_view_noKh,131170,2,1,1,1,0,0,0,0
atlas,four_view_noKh,131312,2,1,1,1,0,0,0,0
atlas,four_view_noKh,131314,2,1,1,1,0,0,0,0
atlas,four_view_noKh,131322,2,1,1,1,0,0,0,0
atlas,four_view_noKh,131399,2,1,1,1,0,0,0,0
atlas,four_view_noKh,131472,2,1,1,1,0,0,0,0
atlas,four_view_noKh,131654,2,1,1,1,0,0,0,0
atlas,four_view_noKh,131658,2,1,1,1,0,0,0,0
atlas,four_view_noKh,131671,2,1,1,1,0,0,0,0
atlas,four_view_noKh,131672,2,1,1,1,0,0,0,0
atlas,four_view_noKh,131686,2,1,1,1,0,0,0,0
atlas,four_view_noKh,131687,2,1,1,1,0,0,0,0
atlas,four_view_noKh,131690,2,1,1,1,0,0,0,0
atlas,four_view_noKh,131691,2,1,1,1,0,0,0,0
atlas,four_view_noKh,131693,2,1,1,1,0,0,0,0
atlas,four_view_noKh,131708,2,1,1,1,0,0,0,0
atlas,four_view_noKh,131712,2,1,1,1,0,0,0,0
atlas,four_view_noKh,131715,2,1,1,1,0,0,0,0
atlas,four_view_noKh,131716,2,1,1,1,0,0,0,0
atlas,four_view_noKh,131721,2,1,1,1,0,0,0,0
atlas,four_view_noKh,131722,2,1,1,1,0,0,0,0
atlas,four_view_noKh,131725,2,1,1,1,0,0,0,0
atlas,four_view_noKh,131726,2,1,1,1,0,0,0,0
atlas,four_view_noKh,131727,2,1,1,1,0,0,0,0
atlas,four_view_noKh,131786,2,1,1,1,0,0,0,0
atlas,four_view_noKh,131906,2,1,1,1,0,0,0,0
atlas,four_view_noKh,131917,2,1,1,1,0,0,0,0
atlas,four_view_noKh,131920,2,1,1,1,0,0,0,0
atlas,four_view_noKh,131925,2,1,1,1,0,0,0,0
atlas,four_view_noKh,131930,4,6,1,1,0,0,0,0
atlas,four_view_noKh,131934,2,1,1,1,0,0,0,0
atlas,four_view_noKh,131935,2,1,1,1,0,0,0,0
atlas,four_view_noKh,131938,2,1,1,1,0,0,0,0
atlas,four_view_noKh,131940,2,1,1,1,0,0,0,0
atlas,four_view_noKh,131982,2,1,1,1,0,0,0,0
atlas,four_view_noKh,132007,2,1,1,1,0,0,0,0
atlas,four_view_noKh,132138,2,1,1,1,0,0,0,0
atlas,four_view_noKh,132141,2,1,1,1,0,0,0,0
atlas,four_view_noKh,132360,2,1,1,1,0,0,0,0
atlas,four_view_noKh,132390,2,1,1,1,0,0,0,0
atlas,four_view_noKh,132516,2,1,1,1,0,0,0,0
atlas,four_view_noKh,132531,2,1,1,1,0,0,0,0
atlas,four_view_noKh,132580,2,1,1,1,0,0,0,0
atlas,four_view_noKh,132583,2,1,1,1,0,0,0,0
atlas,four_view_noKh,132602,2,1,1,1,0,0,0,0
atlas,four_view_noKh,132612,2,1,1,1,0,0,0,0
atlas,four_view_noKh,132623,2,1,1,1,0,0,0,0
atlas,four_view_noKh,132665,2,1,1,1,0,0,0,0
atlas,four_view_noKh,132666,2,1,1,1,0,0,0,0
atlas,four_view_noKh,132773,2,1,1,1,0,0,0,0
atlas,four_view_noKh,132833,2,1,1,1,0,0,0,0
atlas,four_view_noKh,132909,2,1,1,1,0,0,0,0
atlas,four_view_noKh,133078,2,1,1,1,0,0,0,0
atlas,four_view_noKh,133243,2,1,1,1,0,0,0,0
atlas,four_view_noKh,133574,2,1,1,1,0,0,0,0
atlas,four_view_noKh,133577,2,1,1,1,0,0,0,0
atlas,four_view_noKh,133579,2,1,1,1,0,0,0,0
atlas,four_view_noKh,133786,2,1,1,1,0,0,0,0
atlas,four_view_noKh,133806,2,1,1,1,0,0,0,0
atlas,four_view_noKh,133817,2,1,1,1,0,0,0,0
atlas,four_view_noKh,133968,2,1,1,1,0,0,0,0
atlas,four_view_noKh,133993,2,1,1,1,0,0,0,0
atlas,four_view_noKh,134013,2,1,1,1,0,0,0,0
atlas,four_view_noKh,134216,2,1,1,1,0,0,0,0
atlas,four_view_noKh,134236,2,1,1,1,0,0,0,0
atlas,four_view_noKh,134256,2,1,1,1,0,0,0,0
atlas,four_view_noKh,134285,2,1,1,1,0,0,0,0
atlas,four_view_noKh,134304,2,1,1,1,0,0,0,0
atlas,four_view_noKh,134311,2,1,1,1,0,0,0,0
atlas,four_view_noKh,134346,2,1,1,1,0,0,0,0
atlas,four_view_noKh,134347,2,1,1,1,0,0,0,0
atlas,four_view_noKh,134378,2,1,1,1,0,0,0,0
atlas,four_view_noKh,134393,2,1,1,1,0,0,0,0
atlas,four_view_noKh,134508,2,1,1,1,0,0,0,0
atlas,four_view_noKh,134852,2,1,1,1,0,0,0,0
atlas,four_view_noKh,135004,2,1,1,1,0,0,0,0
atlas,four_view_noKh,135048,2,1,1,1,0,0,0,0
atlas,four_view_noKh,135159,2,1,1,1,0,0,0,0
atlas,four_view_noKh,135165,2,1,1,1,0,0,0,0
atlas,four_view_noKh,135289,2,1,1,1,0,0,0,0
atlas,four_view_noKh,135292,2,1,1,1,0,0,0,0
atlas,four_view_noKh,135454,2,1,1,1,0,0,0,0
atlas,four_view_noKh,135455,2,1,1,1,0,0,0,0
atlas,four_view_noKh,135524,2,1,1,1,0,0,0,0
atlas,four_view_noKh,135583,2,1,1,1,0,0,0,0
atlas,four_view_noKh,135633,2,1,1,1,0,0,0,0
atlas,four_view_noKh,135759,2,1,1,1,0,0,0,0
atlas,four_view_noKh,135765,2,1,1,1,0,0,0,0
atlas,four_view_noKh,135831,2,1,1,1,0,0,0,0
atlas,four_view_noKh,135864,2,1,1,1,0,0,0,0
atlas,four_view_noKh,135914,2,1,1,1,0,0,0,0
atlas,four_view_noKh,135928,2,1,1,1,0,0,0,0
atlas,four_view_noKh,136153,2,1,1,1,0,0,0,0
atlas,four_view_noKh,136231,2,1,1,1,0,0,0,0
atlas,four_view_noKh,136328,2,1,1,1,0,0,0,0
atlas,four_view_noKh,136378,2,1,1,1,0,0,0,0
atlas,four_view_noKh,136578,2,1,1,1,0,0,0,0
atlas,four_view_noKh,136602,2,1,1,1,0,0,0,0
atlas,four_view_noKh,136603,2,1,1,1,0,0,0,0
atlas,four_view_noKh,136736,2,1,1,1,0,0,0,0
atlas,four_view_noKh,136737,2,1,1,1,0,0,0,0
atlas,four_view_noKh,136743,2,1,1,1,0,0,0,0
atlas,four_view_noKh,136753,4,6,1,1,0,0,0,0
atlas,four_view_noKh,136754,2,1,1,1,0,0,0,0
atlas,four_view_noKh,136758,4,6,1,1,0,0,0,0
atlas,four_view_noKh,136759,2,1,1,1,0,0,0,0
atlas,four_view_noKh,136785,2,1,1,1,0,0,0,0
atlas,four_view_noKh,136786,2,1,1,1,0,0,0,0
atlas,four_view_noKh,136788,2,1,1,1,0,0,0,0
atlas,four_view_noKh,136793,2,1,1,1,0,0,0,0
atlas,four_view_noKh,136795,2,1,1,1,0,0,0,0
atlas,four_view_noKh,136869,2,1,1,1,0,0,0,0
atlas,four_view_noKh,136876,2,1,1,1,0,0,0,0
atlas,four_view_noKh,136877,2,1,1,1,0,0,0,0
atlas,four_view_noKh,136880,2,1,1,1,0,0,0,0
atlas,four_view_noKh,136882,2,1,1,1,0,0,0,0
atlas,four_view_noKh,136886,4,6,1,1,0,0,0,0
atlas,four_view_noKh,136887,2,1,1,1,0,0,0,0
atlas,four_view_noKh,136889,2,1,1,1,0,0,0,0
atlas,four_view_noKh,136890,2,1,1,1,0,0,0,0
atlas,four_view_noKh,136891,2,1,1,1,0,0,0,0
atlas,four_view_noKh,136984,3,3,1,1,0,0,0,0
atlas,four_view_noKh,136995,2,1,1,1,0,0,0,0
atlas,four_view_noKh,137024,2,1,1,1,0,0,0,0
atlas,four_view_noKh,137026,2,1,1,1,0,0,0,0
atlas,four_view_noKh,137031,2,1,1,1,0,0,0,0
atlas,four_view_noKh,137041,2,1,1,1,0,0,0,0
atlas,four_view_noKh,137042,2,1,1,1,0,0,0,0
atlas,four_view_noKh,137047,2,1,1,1,0,0,0,0
atlas,four_view_noKh,137048,2,1,1,1,0,0,0,0
atlas,four_view_noKh,137049,2,1,1,1,0,0,0,0
atlas,four_view_noKh,137055,2,1,1,1,0,0,0,0
atlas,four_view_noKh,137058,2,1,1,1,0,0,0,0
atlas,four_view_noKh,137061,2,1,1,1,0,0,0,0
atlas,four_view_noKh,137063,2,1,1,1,0,0,0,0
atlas,four_view_noKh,137079,2,1,1,1,0,0,0,0
atlas,four_view_noKh,137084,2,1,1,1,0,0,0,0
atlas,four_view_noKh,137085,2,1,1,1,0,0,0,0
atlas,four_view_noKh,137093,2,1,1,1,0,0,0,0
atlas,four_view_noKh,137099,2,1,1,1,0,0,0,0
atlas,four_view_noKh,137102,2,1,1,1,0,0,0,0
atlas,four_view_noKh,137103,2,1,1,1,0,0,0,0
atlas,four_view_noKh,137152,2,1,1,1,0,0,0,0
atlas,four_view_noKh,137354,2,1,1,1,0,0,0,0
atlas,four_view_noKh,137360,2,1,1,1,0,0,0,0
atlas,four_view_noKh,137362,2,1,1,1,0,0,0,0
atlas,four_view_noKh,137553,2,1,1,1,0,0,0,0
atlas,four_view_noKh,137561,2,1,1,1,0,0,0,0
atlas,four_view_noKh,137584,2,1,1,1,0,0,0,0
atlas,four_view_noKh,137650,2,1,1,1,0,0,0,0
atlas,four_view_noKh,137654,2,1,1,1,0,0,0,0
atlas,four_view_noKh,137655,2,1,1,1,0,0,0,0
atlas,four_view_noKh,138011,2,1,1,1,0,0,0,0
atlas,four_view_noKh,138125,2,1,1,1,0,0,0,0
atlas,four_view_noKh,138210,2,1,1,1,0,0,0,0
atlas,four_view_noKh,138335,2,1,1,1,0,0,0,0
atlas,four_view_noKh,138430,2,1,1,1,0,0,0,0
atlas,four_view_noKh,138434,2,1,1,1,0,0,0,0
atlas,four_view_noKh,138435,2,1,1,1,0,0,0,0
atlas,four_view_noKh,138757,4,6,1,1,0,0,0,0
atlas,four_view_noKh,138761,2,1,1,1,0,0,0,0
atlas,four_view_noKh,138762,2,1,1,1,0,0,0,0
atlas,four_view_noKh,138763,4,6,1,1,0,0,0,0
atlas,four_view_noKh,138764,2,1,1,1,0,0,0,0
atlas,four_view_noKh,138765,2,1,1,1,0,0,0,0
atlas,four_view_noKh,138769,2,1,1,1,0,0,0,0
atlas,four_view_noKh,138770,2,1,1,1,0,0,0,0
atlas,four_view_noKh,138771,2,1,1,1,0,0,0,0
atlas,four_view_noKh,138774,2,1,1,1,0,0,0,0
atlas,four_view_noKh,138776,2,1,1,1,0,0,0,0
atlas,four_view_noKh,138777,2,1,1,1,0,0,0,0
atlas,four_view_noKh,138778,2,1,1,1,0,0,0,0
atlas,four_view_noKh,138780,2,1,1,1,0,0,0,0
atlas,four_view_noKh,138925,2,1,1,1,0,0,0,0
atlas,four_view_noKh,139087,2,1,1,1,0,0,0,0
atlas,four_view_noKh,139119,2,1,1,1,0,0,0,0
atlas,four_view_noKh,139287,2,1,1,1,0,0,0,0
atlas,four_view_noKh,139288,4,6,1,1,0,0,0,0
atlas,four_view_noKh,139297,2,1,1,1,0,0,0,0
atlas,four_view_noKh,139301,2,1,1,1,0,0,0,0
atlas,four_view_noKh,139302,2,1,1,1,0,0,0,0
atlas,four_view_noKh,139306,2,1,1,1,0,0,0,0
atlas,four_view_noKh,139343,3,3,1,1,0,0,0,0
atlas,four_view_noKh,139354,2,1,1,1,0,0,0,0
atlas,four_view_noKh,139355,2,1,1,1,0,0,0,0
atlas,four_view_noKh,139358,2,1,1,1,0,0,0,0
atlas,four_view_noKh,139497,2,1,1,1,0,0,0,0
atlas,four_view_noKh,139502,2,1,1,1,0,0,0,0
atlas,four_view_noKh,139503,2,1,1,1,0,0,0,0
atlas,four_view_noKh,139529,2,1,1,1,0,0,0,0
atlas,four_view_noKh,139673,2,1,1,1,0,0,0,0
atlas,four_view_noKh,139675,2,1,1,1,0,0,0,0
atlas,four_view_noKh,139686,2,1,1,1,0,0,0,0
atlas,four_view_noKh,139700,2,1,1,1,0,0,0,0
atlas,four_view_noKh,139703,2,1,1,1,0,0,0,0
atlas,four_view_noKh,139704,4,6,1,1,0,0,0,0
atlas,four_view_noKh,139847,2,1,1,1,0,0,0,0
atlas,four_view_noKh,139851,2,1,1,1,0,0,0,0
atlas,four_view_noKh,139860,2,1,1,1,0,0,0,0
atlas,four_view_noKh,139865,2,1,1,1,0,0,0,0
atlas,four_view_noKh,139866,2,1,1,1,0,0,0,0
atlas,four_view_noKh,139867,2,1,1,1,0,0,0,0
atlas,four_view_noKh,139875,2,1,1,1,0,0,0,0
atlas,four_view_noKh,139879,2,1,1,1,0,0,0,0
atlas,four_view_noKh,139900,2,1,1,1,0,0,0,0
atlas,four_view_noKh,139906,2,1,1,1,0,0,0,0
atlas,four_view_noKh,139908,2,1,1,1,0,0,0,0
atlas,four_view_noKh,139913,2,1,1,1,0,0,0,0
atlas,four_view_noKh,139919,2,1,1,1,0,0,0,0
atlas,four_view_noKh,139922,2,1,1,1,0,0,0,0
atlas,four_view_noKh,139930,2,1,1,1,0,0,0,0
atlas,four_view_noKh,139937,2,1,1,1,0,0,0,0
atlas,four_view_noKh,139944,2,1,1,1,0,0,0,0
atlas,four_view_noKh,140074,2,1,1,1,0,0,0,0
atlas,four_view_noKh,140080,2,1,1,1,0,0,0,0
atlas,four_view_noKh,140221,2,1,1,1,0,0,0,0
atlas,four_view_noKh,140223,2,1,1,1,0,0,0,0
atlas,four_view_noKh,140232,4,6,1,1,0,0,0,0
atlas,four_view_noKh,140246,2,1,1,1,0,0,0,0
atlas,four_view_noKh,140284,2,1,1,1,0,0,0,0
atlas,four_view_noKh,140300,2,1,1,1,0,0,0,0
atlas,four_view_noKh,140353,2,1,1,1,0,0,0,0
atlas,four_view_noKh,140421,2,1,1,1,0,0,0,0
atlas,four_view_noKh,140579,2,1,1,1,0,0,0,0
atlas,four_view_noKh,140593,2,1,1,1,0,0,0,0
atlas,four_view_noKh,140622,2,1,1,1,0,0,0,0
atlas,four_view_noKh,140640,2,1,1,1,0,0,0,0
atlas,four_view_noKh,140760,2,1,1,1,0,0,0,0
atlas,four_view_noKh,140764,2,1,1,1,0,0,0,0
atlas,four_view_noKh,141083,2,1,1,1,0,0,0,0
atlas,four_view_noKh,141084,2,1,1,1,0,0,0,0
atlas,four_view_noKh,141145,2,1,1,1,0,0,0,0
atlas,four_view_noKh,141308,2,1,1,1,0,0,0,0
atlas,four_view_noKh,141309,2,1,1,1,0,0,0,0
atlas,four_view_noKh,141481,2,1,1,1,0,0,0,0
atlas,four_view_noKh,141521,2,1,1,1,0,0,0,0
atlas,four_view_noKh,141522,2,1,1,1,0,0,0,0
atlas,four_view_noKh,141525,2,1,1,1,0,0,0,0
atlas,four_view_noKh,141527,2,1,1,1,0,0,0,0
atlas,four_view_noKh,141532,2,1,1,1,0,0,0,0
atlas,four_view_noKh,141536,2,1,1,1,0,0,0,0
atlas,four_view_noKh,141693,2,1,1,1,0,0,0,0
atlas,four_view_noKh,141729,2,1,1,1,0,0,0,0
atlas,four_view_noKh,141731,2,1,1,1,0,0,0,0
atlas,four_view_noKh,141733,2,1,1,1,0,0,0,0
atlas,four_view_noKh,141735,4,6,1,1,0,0,0,0
atlas,four_view_noKh,141736,2,1,1,1,0,0,0,0
atlas,four_view_noKh,141738,2,1,1,1,0,0,0,0
atlas,four_view_noKh,141740,2,1,1,1,0,0,0,0
atlas,four_view_noKh,141925,2,1,1,1,0,0,0,0
atlas,four_view_noKh,142070,2,1,1,1,0,0,0,0
atlas,four_view_noKh,142079,2,1,1,1,0,0,0,0
atlas,four_view_noKh,142082,2,1,1,1,0,0,0,0
atlas,four_view_noKh,142086,2,1,1,1,0,0,0,0
atlas,four_view_noKh,142157,2,1,1,1,0,0,0,0
atlas,four_view_noKh,142229,2,1,1,1,0,0,0,0
atlas,four_view_noKh,142340,2,1,1,1,0,0,0,0
atlas,four_view_noKh,142546,2,1,1,1,0,0,0,0
atlas,four_view_noKh,142552,2,1,1,1,0,0,0,0
atlas,four_view_noKh,142594,2,1,1,1,0,0,0,0
atlas,four_view_noKh,142727,2,1,1,1,0,0,0,0
atlas,four_view_noKh,142728,2,1,1,1,0,0,0,0
atlas,four_view_noKh,142731,2,1,1,1,0,0,0,0
atlas,four_view_noKh,142733,2,1,1,1,0,0,0,0
atlas,four_view_noKh,142737,4,6,1,1,0,0,0,0
atlas,four_view_noKh,142741,2,1,1,1,0,0,0,0
atlas,four_view_noKh,142774,2,1,1,1,0,0,0,0
atlas,four_view_noKh,142901,2,1,1,1,0,0,0,0
atlas,four_view_noKh,142909,2,1,1,1,0,0,0,0
atlas,four_view_noKh,142910,2,1,1,1,0,0,0,0
atlas,four_view_noKh,142919,4,6,1,1,0,0,0,0
atlas,four_view_noKh,142922,2,1,1,1,0,0,0,0
atlas,four_view_noKh,142923,2,1,1,1,0,0,0,0
atlas,four_view_noKh,142924,4,6,1,1,0,0,0,0
atlas,four_view_noKh,142932,2,1,1,1,0,0,0,0
atlas,four_view_noKh,142933,2,1,1,1,0,0,0,0
atlas,four_view_noKh,142940,2,1,1,1,0,0,0,0
atlas,four_view_noKh,142946,2,1,1,1,0,0,0,0
atlas,four_view_noKh,142956,2,1,1,1,0,0,0,0
atlas,four_view_noKh,143216,2,1,1,1,0,0,0,0
atlas,four_view_noKh,143512,2,1,1,1,0,0,0,0
atlas,four_view_noKh,143552,2,1,1,1,0,0,0,0
atlas,four_view_noKh,143592,2,1,1,1,0,0,0,0
atlas,four_view_noKh,143594,2,1,1,1,0,0,0,0
atlas,four_view_noKh,143612,2,1,1,1,0,0,0,0
atlas,four_view_noKh,143640,2,1,1,1,0,0,0,0
atlas,four_view_noKh,143790,2,1,1,1,0,0,0,0
atlas,four_view_noKh,144117,2,1,1,1,0,0,0,0
atlas,four_view_noKh,144120,2,1,1,1,0,0,0,0
atlas,four_view_noKh,144124,2,1,1,1,0,0,0,0
atlas,four_view_noKh,144132,2,1,1,1,0,0,0,0
atlas,four_view_noKh,144137,2,1,1,1,0,0,0,0
atlas,four_view_noKh,144138,2,1,1,1,0,0,0,0
atlas,four_view_noKh,144143,2,1,1,1,0,0,0,0
atlas,four_view_noKh,144144,2,1,1,1,0,0,0,0
atlas,four_view_noKh,144145,2,1,1,1,0,0,0,0
atlas,four_view_noKh,144153,2,1,1,1,0,0,0,0
atlas,four_view_noKh,144159,2,1,1,1,0,0,0,0
atlas,four_view_noKh,144161,2,1,1,1,0,0,0,0
atlas,four_view_noKh,144172,2,1,1,1,0,0,0,0
atlas,four_view_noKh,144173,2,1,1,1,0,0,0,0
atlas,four_view_noKh,144174,2,1,1,1,0,0,0,0
atlas,four_view_noKh,144181,2,1,1,1,0,0,0,0
atlas,four_view_noKh,144222,2,1,1,1,0,0,0,0
atlas,four_view_noKh,144223,2,1,1,1,0,0,0,0
atlas,four_view_noKh,144256,2,1,1,1,0,0,0,0
atlas,four_view_noKh,144533,2,1,1,1,0,0,0,0
atlas,four_view_noKh,144571,2,1,1,1,0,0,0,0
atlas,four_view_noKh,144686,2,1,1,1,0,0,0,0
atlas,four_view_noKh,145093,2,1,1,1,0,0,0,0
atlas,four_view_noKh,145094,2,1,1,1,0,0,0,0
atlas,four_view_noKh,145139,2,1,1,1,0,0,0,0
atlas,four_view_noKh,145140,2,1,1,1,0,0,0,0
atlas,four_view_noKh,145145,2,1,1,1,0,0,0,0
atlas,four_view_noKh,145173,2,1,1,1,0,0,0,0
atlas,four_view_noKh,145348,2,1,1,1,0,0,0,0
atlas,four_view_noKh,145361,2,1,1,1,0,0,0,0
atlas,four_view_noKh,145380,2,1,1,1,0,0,0,0
atlas,four_view_noKh,145385,2,1,1,1,0,0,0,0
atlas,four_view_noKh,145441,2,1,1,1,0,0,0,0
atlas,four_view_noKh,145567,2,1,1,1,0,0,0,0
atlas,four_view_noKh,146053,2,1,1,1,0,0,0,0
atlas,four_view_noKh,146054,2,1,1,1,0,0,0,0
atlas,four_view_noKh,146079,2,1,1,1,0,0,0,0
atlas,four_view_noKh,146081,2,1,1,1,0,0,0,0
atlas,four_view_noKh,146083,2,1,1,1,0,0,0,0
atlas,four_view_noKh,146087,2,1,1,1,0,0,0,0
atlas,four_view_noKh,146090,2,1,1,1,0,0,0,0
atlas,four_view_noKh,146092,2,1,1,1,0,0,0,0
atlas,four_view_noKh,146098,2,1,1,1,0,0,0,0
atlas,four_view_noKh,146101,2,1,1,1,0,0,0,0
atlas,four_view_noKh,146186,2,1,1,1,0,0,0,0
atlas,four_view_noKh,146217,3,3,1,1,0,0,0,0
atlas,four_view_noKh,146218,2,1,1,1,0,0,0,0
atlas,four_view_noKh,146250,2,1,1,1,0,0,0,0
atlas,four_view_noKh,146270,2,1,1,1,0,0,0,0
atlas,four_view_noKh,146329,2,1,1,1,0,0,0,0
atlas,four_view_noKh,146343,2,1,1,1,0,0,0,0
atlas,four_view_noKh,146365,2,1,1,1,0,0,0,0
atlas,four_view_noKh,146366,2,1,1,1,0,0,0,0
atlas,four_view_noKh,146371,2,1,1,1,0,0,0,0
atlas,four_view_noKh,146491,2,1,1,1,0,0,0,0
atlas,four_view_noKh,146584,2,1,1,1,0,0,0,0
atlas,four_view_noKh,146715,2,1,1,1,0,0,0,0
atlas,four_view_noKh,146875,2,1,1,1,0,0,0,0
atlas,four_view_noKh,146923,2,1,1,1,0,0,0,0
atlas,four_view_noKh,147209,2,1,1,1,0,0,0,0
atlas,four_view_noKh,147210,2,1,1,1,0,0,0,0
atlas,four_view_noKh,147214,2,1,1,1,0,0,0,0
atlas,four_view_noKh,147221,2,1,1,1,0,0,0,0
atlas,four_view_noKh,147223,2,1,1,1,0,0,0,0
atlas,four_view_noKh,147226,2,1,1,1,0,0,0,0
atlas,four_view_noKh,147230,2,1,1,1,0,0,0,0
atlas,four_view_noKh,147610,2,1,1,1,0,0,0,0
atlas,four_view_noKh,147611,2,1,1,1,0,0,0,0
atlas,four_view_noKh,147612,2,1,1,1,0,0,0,0
atlas,four_view_noKh,147616,2,1,1,1,0,0,0,0
atlas,four_view_noKh,147619,4,6,1,1,0,0,0,0
atlas,four_view_noKh,147621,2,1,1,1,0,0,0,0
atlas,four_view_noKh,147624,2,1,1,1,0,0,0,0
atlas,four_view_noKh,147636,2,1,1,1,0,0,0,0
atlas,four_view_noKh,147647,2,1,1,1,0,0,0,0
atlas,four_view_noKh,147648,2,1,1,1,0,0,0,0
atlas,four_view_noKh,147655,2,1,1,1,0,0,0,0
atlas,four_view_noKh,147658,2,1,1,1,0,0,0,0
atlas,four_view_noKh,147663,2,1,1,1,0,0,0,0
atlas,four_view_noKh,147675,3,3,1,1,0,0,0,0
atlas,four_view_noKh,147679,5,10,1,1,0,0,0,0
atlas,four_view_noKh,147682,2,1,1,1,0,0,0,0
atlas,four_view_noKh,147686,4,6,1,1,0,0,0,0
atlas,four_view_noKh,147698,2,1,1,1,0,0,0,0
atlas,four_view_noKh,147762,2,1,1,1,0,0,0,0
atlas,four_view_noKh,147882,2,1,1,1,0,0,0,0
atlas,four_view_noKh,147884,2,1,1,1,0,0,0,0
atlas,four_view_noKh,147886,2,1,1,1,0,0,0,0
atlas,four_view_noKh,147887,2,1,1,1,0,0,0,0
atlas,four_view_noKh,148056,2,1,1,1,0,0,0,0
atlas,four_view_noKh,148200,2,1,1,1,0,0,0,0
atlas,four_view_noKh,148330,2,1,1,1,0,0,0,0
atlas,four_view_noKh,148331,2,1,1,1,0,0,0,0
atlas,four_view_noKh,148420,2,1,1,1,0,0,0,0
atlas,four_view_noKh,148509,2,1,1,1,0,0,0,0
atlas,four_view_noKh,148515,2,1,1,1,0,0,0,0
atlas,four_view_noKh,148516,2,1,1,1,0,0,0,0
atlas,four_view_noKh,148518,2,1,1,1,0,0,0,0
atlas,four_view_noKh,148520,2,1,1,1,0,0,0,0
atlas,four_view_noKh,148523,2,1,1,1,0,0,0,0
atlas,four_view_noKh,148535,2,1,1,1,0,0,0,0
atlas,four_view_noKh,148541,2,1,1,1,0,0,0,0
atlas,four_view_noKh,148544,4,6,1,1,0,0,0,0
atlas,four_view_noKh,148547,2,1,1,1,0,0,0,0
atlas,four_view_noKh,148776,2,1,1,1,0,0,0,0
atlas,four_view_noKh,148784,2,1,1,1,0,0,0,0
atlas,four_view_noKh,148829,2,1,1,1,0,0,0,0
atlas,four_view_noKh,148830,2,1,1,1,0,0,0,0
atlas,four_view_noKh,148834,2,1,1,1,0,0,0,0
atlas,four_view_noKh,148836,2,1,1,1,0,0,0,0
atlas,four_view_noKh,148837,2,1,1,1,0,0,0,0
atlas,four_view_noKh,148838,2,1,1,1,0,0,0,0
atlas,four_view_noKh,149035,2,1,1,1,0,0,0,0
atlas,four_view_noKh,149139,2,1,1,1,0,0,0,0
atlas,four_view_noKh,149219,2,1,1,1,0,0,0,0
atlas,four_view_noKh,149262,2,1,1,1,0,0,0,0
atlas,four_view_noKh,149286,3,3,1,1,0,0,0,0
atlas,four_view_noKh,149287,2,1,1,1,0,0,0,0
atlas,four_view_noKh,149357,2,1,1,1,0,0,0,0
atlas,four_view_noKh,149358,2,1,1,1,0,0,0,0
atlas,four_view_noKh,149416,2,1,1,1,0,0,0,0
atlas,four_view_noKh,149529,2,1,1,1,0,0,0,0
atlas,four_view_noKh,149596,2,1,1,1,0,0,0,0
atlas,four_view_noKh,149602,2,1,1,1,0,0,0,0
atlas,four_view_noKh,149605,2,1,1,1,0,0,0,0
atlas,four_view_noKh,149921,2,1,1,1,0,0,0,0
atlas,four_view_noKh,149922,2,1,1,1,0,0,0,0
atlas,four_view_noKh,149930,2,1,1,1,0,0,0,0
atlas,four_view_noKh,150042,2,1,1,1,0,0,0,0
atlas,four_view_noKh,150077,2,1,1,1,0,0,0,0
atlas,four_view_noKh,150080,2,1,1,1,0,0,0,0
atlas,four_view_noKh,150085,2,1,1,1,0,0,0,0
atlas,four_view_noKh,150087,2,1,1,1,0,0,0,0
atlas,four_view_noKh,150091,4,6,1,1,0,0,0,0
atlas,four_view_noKh,150093,2,1,1,1,0,0,0,0
atlas,four_view_noKh,150095,4,6,1,1,0,0,0,0
atlas,four_view_noKh,150110,2,1,1,1,0,0,0,0
atlas,four_view_noKh,150111,2,1,1,1,0,0,0,0
atlas,four_view_noKh,150112,2,1,1,1,0,0,0,0
atlas,four_view_noKh,150215,2,1,1,1,0,0,0,0
atlas,four_view_noKh,150394,2,1,1,1,0,0,0,0
atlas,four_view_noKh,150483,2,1,1,1,0,0,0,0
atlas,four_view_noKh,150487,2,1,1,1,0,0,0,0
atlas,four_view_noKh,150677,2,1,1,1,0,0,0,0
atlas,four_view_noKh,150808,2,1,1,1,0,0,0,0
atlas,four_view_noKh,150876,2,1,1,1,0,0,0,0
atlas,four_view_noKh,151080,2,1,1,1,0,0,0,0
atlas,four_view_noKh,151144,2,1,1,1,0,0,0,0
atlas,four_view_noKh,151147,2,1,1,1,0,0,0,0
atlas,four_view_noKh,151188,2,1,1,1,0,0,0,0
atlas,four_view_noKh,151305,2,1,1,1,0,0,0,0
atlas,four_view_noKh,151365,2,1,1,1,0,0,0,0
atlas,four_view_noKh,151418,2,1,1,1,0,0,0,0
atlas,four_view_noKh,151485,2,1,1,1,0,0,0,0
atlas,four_view_noKh,151495,2,1,1,1,0,0,0,0
atlas,four_view_noKh,151701,2,1,1,1,0,0,0,0
atlas,four_view_noKh,151733,2,1,1,1,0,0,0,0
atlas,four_view_noKh,151813,2,1,1,1,0,0,0,0
atlas,four_view_noKh,151824,2,1,1,1,0,0,0,0
atlas,four_view_noKh,151910,2,1,1,1,0,0,0,0
atlas,four_view_noKh,151929,2,1,1,1,0,0,0,0
atlas,four_view_noKh,151967,2,1,1,1,0,0,0,0
atlas,four_view_noKh,152215,2,1,1,1,0,0,0,0
atlas,four_view_noKh,152309,2,1,1,1,0,0,0,0
atlas,four_view_noKh,152577,2,1,1,1,0,0,0,0
atlas,four_view_noKh,152730,2,1,1,1,0,0,0,0
atlas,four_view_noKh,152934,2,1,1,1,0,0,0,0
atlas,four_view_noKh,152996,2,1,1,1,0,0,0,0
atlas,four_view_noKh,152997,2,1,1,1,0,0,0,0
atlas,four_view_noKh,153049,2,1,1,1,0,0,0,0
atlas,four_view_noKh,153052,2,1,1,1,0,0,0,0
atlas,four_view_noKh,153053,2,1,1,1,0,0,0,0
atlas,four_view_noKh,153055,2,1,1,1,0,0,0,0
atlas,four_view_noKh,153065,2,1,1,1,0,0,0,0
atlas,four_view_noKh,153138,2,1,1,1,0,0,0,0
atlas,four_view_noKh,153139,2,1,1,1,0,0,0,0
atlas,four_view_noKh,153201,2,1,1,1,0,0,0,0
atlas,four_view_noKh,153212,2,1,1,1,0,0,0,0
atlas,four_view_noKh,153224,2,1,1,1,0,0,0,0
atlas,four_view_noKh,153233,2,1,1,1,0,0,0,0
atlas,four_view_noKh,153234,2,1,1,1,0,0,0,0
atlas,four_view_noKh,153361,2,1,1,1,0,0,0,0
atlas,four_view_noKh,153367,2,1,1,1,0,0,0,0
atlas,four_view_noKh,153542,2,1,1,1,0,0,0,0
atlas,four_view_noKh,153607,2,1,1,1,0,0,0,0
atlas,four_view_noKh,153625,2,1,1,1,0,0,0,0
atlas,four_view_noKh,153626,2,1,1,1,0,0,0,0
atlas,four_view_noKh,153805,2,1,1,1,0,0,0,0
atlas,four_view_noKh,153826,2,1,1,1,0,0,0,0
atlas,four_view_noKh,153827,2,1,1,1,0,0,0,0
atlas,four_view_noKh,154142,2,1,1,1,0,0,0,0
atlas,four_view_noKh,154286,2,1,1,1,0,0,0,0
atlas,four_view_noKh,154290,2,1,1,1,0,0,0,0
atlas,four_view_noKh,154296,2,1,1,1,0,0,0,0
atlas,four_view_noKh,154332,2,1,1,1,0,0,0,0
atlas,four_view_noKh,154336,2,1,1,1,0,0,0,0
atlas,four_view_noKh,154367,2,1,1,1,0,0,0,0
atlas,four_view_noKh,154370,4,6,1,1,0,0,0,0
atlas,four_view_noKh,154371,2,1,1,1,0,0,0,0
atlas,four_view_noKh,154372,2,1,1,1,0,0,0,0
atlas,four_view_noKh,154373,2,1,1,1,0,0,0,0
atlas,four_view_noKh,154391,2,1,1,1,0,0,0,0
atlas,four_view_noKh,154404,2,1,1,1,0,0,0,0
atlas,four_view_noKh,154405,4,6,1,1,0,0,0,0
atlas,four_view_noKh,154406,2,1,1,1,0,0,0,0
atlas,four_view_noKh,154407,2,1,1,1,0,0,0,0
atlas,four_view_noKh,154719,2,1,1,1,0,0,0,0
atlas,four_view_noKh,154726,2,1,1,1,0,0,0,0
atlas,four_view_noKh,154731,2,1,1,1,0,0,0,0
atlas,four_view_noKh,154733,2,1,1,1,0,0,0,0
atlas,four_view_noKh,154735,2,1,1,1,0,0,0,0
atlas,four_view_noKh,154737,2,1,1,1,0,0,0,0
atlas,four_view_noKh,154738,2,1,1,1,0,0,0,0
atlas,four_view_noKh,154747,2,1,1,1,0,0,0,0
atlas,four_view_noKh,154748,2,1,1,1,0,0,0,0
atlas,four_view_noKh,154752,2,1,1,1,0,0,0,0
atlas,four_view_noKh,154760,2,1,1,1,0,0,0,0
atlas,four_view_noKh,154761,2,1,1,1,0,0,0,0
atlas,four_view_noKh,154765,2,1,1,1,0,0,0,0
atlas,four_view_noKh,154776,2,1,1,1,0,0,0,0
atlas,four_view_noKh,154785,2,1,1,1,0,0,0,0
atlas,four_view_noKh,154789,2,1,1,1,0,0,0,0
atlas,four_view_noKh,154790,2,1,1,1,0,0,0,0
atlas,four_view_noKh,154791,2,1,1,1,0,0,0,0
atlas,four_view_noKh,154803,2,1,1,1,0,0,0,0
atlas,four_view_noKh,154951,2,1,1,1,0,0,0,0
atlas,four_view_noKh,154952,2,1,1,1,0,0,0,0
atlas,four_view_noKh,155180,2,1,1,1,0,0,0,0
atlas,four_view_noKh,155183,2,1,1,1,0,0,0,0
atlas,four_view_noKh,155184,2,1,1,1,0,0,0,0
atlas,four_view_noKh,155185,2,1,1,1,0,0,0,0
atlas,four_view_noKh,155213,2,1,1,1,0,0,0,0
atlas,four_view_noKh,155356,2,1,1,1,0,0,0,0
atlas,four_view_noKh,155366,2,1,1,1,0,0,0,0
atlas,four_view_noKh,155390,2,1,1,1,0,0,0,0
atlas,four_view_noKh,155391,2,1,1,1,0,0,0,0
atlas,four_view_noKh,155647,2,1,1,1,0,0,0,0
atlas,four_view_noKh,155984,2,1,1,1,0,0,0,0
atlas,four_view_noKh,156093,3,3,1,1,0,0,0,0
atlas,four_view_noKh,156198,2,1,1,1,0,0,0,0
atlas,four_view_noKh,156393,2,1,1,1,0,0,0,0
atlas,four_view_noKh,156416,2,1,1,1,0,0,0,0
atlas,four_view_noKh,156570,2,1,1,1,0,0,0,0
atlas,four_view_noKh,156576,2,1,1,1,0,0,0,0
atlas,four_view_noKh,156593,2,1,1,1,0,0,0,0
atlas,four_view_noKh,156614,2,1,1,1,0,0,0,0
atlas,four_view_noKh,156615,2,1,1,1,0,0,0,0
atlas,four_view_noKh,156617,2,1,1,1,0,0,0,0
atlas,four_view_noKh,156618,2,1,1,1,0,0,0,0
atlas,four_view_noKh,156625,2,1,1,1,0,0,0,0
atlas,four_view_noKh,156627,2,1,1,1,0,0,0,0
atlas,four_view_noKh,156628,2,1,1,1,0,0,0,0
atlas,four_view_noKh,156634,2,1,1,1,0,0,0,0
atlas,four_view_noKh,156636,2,1,1,1,0,0,0,0
atlas,four_view_noKh,156656,2,1,1,1,0,0,0,0
atlas,four_view_noKh,156661,2,1,1,1,0,0,0,0
atlas,four_view_noKh,156705,2,1,1,1,0,0,0,0
atlas,four_view_noKh,156724,4,6,1,1,0,0,0,0
atlas,four_view_noKh,156735,2,1,1,1,0,0,0,0
atlas,four_view_noKh,156740,2,1,1,1,0,0,0,0
atlas,four_view_noKh,156743,2,1,1,1,0,0,0,0
atlas,four_view_noKh,156744,2,1,1,1,0,0,0,0
atlas,four_view_noKh,156747,4,6,1,1,0,0,0,0
atlas,four_view_noKh,156754,2,1,1,1,0,0,0,0
atlas,four_view_noKh,156760,2,1,1,1,0,0,0,0
atlas,four_view_noKh,156767,3,3,1,1,0,0,0,0
atlas,four_view_noKh,156768,2,1,1,1,0,0,0,0
atlas,four_view_noKh,156771,2,1,1,1,0,0,0,0
atlas,four_view_noKh,156782,3,3,1,1,0,0,0,0
atlas,four_view_noKh,156784,2,1,1,1,0,0,0,0
atlas,four_view_noKh,156788,4,6,1,1,0,0,0,0
atlas,four_view_noKh,156794,2,1,1,1,0,0,0,0
atlas,four_view_noKh,156799,2,1,1,1,0,0,0,0
atlas,four_view_noKh,156820,2,1,1,1,0,0,0,0
atlas,four_view_noKh,156893,2,1,1,1,0,0,0,0
atlas,four_view_noKh,156897,2,1,1,1,0,0,0,0
atlas,four_view_noKh,156904,2,1,1,1,0,0,0,0
atlas,four_view_noKh,156909,2,1,1,1,0,0,0,0
atlas,four_view_noKh,156910,2,1,1,1,0,0,0,0
atlas,four_view_noKh,157002,2,1,1,1,0,0,0,0
atlas,four_view_noKh,157005,2,1,1,1,0,0,0,0
atlas,four_view_noKh,157057,2,1,1,1,0,0,0,0
atlas,four_view_noKh,157061,2,1,1,1,0,0,0,0
atlas,four_view_noKh,157064,2,1,1,1,0,0,0,0
atlas,four_view_noKh,157069,2,1,1,1,0,0,0,0
atlas,four_view_noKh,157105,2,1,1,1,0,0,0,0
atlas,four_view_noKh,157270,2,1,1,1,0,0,0,0
atlas,four_view_noKh,157375,2,1,1,1,0,0,0,0
atlas,four_view_noKh,157789,2,1,1,1,0,0,0,0
atlas,four_view_noKh,157895,2,1,1,1,0,0,0,0
atlas,four_view_noKh,158018,2,1,1,1,0,0,0,0
atlas,four_view_noKh,158164,2,1,1,1,0,0,0,0
atlas,four_view_noKh,158505,2,1,1,1,0,0,0,0
atlas,four_view_noKh,158578,2,1,1,1,0,0,0,0
atlas,four_view_noKh,158585,2,1,1,1,0,0,0,0
atlas,four_view_noKh,158697,2,1,1,1,0,0,0,0
atlas,four_view_noKh,158718,2,1,1,1,0,0,0,0
atlas,four_view_noKh,158858,2,1,1,1,0,0,0,0
atlas,four_view_noKh,158976,2,1,1,1,0,0,0,0
atlas,four_view_noKh,159020,2,1,1,1,0,0,0,0
atlas,four_view_noKh,159024,2,1,1,1,0,0,0,0
atlas,four_view_noKh,159189,2,1,1,1,0,0,0,0
atlas,four_view_noKh,159220,2,1,1,1,0,0,0,0
atlas,four_view_noKh,159235,2,1,1,1,0,0,0,0
atlas,four_view_noKh,159238,2,1,1,1,0,0,0,0
atlas,four_view_noKh,159241,2,1,1,1,0,0,0,0
atlas,four_view_noKh,159389,2,1,1,1,0,0,0,0
atlas,four_view_noKh,159395,2,1,1,1,0,0,0,0
atlas,four_view_noKh,159403,3,3,1,1,0,0,0,0
atlas,four_view_noKh,159404,2,1,1,1,0,0,0,0
atlas,four_view_noKh,159419,2,1,1,1,0,0,0,0
atlas,four_view_noKh,159420,2,1,1,1,0,0,0,0
atlas,four_view_noKh,159524,2,1,1,1,0,0,0,0
atlas,four_view_noKh,159723,2,1,1,1,0,0,0,0
atlas,four_view_noKh,159858,2,1,1,1,0,0,0,0
atlas,four_view_noKh,159871,2,1,1,1,0,0,0,0
atlas,four_view_noKh,160061,2,1,1,1,0,0,0,0
atlas,four_view_noKh,160136,2,1,1,1,0,0,0,0
atlas,four_view_noKh,160222,2,1,1,1,0,0,0,0
atlas,four_view_noKh,160265,2,1,1,1,0,0,0,0
atlas,four_view_noKh,160360,2,1,1,1,0,0,0,0
atlas,four_view_noKh,160391,2,1,1,1,0,0,0,0
atlas,four_view_noKh,160594,2,1,1,1,0,0,0,0
atlas,four_view_noKh,160603,2,1,1,1,0,0,0,0
atlas,four_view_noKh,160618,2,1,1,1,0,0,0,0
atlas,four_view_noKh,160654,2,1,1,1,0,0,0,0
atlas,four_view_noKh,160745,2,1,1,1,0,0,0,0
atlas,four_view_noKh,160801,2,1,1,1,0,0,0,0
atlas,four_view_noKh,160847,2,1,1,1,0,0,0,0
atlas,four_view_noKh,160863,2,1,1,1,0,0,0,0
atlas,four_view_noKh,160893,2,1,1,1,0,0,0,0
atlas,four_view_noKh,160904,2,1,1,1,0,0,0,0
atlas,four_view_noKh,161101,2,1,1,1,0,0,0,0
atlas,four_view_noKh,161152,2,1,1,1,0,0,0,0
atlas,four_view_noKh,161234,2,1,1,1,0,0,0,0
atlas,four_view_noKh,161246,2,1,1,1,0,0,0,0
atlas,four_view_noKh,161247,2,1,1,1,0,0,0,0
atlas,four_view_noKh,161308,2,1,1,1,0,0,0,0
atlas,four_view_noKh,161403,2,1,1,1,0,0,0,0
atlas,four_view_noKh,161433,2,1,1,1,0,0,0,0
atlas,four_view_noKh,161514,2,1,1,1,0,0,0,0
atlas,four_view_noKh,161545,2,1,1,1,0,0,0,0
atlas,four_view_noKh,161548,2,1,1,1,0,0,0,0
atlas,four_view_noKh,161613,2,1,1,1,0,0,0,0
atlas,four_view_noKh,161614,2,1,1,1,0,0,0,0
atlas,four_view_noKh,161663,2,1,1,1,0,0,0,0
atlas,four_view_noKh,161726,2,1,1,1,0,0,0,0
atlas,four_view_noKh,161737,2,1,1,1,0,0,0,0
atlas,four_view_noKh,161741,2,1,1,1,0,0,0,0
atlas,four_view_noKh,161778,2,1,1,1,0,0,0,0
atlas,four_view_noKh,161782,2,1,1,1,0,0,0,0
atlas,four_view_noKh,161838,2,1,1,1,0,0,0,0
atlas,four_view_noKh,161864,2,1,1,1,0,0,0,0
atlas,four_view_noKh,162067,2,1,1,1,0,0,0,0
atlas,four_view_noKh,162492,2,1,1,1,0,0,0,0
atlas,four_view_noKh,162541,2,1,1,1,0,0,0,0
atlas,four_view_noKh,163186,2,1,1,1,0,0,0,0
atlas,four_view_noKh,163249,2,1,1,1,0,0,0,0
atlas,four_view_noKh,163383,2,1,1,1,0,0,0,0
atlas,four_view_noKh,163421,2,1,1,1,0,0,0,0
atlas,four_view_noKh,163443,2,1,1,1,0,0,0,0
atlas,four_view_noKh,163444,4,6,1,1,0,0,0,0
atlas,four_view_noKh,163597,2,1,1,1,0,0,0,0
atlas,four_view_noKh,163645,2,1,1,1,0,0,0,0
atlas,four_view_noKh,163734,2,1,1,1,0,0,0,0
atlas,four_view_noKh,163738,2,1,1,1,0,0,0,0
atlas,four_view_noKh,164026,2,1,1,1,0,0,0,0
atlas,four_view_noKh,164027,2,1,1,1,0,0,0,0
atlas,four_view_noKh,164037,2,1,1,1,0,0,0,0
atlas,four_view_noKh,164042,2,1,1,1,0,0,0,0
atlas,four_view_noKh,164381,2,1,1,1,0,0,0,0
atlas,four_view_noKh,164459,2,1,1,1,0,0,0,0
atlas,four_view_noKh,164564,2,1,1,1,0,0,0,0
atlas,four_view_noKh,164576,2,1,1,1,0,0,0,0
atlas,four_view_noKh,164624,2,1,1,1,0,0,0,0
atlas,four_view_noKh,164771,2,1,1,1,0,0,0,0
atlas,four_view_noKh,164773,2,1,1,1,0,0,0,0
atlas,four_view_noKh,164848,2,1,1,1,0,0,0,0
atlas,four_view_noKh,164849,2,1,1,1,0,0,0,0
atlas,four_view_noKh,164868,2,1,1,1,0,0,0,0
atlas,four_view_noKh,165157,2,1,1,1,0,0,0,0
atlas,four_view_noKh,165214,2,1,1,1,0,0,0,0
atlas,four_view_noKh,165444,2,1,1,1,0,0,0,0
atlas,four_view_noKh,165505,2,1,1,1,0,0,0,0
atlas,four_view_noKh,165592,2,1,1,1,0,0,0,0
atlas,four_view_noKh,165595,2,1,1,1,0,0,0,0
atlas,four_view_noKh,165596,2,1,1,1,0,0,0,0
atlas,four_view_noKh,165618,2,1,1,1,0,0,0,0
atlas,four_view_noKh,165629,2,1,1,1,0,0,0,0
atlas,four_view_noKh,165630,4,6,1,1,0,0,0,0
atlas,four_view_noKh,165631,2,1,1,1,0,0,0,0
atlas,four_view_noKh,165637,2,1,1,1,0,0,0,0
atlas,four_view_noKh,165640,2,1,1,1,0,0,0,0
atlas,four_view_noKh,165641,2,1,1,1,0,0,0,0
atlas,four_view_noKh,165681,2,1,1,1,0,0,0,0
atlas,four_view_noKh,165682,2,1,1,1,0,0,0,0
atlas,four_view_noKh,165808,2,1,1,1,0,0,0,0
atlas,four_view_noKh,165813,2,1,1,1,0,0,0,0
atlas,four_view_noKh,165982,2,1,1,1,0,0,0,0
atlas,four_view_noKh,166029,2,1,1,1,0,0,0,0
atlas,four_view_noKh,166034,2,1,1,1,0,0,0,0
atlas,four_view_noKh,166141,2,1,1,1,0,0,0,0
atlas,four_view_noKh,166149,2,1,1,1,0,0,0,0
atlas,four_view_noKh,166155,2,1,1,1,0,0,0,0
atlas,four_view_noKh,166157,2,1,1,1,0,0,0,0
atlas,four_view_noKh,166162,2,1,1,1,0,0,0,0
atlas,four_view_noKh,166167,2,1,1,1,0,0,0,0
atlas,four_view_noKh,166191,2,1,1,1,0,0,0,0
atlas,four_view_noKh,166220,2,1,1,1,0,0,0,0
atlas,four_view_noKh,166253,2,1,1,1,0,0,0,0
atlas,four_view_noKh,166272,2,1,1,1,0,0,0,0
atlas,four_view_noKh,166275,2,1,1,1,0,0,0,0
atlas,four_view_noKh,166432,2,1,1,1,0,0,0,0
atlas,four_view_noKh,166652,2,1,1,1,0,0,0,0
atlas,four_view_noKh,166792,2,1,1,1,0,0,0,0
atlas,four_view_noKh,166884,2,1,1,1,0,0,0,0
atlas,four_view_noKh,167164,2,1,1,1,0,0,0,0
atlas,four_view_noKh,167228,2,1,1,1,0,0,0,0
atlas,four_view_noKh,167230,2,1,1,1,0,0,0,0
atlas,four_view_noKh,167238,4,6,1,1,0,0,0,0
atlas,four_view_noKh,167240,2,1,1,1,0,0,0,0
atlas,four_view_noKh,167241,3,3,1,1,0,0,0,0
atlas,four_view_noKh,167246,2,1,1,1,0,0,0,0
atlas,four_view_noKh,167249,2,1,1,1,0,0,0,0
atlas,four_view_noKh,167475,2,1,1,1,0,0,0,0
atlas,four_view_noKh,167853,2,1,1,1,0,0,0,0
atlas,four_view_noKh,167950,2,1,1,1,0,0,0,0
atlas,four_view_noKh,167951,2,1,1,1,0,0,0,0
atlas,four_view_noKh,168033,2,1,1,1,0,0,0,0
atlas,four_view_noKh,168088,2,1,1,1,0,0,0,0
atlas,four_view_noKh,168104,2,1,1,1,0,0,0,0
atlas,four_view_noKh,168105,2,1,1,1,0,0,0,0
atlas,four_view_noKh,168106,2,1,1,1,0,0,0,0
atlas,four_view_noKh,168107,2,1,1,1,0,0,0,0
atlas,four_view_noKh,168108,2,1,1,1,0,0,0,0
atlas,four_view_noKh,168109,2,1,1,1,0,0,0,0
atlas,four_view_noKh,168117,2,1,1,1,0,0,0,0
atlas,four_view_noKh,168119,2,1,1,1,0,0,0,0
atlas,four_view_noKh,168120,2,1,1,1,0,0,0,0
atlas,four_view_noKh,168133,2,1,1,1,0,0,0,0
atlas,four_view_noKh,168145,2,1,1,1,0,0,0,0
atlas,four_view_noKh,168146,2,1,1,1,0,0,0,0
atlas,four_view_noKh,168147,2,1,1,1,0,0,0,0
atlas,four_view_noKh,168169,2,1,1,1,0,0,0,0
atlas,four_view_noKh,168178,2,1,1,1,0,0,0,0
atlas,four_view_noKh,168179,2,1,1,1,0,0,0,0
atlas,four_view_noKh,168182,2,1,1,1,0,0,0,0
atlas,four_view_noKh,168192,2,1,1,1,0,0,0,0
atlas,four_view_noKh,168193,2,1,1,1,0,0,0,0
atlas,four_view_noKh,168194,2,1,1,1,0,0,0,0
atlas,four_view_noKh,168195,2,1,1,1,0,0,0,0
atlas,four_view_noKh,168196,2,1,1,1,0,0,0,0
atlas,four_view_noKh,168197,2,1,1,1,0,0,0,0
atlas,four_view_noKh,168237,2,1,1,1,0,0,0,0
atlas,four_view_noKh,168371,2,1,1,1,0,0,0,0
atlas,four_view_noKh,168377,2,1,1,1,0,0,0,0
atlas,four_view_noKh,168459,2,1,1,1,0,0,0,0
atlas,four_view_noKh,168492,2,1,1,1,0,0,0,0
atlas,four_view_noKh,168540,2,1,1,1,0,0,0,0
atlas,four_view_noKh,168602,2,1,1,1,0,0,0,0
atlas,four_view_noKh,169003,2,1,1,1,0,0,0,0
atlas,four_view_noKh,169036,2,1,1,1,0,0,0,0
atlas,four_view_noKh,169110,2,1,1,1,0,0,0,0
atlas,four_view_noKh,169244,2,1,1,1,0,0,0,0
atlas,four_view_noKh,169245,2,1,1,1,0,0,0,0
atlas,four_view_noKh,169248,2,1,1,1,0,0,0,0
atlas,four_view_noKh,169250,2,1,1,1,0,0,0,0
atlas,four_view_noKh,169253,2,1,1,1,0,0,0,0
atlas,four_view_noKh,169254,2,1,1,1,0,0,0,0
atlas,four_view_noKh,169265,4,6,1,1,0,0,0,0
atlas,four_view_noKh,169267,2,1,1,1,0,0,0,0
atlas,four_view_noKh,169277,4,6,1,1,0,0,0,0
atlas,four_view_noKh,169279,2,1,1,1,0,0,0,0
atlas,four_view_noKh,169280,2,1,1,1,0,0,0,0
atlas,four_view_noKh,169301,2,1,1,1,0,0,0,0
atlas,four_view_noKh,169302,2,1,1,1,0,0,0,0
atlas,four_view_noKh,169329,2,1,1,1,0,0,0,0
atlas,four_view_noKh,169339,2,1,1,1,0,0,0,0
atlas,four_view_noKh,169369,2,1,1,1,0,0,0,0
atlas,four_view_noKh,169938,2,1,1,1,0,0,0,0
atlas,four_view_noKh,170058,2,1,1,1,0,0,0,0
atlas,four_view_noKh,170068,2,1,1,1,0,0,0,0
atlas,four_view_noKh,170069,2,1,1,1,0,0,0,0
atlas,four_view_noKh,170109,2,1,1,1,0,0,0,0
atlas,four_view_noKh,170197,2,1,1,1,0,0,0,0
atlas,four_view_noKh,170287,2,1,1,1,0,0,0,0
atlas,four_view_noKh,170290,2,1,1,1,0,0,0,0
atlas,four_view_noKh,170327,2,1,1,1,0,0,0,0
atlas,four_view_noKh,170329,2,1,1,1,0,0,0,0
atlas,four_view_noKh,170411,2,1,1,1,0,0,0,0
atlas,four_view_noKh,170438,2,1,1,1,0,0,0,0
atlas,four_view_noKh,170610,2,1,1,1,0,0,0,0
atlas,four_view_noKh,170782,2,1,1,1,0,0,0,0
atlas,four_view_noKh,170894,2,1,1,1,0,0,0,0
atlas,four_view_noKh,171005,2,1,1,1,0,0,0,0
atlas,four_view_noKh,171006,2,1,1,1,0,0,0,0
atlas,four_view_noKh,171007,2,1,1,1,0,0,0,0
atlas,four_view_noKh,171009,2,1,1,1,0,0,0,0
atlas,four_view_noKh,171010,2,1,1,1,0,0,0,0
atlas,four_view_noKh,171011,2,1,1,1,0,0,0,0
atlas,four_view_noKh,171435,2,1,1,1,0,0,0,0
atlas,four_view_noKh,171477,2,1,1,1,0,0,0,0
atlas,four_view_noKh,171562,2,1,1,1,0,0,0,0
atlas,four_view_noKh,171566,4,6,1,1,0,0,0,0
atlas,four_view_noKh,171569,4,6,1,1,0,0,0,0
atlas,four_view_noKh,171573,2,1,1,1,0,0,0,0
atlas,four_view_noKh,171834,2,1,1,1,0,0,0,0
atlas,four_view_noKh,171889,2,1,1,1,0,0,0,0
atlas,four_view_noKh,171966,2,1,1,1,0,0,0,0
atlas,four_view_noKh,171967,2,1,1,1,0,0,0,0
atlas,four_view_noKh,172096,2,1,1,1,0,0,0,0
atlas,four_view_noKh,172098,2,1,1,1,0,0,0,0
atlas,four_view_noKh,172099,2,1,1,1,0,0,0,0
atlas,four_view_noKh,172102,2,1,1,1,0,0,0,0
atlas,four_view_noKh,172109,2,1,1,1,0,0,0,0
atlas,four_view_noKh,172153,2,1,1,1,0,0,0,0
atlas,four_view_noKh,172443,2,1,1,1,0,0,0,0
atlas,four_view_noKh,172497,2,1,1,1,0,0,0,0
atlas,four_view_noKh,172570,2,1,1,1,0,0,0,0
atlas,four_view_noKh,172737,2,1,1,1,0,0,0,0
atlas,four_view_noKh,172778,2,1,1,1,0,0,0,0
atlas,four_view_noKh,172807,2,1,1,1,0,0,0,0
atlas,four_view_noKh,172880,2,1,1,1,0,0,0,0
atlas,four_view_noKh,173001,2,1,1,1,0,0,0,0
atlas,four_view_noKh,173008,2,1,1,1,0,0,0,0
atlas,four_view_noKh,173009,2,1,1,1,0,0,0,0
atlas,four_view_noKh,173015,2,1,1,1,0,0,0,0
atlas,four_view_noKh,173016,3,3,1,1,0,0,0,0
atlas,four_view_noKh,173021,2,1,1,1,0,0,0,0
atlas,four_view_noKh,173024,2,1,1,1,0,0,0,0
atlas,four_view_noKh,173035,4,6,1,1,0,0,0,0
atlas,four_view_noKh,173039,4,6,1,1,0,0,0,0
atlas,four_view_noKh,173040,2,1,1,1,0,0,0,0
atlas,four_view_noKh,173160,2,1,1,1,0,0,0,0
atlas,four_view_noKh,173178,2,1,1,1,0,0,0,0
atlas,four_view_noKh,173319,2,1,1,1,0,0,0,0
atlas,four_view_noKh,173359,2,1,1,1,0,0,0,0
atlas,four_view_noKh,173424,2,1,1,1,0,0,0,0
atlas,four_view_noKh,173488,2,1,1,1,0,0,0,0
atlas,four_view_noKh,173548,2,1,1,1,0,0,0,0
atlas,four_view_noKh,173549,2,1,1,1,0,0,0,0
atlas,four_view_noKh,173749,2,1,1,1,0,0,0,0
atlas,four_view_noKh,173751,2,1,1,1,0,0,0,0
atlas,four_view_noKh,173807,2,1,1,1,0,0,0,0
atlas,four_view_noKh,173882,2,1,1,1,0,0,0,0
atlas,four_view_noKh,173926,2,1,1,1,0,0,0,0
atlas,four_view_noKh,173962,2,1,1,1,0,0,0,0
atlas,four_view_noKh,174027,2,1,1,1,0,0,0,0
atlas,four_view_noKh,174032,2,1,1,1,0,0,0,0
atlas,four_view_noKh,174037,2,1,1,1,0,0,0,0
atlas,four_view_noKh,174076,2,1,1,1,0,0,0,0
atlas,four_view_noKh,174196,2,1,1,1,0,0,0,0
atlas,four_view_noKh,174203,2,1,1,1,0,0,0,0
atlas,four_view_noKh,174212,4,6,1,1,0,0,0,0
atlas,four_view_noKh,174215,2,1,1,1,0,0,0,0
atlas,four_view_noKh,174216,2,1,1,1,0,0,0,0
atlas,four_view_noKh,174320,2,1,1,1,0,0,0,0
atlas,four_view_noKh,174332,2,1,1,1,0,0,0,0
atlas,four_view_noKh,174435,2,1,1,1,0,0,0,0
atlas,four_view_noKh,174455,2,1,1,1,0,0,0,0
atlas,four_view_noKh,174508,2,1,1,1,0,0,0,0
atlas,four_view_noKh,174571,2,1,1,1,0,0,0,0
atlas,four_view_noKh,174592,2,1,1,1,0,0,0,0
atlas,four_view_noKh,174602,4,6,1,1,0,0,0,0
atlas,four_view_noKh,174606,2,1,1,1,0,0,0,0
atlas,four_view_noKh,174610,2,1,1,1,0,0,0,0
atlas,four_view_noKh,174775,2,1,1,1,0,0,0,0
atlas,four_view_noKh,174855,2,1,1,1,0,0,0,0
atlas,four_view_noKh,174856,2,1,1,1,0,0,0,0
atlas,four_view_noKh,174862,2,1,1,1,0,0,0,0
atlas,four_view_noKh,175089,2,1,1,1,0,0,0,0
atlas,four_view_noKh,175105,2,1,1,1,0,0,0,0
atlas,four_view_noKh,175106,2,1,1,1,0,0,0,0
atlas,four_view_noKh,175149,2,1,1,1,0,0,0,0
atlas,four_view_noKh,175152,2,1,1,1,0,0,0,0
atlas,four_view_noKh,175168,2,1,1,1,0,0,0,0
atlas,four_view_noKh,175171,2,1,1,1,0,0,0,0
atlas,four_view_noKh,175172,2,1,1,1,0,0,0,0
atlas,four_view_noKh,175202,2,1,1,1,0,0,0,0
atlas,four_view_noKh,175203,2,1,1,1,0,0,0,0
atlas,four_view_noKh,175299,2,1,1,1,0,0,0,0
atlas,four_view_noKh,175379,2,1,1,1,0,0,0,0
atlas,four_view_noKh,175442,2,1,1,1,0,0,0,0
atlas,four_view_noKh,175443,2,1,1,1,0,0,0,0
atlas,four_view_noKh,175451,2,1,1,1,0,0,0,0
atlas,four_view_noKh,175461,2,1,1,1,0,0,0,0
atlas,four_view_noKh,175463,2,1,1,1,0,0,0,0
atlas,four_view_noKh,175464,2,1,1,1,0,0,0,0
atlas,four_view_noKh,175466,2,1,1,1,0,0,0,0
atlas,four_view_noKh,175468,2,1,1,1,0,0,0,0
atlas,four_view_noKh,175479,2,1,1,1,0,0,0,0
atlas,four_view_noKh,175490,2,1,1,1,0,0,0,0
atlas,four_view_noKh,175550,2,1,1,1,0,0,0,0
atlas,four_view_noKh,175557,4,6,1,1,0,0,0,0
atlas,four_view_noKh,175561,2,1,1,1,0,0,0,0
atlas,four_view_noKh,175563,2,1,1,1,0,0,0,0
atlas,four_view_noKh,175592,2,1,1,1,0,0,0,0
atlas,four_view_noKh,175635,2,1,1,1,0,0,0,0
atlas,four_view_noKh,175818,2,1,1,1,0,0,0,0
atlas,four_view_noKh,175899,2,1,1,1,0,0,0,0
atlas,four_view_noKh,176059,2,1,1,1,0,0,0,0
atlas,four_view_noKh,176093,2,1,1,1,0,0,0,0
atlas,four_view_noKh,176134,2,1,1,1,0,0,0,0
atlas,four_view_noKh,176186,2,1,1,1,0,0,0,0
atlas,four_view_noKh,176200,2,1,1,1,0,0,0,0
atlas,four_view_noKh,176229,2,1,1,1,0,0,0,0
atlas,four_view_noKh,176651,2,1,1,1,0,0,0,0
atlas,four_view_noKh,176682,2,1,1,1,0,0,0,0
atlas,four_view_noKh,176716,2,1,1,1,0,0,0,0
atlas,four_view_noKh,176719,2,1,1,1,0,0,0,0
atlas,four_view_noKh,176784,2,1,1,1,0,0,0,0
atlas,four_view_noKh,176809,3,3,1,1,0,0,0,0
atlas,four_view_noKh,176812,2,1,1,1,0,0,0,0
atlas,four_view_noKh,176813,4,6,1,1,0,0,0,0
atlas,four_view_noKh,176815,3,3,1,1,0,0,0,0
atlas,four_view_noKh,176818,5,10,1,1,0,0,0,0
atlas,four_view_noKh,176839,2,1,1,1,0,0,0,0
atlas,four_view_noKh,176844,2,1,1,1,0,0,0,0
atlas,four_view_noKh,176845,2,1,1,1,0,0,0,0
atlas,four_view_noKh,176856,2,1,1,1,0,0,0,0
atlas,four_view_noKh,176861,2,1,1,1,0,0,0,0
atlas,four_view_noKh,176869,2,1,1,1,0,0,0,0
atlas,four_view_noKh,176875,6,15,1,1,0,0,0,0
atlas,four_view_noKh,176876,2,1,1,1,0,0,0,0
atlas,four_view_noKh,176878,2,1,1,1,0,0,0,0
atlas,four_view_noKh,176904,2,1,1,1,0,0,0,0
atlas,four_view_noKh,176987,2,1,1,1,0,0,0,0
atlas,four_view_noKh,177000,2,1,1,1,0,0,0,0
atlas,four_view_noKh,177050,2,1,1,1,0,0,0,0
atlas,four_view_noKh,177255,2,1,1,1,0,0,0,0
atlas,four_view_noKh,177258,2,1,1,1,0,0,0,0
atlas,four_view_noKh,177267,2,1,1,1,0,0,0,0
atlas,four_view_noKh,177283,2,1,1,1,0,0,0,0
atlas,four_view_noKh,177285,2,1,1,1,0,0,0,0
atlas,four_view_noKh,177402,2,1,1,1,0,0,0,0
atlas,four_view_noKh,177721,2,1,1,1,0,0,0,0
atlas,four_view_noKh,177731,2,1,1,1,0,0,0,0
atlas,four_view_noKh,177732,2,1,1,1,0,0,0,0
atlas,four_view_noKh,177733,2,1,1,1,0,0,0,0
atlas,four_view_noKh,177741,2,1,1,1,0,0,0,0
atlas,four_view_noKh,177742,2,1,1,1,0,0,0,0
atlas,four_view_noKh,177745,2,1,1,1,0,0,0,0
atlas,four_view_noKh,177746,2,1,1,1,0,0,0,0
atlas,four_view_noKh,177751,2,1,1,1,0,0,0,0
atlas,four_view_noKh,177752,2,1,1,1,0,0,0,0
atlas,four_view_noKh,177755,2,1,1,1,0,0,0,0
atlas,four_view_noKh,177759,2,1,1,1,0,0,0,0
atlas,four_view_noKh,177769,2,1,1,1,0,0,0,0
atlas,four_view_noKh,177776,2,1,1,1,0,0,0,0
atlas,four_view_noKh,177777,2,1,1,1,0,0,0,0
atlas,four_view_noKh,177889,2,1,1,1,0,0,0,0
atlas,four_view_noKh,177925,2,1,1,1,0,0,0,0
atlas,four_view_noKh,177926,2,1,1,1,0,0,0,0
atlas,four_view_noKh,177989,2,1,1,1,0,0,0,0
atlas,four_view_noKh,178049,2,1,1,1,0,0,0,0
atlas,four_view_noKh,178080,2,1,1,1,0,0,0,0
atlas,four_view_noKh,178103,2,1,1,1,0,0,0,0
atlas,four_view_noKh,178108,2,1,1,1,0,0,0,0
atlas,four_view_noKh,178170,2,1,1,1,0,0,0,0
atlas,four_view_noKh,178186,2,1,1,1,0,0,0,0
atlas,four_view_noKh,178189,2,1,1,1,0,0,0,0
atlas,four_view_noKh,178190,2,1,1,1,0,0,0,0
atlas,four_view_noKh,178257,2,1,1,1,0,0,0,0
atlas,four_view_noKh,178390,2,1,1,1,0,0,0,0
atlas,four_view_noKh,178391,2,1,1,1,0,0,0,0
atlas,four_view_noKh,178392,2,1,1,1,0,0,0,0
atlas,four_view_noKh,178397,2,1,1,1,0,0,0,0
atlas,four_view_noKh,178402,2,1,1,1,0,0,0,0
atlas,four_view_noKh,178452,2,1,1,1,0,0,0,0
atlas,four_view_noKh,178868,2,1,1,1,0,0,0,0
atlas,four_view_noKh,178873,2,1,1,1,0,0,0,0
atlas,four_view_noKh,178966,2,1,1,1,0,0,0,0
atlas,four_view_noKh,179195,2,1,1,1,0,0,0,0
atlas,four_view_noKh,179196,2,1,1,1,0,0,0,0
atlas,four_view_noKh,179198,4,6,1,1,0,0,0,0
atlas,four_view_noKh,179201,2,1,1,1,0,0,0,0
atlas,four_view_noKh,179202,3,3,1,1,0,0,0,0
atlas,four_view_noKh,179203,2,1,1,1,0,0,0,0
atlas,four_view_noKh,179204,2,1,1,1,0,0,0,0
atlas,four_view_noKh,179207,2,1,1,1,0,0,0,0
atlas,four_view_noKh,179211,2,1,1,1,0,0,0,0
atlas,four_view_noKh,179552,2,1,1,1,0,0,0,0
atlas,four_view_noKh,179554,2,1,1,1,0,0,0,0
atlas,four_view_noKh,179672,2,1,1,1,0,0,0,0
atlas,four_view_noKh,179711,2,1,1,1,0,0,0,0
atlas,four_view_noKh,179722,2,1,1,1,0,0,0,0
atlas,four_view_noKh,179725,2,1,1,1,0,0,0,0
atlas,four_view_noKh,179727,2,1,1,1,0,0,0,0
atlas,four_view_noKh,179728,2,1,1,1,0,0,0,0
atlas,four_view_noKh,179729,2,1,1,1,0,0,0,0
atlas,four_view_noKh,179730,2,1,1,1,0,0,0,0
atlas,four_view_noKh,179992,2,1,1,1,0,0,0,0
atlas,four_view_noKh,180007,2,1,1,1,0,0,0,0
atlas,four_view_noKh,180142,2,1,1,1,0,0,0,0
atlas,four_view_noKh,180143,2,1,1,1,0,0,0,0
atlas,four_view_noKh,180144,4,6,1,1,0,0,0,0
atlas,four_view_noKh,180145,2,1,1,1,0,0,0,0
atlas,four_view_noKh,180146,2,1,1,1,0,0,0,0
atlas,four_view_noKh,180147,2,1,1,1,0,0,0,0
atlas,four_view_noKh,180153,2,1,1,1,0,0,0,0
atlas,four_view_noKh,180155,2,1,1,1,0,0,0,0
atlas,four_view_noKh,180157,2,1,1,1,0,0,0,0
atlas,four_view_noKh,180159,2,1,1,1,0,0,0,0
atlas,four_view_noKh,180209,2,1,1,1,0,0,0,0
atlas,four_view_noKh,180335,2,1,1,1,0,0,0,0
atlas,four_view_noKh,180336,2,1,1,1,0,0,0,0
atlas,four_view_noKh,180381,2,1,1,1,0,0,0,0
atlas,four_view_noKh,180384,2,1,1,1,0,0,0,0
atlas,four_view_noKh,180492,2,1,1,1,0,0,0,0
atlas,four_view_noKh,180750,2,1,1,1,0,0,0,0
atlas,four_view_noKh,180751,2,1,1,1,0,0,0,0
atlas,four_view_noKh,180780,2,1,1,1,0,0,0,0
atlas,four_view_noKh,180782,2,1,1,1,0,0,0,0
atlas,four_view_noKh,180862,2,1,1,1,0,0,0,0
atlas,four_view_noKh,181247,2,1,1,1,0,0,0,0
atlas,four_view_noKh,181251,2,1,1,1,0,0,0,0
atlas,four_view_noKh,181345,2,1,1,1,0,0,0,0
atlas,four_view_noKh,181418,2,1,1,1,0,0,0,0
atlas,four_view_noKh,181419,2,1,1,1,0,0,0,0
atlas,four_view_noKh,181453,2,1,1,1,0,0,0,0
atlas,four_view_noKh,181471,2,1,1,1,0,0,0,0
atlas,four_view_noKh,181500,2,1,1,1,0,0,0,0
atlas,four_view_noKh,181799,2,1,1,1,0,0,0,0
atlas,four_view_noKh,181811,2,1,1,1,0,0,0,0
atlas,four_view_noKh,181827,2,1,1,1,0,0,0,0
atlas,four_view_noKh,181875,2,1,1,1,0,0,0,0
atlas,four_view_noKh,182145,2,1,1,1,0,0,0,0
atlas,four_view_noKh,182172,2,1,1,1,0,0,0,0
atlas,four_view_noKh,182233,2,1,1,1,0,0,0,0
atlas,four_view_noKh,182253,2,1,1,1,0,0,0,0
atlas,four_view_noKh,182325,2,1,1,1,0,0,0,0
atlas,four_view_noKh,182629,2,1,1,1,0,0,0,0
atlas,four_view_noKh,182680,2,1,1,1,0,0,0,0
atlas,four_view_noKh,182683,2,1,1,1,0,0,0,0
atlas,four_view_noKh,182705,2,1,1,1,0,0,0,0
atlas,four_view_noKh,182706,2,1,1,1,0,0,0,0
atlas,four_view_noKh,182708,2,1,1,1,0,0,0,0
atlas,four_view_noKh,182726,2,1,1,1,0,0,0,0
atlas,four_view_noKh,182728,2,1,1,1,0,0,0,0
atlas,four_view_noKh,182754,2,1,1,1,0,0,0,0
atlas,four_view_noKh,182756,2,1,1,1,0,0,0,0
atlas,four_view_noKh,182851,2,1,1,1,0,0,0,0
atlas,four_view_noKh,182964,2,1,1,1,0,0,0,0
atlas,four_view_noKh,182965,2,1,1,1,0,0,0,0
atlas,four_view_noKh,183002,2,1,1,1,0,0,0,0
atlas,four_view_noKh,183004,2,1,1,1,0,0,0,0
atlas,four_view_noKh,183065,2,1,1,1,0,0,0,0
atlas,four_view_noKh,183103,2,1,1,1,0,0,0,0
atlas,four_view_noKh,183104,2,1,1,1,0,0,0,0
atlas,four_view_noKh,183251,2,1,1,1,0,0,0,0
atlas,four_view_noKh,183287,4,6,1,1,0,0,0,0
atlas,four_view_noKh,183334,2,1,1,1,0,0,0,0
atlas,four_view_noKh,183335,2,1,1,1,0,0,0,0
atlas,four_view_noKh,183340,3,3,1,1,0,0,0,0
atlas,four_view_noKh,183350,2,1,1,1,0,0,0,0
atlas,four_view_noKh,183356,2,1,1,1,0,0,0,0
atlas,four_view_noKh,183361,2,1,1,1,0,0,0,0
atlas,four_view_noKh,183363,2,1,1,1,0,0,0,0
atlas,four_view_noKh,183364,2,1,1,1,0,0,0,0
atlas,four_view_noKh,183376,2,1,1,1,0,0,0,0
atlas,four_view_noKh,183380,2,1,1,1,0,0,0,0
atlas,four_view_noKh,183387,2,1,1,1,0,0,0,0
atlas,four_view_noKh,183394,2,1,1,1,0,0,0,0
atlas,four_view_noKh,183395,2,1,1,1,0,0,0,0
atlas,four_view_noKh,183397,2,1,1,1,0,0,0,0
atlas,four_view_noKh,183399,2,1,1,1,0,0,0,0
atlas,four_view_noKh,183401,2,1,1,1,0,0,0,0
atlas,four_view_noKh,183403,2,1,1,1,0,0,0,0
atlas,four_view_noKh,183404,4,6,1,1,0,0,0,0
atlas,four_view_noKh,183406,2,1,1,1,0,0,0,0
atlas,four_view_noKh,183408,4,6,1,1,0,0,0,0
atlas,four_view_noKh,183409,2,1,1,1,0,0,0,0
atlas,four_view_noKh,183411,2,1,1,1,0,0,0,0
atlas,four_view_noKh,183448,2,1,1,1,0,0,0,0
atlas,four_view_noKh,183462,2,1,1,1,0,0,0,0
atlas,four_view_noKh,183493,2,1,1,1,0,0,0,0
atlas,four_view_noKh,183585,2,1,1,1,0,0,0,0
atlas,four_view_noKh,183604,2,1,1,1,0,0,0,0
atlas,four_view_noKh,184084,2,1,1,1,0,0,0,0
atlas,four_view_noKh,184222,2,1,1,1,0,0,0,0
atlas,four_view_noKh,184369,2,1,1,1,0,0,0,0
atlas,four_view_noKh,184387,2,1,1,1,0,0,0,0
atlas,four_view_noKh,184402,2,1,1,1,0,0,0,0
atlas,four_view_noKh,184668,2,1,1,1,0,0,0,0
atlas,four_view_noKh,184845,2,1,1,1,0,0,0,0
atlas,four_view_noKh,184846,2,1,1,1,0,0,0,0
atlas,four_view_noKh,184849,4,6,1,1,0,0,0,0
atlas,four_view_noKh,184851,2,1,1,1,0,0,0,0
atlas,four_view_noKh,184855,2,1,1,1,0,0,0,0
atlas,four_view_noKh,184858,2,1,1,1,0,0,0,0
atlas,four_view_noKh,184860,2,1,1,1,0,0,0,0
atlas,four_view_noKh,184864,2,1,1,1,0,0,0,0
atlas,four_view_noKh,184951,2,1,1,1,0,0,0,0
atlas,four_view_noKh,185059,2,1,1,1,0,0,0,0
atlas,four_view_noKh,185151,2,1,1,1,0,0,0,0
atlas,four_view_noKh,185161,2,1,1,1,0,0,0,0
atlas,four_view_noKh,185162,4,6,1,1,0,0,0,0
atlas,four_view_noKh,185204,2,1,1,1,0,0,0,0
atlas,four_view_noKh,185270,2,1,1,1,0,0,0,0
atlas,four_view_noKh,185591,2,1,1,1,0,0,0,0
atlas,four_view_noKh,185602,2,1,1,1,0,0,0,0
atlas,four_view_noKh,185720,2,1,1,1,0,0,0,0
atlas,four_view_noKh,185729,2,1,1,1,0,0,0,0
atlas,four_view_noKh,185740,2,1,1,1,0,0,0,0
atlas,four_view_noKh,185788,2,1,1,1,0,0,0,0
atlas,four_view_noKh,185789,2,1,1,1,0,0,0,0
atlas,four_view_noKh,185925,2,1,1,1,0,0,0,0
atlas,four_view_noKh,185966,2,1,1,1,0,0,0,0
atlas,four_view_noKh,186094,2,1,1,1,0,0,0,0
atlas,four_view_noKh,186164,2,1,1,1,0,0,0,0
atlas,four_view_noKh,186169,2,1,1,1,0,0,0,0
atlas,four_view_noKh,186304,2,1,1,1,0,0,0,0
atlas,four_view_noKh,186334,2,1,1,1,0,0,0,0
atlas,four_view_noKh,186407,2,1,1,1,0,0,0,0
atlas,four_view_noKh,186475,2,1,1,1,0,0,0,0
atlas,four_view_noKh,186608,2,1,1,1,0,0,0,0
atlas,four_view_noKh,186640,2,1,1,1,0,0,0,0
atlas,four_view_noKh,186643,2,1,1,1,0,0,0,0
atlas,four_view_noKh,186775,2,1,1,1,0,0,0,0
atlas,four_view_noKh,186777,2,1,1,1,0,0,0,0
atlas,four_view_noKh,186811,2,1,1,1,0,0,0,0
atlas,four_view_noKh,186820,2,1,1,1,0,0,0,0
atlas,four_view_noKh,187154,2,1,1,1,0,0,0,0
atlas,four_view_noKh,187467,2,1,1,1,0,0,0,0
atlas,four_view_noKh,187524,2,1,1,1,0,0,0,0
atlas,four_view_noKh,187525,2,1,1,1,0,0,0,0
atlas,four_view_noKh,187538,2,1,1,1,0,0,0,0
atlas,four_view_noKh,187541,2,1,1,1,0,0,0,0
atlas,four_view_noKh,187542,2,1,1,1,0,0,0,0
atlas,four_view_noKh,187543,2,1,1,1,0,0,0,0
atlas,four_view_noKh,187545,2,1,1,1,0,0,0,0
atlas,four_view_noKh,187548,2,1,1,1,0,0,0,0
atlas,four_view_noKh,187552,2,1,1,1,0,0,0,0
atlas,four_view_noKh,187556,2,1,1,1,0,0,0,0
atlas,four_view_noKh,187562,2,1,1,1,0,0,0,0
atlas,four_view_noKh,187572,2,1,1,1,0,0,0,0
atlas,four_view_noKh,187573,2,1,1,1,0,0,0,0
atlas,four_view_noKh,187575,2,1,1,1,0,0,0,0
atlas,four_view_noKh,187576,2,1,1,1,0,0,0,0
atlas,four_view_noKh,187578,2,1,1,1,0,0,0,0
atlas,four_view_noKh,187583,2,1,1,1,0,0,0,0
atlas,four_view_noKh,187587,2,1,1,1,0,0,0,0
atlas,four_view_noKh,187588,2,1,1,1,0,0,0,0
atlas,four_view_noKh,187589,2,1,1,1,0,0,0,0
atlas,four_view_noKh,187591,4,6,1,1,0,0,0,0
atlas,four_view_noKh,187597,2,1,1,1,0,0,0,0
atlas,four_view_noKh,187602,2,1,1,1,0,0,0,0
atlas,four_view_noKh,187603,2,1,1,1,0,0,0,0
atlas,four_view_noKh,187607,2,1,1,1,0,0,0,0
atlas,four_view_noKh,187610,2,1,1,1,0,0,0,0
atlas,four_view_noKh,187613,2,1,1,1,0,0,0,0
atlas,four_view_noKh,187736,2,1,1,1,0,0,0,0
atlas,four_view_noKh,187802,2,1,1,1,0,0,0,0
atlas,four_view_noKh,187811,2,1,1,1,0,0,0,0
atlas,four_view_noKh,187838,2,1,1,1,0,0,0,0
atlas,four_view_noKh,188139,2,1,1,1,0,0,0,0
atlas,four_view_noKh,188191,2,1,1,1,0,0,0,0
atlas,four_view_noKh,188203,2,1,1,1,0,0,0,0
atlas,four_view_noKh,188223,2,1,1,1,0,0,0,0
atlas,four_view_noKh,188245,2,1,1,1,0,0,0,0
atlas,four_view_noKh,188246,2,1,1,1,0,0,0,0
atlas,four_view_noKh,188341,2,1,1,1,0,0,0,0
atlas,four_view_noKh,188449,2,1,1,1,0,0,0,0
atlas,four_view_noKh,188450,2,1,1,1,0,0,0,0
atlas,four_view_noKh,188679,2,1,1,1,0,0,0,0
atlas,four_view_noKh,188936,2,1,1,1,0,0,0,0
atlas,four_view_noKh,188995,2,1,1,1,0,0,0,0
atlas,four_view_noKh,189071,3,3,1,1,0,0,0,0
atlas,four_view_noKh,189073,2,1,1,1,0,0,0,0
atlas,four_view_noKh,189075,2,1,1,1,0,0,0,0
atlas,four_view_noKh,189076,2,1,1,1,0,0,0,0
atlas,four_view_noKh,189080,2,1,1,1,0,0,0,0
atlas,four_view_noKh,189088,2,1,1,1,0,0,0,0
atlas,four_view_noKh,189089,2,1,1,1,0,0,0,0
atlas,four_view_noKh,189090,2,1,1,1,0,0,0,0
atlas,four_view_noKh,189323,2,1,1,1,0,0,0,0
atlas,four_view_noKh,189501,2,1,1,1,0,0,0,0
atlas,four_view_noKh,189502,2,1,1,1,0,0,0,0
atlas,four_view_noKh,189674,2,1,1,1,0,0,0,0
atlas,four_view_noKh,189855,2,1,1,1,0,0,0,0
atlas,four_view_noKh,189953,2,1,1,1,0,0,0,0
atlas,four_view_noKh,189967,2,1,1,1,0,0,0,0
atlas,four_view_noKh,190198,2,1,1,1,0,0,0,0
atlas,four_view_noKh,190250,2,1,1,1,0,0,0,0
atlas,four_view_noKh,190274,2,1,1,1,0,0,0,0
atlas,four_view_noKh,190296,2,1,1,1,0,0,0,0
atlas,four_view_noKh,190402,2,1,1,1,0,0,0,0
atlas,four_view_noKh,190408,2,1,1,1,0,0,0,0
atlas,four_view_noKh,190414,2,1,1,1,0,0,0,0
atlas,four_view_noKh,190416,2,1,1,1,0,0,0,0
atlas,four_view_noKh,190488,2,1,1,1,0,0,0,0
atlas,four_view_noKh,190504,2,1,1,1,0,0,0,0
atlas,four_view_noKh,190635,2,1,1,1,0,0,0,0
atlas,four_view_noKh,190640,2,1,1,1,0,0,0,0
atlas,four_view_noKh,190703,2,1,1,1,0,0,0,0
atlas,four_view_noKh,190728,2,1,1,1,0,0,0,0
atlas,four_view_noKh,190734,2,1,1,1,0,0,0,0
atlas,four_view_noKh,190737,2,1,1,1,0,0,0,0
atlas,four_view_noKh,190921,2,1,1,1,0,0,0,0
atlas,four_view_noKh,191075,2,1,1,1,0,0,0,0
atlas,four_view_noKh,191187,2,1,1,1,0,0,0,0
atlas,four_view_noKh,191269,2,1,1,1,0,0,0,0
atlas,four_view_noKh,191362,2,1,1,1,0,0,0,0
atlas,four_view_noKh,191404,2,1,1,1,0,0,0,0
atlas,four_view_noKh,191414,2,1,1,1,0,0,0,0
atlas,four_view_noKh,191541,2,1,1,1,0,0,0,0
atlas,four_view_noKh,191542,2,1,1,1,0,0,0,0
atlas,four_view_noKh,191548,2,1,1,1,0,0,0,0
atlas,four_view_noKh,191577,2,1,1,1,0,0,0,0
atlas,four_view_noKh,191639,3,3,1,1,0,0,0,0
atlas,four_view_noKh,191641,2,1,1,1,0,0,0,0
atlas,four_view_noKh,191642,2,1,1,1,0,0,0,0
atlas,four_view_noKh,191647,2,1,1,1,0,0,0,0
atlas,four_view_noKh,191650,2,1,1,1,0,0,0,0
atlas,four_view_noKh,191651,2,1,1,1,0,0,0,0
atlas,four_view_noKh,191652,2,1,1,1,0,0,0,0
atlas,four_view_noKh,191655,3,3,1,1,0,0,0,0
atlas,four_view_noKh,191656,2,1,1,1,0,0,0,0
atlas,four_view_noKh,191666,2,1,1,1,0,0,0,0
atlas,four_view_noKh,191668,2,1,1,1,0,0,0,0
atlas,four_view_noKh,191836,2,1,1,1,0,0,0,0
atlas,four_view_noKh,191872,2,1,1,1,0,0,0,0
atlas,four_view_noKh,191911,2,1,1,1,0,0,0,0
atlas,four_view_noKh,192130,2,1,1,1,0,0,0,0
atlas,four_view_noKh,192179,2,1,1,1,0,0,0,0
atlas,four_view_noKh,192208,2,1,1,1,0,0,0,0
atlas,four_view_noKh,192406,2,1,1,1,0,0,0,0
atlas,four_view_noKh,192466,2,1,1,1,0,0,0,0
atlas,four_view_noKh,192636,2,1,1,1,0,0,0,0
atlas,four_view_noKh,192684,2,1,1,1,0,0,0,0
atlas,four_view_noKh,192706,2,1,1,1,0,0,0,0
atlas,four_view_noKh,192718,2,1,1,1,0,0,0,0
atlas,four_view_noKh,192719,2,1,1,1,0,0,0,0
atlas,four_view_noKh,192726,2,1,1,1,0,0,0,0
atlas,four_view_noKh,192740,2,1,1,1,0,0,0,0
atlas,four_view_noKh,193035,2,1,1,1,0,0,0,0
atlas,four_view_noKh,193091,2,1,1,1,0,0,0,0
atlas,four_view_noKh,193201,2,1,1,1,0,0,0,0
atlas,four_view_noKh,193303,4,6,1,1,0,0,0,0
atlas,four_view_noKh,193304,4,6,1,1,0,0,0,0
atlas,four_view_noKh,193306,3,3,1,1,0,0,0,0
atlas,four_view_noKh,193351,2,1,1,1,0,0,0,0
atlas,four_view_noKh,193378,2,1,1,1,0,0,0,0
atlas,four_view_noKh,193389,2,1,1,1,0,0,0,0
atlas,four_view_noKh,193395,2,1,1,1,0,0,0,0
atlas,four_view_noKh,193469,2,1,1,1,0,0,0,0
atlas,four_view_noKh,193516,2,1,1,1,0,0,0,0
atlas,four_view_noKh,193527,2,1,1,1,0,0,0,0
atlas,four_view_noKh,193564,2,1,1,1,0,0,0,0
atlas,four_view_noKh,193709,2,1,1,1,0,0,0,0
atlas,four_view_noKh,193710,2,1,1,1,0,0,0,0
atlas,four_view_noKh,193725,2,1,1,1,0,0,0,0
atlas,four_view_noKh,193784,2,1,1,1,0,0,0,0
atlas,four_view_noKh,193785,2,1,1,1,0,0,0,0
atlas,four_view_noKh,193786,2,1,1,1,0,0,0,0
atlas,four_view_noKh,193844,2,1,1,1,0,0,0,0
atlas,four_view_noKh,193888,2,1,1,1,0,0,0,0
atlas,four_view_noKh,194015,2,1,1,1,0,0,0,0
atlas,four_view_noKh,194165,2,1,1,1,0,0,0,0
atlas,four_view_noKh,194331,2,1,1,1,0,0,0,0
atlas,four_view_noKh,194402,2,1,1,1,0,0,0,0
atlas,four_view_noKh,194427,2,1,1,1,0,0,0,0
atlas,four_view_noKh,194456,2,1,1,1,0,0,0,0
atlas,four_view_noKh,194540,2,1,1,1,0,0,0,0
atlas,four_view_noKh,194546,2,1,1,1,0,0,0,0
atlas,four_view_noKh,194608,2,1,1,1,0,0,0,0
atlas,four_view_noKh,194622,2,1,1,1,0,0,0,0
atlas,four_view_noKh,194624,2,1,1,1,0,0,0,0
atlas,four_view_noKh,194631,2,1,1,1,0,0,0,0
atlas,four_view_noKh,194892,2,1,1,1,0,0,0,0
atlas,four_view_noKh,194893,2,1,1,1,0,0,0,0
atlas,four_view_noKh,194934,2,1,1,1,0,0,0,0
atlas,four_view_noKh,194939,2,1,1,1,0,0,0,0
atlas,four_view_noKh,194966,2,1,1,1,0,0,0,0
atlas,four_view_noKh,195067,2,1,1,1,0,0,0,0
atlas,four_view_noKh,195133,2,1,1,1,0,0,0,0
atlas,four_view_noKh,195192,2,1,1,1,0,0,0,0
atlas,four_view_noKh,195652,2,1,1,1,0,0,0,0
atlas,four_view_noKh,195653,2,1,1,1,0,0,0,0
atlas,four_view_noKh,195822,2,1,1,1,0,0,0,0
atlas,four_view_noKh,195859,2,1,1,1,0,0,0,0
atlas,four_view_noKh,195860,2,1,1,1,0,0,0,0
atlas,four_view_noKh,195861,2,1,1,1,0,0,0,0
atlas,four_view_noKh,195862,2,1,1,1,0,0,0,0
atlas,four_view_noKh,195863,4,6,1,1,0,0,0,0
atlas,four_view_noKh,195870,2,1,1,1,0,0,0,0
atlas,four_view_noKh,195889,2,1,1,1,0,0,0,0
atlas,four_view_noKh,196283,2,1,1,1,0,0,0,0
atlas,four_view_noKh,196529,2,1,1,1,0,0,0,0
atlas,four_view_noKh,196543,2,1,1,1,0,0,0,0
atlas,four_view_noKh,196721,2,1,1,1,0,0,0,0
atlas,four_view_noKh,196748,2,1,1,1,0,0,0,0
atlas,four_view_noKh,196913,2,1,1,1,0,0,0,0
atlas,four_view_noKh,196994,2,1,1,1,0,0,0,0
atlas,four_view_noKh,197001,2,1,1,1,0,0,0,0
atlas,four_view_noKh,197006,2,1,1,1,0,0,0,0
atlas,four_view_noKh,197182,2,1,1,1,0,0,0,0
atlas,four_view_noKh,197283,2,1,1,1,0,0,0,0
atlas,four_view_noKh,197284,2,1,1,1,0,0,0,0
atlas,four_view_noKh,197528,2,1,1,1,0,0,0,0
atlas,four_view_noKh,197576,2,1,1,1,0,0,0,0
atlas,four_view_noKh,197581,2,1,1,1,0,0,0,0
atlas,four_view_noKh,197591,2,1,1,1,0,0,0,0
atlas,four_view_noKh,197606,2,1,1,1,0,0,0,0
atlas,four_view_noKh,197643,2,1,1,1,0,0,0,0
atlas,four_view_noKh,197848,2,1,1,1,0,0,0,0
atlas,four_view_noKh,197849,2,1,1,1,0,0,0,0
atlas,four_view_noKh,197853,2,1,1,1,0,0,0,0
atlas,four_view_noKh,197854,2,1,1,1,0,0,0,0
atlas,four_view_noKh,197872,2,1,1,1,0,0,0,0
atlas,four_view_noKh,197945,2,1,1,1,0,0,0,0
atlas,four_view_noKh,197959,2,1,1,1,0,0,0,0
atlas,four_view_noKh,198064,2,1,1,1,0,0,0,0
atlas,four_view_noKh,198065,2,1,1,1,0,0,0,0
atlas,four_view_noKh,198067,2,1,1,1,0,0,0,0
atlas,four_view_noKh,198121,2,1,1,1,0,0,0,0
atlas,four_view_noKh,198205,2,1,1,1,0,0,0,0
atlas,four_view_noKh,198254,2,1,1,1,0,0,0,0
atlas,four_view_noKh,198290,2,1,1,1,0,0,0,0
atlas,four_view_noKh,198324,2,1,1,1,0,0,0,0
atlas,four_view_noKh,198367,2,1,1,1,0,0,0,0
atlas,four_view_noKh,198390,2,1,1,1,0,0,0,0
atlas,four_view_noKh,198391,2,1,1,1,0,0,0,0
atlas,four_view_noKh,198420,2,1,1,1,0,0,0,0
atlas,four_view_noKh,198599,2,1,1,1,0,0,0,0
atlas,four_view_noKh,198600,2,1,1,1,0,0,0,0
atlas,four_view_noKh,198806,2,1,1,1,0,0,0,0
atlas,four_view_noKh,198826,2,1,1,1,0,0,0,0
atlas,four_view_noKh,198827,2,1,1,1,0,0,0,0
atlas,four_view_noKh,198973,2,1,1,1,0,0,0,0
atlas,four_view_noKh,199041,2,1,1,1,0,0,0,0
atlas,four_view_noKh,199057,2,1,1,1,0,0,0,0
atlas,four_view_noKh,199181,2,1,1,1,0,0,0,0
atlas,four_view_noKh,199274,2,1,1,1,0,0,0,0
atlas,four_view_noKh,199296,2,1,1,1,0,0,0,0
atlas,four_view_noKh,199297,2,1,1,1,0,0,0,0
atlas,four_view_noKh,199407,2,1,1,1,0,0,0,0
atlas,four_view_noKh,199423,2,1,1,1,0,0,0,0
atlas,four_view_noKh,199430,2,1,1,1,0,0,0,0
atlas,four_view_noKh,199450,2,1,1,1,0,0,0,0
atlas,four_view_noKh,199579,2,1,1,1,0,0,0,0
atlas,four_view_noKh,199649,2,1,1,1,0,0,0,0
atlas,four_view_noKh,199653,2,1,1,1,0,0,0,0
atlas,four_view_noKh,199703,2,1,1,1,0,0,0,0
atlas,four_view_noKh,199877,2,1,1,1,0,0,0,0
atlas,four_view_noKh,199887,2,1,1,1,0,0,0,0
atlas,four_view_noKh,199888,2,1,1,1,0,0,0,0
atlas,four_view_noKh,199903,2,1,1,1,0,0,0,0
atlas,four_view_noKh,199906,2,1,1,1,0,0,0,0
atlas,four_view_noKh,199914,2,1,1,1,0,0,0,0
atlas,four_view_noKh,199954,2,1,1,1,0,0,0,0
atlas,four_view_noKh,199967,2,1,1,1,0,0,0,0
atlas,four_view_noKh,199995,2,1,1,1,0,0,0,0
atlas,four_view_noKh,200068,2,1,1,1,0,0,0,0
atlas,four_view_noKh,200203,2,1,1,1,0,0,0,0
atlas,four_view_noKh,200343,2,1,1,1,0,0,0,0
atlas,four_view_noKh,200725,2,1,1,1,0,0,0,0
atlas,four_view_noKh,200764,2,1,1,1,0,0,0,0
atlas,four_view_noKh,200856,2,1,1,1,0,0,0,0
atlas,four_view_noKh,200930,2,1,1,1,0,0,0,0
atlas,four_view_noKh,200944,2,1,1,1,0,0,0,0
atlas,four_view_noKh,201079,2,1,1,1,0,0,0,0
atlas,four_view_noKh,201081,2,1,1,1,0,0,0,0
atlas,four_view_noKh,201358,2,1,1,1,0,0,0,0
atlas,four_view_noKh,201540,2,1,1,1,0,0,0,0
atlas,four_view_noKh,201570,2,1,1,1,0,0,0,0
atlas,four_view_noKh,201781,2,1,1,1,0,0,0,0
atlas,four_view_noKh,201913,2,1,1,1,0,0,0,0
atlas,four_view_noKh,201953,2,1,1,1,0,0,0,0
atlas,four_view_noKh,202126,2,1,1,1,0,0,0,0
atlas,four_view_noKh,202279,2,1,1,1,0,0,0,0
atlas,four_view_noKh,202283,2,1,1,1,0,0,0,0
atlas,four_view_noKh,202647,2,1,1,1,0,0,0,0
atlas,four_view_noKh,202650,2,1,1,1,0,0,0,0
atlas,four_view_noKh,202652,2,1,1,1,0,0,0,0
atlas,four_view_noKh,202655,2,1,1,1,0,0,0,0
atlas,four_view_noKh,202717,2,1,1,1,0,0,0,0
atlas,four_view_noKh,202823,2,1,1,1,0,0,0,0
atlas,four_view_noKh,202930,2,1,1,1,0,0,0,0
atlas,four_view_noKh,202931,2,1,1,1,0,0,0,0
atlas,four_view_noKh,202991,2,1,1,1,0,0,0,0
atlas,four_view_noKh,203001,2,1,1,1,0,0,0,0
atlas,four_view_noKh,203192,2,1,1,1,0,0,0,0
atlas,four_view_noKh,203195,2,1,1,1,0,0,0,0
atlas,four_view_noKh,203403,2,1,1,1,0,0,0,0
atlas,four_view_noKh,203421,2,1,1,1,0,0,0,0
atlas,four_view_noKh,203422,2,1,1,1,0,0,0,0
atlas,four_view_noKh,203446,2,1,1,1,0,0,0,0
atlas,four_view_noKh,203462,2,1,1,1,0,0,0,0
atlas,four_view_noKh,203790,2,1,1,1,0,0,0,0
atlas,four_view_noKh,203902,2,1,1,1,0,0,0,0
atlas,four_view_noKh,203973,2,1,1,1,0,0,0,0
atlas,four_view_noKh,204010,2,1,1,1,0,0,0,0
atlas,four_view_noKh,204057,2,1,1,1,0,0,0,0
atlas,four_view_noKh,204059,2,1,1,1,0,0,0,0
atlas,four_view_noKh,204104,2,1,1,1,0,0,0,0
atlas,four_view_noKh,204109,2,1,1,1,0,0,0,0
atlas,four_view_noKh,204121,2,1,1,1,0,0,0,0
atlas,four_view_noKh,204122,2,1,1,1,0,0,0,0
atlas,four_view_noKh,204123,2,1,1,1,0,0,0,0
atlas,four_view_noKh,204124,3,3,1,1,0,0,0,0
atlas,four_view_noKh,204126,2,1,1,1,0,0,0,0
atlas,four_view_noKh,204127,2,1,1,1,0,0,0,0
atlas,four_view_noKh,204140,4,6,1,1,0,0,0,0
atlas,four_view_noKh,204153,2,1,1,1,0,0,0,0
atlas,four_view_noKh,204155,2,1,1,1,0,0,0,0
atlas,four_view_noKh,204169,2,1,1,1,0,0,0,0
atlas,four_view_noKh,204171,2,1,1,1,0,0,0,0
atlas,four_view_noKh,204172,2,1,1,1,0,0,0,0
atlas,four_view_noKh,204174,2,1,1,1,0,0,0,0
atlas,four_view_noKh,204183,2,1,1,1,0,0,0,0
atlas,four_view_noKh,204184,2,1,1,1,0,0,0,0
atlas,four_view_noKh,204263,2,1,1,1,0,0,0,0
atlas,four_view_noKh,204309,2,1,1,1,0,0,0,0
atlas,four_view_noKh,204406,2,1,1,1,0,0,0,0
atlas,four_view_noKh,204612,2,1,1,1,0,0,0,0
atlas,four_view_noKh,204627,2,1,1,1,0,0,0,0
atlas,four_view_noKh,204630,2,1,1,1,0,0,0,0
atlas,four_view_noKh,204966,2,1,1,1,0,0,0,0
atlas,four_view_noKh,204967,2,1,1,1,0,0,0,0
atlas,four_view_noKh,205221,3,3,1,1,0,0,0,0
atlas,four_view_noKh,205230,3,3,1,1,0,0,0,0
atlas,four_view_noKh,205236,4,6,1,1,0,0,0,0
atlas,four_view_noKh,205244,3,3,1,1,0,0,0,0
atlas,four_view_noKh,205247,2,1,1,1,0,0,0,0
atlas,four_view_noKh,205259,2,1,1,1,0,0,0,0
atlas,four_view_noKh,205290,2,1,1,1,0,0,0,0
atlas,four_view_noKh,205371,2,1,1,1,0,0,0,0
atlas,four_view_noKh,205393,2,1,1,1,0,0,0,0
atlas,four_view_noKh,205456,2,1,1,1,0,0,0,0
atlas,four_view_noKh,205457,2,1,1,1,0,0,0,0
atlas,four_view_noKh,205489,2,1,1,1,0,0,0,0
atlas,four_view_noKh,205642,2,1,1,1,0,0,0,0
atlas,four_view_noKh,205674,2,1,1,1,0,0,0,0
atlas,four_view_noKh,205691,2,1,1,1,0,0,0,0
atlas,four_view_noKh,205875,2,1,1,1,0,0,0,0
atlas,four_view_noKh,205876,2,1,1,1,0,0,0,0
atlas,four_view_noKh,205896,2,1,1,1,0,0,0,0
atlas,four_view_noKh,205964,2,1,1,1,0,0,0,0
atlas,four_view_noKh,206031,2,1,1,1,0,0,0,0
atlas,four_view_noKh,206108,2,1,1,1,0,0,0,0
atlas,four_view_noKh,206237,2,1,1,1,0,0,0,0
atlas,four_view_noKh,206366,2,1,1,1,0,0,0,0
atlas,four_view_noKh,206367,2,1,1,1,0,0,0,0
atlas,four_view_noKh,206380,2,1,1,1,0,0,0,0
atlas,four_view_noKh,206388,2,1,1,1,0,0,0,0
atlas,four_view_noKh,206400,2,1,1,1,0,0,0,0
atlas,four_view_noKh,206402,2,1,1,1,0,0,0,0
atlas,four_view_noKh,206417,4,6,1,1,0,0,0,0
atlas,four_view_noKh,206419,2,1,1,1,0,0,0,0
atlas,four_view_noKh,206425,2,1,1,1,0,0,0,0
atlas,four_view_noKh,206428,2,1,1,1,0,0,0,0
atlas,four_view_noKh,206429,2,1,1,1,0,0,0,0
atlas,four_view_noKh,206455,2,1,1,1,0,0,0,0
atlas,four_view_noKh,206502,2,1,1,1,0,0,0,0
atlas,four_view_noKh,206655,2,1,1,1,0,0,0,0
atlas,four_view_noKh,206731,2,1,1,1,0,0,0,0
atlas,four_view_noKh,206829,2,1,1,1,0,0,0,0
atlas,four_view_noKh,206904,2,1,1,1,0,0,0,0
atlas,four_view_noKh,207149,2,1,1,1,0,0,0,0
atlas,four_view_noKh,207203,2,1,1,1,0,0,0,0
atlas,four_view_noKh,207204,2,1,1,1,0,0,0,0
atlas,four_view_noKh,207288,2,1,1,1,0,0,0,0
atlas,four_view_noKh,207446,2,1,1,1,0,0,0,0
atlas,four_view_noKh,207461,2,1,1,1,0,0,0,0
atlas,four_view_noKh,207465,2,1,1,1,0,0,0,0
atlas,four_view_noKh,207470,2,1,1,1,0,0,0,0
atlas,four_view_noKh,207570,2,1,1,1,0,0,0,0
atlas,four_view_noKh,207676,2,1,1,1,0,0,0,0
atlas,four_view_noKh,207704,2,1,1,1,0,0,0,0
atlas,four_view_noKh,207821,2,1,1,1,0,0,0,0
atlas,four_view_noKh,207825,2,1,1,1,0,0,0,0
atlas,four_view_noKh,207835,2,1,1,1,0,0,0,0
atlas,four_view_noKh,207836,2,1,1,1,0,0,0,0
atlas,four_view_noKh,207902,2,1,1,1,0,0,0,0
atlas,four_view_noKh,208019,2,1,1,1,0,0,0,0
atlas,four_view_noKh,208040,2,1,1,1,0,0,0,0
atlas,four_view_noKh,208162,2,1,1,1,0,0,0,0
atlas,four_view_noKh,208224,2,1,1,1,0,0,0,0
atlas,four_view_noKh,208367,2,1,1,1,0,0,0,0
atlas,four_view_noKh,208370,2,1,1,1,0,0,0,0
atlas,four_view_noKh,208374,2,1,1,1,0,0,0,0
atlas,four_view_noKh,208376,2,1,1,1,0,0,0,0
atlas,four_view_noKh,208377,2,1,1,1,0,0,0,0
atlas,four_view_noKh,208382,4,6,1,1,0,0,0,0
atlas,four_view_noKh,208384,2,1,1,1,0,0,0,0
atlas,four_view_noKh,208391,2,1,1,1,0,0,0,0
atlas,four_view_noKh,208392,2,1,1,1,0,0,0,0
atlas,four_view_noKh,208483,2,1,1,1,0,0,0,0
atlas,four_view_noKh,208554,2,1,1,1,0,0,0,0
atlas,four_view_noKh,208659,2,1,1,1,0,0,0,0
atlas,four_view_noKh,208770,2,1,1,1,0,0,0,0
atlas,four_view_noKh,208834,2,1,1,1,0,0,0,0
atlas,four_view_noKh,208873,2,1,1,1,0,0,0,0
atlas,four_view_noKh,209258,2,1,1,1,0,0,0,0
atlas,four_view_noKh,209472,2,1,1,1,0,0,0,0
atlas,four_view_noKh,209491,2,1,1,1,0,0,0,0
atlas,four_view_noKh,209545,2,1,1,1,0,0,0,0
atlas,four_view_noKh,209553,2,1,1,1,0,0,0,0
atlas,four_view_noKh,209594,2,1,1,1,0,0,0,0
atlas,four_view_noKh,209619,2,1,1,1,0,0,0,0
atlas,four_view_noKh,209620,2,1,1,1,0,0,0,0
atlas,four_view_noKh,209621,4,6,1,1,0,0,0,0
atlas,four_view_noKh,209625,2,1,1,1,0,0,0,0
atlas,four_view_noKh,209626,2,1,1,1,0,0,0,0
atlas,four_view_noKh,209630,4,6,1,1,0,0,0,0
atlas,four_view_noKh,209633,2,1,1,1,0,0,0,0
atlas,four_view_noKh,209639,2,1,1,1,0,0,0,0
atlas,four_view_noKh,209642,2,1,1,1,0,0,0,0
atlas,four_view_noKh,209675,2,1,1,1,0,0,0,0
atlas,four_view_noKh,209830,2,1,1,1,0,0,0,0
atlas,four_view_noKh,209913,2,1,1,1,0,0,0,0
atlas,four_view_noKh,209961,2,1,1,1,0,0,0,0
atlas,four_view_noKh,209987,2,1,1,1,0,0,0,0
atlas,four_view_noKh,210012,2,1,1,1,0,0,0,0
atlas,four_view_noKh,210030,2,1,1,1,0,0,0,0
atlas,four_view_noKh,210033,2,1,1,1,0,0,0,0
atlas,four_view_noKh,210084,2,1,1,1,0,0,0,0
atlas,four_view_noKh,210097,2,1,1,1,0,0,0,0
atlas,four_view_noKh,210122,2,1,1,1,0,0,0,0
atlas,four_view_noKh,210128,2,1,1,1,0,0,0,0
atlas,four_view_noKh,210138,2,1,1,1,0,0,0,0
atlas,four_view_noKh,210205,2,1,1,1,0,0,0,0
atlas,four_view_noKh,210206,2,1,1,1,0,0,0,0
atlas,four_view_noKh,210366,2,1,1,1,0,0,0,0
atlas,four_view_noKh,210367,2,1,1,1,0,0,0,0
atlas,four_view_noKh,210368,2,1,1,1,0,0,0,0
atlas,four_view_noKh,210371,2,1,1,1,0,0,0,0
atlas,four_view_noKh,210372,2,1,1,1,0,0,0,0
atlas,four_view_noKh,210375,2,1,1,1,0,0,0,0
atlas,four_view_noKh,210540,2,1,1,1,0,0,0,0
atlas,four_view_noKh,210709,2,1,1,1,0,0,0,0
atlas,four_view_noKh,210712,2,1,1,1,0,0,0,0
atlas,four_view_noKh,210713,2,1,1,1,0,0,0,0
atlas,four_view_noKh,210730,4,6,1,1,0,0,0,0
atlas,four_view_noKh,210732,4,6,1,1,0,0,0,0
atlas,four_view_noKh,210733,4,6,1,1,0,0,0,0
atlas,four_view_noKh,210808,2,1,1,1,0,0,0,0
atlas,four_view_noKh,210953,2,1,1,1,0,0,0,0
atlas,four_view_noKh,211112,2,1,1,1,0,0,0,0
atlas,four_view_noKh,211142,2,1,1,1,0,0,0,0
atlas,four_view_noKh,211185,2,1,1,1,0,0,0,0
atlas,four_view_noKh,211259,2,1,1,1,0,0,0,0
atlas,four_view_noKh,211365,2,1,1,1,0,0,0,0
atlas,four_view_noKh,211369,2,1,1,1,0,0,0,0
atlas,four_view_noKh,211460,2,1,1,1,0,0,0,0
atlas,four_view_noKh,211569,2,1,1,1,0,0,0,0
atlas,four_view_noKh,211573,2,1,1,1,0,0,0,0
atlas,four_view_noKh,211674,2,1,1,1,0,0,0,0
atlas,four_view_noKh,211745,2,1,1,1,0,0,0,0
atlas,four_view_noKh,212061,2,1,1,1,0,0,0,0
atlas,four_view_noKh,212141,2,1,1,1,0,0,0,0
atlas,four_view_noKh,212157,2,1,1,1,0,0,0,0
atlas,four_view_noKh,212158,2,1,1,1,0,0,0,0
atlas,four_view_noKh,212227,3,3,1,1,0,0,0,0
atlas,four_view_noKh,212231,2,1,1,1,0,0,0,0
atlas,four_view_noKh,212232,2,1,1,1,0,0,0,0
atlas,four_view_noKh,212256,3,3,1,1,0,0,0,0
atlas,four_view_noKh,212260,2,1,1,1,0,0,0,0
atlas,four_view_noKh,212261,2,1,1,1,0,0,0,0
atlas,four_view_noKh,212287,2,1,1,1,0,0,0,0
atlas,four_view_noKh,212288,2,1,1,1,0,0,0,0
atlas,four_view_noKh,212289,4,6,1,1,0,0,0,0
atlas,four_view_noKh,212295,2,1,1,1,0,0,0,0
atlas,four_view_noKh,212301,4,6,1,1,0,0,0,0
atlas,four_view_noKh,212302,2,1,1,1,0,0,0,0
atlas,four_view_noKh,212524,2,1,1,1,0,0,0,0
atlas,four_view_noKh,212527,2,1,1,1,0,0,0,0
atlas,four_view_noKh,212531,2,1,1,1,0,0,0,0
atlas,four_view_noKh,212536,5,10,1,1,0,0,0,0
atlas,four_view_noKh,212637,2,1,1,1,0,0,0,0
atlas,four_view_noKh,212645,2,1,1,1,0,0,0,0
atlas,four_view_noKh,212772,2,1,1,1,0,0,0,0
atlas,four_view_noKh,212777,2,1,1,1,0,0,0,0
atlas,four_view_noKh,212784,2,1,1,1,0,0,0,0
atlas,four_view_noKh,212787,2,1,1,1,0,0,0,0
atlas,four_view_noKh,212803,2,1,1,2,0,1,0,1
atlas,four_view_noKh,212805,2,1,1,1,0,0,0,0
atlas,four_view_noKh,212851,2,1,1,1,0,0,0,0
atlas,four_view_noKh,212855,2,1,1,1,0,0,0,0
atlas,four_view_noKh,212857,2,1,1,2,0,1,0,1
atlas,four_view_noKh,212858,2,1,1,1,0,0,0,0
atlas,four_view_noKh,212862,2,1,1,1,0,0,0,0
atlas,four_view_noKh,212876,2,1,1,1,0,0,0,0
atlas,four_view_noKh,212878,2,1,1,1,0,0,0,0
atlas,four_view_noKh,212885,2,1,1,1,0,0,0,0
atlas,four_view_noKh,212896,2,1,1,1,0,0,0,0
atlas,four_view_noKh,212901,2,1,1,1,0,0,0,0
atlas,four_view_noKh,212910,2,1,1,1,0,0,0,0
atlas,four_view_noKh,213000,2,1,1,1,0,0,0,0
atlas,four_view_noKh,213020,2,1,1,1,0,0,0,0
atlas,four_view_noKh,213120,2,1,1,1,0,0,0,0
atlas,four_view_noKh,213208,2,1,1,1,0,0,0,0
atlas,four_view_noKh,213232,2,1,1,1,0,0,0,0
atlas,four_view_noKh,213236,2,1,1,1,0,0,0,0
atlas,four_view_noKh,213243,2,1,1,1,0,0,0,0
atlas,four_view_noKh,213260,2,1,1,1,0,0,0,0
atlas,four_view_noKh,213261,2,1,1,1,0,0,0,0
atlas,four_view_noKh,213272,4,6,1,1,0,0,0,0
atlas,four_view_noKh,213275,4,6,1,1,0,0,0,0
atlas,four_view_noKh,213277,2,1,1,1,0,0,0,0
atlas,four_view_noKh,213282,2,1,1,1,0,0,0,0
atlas,four_view_noKh,213284,2,1,1,1,0,0,0,0
atlas,four_view_noKh,213287,2,1,1,1,0,0,0,0
atlas,four_view_noKh,213317,2,1,1,1,0,0,0,0
atlas,four_view_noKh,213440,2,1,1,1,0,0,0,0
atlas,four_view_noKh,213504,2,1,1,1,0,0,0,0
atlas,four_view_noKh,213655,2,1,1,1,0,0,0,0
atlas,four_view_noKh,213885,2,1,1,1,0,0,0,0
atlas,four_view_noKh,213971,2,1,1,1,0,0,0,0
atlas,four_view_noKh,213998,2,1,1,1,0,0,0,0
atlas,four_view_noKh,214066,2,1,1,1,0,0,0,0
atlas,four_view_noKh,214290,3,3,1,1,0,0,0,0
atlas,four_view_noKh,214294,2,1,1,1,0,0,0,0
atlas,four_view_noKh,214296,2,1,1,1,0,0,0,0
atlas,four_view_noKh,214297,2,1,1,1,0,0,0,0
atlas,four_view_noKh,214304,2,1,1,1,0,0,0,0
atlas,four_view_noKh,214305,2,1,1,1,0,0,0,0
atlas,four_view_noKh,214306,2,1,1,1,0,0,0,0
atlas,four_view_noKh,214307,2,1,1,1,0,0,0,0
atlas,four_view_noKh,214308,2,1,1,1,0,0,0,0
atlas,four_view_noKh,214311,2,1,1,1,0,0,0,0
atlas,four_view_noKh,214315,2,1,1,1,0,0,0,0
atlas,four_view_noKh,214320,2,1,1,1,0,0,0,0
atlas,four_view_noKh,214321,2,1,1,1,0,0,0,0
atlas,four_view_noKh,214323,2,1,1,1,0,0,0,0
atlas,four_view_noKh,214325,2,1,1,1,0,0,0,0
atlas,four_view_noKh,214329,2,1,1,1,0,0,0,0
atlas,four_view_noKh,214331,2,1,1,1,0,0,0,0
atlas,four_view_noKh,214334,2,1,1,1,0,0,0,0
atlas,four_view_noKh,214336,2,1,1,1,0,0,0,0
atlas,four_view_noKh,214340,2,1,1,1,0,0,0,0
atlas,four_view_noKh,214343,2,1,1,1,0,0,0,0
atlas,four_view_noKh,214344,2,1,1,1,0,0,0,0
atlas,four_view_noKh,214346,2,1,1,1,0,0,0,0
atlas,four_view_noKh,214347,2,1,1,1,0,0,0,0
atlas,four_view_noKh,214348,2,1,1,1,0,0,0,0
atlas,four_view_noKh,214350,2,1,1,1,0,0,0,0
atlas,four_view_noKh,214354,2,1,1,1,0,0,0,0
atlas,four_view_noKh,214362,2,1,1,1,0,0,0,0
atlas,four_view_noKh,214368,3,3,1,1,0,0,0,0
atlas,four_view_noKh,214550,2,1,1,1,0,0,0,0
atlas,four_view_noKh,214674,2,1,1,1,0,0,0,0
atlas,four_view_noKh,214811,2,1,1,1,0,0,0,0
atlas,four_view_noKh,215021,2,1,2,2,1,1,0,1
atlas,four_view_noKh,215184,2,1,1,1,0,0,0,0
atlas,four_view_noKh,215228,2,1,1,1,0,0,0,0
atlas,four_view_noKh,215343,2,1,1,1,0,0,0,0
atlas,four_view_noKh,215344,2,1,1,1,0,0,0,0
atlas,four_view_noKh,215433,2,1,1,1,0,0,0,0
atlas,four_view_noKh,215537,4,6,1,1,0,0,0,0
atlas,four_view_noKh,215593,2,1,1,1,0,0,0,0
atlas,four_view_noKh,215631,2,1,1,1,0,0,0,0
atlas,four_view_noKh,215633,2,1,1,1,0,0,0,0
atlas,four_view_noKh,215639,2,1,1,1,0,0,0,0
atlas,four_view_noKh,215777,2,1,1,1,0,0,0,0
atlas,four_view_noKh,215804,2,1,1,1,0,0,0,0
atlas,four_view_noKh,215925,2,1,1,1,0,0,0,0
atlas,four_view_noKh,215938,2,1,1,1,0,0,0,0
atlas,four_view_noKh,215939,2,1,1,1,0,0,0,0
atlas,four_view_noKh,216085,2,1,1,1,0,0,0,0
atlas,four_view_noKh,216100,2,1,1,1,0,0,0,0
atlas,four_view_noKh,216101,2,1,1,1,0,0,0,0
atlas,four_view_noKh,216105,2,1,1,1,0,0,0,0
atlas,four_view_noKh,216407,2,1,1,1,0,0,0,0
atlas,four_view_noKh,216417,2,1,1,1,0,0,0,0
atlas,four_view_noKh,216424,2,1,1,1,0,0,0,0
atlas,four_view_noKh,216432,2,1,1,1,0,0,0,0
atlas,four_view_noKh,216433,2,1,1,1,0,0,0,0
atlas,four_view_noKh,216437,2,1,1,1,0,0,0,0
atlas,four_view_noKh,216451,2,1,1,1,0,0,0,0
atlas,four_view_noKh,216492,2,1,1,1,0,0,0,0
atlas,four_view_noKh,216553,4,6,1,1,0,0,0,0
atlas,four_view_noKh,216592,2,1,1,1,0,0,0,0
atlas,four_view_noKh,216597,4,6,1,1,0,0,0,0
atlas,four_view_noKh,216602,2,1,1,1,0,0,0,0
atlas,four_view_noKh,216608,2,1,1,1,0,0,0,0
atlas,four_view_noKh,216610,2,1,1,1,0,0,0,0
atlas,four_view_noKh,216619,2,1,1,1,0,0,0,0
atlas,four_view_noKh,216620,2,1,1,1,0,0,0,0
atlas,four_view_noKh,216643,2,1,1,1,0,0,0,0
atlas,four_view_noKh,216818,2,1,1,1,0,0,0,0
atlas,four_view_noKh,216823,2,1,1,1,0,0,0,0
atlas,four_view_noKh,216824,2,1,1,1,0,0,0,0
atlas,four_view_noKh,216852,2,1,1,1,0,0,0,0
atlas,four_view_noKh,216889,2,1,1,1,0,0,0,0
atlas,four_view_noKh,217136,2,1,1,1,0,0,0,0
atlas,four_view_noKh,217161,2,1,1,1,0,0,0,0
atlas,four_view_noKh,217199,2,1,1,1,0,0,0,0
atlas,four_view_noKh,217224,2,1,1,1,0,0,0,0
atlas,four_view_noKh,217229,2,1,1,1,0,0,0,0
atlas,four_view_noKh,217349,2,1,1,1,0,0,0,0
atlas,four_view_noKh,217442,2,1,1,1,0,0,0,0
atlas,four_view_noKh,217445,2,1,1,1,0,0,0,0
atlas,four_view_noKh,217448,2,1,1,1,0,0,0,0
atlas,four_view_noKh,217581,2,1,1,1,0,0,0,0
atlas,four_view_noKh,217584,2,1,1,1,0,0,0,0
atlas,four_view_noKh,217586,2,1,1,1,0,0,0,0
atlas,four_view_noKh,217591,2,1,1,1,0,0,0,0
atlas,four_view_noKh,217604,2,1,1,1,0,0,0,0
atlas,four_view_noKh,217616,4,6,1,1,0,0,0,0
atlas,four_view_noKh,217620,2,1,1,1,0,0,0,0
atlas,four_view_noKh,217623,4,6,1,1,0,0,0,0
atlas,four_view_noKh,217626,2,1,1,1,0,0,0,0
atlas,four_view_noKh,217628,2,1,1,1,0,0,0,0
atlas,four_view_noKh,217631,2,1,1,1,0,0,0,0
atlas,four_view_noKh,217632,2,1,1,1,0,0,0,0
atlas,four_view_noKh,217634,2,1,1,1,0,0,0,0
atlas,four_view_noKh,217640,2,1,1,1,0,0,0,0
atlas,four_view_noKh,217669,2,1,1,1,0,0,0,0
atlas,four_view_noKh,217989,2,1,1,1,0,0,0,0
atlas,four_view_noKh,217995,2,1,1,1,0,0,0,0
atlas,four_view_noKh,218001,2,1,1,1,0,0,0,0
atlas,four_view_noKh,218023,2,1,1,1,0,0,0,0
atlas,four_view_noKh,218174,2,1,1,1,0,0,0,0
atlas,four_view_noKh,218176,3,3,1,1,0,0,0,0
atlas,four_view_noKh,218177,2,1,1,1,0,0,0,0
atlas,four_view_noKh,218183,2,1,1,1,0,0,0,0
atlas,four_view_noKh,218189,3,3,1,1,0,0,0,0
atlas,four_view_noKh,218198,2,1,1,1,0,0,0,0
atlas,four_view_noKh,218201,2,1,1,1,0,0,0,0
atlas,four_view_noKh,218202,2,1,1,1,0,0,0,0
atlas,four_view_noKh,218208,2,1,1,1,0,0,0,0
atlas,four_view_noKh,218212,2,1,1,1,0,0,0,0
atlas,four_view_noKh,218214,2,1,1,1,0,0,0,0
atlas,four_view_noKh,218217,2,1,1,1,0,0,0,0
atlas,four_view_noKh,218226,2,1,1,1,0,0,0,0
atlas,four_view_noKh,218227,2,1,1,1,0,0,0,0
atlas,four_view_noKh,218228,2,1,1,1,0,0,0,0
atlas,four_view_noKh,218236,2,1,1,1,0,0,0,0
atlas,four_view_noKh,218238,2,1,1,1,0,0,0,0
atlas,four_view_noKh,218241,2,1,1,1,0,0,0,0
atlas,four_view_noKh,218244,2,1,1,1,0,0,0,0
atlas,four_view_noKh,218245,2,1,1,1,0,0,0,0
atlas,four_view_noKh,218246,2,1,1,1,0,0,0,0
atlas,four_view_noKh,218248,2,1,1,1,0,0,0,0
atlas,four_view_noKh,218250,2,1,1,1,0,0,0,0
atlas,four_view_noKh,218449,2,1,1,1,0,0,0,0
atlas,four_view_noKh,218495,2,1,1,1,0,0,0,0
atlas,four_view_noKh,218672,2,1,1,1,0,0,0,0
atlas,four_view_noKh,218727,2,1,1,1,0,0,0,0
atlas,four_view_noKh,218776,2,1,1,1,0,0,0,0
atlas,four_view_noKh,218807,2,1,1,1,0,0,0,0
atlas,four_view_noKh,218813,2,1,1,1,0,0,0,0
atlas,four_view_noKh,218902,2,1,1,1,0,0,0,0
atlas,four_view_noKh,218932,2,1,1,1,0,0,0,0
atlas,four_view_noKh,219072,2,1,1,1,0,0,0,0
atlas,four_view_noKh,219073,2,1,1,1,0,0,0,0
atlas,four_view_noKh,219074,2,1,1,1,0,0,0,0
atlas,four_view_noKh,219075,2,1,1,1,0,0,0,0
atlas,four_view_noKh,219076,2,1,1,1,0,0,0,0
atlas,four_view_noKh,219077,2,1,1,1,0,0,0,0
atlas,four_view_noKh,219405,2,1,1,1,0,0,0,0
atlas,four_view_noKh,219480,2,1,1,1,0,0,0,0
atlas,four_view_noKh,219528,2,1,1,1,0,0,0,0
atlas,four_view_noKh,219572,2,1,1,1,0,0,0,0
atlas,four_view_noKh,219677,2,1,1,1,0,0,0,0
atlas,four_view_noKh,219678,2,1,1,1,0,0,0,0
atlas,four_view_noKh,219679,2,1,1,1,0,0,0,0
atlas,four_view_noKh,219681,2,1,1,1,0,0,0,0
atlas,four_view_noKh,219682,2,1,1,1,0,0,0,0
atlas,four_view_noKh,219711,2,1,1,1,0,0,0,0
atlas,four_view_noKh,219722,2,1,1,1,0,0,0,0
atlas,four_view_noKh,219980,2,1,1,1,0,0,0,0
atlas,four_view_noKh,220254,2,1,1,1,0,0,0,0
atlas,four_view_noKh,220267,2,1,1,1,0,0,0,0
atlas,four_view_noKh,220424,2,1,1,1,0,0,0,0
atlas,four_view_noKh,220507,2,1,1,1,0,0,0,0
atlas,four_view_noKh,220508,2,1,1,1,0,0,0,0
atlas,four_view_noKh,220512,2,1,1,1,0,0,0,0
atlas,four_view_noKh,220537,4,6,1,1,0,0,0,0
atlas,four_view_noKh,220541,2,1,1,1,0,0,0,0
atlas,four_view_noKh,220543,2,1,1,1,0,0,0,0
atlas,four_view_noKh,220545,2,1,1,1,0,0,0,0
atlas,four_view_noKh,220554,2,1,1,1,0,0,0,0
atlas,four_view_noKh,220555,2,1,1,1,0,0,0,0
atlas,four_view_noKh,220556,2,1,1,1,0,0,0,0
atlas,four_view_noKh,220557,2,1,1,1,0,0,0,0
atlas,four_view_noKh,220558,2,1,1,1,0,0,0,0
atlas,four_view_noKh,220560,2,1,1,1,0,0,0,0
atlas,four_view_noKh,220570,2,1,1,1,0,0,0,0
atlas,four_view_noKh,220577,2,1,1,1,0,0,0,0
atlas,four_view_noKh,220586,2,1,1,1,0,0,0,0
atlas,four_view_noKh,220589,2,1,1,1,0,0,0,0
atlas,four_view_noKh,220592,2,1,1,1,0,0,0,0
atlas,four_view_noKh,220600,2,1,1,1,0,0,0,0
atlas,four_view_noKh,220602,2,1,1,1,0,0,0,0
atlas,four_view_noKh,220609,2,1,1,1,0,0,0,0
atlas,four_view_noKh,220610,2,1,1,1,0,0,0,0
atlas,four_view_noKh,220620,2,1,1,1,0,0,0,0
atlas,four_view_noKh,220629,2,1,1,1,0,0,0,0
atlas,four_view_noKh,220641,2,1,1,1,0,0,0,0
atlas,four_view_noKh,220646,2,1,1,1,0,0,0,0
atlas,four_view_noKh,220647,2,1,1,1,0,0,0,0
atlas,four_view_noKh,220648,2,1,1,1,0,0,0,0
atlas,four_view_noKh,220653,2,1,1,1,0,0,0,0
atlas,four_view_noKh,220657,2,1,1,1,0,0,0,0
atlas,four_view_noKh,220660,2,1,1,1,0,0,0,0
atlas,four_view_noKh,220709,2,1,1,1,0,0,0,0
atlas,four_view_noKh,220742,2,1,1,1,0,0,0,0
atlas,four_view_noKh,220867,2,1,1,1,0,0,0,0
atlas,four_view_noKh,221026,2,1,1,1,0,0,0,0
atlas,four_view_noKh,221227,2,1,1,1,0,0,0,0
atlas,four_view_noKh,221228,2,1,1,1,0,0,0,0
atlas,four_view_noKh,221257,2,1,1,1,0,0,0,0
atlas,four_view_noKh,221289,2,1,1,1,0,0,0,0
atlas,four_view_noKh,221290,2,1,1,1,0,0,0,0
atlas,four_view_noKh,221559,2,1,1,1,0,0,0,0
atlas,four_view_noKh,221560,2,1,1,1,0,0,0,0
atlas,four_view_noKh,221561,2,1,1,1,0,0,0,0
atlas,four_view_noKh,221562,2,1,1,1,0,0,0,0
atlas,four_view_noKh,221584,2,1,1,1,0,0,0,0
atlas,four_view_noKh,221585,2,1,1,1,0,0,0,0
atlas,four_view_noKh,221883,2,1,1,1,0,0,0,0
atlas,four_view_noKh,221981,2,1,1,1,0,0,0,0
atlas,four_view_noKh,222020,2,1,1,1,0,0,0,0
atlas,four_view_noKh,222033,2,1,1,1,0,0,0,0
atlas,four_view_noKh,222038,2,1,1,1,0,0,0,0
atlas,four_view_noKh,222079,2,1,1,1,0,0,0,0
atlas,four_view_noKh,222081,2,1,1,1,0,0,0,0
atlas,four_view_noKh,222082,2,1,1,1,0,0,0,0
atlas,four_view_noKh,222083,2,1,1,1,0,0,0,0
atlas,four_view_noKh,222085,2,1,1,1,0,0,0,0
atlas,four_view_noKh,222086,2,1,1,1,0,0,0,0
atlas,four_view_noKh,222131,2,1,1,1,0,0,0,0
atlas,four_view_noKh,222148,2,1,1,1,0,0,0,0
atlas,four_view_noKh,222167,2,1,1,1,0,0,0,0
atlas,four_view_noKh,222172,2,1,1,1,0,0,0,0
atlas,four_view_noKh,222254,2,1,1,1,0,0,0,0
atlas,four_view_noKh,222410,2,1,1,1,0,0,0,0
atlas,four_view_noKh,222457,2,1,1,1,0,0,0,0
atlas,four_view_noKh,222522,2,1,1,1,0,0,0,0
atlas,four_view_noKh,222647,2,1,1,1,0,0,0,0
atlas,four_view_noKh,222989,2,1,1,1,0,0,0,0
atlas,four_view_noKh,223230,2,1,1,1,0,0,0,0
atlas,four_view_noKh,223274,2,1,1,1,0,0,0,0
atlas,four_view_noKh,223275,2,1,1,1,0,0,0,0
atlas,four_view_noKh,223332,2,1,1,1,0,0,0,0
atlas,four_view_noKh,223338,2,1,1,1,0,0,0,0
atlas,four_view_noKh,223420,2,1,1,1,0,0,0,0
atlas,four_view_noKh,223447,2,1,1,1,0,0,0,0
atlas,four_view_noKh,223449,2,1,1,1,0,0,0,0
atlas,four_view_noKh,223553,2,1,1,1,0,0,0,0
atlas,four_view_noKh,223703,2,1,1,1,0,0,0,0
atlas,four_view_noKh,223708,2,1,1,1,0,0,0,0
atlas,four_view_noKh,223958,2,1,1,1,0,0,0,0
atlas,four_view_noKh,223962,2,1,1,1,0,0,0,0
atlas,four_view_noKh,224000,2,1,1,1,0,0,0,0
atlas,four_view_noKh,224103,2,1,1,1,0,0,0,0
atlas,four_view_noKh,224125,2,1,1,1,0,0,0,0
atlas,four_view_noKh,224198,2,1,1,1,0,0,0,0
atlas,four_view_noKh,224200,2,1,1,1,0,0,0,0
atlas,four_view_noKh,224216,2,1,1,1,0,0,0,0
atlas,four_view_noKh,224245,2,1,1,1,0,0,0,0
atlas,four_view_noKh,224285,2,1,1,1,0,0,0,0
atlas,four_view_noKh,224342,2,1,1,1,0,0,0,0
atlas,four_view_noKh,224344,2,1,1,1,0,0,0,0
atlas,four_view_noKh,224397,2,1,1,1,0,0,0,0
atlas,four_view_noKh,224455,2,1,1,1,0,0,0,0
atlas,four_view_noKh,224550,2,1,1,1,0,0,0,0
atlas,four_view_noKh,224552,2,1,1,1,0,0,0,0
atlas,four_view_noKh,224554,3,3,1,1,0,0,0,0
atlas,four_view_noKh,224561,2,1,1,1,0,0,0,0
atlas,four_view_noKh,224566,2,1,1,1,0,0,0,0
atlas,four_view_noKh,224567,2,1,1,1,0,0,0,0
atlas,four_view_noKh,224569,2,1,1,1,0,0,0,0
atlas,four_view_noKh,224570,2,1,1,1,0,0,0,0
atlas,four_view_noKh,224580,2,1,1,1,0,0,0,0
atlas,four_view_noKh,224581,2,1,1,1,0,0,0,0
atlas,four_view_noKh,224583,2,1,1,1,0,0,0,0
atlas,four_view_noKh,224584,2,1,1,1,0,0,0,0
atlas,four_view_noKh,224585,2,1,1,1,0,0,0,0
atlas,four_view_noKh,224586,2,1,1,1,0,0,0,0
atlas,four_view_noKh,224644,2,1,1,1,0,0,0,0
atlas,four_view_noKh,224660,2,1,1,1,0,0,0,0
atlas,four_view_noKh,224933,2,1,1,1,0,0,0,0
atlas,four_view_noKh,225142,2,1,1,1,0,0,0,0
atlas,four_view_noKh,225143,2,1,1,1,0,0,0,0
atlas,four_view_noKh,225145,2,1,1,1,0,0,0,0
atlas,four_view_noKh,225146,2,1,1,1,0,0,0,0
atlas,four_view_noKh,225147,2,1,1,1,0,0,0,0
atlas,four_view_noKh,225148,2,1,1,1,0,0,0,0
atlas,four_view_noKh,225198,2,1,1,1,0,0,0,0
atlas,four_view_noKh,225203,2,1,1,1,0,0,0,0
atlas,four_view_noKh,225207,2,1,1,1,0,0,0,0
atlas,four_view_noKh,225212,2,1,1,1,0,0,0,0
atlas,four_view_noKh,225292,2,1,1,1,0,0,0,0
atlas,four_view_noKh,225296,2,1,1,1,0,0,0,0
atlas,four_view_noKh,225529,2,1,1,1,0,0,0,0
atlas,four_view_noKh,225666,2,1,1,1,0,0,0,0
atlas,four_view_noKh,225678,2,1,1,1,0,0,0,0
atlas,four_view_noKh,225717,2,1,1,1,0,0,0,0
atlas,four_view_noKh,225755,2,1,1,1,0,0,0,0
atlas,four_view_noKh,226042,2,1,1,1,0,0,0,0
atlas,four_view_noKh,226051,2,1,1,1,0,0,0,0
atlas,four_view_noKh,226375,2,1,1,1,0,0,0,0
atlas,four_view_noKh,226523,2,1,1,1,0,0,0,0
atlas,four_view_noKh,226568,2,1,1,1,0,0,0,0
atlas,four_view_noKh,226569,2,1,1,1,0,0,0,0
atlas,four_view_noKh,226744,2,1,1,1,0,0,0,0
atlas,four_view_noKh,226879,2,1,1,1,0,0,0,0
atlas,four_view_noKh,226905,2,1,1,1,0,0,0,0
atlas,four_view_noKh,226973,2,1,1,1,0,0,0,0
atlas,four_view_noKh,227158,2,1,1,1,0,0,0,0
atlas,four_view_noKh,227246,2,1,1,1,0,0,0,0
atlas,four_view_noKh,227247,2,1,1,1,0,0,0,0
atlas,four_view_noKh,227253,2,1,1,1,0,0,0,0
atlas,four_view_noKh,227256,2,1,1,1,0,0,0,0
atlas,four_view_noKh,227257,2,1,1,1,0,0,0,0
atlas,four_view_noKh,227259,2,1,1,1,0,0,0,0
atlas,four_view_noKh,227263,4,6,1,1,0,0,0,0
atlas,four_view_noKh,227264,2,1,1,1,0,0,0,0
atlas,four_view_noKh,227467,2,1,1,1,0,0,0,0
atlas,four_view_noKh,227607,2,1,1,1,0,0,0,0
atlas,four_view_noKh,227627,2,1,1,1,0,0,0,0
atlas,four_view_noKh,227628,2,1,1,1,0,0,0,0
atlas,four_view_noKh,227632,2,1,1,1,0,0,0,0
atlas,four_view_noKh,227648,2,1,1,1,0,0,0,0
atlas,four_view_noKh,227649,2,1,1,1,0,0,0,0
atlas,four_view_noKh,227655,2,1,1,1,0,0,0,0
atlas,four_view_noKh,227660,2,1,1,1,0,0,0,0
atlas,four_view_noKh,227678,2,1,1,1,0,0,0,0
atlas,four_view_noKh,227681,2,1,1,1,0,0,0,0
atlas,four_view_noKh,227694,2,1,1,1,0,0,0,0
atlas,four_view_noKh,227698,2,1,1,1,0,0,0,0
atlas,four_view_noKh,227837,2,1,1,1,0,0,0,0
atlas,four_view_noKh,227900,2,1,1,1,0,0,0,0
atlas,four_view_noKh,228065,2,1,1,1,0,0,0,0
atlas,four_view_noKh,228122,2,1,1,1,0,0,0,0
atlas,four_view_noKh,228134,2,1,1,1,0,0,0,0
atlas,four_view_noKh,228180,2,1,1,1,0,0,0,0
atlas,four_view_noKh,228325,2,1,1,1,0,0,0,0
atlas,four_view_noKh,228329,4,6,1,1,0,0,0,0
atlas,four_view_noKh,228478,2,1,1,1,0,0,0,0
atlas,four_view_noKh,228604,2,1,1,1,0,0,0,0
atlas,four_view_noKh,228614,2,1,1,1,0,0,0,0
atlas,four_view_noKh,228780,2,1,1,1,0,0,0,0
atlas,four_view_noKh,228841,2,1,1,1,0,0,0,0
atlas,four_view_noKh,228843,2,1,1,1,0,0,0,0
atlas,four_view_noKh,228951,2,1,1,1,0,0,0,0
atlas,four_view_noKh,229257,2,1,1,1,0,0,0,0
atlas,four_view_noKh,229339,2,1,1,1,0,0,0,0
atlas,four_view_noKh,229529,2,1,1,1,0,0,0,0
atlas,four_view_noKh,229747,2,1,1,1,0,0,0,0
atlas,four_view_noKh,229908,2,1,1,1,0,0,0,0
atlas,four_view_noKh,229912,2,1,1,1,0,0,0,0
atlas,four_view_noKh,229921,2,1,1,1,0,0,0,0
atlas,four_view_noKh,229923,2,1,1,1,0,0,0,0
atlas,four_view_noKh,229925,2,1,1,1,0,0,0,0
atlas,four_view_noKh,229926,2,1,1,1,0,0,0,0
atlas,four_view_noKh,229930,2,1,1,1,0,0,0,0
atlas,four_view_noKh,229933,2,1,1,1,0,0,0,0
atlas,four_view_noKh,229943,2,1,1,1,0,0,0,0
atlas,four_view_noKh,229944,2,1,1,1,0,0,0,0
atlas,four_view_noKh,229948,2,1,1,1,0,0,0,0
atlas,four_view_noKh,229949,2,1,1,1,0,0,0,0
atlas,four_view_noKh,229960,2,1,1,1,0,0,0,0
atlas,four_view_noKh,229961,2,1,1,1,0,0,0,0
atlas,four_view_noKh,230116,2,1,1,1,0,0,0,0
atlas,four_view_noKh,230161,2,1,1,1,0,0,0,0
atlas,four_view_noKh,230203,2,1,1,1,0,0,0,0
atlas,four_view_noKh,230204,2,1,1,1,0,0,0,0
atlas,four_view_noKh,230205,2,1,1,1,0,0,0,0
atlas,four_view_noKh,230254,2,1,1,1,0,0,0,0
atlas,four_view_noKh,230294,2,1,1,1,0,0,0,0
atlas,four_view_noKh,230310,2,1,1,1,0,0,0,0
atlas,four_view_noKh,230312,2,1,1,1,0,0,0,0
atlas,four_view_noKh,230394,2,1,1,1,0,0,0,0
atlas,four_view_noKh,230541,2,1,1,1,0,0,0,0
atlas,four_view_noKh,230542,2,1,1,1,0,0,0,0
atlas,four_view_noKh,230578,2,1,1,1,0,0,0,0
atlas,four_view_noKh,230583,2,1,1,1,0,0,0,0
atlas,four_view_noKh,230584,2,1,1,1,0,0,0,0
atlas,four_view_noKh,230585,2,1,1,1,0,0,0,0
atlas,four_view_noKh,230669,2,1,1,1,0,0,0,0
atlas,four_view_noKh,230674,4,6,1,1,0,0,0,0
atlas,four_view_noKh,230789,2,1,1,1,0,0,0,0
atlas,four_view_noKh,230794,2,1,1,1,0,0,0,0
atlas,four_view_noKh,230899,2,1,1,1,0,0,0,0
atlas,four_view_noKh,230902,2,1,1,1,0,0,0,0
atlas,four_view_noKh,230903,2,1,1,1,0,0,0,0
atlas,four_view_noKh,230904,2,1,1,1,0,0,0,0
atlas,four_view_noKh,230907,2,1,1,1,0,0,0,0
atlas,four_view_noKh,230908,2,1,1,1,0,0,0,0
atlas,four_view_noKh,231023,2,1,1,1,0,0,0,0
atlas,four_view_noKh,231036,2,1,1,1,0,0,0,0
atlas,four_view_noKh,231051,2,1,1,1,0,0,0,0
atlas,four_view_noKh,231222,2,1,1,1,0,0,0,0
atlas,four_view_noKh,231227,2,1,1,1,0,0,0,0
atlas,four_view_noKh,231247,2,1,1,1,0,0,0,0
atlas,four_view_noKh,231251,2,1,1,1,0,0,0,0
atlas,four_view_noKh,231252,2,1,1,1,0,0,0,0
atlas,four_view_noKh,231253,2,1,1,1,0,0,0,0
atlas,four_view_noKh,231264,2,1,1,1,0,0,0,0
atlas,four_view_noKh,231265,2,1,1,1,0,0,0,0
atlas,four_view_noKh,231267,2,1,1,1,0,0,0,0
atlas,four_view_noKh,231278,2,1,1,1,0,0,0,0
atlas,four_view_noKh,231281,2,1,1,1,0,0,0,0
atlas,four_view_noKh,231291,2,1,1,1,0,0,0,0
atlas,four_view_noKh,231295,2,1,1,1,0,0,0,0
atlas,four_view_noKh,231296,2,1,1,1,0,0,0,0
atlas,four_view_noKh,231301,2,1,1,1,0,0,0,0
atlas,four_view_noKh,231324,2,1,1,1,0,0,0,0
atlas,four_view_noKh,231325,2,1,1,1,0,0,0,0
atlas,four_view_noKh,231326,2,1,1,1,0,0,0,0
atlas,four_view_noKh,231331,2,1,1,1,0,0,0,0
atlas,four_view_noKh,231358,2,1,1,1,0,0,0,0
atlas,four_view_noKh,231486,2,1,1,1,0,0,0,0
atlas,four_view_noKh,231759,2,1,1,1,0,0,0,0
atlas,four_view_noKh,231762,2,1,1,1,0,0,0,0
atlas,four_view_noKh,231765,2,1,1,1,0,0,0,0
atlas,four_view_noKh,231864,2,1,1,1,0,0,0,0
atlas,four_view_noKh,231869,2,1,1,1,0,0,0,0
atlas,four_view_noKh,231997,2,1,1,1,0,0,0,0
atlas,four_view_noKh,232090,2,1,1,1,0,0,0,0
atlas,four_view_noKh,232091,2,1,1,1,0,0,0,0
atlas,four_view_noKh,232142,2,1,1,1,0,0,0,0
atlas,four_view_noKh,232145,2,1,1,1,0,0,0,0
atlas,four_view_noKh,232160,2,1,1,1,0,0,0,0
atlas,four_view_noKh,232272,2,1,1,1,0,0,0,0
atlas,four_view_noKh,232273,2,1,1,1,0,0,0,0
atlas,four_view_noKh,232431,2,1,1,1,0,0,0,0
atlas,four_view_noKh,232436,2,1,1,1,0,0,0,0
atlas,four_view_noKh,232437,2,1,1,1,0,0,0,0
atlas,four_view_noKh,232447,2,1,1,1,0,0,0,0
atlas,four_view_noKh,232480,2,1,1,1,0,0,0,0
atlas,four_view_noKh,232585,2,1,1,1,0,0,0,0
atlas,four_view_noKh,232785,2,1,1,1,0,0,0,0
atlas,four_view_noKh,232848,2,1,1,1,0,0,0,0
atlas,four_view_noKh,232919,2,1,1,1,0,0,0,0
atlas,four_view_noKh,232920,2,1,1,1,0,0,0,0
atlas,four_view_noKh,232926,4,6,1,1,0,0,0,0
atlas,four_view_noKh,232932,2,1,1,1,0,0,0,0
atlas,four_view_noKh,232933,2,1,1,1,0,0,0,0
atlas,four_view_noKh,232936,2,1,1,1,0,0,0,0
atlas,four_view_noKh,233088,2,1,1,1,0,0,0,0
atlas,four_view_noKh,233210,2,1,1,1,0,0,0,0
atlas,four_view_noKh,233211,2,1,1,1,0,0,0,0
atlas,four_view_noKh,233284,2,1,1,1,0,0,0,0
atlas,four_view_noKh,233642,2,1,1,1,0,0,0,0
atlas,four_view_noKh,233643,2,1,1,1,0,0,0,0
atlas,four_view_noKh,233698,2,1,1,1,0,0,0,0
atlas,four_view_noKh,233705,2,1,1,1,0,0,0,0
atlas,four_view_noKh,233720,2,1,1,1,0,0,0,0
atlas,four_view_noKh,233734,2,1,1,1,0,0,0,0
atlas,four_view_noKh,233750,2,1,1,1,0,0,0,0
atlas,four_view_noKh,233886,2,1,1,1,0,0,0,0
atlas,four_view_noKh,233893,2,1,1,1,0,0,0,0
atlas,four_view_noKh,233942,2,1,1,1,0,0,0,0
atlas,four_view_noKh,234078,2,1,1,1,0,0,0,0
atlas,four_view_noKh,234086,2,1,1,1,0,0,0,0
atlas,four_view_noKh,234090,2,1,1,1,0,0,0,0
atlas,four_view_noKh,234157,2,1,1,1,0,0,0,0
atlas,four_view_noKh,234160,4,6,1,1,0,0,0,0
atlas,four_view_noKh,234166,2,1,1,1,0,0,0,0
atlas,four_view_noKh,234168,2,1,1,1,0,0,0,0
atlas,four_view_noKh,234169,2,1,1,1,0,0,0,0
atlas,four_view_noKh,234179,2,1,1,1,0,0,0,0
atlas,four_view_noKh,234220,2,1,1,1,0,0,0,0
atlas,four_view_noKh,234232,2,1,1,1,0,0,0,0
atlas,four_view_noKh,234338,2,1,1,1,0,0,0,0
atlas,four_view_noKh,234536,2,1,1,1,0,0,0,0
atlas,four_view_noKh,234770,2,1,1,1,0,0,0,0
atlas,four_view_noKh,234780,2,1,1,1,0,0,0,0
atlas,four_view_noKh,234825,2,1,1,1,0,0,0,0
atlas,four_view_noKh,234826,2,1,1,1,0,0,0,0
atlas,four_view_noKh,234847,2,1,1,1,0,0,0,0
atlas,four_view_noKh,234852,2,1,1,1,0,0,0,0
atlas,four_view_noKh,234989,2,1,1,1,0,0,0,0
atlas,four_view_noKh,235117,2,1,1,1,0,0,0,0
atlas,four_view_noKh,235135,2,1,1,1,0,0,0,0
atlas,four_view_noKh,235162,2,1,1,1,0,0,0,0
atlas,four_view_noKh,235332,2,1,1,1,0,0,0,0
atlas,four_view_noKh,235358,2,1,1,1,0,0,0,0
atlas,four_view_noKh,235359,2,1,1,1,0,0,0,0
atlas,four_view_noKh,235365,2,1,1,1,0,0,0,0
atlas,four_view_noKh,235392,2,1,1,1,0,0,0,0
atlas,four_view_noKh,235393,2,1,1,1,0,0,0,0
atlas,four_view_noKh,235445,2,1,1,1,0,0,0,0
atlas,four_view_noKh,235524,2,1,1,1,0,0,0,0
atlas,four_view_noKh,235566,2,1,1,1,0,0,0,0
atlas,four_view_noKh,235570,2,1,1,1,0,0,0,0
atlas,four_view_noKh,235730,2,1,1,1,0,0,0,0
atlas,four_view_noKh,235867,2,1,1,1,0,0,0,0
atlas,four_view_noKh,235870,2,1,1,1,0,0,0,0
atlas,four_view_noKh,235877,2,1,1,1,0,0,0,0
atlas,four_view_noKh,235883,2,1,1,1,0,0,0,0
atlas,four_view_noKh,235888,2,1,1,1,0,0,0,0
atlas,four_view_noKh,235991,2,1,1,1,0,0,0,0
atlas,four_view_noKh,236102,2,1,1,1,0,0,0,0
atlas,four_view_noKh,236116,2,1,1,1,0,0,0,0
atlas,four_view_noKh,236117,2,1,1,1,0,0,0,0
atlas,four_view_noKh,236136,2,1,1,1,0,0,0,0
atlas,four_view_noKh,236144,2,1,1,1,0,0,0,0
atlas,four_view_noKh,236155,2,1,1,1,0,0,0,0
atlas,four_view_noKh,236158,2,1,1,1,0,0,0,0
atlas,four_view_noKh,236165,2,1,1,1,0,0,0,0
atlas,four_view_noKh,236186,2,1,1,1,0,0,0,0
atlas,four_view_noKh,236192,2,1,1,1,0,0,0,0
atlas,four_view_noKh,236475,2,1,1,1,0,0,0,0
atlas,four_view_noKh,236560,2,1,1,1,0,0,0,0
atlas,four_view_noKh,236570,2,1,1,1,0,0,0,0
atlas,four_view_noKh,236572,2,1,1,1,0,0,0,0
atlas,four_view_noKh,236574,2,1,1,1,0,0,0,0
atlas,four_view_noKh,236576,2,1,1,1,0,0,0,0
atlas,four_view_noKh,236581,2,1,1,1,0,0,0,0
atlas,four_view_noKh,236743,2,1,1,1,0,0,0,0
atlas,four_view_noKh,236744,2,1,1,1,0,0,0,0
atlas,four_view_noKh,236871,2,1,1,1,0,0,0,0
atlas,four_view_noKh,236914,2,1,1,1,0,0,0,0
atlas,four_view_noKh,236928,2,1,1,1,0,0,0,0
atlas,four_view_noKh,237100,2,1,1,1,0,0,0,0
atlas,four_view_noKh,237103,2,1,1,1,0,0,0,0
atlas,four_view_noKh,237120,2,1,1,1,0,0,0,0
atlas,four_view_noKh,237154,2,1,1,1,0,0,0,0
atlas,four_view_noKh,237249,2,1,1,1,0,0,0,0
atlas,four_view_noKh,237250,2,1,1,1,0,0,0,0
atlas,four_view_noKh,237252,2,1,1,1,0,0,0,0
atlas,four_view_noKh,237861,2,1,1,1,0,0,0,0
atlas,four_view_noKh,238046,2,1,1,1,0,0,0,0
atlas,four_view_noKh,238048,2,1,1,1,0,0,0,0
atlas,four_view_noKh,238053,2,1,1,1,0,0,0,0
atlas,four_view_noKh,238131,2,1,1,1,0,0,0,0
atlas,four_view_noKh,238176,2,1,1,1,0,0,0,0
atlas,four_view_noKh,238193,2,1,1,1,0,0,0,0
atlas,four_view_noKh,238517,2,1,1,1,0,0,0,0
atlas,four_view_noKh,238591,2,1,1,1,0,0,0,0
atlas,four_view_noKh,238649,2,1,1,1,0,0,0,0
atlas,four_view_noKh,238714,2,1,1,1,0,0,0,0
atlas,four_view_noKh,238828,2,1,1,1,0,0,0,0
atlas,four_view_noKh,238840,2,1,1,1,0,0,0,0
atlas,four_view_noKh,238844,2,1,1,1,0,0,0,0
atlas,four_view_noKh,238858,4,6,1,1,0,0,0,0
atlas,four_view_noKh,238949,2,1,1,1,0,0,0,0
atlas,four_view_noKh,239031,2,1,1,1,0,0,0,0
atlas,four_view_noKh,239045,2,1,1,1,0,0,0,0
atlas,four_view_noKh,239047,2,1,1,1,0,0,0,0
atlas,four_view_noKh,239144,2,1,1,1,0,0,0,0
atlas,four_view_noKh,239206,2,1,1,1,0,0,0,0
atlas,four_view_noKh,239336,2,1,1,1,0,0,0,0
atlas,four_view_noKh,239418,2,1,1,1,0,0,0,0
atlas,four_view_noKh,239496,2,1,1,1,0,0,0,0
atlas,four_view_noKh,239532,2,1,1,1,0,0,0,0
atlas,four_view_noKh,239921,2,1,1,1,0,0,0,0
atlas,four_view_noKh,239922,2,1,1,1,0,0,0,0
atlas,four_view_noKh,239927,2,1,1,1,0,0,0,0
atlas,four_view_noKh,239936,3,3,1,1,0,0,0,0
atlas,four_view_noKh,239937,2,1,1,1,0,0,0,0
atlas,four_view_noKh,239948,2,1,1,1,0,0,0,0
atlas,four_view_noKh,240013,2,1,1,1,0,0,0,0
atlas,four_view_noKh,240027,2,1,1,1,0,0,0,0
atlas,four_view_noKh,240177,2,1,1,1,0,0,0,0
atlas,four_view_noKh,240180,2,1,1,1,0,0,0,0
atlas,four_view_noKh,240182,2,1,1,1,0,0,0,0
atlas,four_view_noKh,240185,2,1,1,1,0,0,0,0
atlas,four_view_noKh,240206,2,1,1,1,0,0,0,0
atlas,four_view_noKh,240207,2,1,1,1,0,0,0,0
atlas,four_view_noKh,240274,2,1,1,1,0,0,0,0
atlas,four_view_noKh,240543,2,1,1,1,0,0,0,0
atlas,four_view_noKh,240570,2,1,1,1,0,0,0,0
atlas,four_view_noKh,240575,2,1,1,1,0,0,0,0
atlas,four_view_noKh,240577,2,1,1,1,0,0,0,0
atlas,four_view_noKh,240580,2,1,1,1,0,0,0,0
atlas,four_view_noKh,240582,2,1,1,1,0,0,0,0
atlas,four_view_noKh,240583,2,1,1,1,0,0,0,0
atlas,four_view_noKh,240585,2,1,1,1,0,0,0,0
atlas,four_view_noKh,240589,3,3,1,1,0,0,0,0
atlas,four_view_noKh,240591,4,6,1,1,0,0,0,0
atlas,four_view_noKh,240592,2,1,1,1,0,0,0,0
atlas,four_view_noKh,240593,4,6,1,1,0,0,0,0
atlas,four_view_noKh,240776,2,1,1,1,0,0,0,0
atlas,four_view_noKh,240863,3,3,1,1,0,0,0,0
atlas,four_view_noKh,240871,2,1,1,1,0,0,0,0
atlas,four_view_noKh,240874,2,1,1,1,0,0,0,0
atlas,four_view_noKh,240877,2,1,1,1,0,0,0,0
atlas,four_view_noKh,240879,2,1,1,1,0,0,0,0
atlas,four_view_noKh,240888,2,1,1,1,0,0,0,0
atlas,four_view_noKh,240889,2,1,1,1,0,0,0,0
atlas,four_view_noKh,240895,2,1,1,1,0,0,0,0
atlas,four_view_noKh,240898,2,1,1,1,0,0,0,0
atlas,four_view_noKh,240906,2,1,1,1,0,0,0,0
atlas,four_view_noKh,240913,2,1,1,1,0,0,0,0
atlas,four_view_noKh,240932,2,1,1,1,0,0,0,0
atlas,four_view_noKh,240938,2,1,1,1,0,0,0,0
atlas,four_view_noKh,240939,3,3,1,1,0,0,0,0
atlas,four_view_noKh,240945,2,1,1,1,0,0,0,0
atlas,four_view_noKh,240960,4,6,1,1,0,0,0,0
atlas,four_view_noKh,240976,2,1,1,1,0,0,0,0
atlas,four_view_noKh,240977,4,6,1,1,0,0,0,0
atlas,four_view_noKh,240978,2,1,1,1,0,0,0,0
atlas,four_view_noKh,240980,2,1,1,1,0,0,0,0
atlas,four_view_noKh,240994,2,1,1,1,0,0,0,0
atlas,four_view_noKh,240998,4,6,1,1,0,0,0,0
atlas,four_view_noKh,240999,2,1,1,1,0,0,0,0
atlas,four_view_noKh,241001,2,1,1,1,0,0,0,0
atlas,four_view_noKh,241010,2,1,1,1,0,0,0,0
atlas,four_view_noKh,241012,2,1,1,1,0,0,0,0
atlas,four_view_noKh,241031,2,1,1,1,0,0,0,0
atlas,four_view_noKh,241045,2,1,1,1,0,0,0,0
atlas,four_view_noKh,241046,3,3,1,1,0,0,0,0
atlas,four_view_noKh,241056,2,1,1,1,0,0,0,0
atlas,four_view_noKh,241061,2,1,1,1,0,0,0,0
atlas,four_view_noKh,241063,2,1,1,1,0,0,0,0
atlas,four_view_noKh,241064,2,1,1,1,0,0,0,0
atlas,four_view_noKh,241067,2,1,1,1,0,0,0,0
atlas,four_view_noKh,241075,2,1,1,1,0,0,0,0
atlas,four_view_noKh,241076,2,1,1,1,0,0,0,0
atlas,four_view_noKh,241083,4,6,1,1,0,0,0,0
atlas,four_view_noKh,241087,2,1,1,1,0,0,0,0
atlas,four_view_noKh,241088,2,1,1,1,0,0,0,0
atlas,four_view_noKh,241089,2,1,1,1,0,0,0,0
atlas,four_view_noKh,241090,2,1,1,1,0,0,0,0
atlas,four_view_noKh,241094,2,1,1,1,0,0,0,0
atlas,four_view_noKh,241097,2,1,1,1,0,0,0,0
atlas,four_view_noKh,241099,2,1,1,1,0,0,0,0
atlas,four_view_noKh,241101,2,1,1,1,0,0,0,0
atlas,four_view_noKh,241103,2,1,1,1,0,0,0,0
atlas,four_view_noKh,241105,2,1,1,1,0,0,0,0
atlas,four_view_noKh,241108,2,1,1,1,0,0,0,0
atlas,four_view_noKh,241109,2,1,1,1,0,0,0,0
atlas,four_view_noKh,241113,2,1,1,1,0,0,0,0
atlas,four_view_noKh,241114,2,1,1,1,0,0,0,0
atlas,four_view_noKh,241115,2,1,1,1,0,0,0,0
atlas,four_view_noKh,241116,2,1,1,1,0,0,0,0
atlas,four_view_noKh,241117,2,1,1,1,0,0,0,0
atlas,four_view_noKh,241120,2,1,1,1,0,0,0,0
atlas,four_view_noKh,241126,2,1,1,1,0,0,0,0
atlas,four_view_noKh,241132,2,1,1,1,0,0,0,0
atlas,four_view_noKh,241136,2,1,1,1,0,0,0,0
atlas,four_view_noKh,241138,2,1,1,1,0,0,0,0
atlas,four_view_noKh,241142,2,1,1,1,0,0,0,0
atlas,four_view_noKh,241147,2,1,1,1,0,0,0,0
atlas,four_view_noKh,241153,2,1,1,1,0,0,0,0
atlas,four_view_noKh,241155,4,6,1,2,0,4,0,4
atlas,four_view_noKh,241156,4,6,1,1,0,0,0,0
atlas,four_view_noKh,241194,2,1,1,1,0,0,0,0
atlas,four_view_noKh,241403,2,1,1,1,0,0,0,0
atlas,four_view_noKh,241413,2,1,1,1,0,0,0,0
atlas,four_view_noKh,241544,2,1,1,1,0,0,0,0
atlas,four_view_noKh,241546,2,1,1,1,0,0,0,0
atlas,four_view_noKh,241586,2,1,1,1,0,0,0,0
atlas,four_view_noKh,241624,2,1,1,1,0,0,0,0
atlas,four_view_noKh,241685,2,1,1,1,0,0,0,0
atlas,four_view_noKh,241692,2,1,1,1,0,0,0,0
atlas,four_view_noKh,241985,2,1,1,1,0,0,0,0
atlas,four_view_noKh,242059,2,1,1,1,0,0,0,0
atlas,four_view_noKh,242060,2,1,1,1,0,0,0,0
atlas,four_view_noKh,242156,2,1,1,1,0,0,0,0
atlas,four_view_noKh,242174,2,1,1,1,0,0,0,0
atlas,four_view_noKh,242176,2,1,1,1,0,0,0,0
atlas,four_view_noKh,242178,2,1,1,1,0,0,0,0
atlas,four_view_noKh,242179,2,1,1,1,0,0,0,0
atlas,four_view_noKh,242180,4,6,1,1,0,0,0,0
atlas,four_view_noKh,242182,2,1,1,1,0,0,0,0
atlas,four_view_noKh,242183,2,1,1,1,0,0,0,0
atlas,four_view_noKh,242289,2,1,1,1,0,0,0,0
atlas,four_view_noKh,242343,2,1,1,1,0,0,0,0
atlas,four_view_noKh,242363,2,1,1,1,0,0,0,0
atlas,four_view_noKh,242566,2,1,1,1,0,0,0,0
atlas,four_view_noKh,242569,2,1,1,1,0,0,0,0
atlas,four_view_noKh,242594,2,1,1,1,0,0,0,0
atlas,four_view_noKh,242597,2,1,1,1,0,0,0,0
atlas,four_view_noKh,242679,2,1,1,1,0,0,0,0
atlas,four_view_noKh,242688,2,1,1,1,0,0,0,0
atlas,four_view_noKh,242757,2,1,1,1,0,0,0,0
atlas,four_view_noKh,242844,2,1,1,1,0,0,0,0
atlas,four_view_noKh,242985,2,1,1,1,0,0,0,0
atlas,four_view_noKh,242986,2,1,1,1,0,0,0,0
atlas,four_view_noKh,243114,2,1,1,1,0,0,0,0
atlas,four_view_noKh,243125,2,1,1,1,0,0,0,0
atlas,four_view_noKh,243184,2,1,1,1,0,0,0,0
atlas,four_view_noKh,243185,2,1,1,1,0,0,0,0
atlas,four_view_noKh,243199,2,1,1,1,0,0,0,0
atlas,four_view_noKh,243207,2,1,1,1,0,0,0,0
atlas,four_view_noKh,243289,2,1,1,1,0,0,0,0
atlas,four_view_noKh,243427,2,1,1,1,0,0,0,0
atlas,four_view_noKh,243454,2,1,1,1,0,0,0,0
atlas,four_view_noKh,243455,2,1,1,1,0,0,0,0
atlas,four_view_noKh,243491,2,1,1,1,0,0,0,0
atlas,four_view_noKh,243499,2,1,1,1,0,0,0,0
atlas,four_view_noKh,243501,2,1,1,1,0,0,0,0
atlas,four_view_noKh,243504,2,1,1,1,0,0,0,0
atlas,four_view_noKh,243533,2,1,1,1,0,0,0,0
atlas,four_view_noKh,243536,2,1,1,1,0,0,0,0
atlas,four_view_noKh,243537,2,1,1,1,0,0,0,0
atlas,four_view_noKh,243610,2,1,1,1,0,0,0,0
atlas,four_view_noKh,243665,2,1,1,1,0,0,0,0
atlas,four_view_noKh,243674,2,1,1,1,0,0,0,0
atlas,four_view_noKh,243909,2,1,1,1,0,0,0,0
atlas,four_view_noKh,243924,2,1,1,1,0,0,0,0
atlas,four_view_noKh,244159,4,6,1,1,0,0,0,0
atlas,four_view_noKh,244161,2,1,1,1,0,0,0,0
atlas,four_view_noKh,244163,2,1,1,1,0,0,0,0
atlas,four_view_noKh,244172,2,1,1,1,0,0,0,0
atlas,four_view_noKh,244181,2,1,1,1,0,0,0,0
atlas,four_view_noKh,244361,2,1,1,1,0,0,0,0
atlas,four_view_noKh,244736,2,1,1,1,0,0,0,0
atlas,four_view_noKh,244799,2,1,1,1,0,0,0,0
atlas,four_view_noKh,244845,2,1,1,1,0,0,0,0
atlas,four_view_noKh,244921,2,1,1,1,0,0,0,0
atlas,four_view_noKh,245170,2,1,1,1,0,0,0,0
atlas,four_view_noKh,245218,2,1,1,1,0,0,0,0
atlas,four_view_noKh,245309,2,1,1,1,0,0,0,0
atlas,four_view_noKh,245341,2,1,1,1,0,0,0,0
atlas,four_view_noKh,245343,2,1,1,1,0,0,0,0
atlas,four_view_noKh,245350,2,1,1,1,0,0,0,0
atlas,four_view_noKh,245352,2,1,1,1,0,0,0,0
atlas,four_view_noKh,245364,2,1,1,1,0,0,0,0
atlas,four_view_noKh,245398,2,1,1,1,0,0,0,0
atlas,four_view_noKh,245438,2,1,1,1,0,0,0,0
atlas,four_view_noKh,245511,2,1,1,1,0,0,0,0
atlas,four_view_noKh,245551,2,1,1,1,0,0,0,0
atlas,four_view_noKh,245628,2,1,1,1,0,0,0,0
atlas,four_view_noKh,245694,2,1,1,1,0,0,0,0
atlas,four_view_noKh,245719,2,1,1,1,0,0,0,0
atlas,four_view_noKh,245864,2,1,1,1,0,0,0,0
atlas,four_view_noKh,245952,2,1,1,1,0,0,0,0
atlas,four_view_noKh,246015,2,1,1,1,0,0,0,0
atlas,four_view_noKh,246124,2,1,1,1,0,0,0,0
atlas,four_view_noKh,246195,2,1,1,1,0,0,0,0
atlas,four_view_noKh,246263,2,1,1,1,0,0,0,0
atlas,four_view_noKh,246264,2,1,1,1,0,0,0,0
atlas,four_view_noKh,246265,2,1,1,1,0,0,0,0
atlas,four_view_noKh,246342,2,1,1,1,0,0,0,0
atlas,four_view_noKh,246343,2,1,1,1,0,0,0,0
atlas,four_view_noKh,246345,2,1,1,1,0,0,0,0
atlas,four_view_noKh,246347,4,6,1,1,0,0,0,0
atlas,four_view_noKh,246348,2,1,1,1,0,0,0,0
atlas,four_view_noKh,246377,2,1,1,1,0,0,0,0
atlas,four_view_noKh,246381,2,1,1,1,0,0,0,0
atlas,four_view_noKh,246423,2,1,1,1,0,0,0,0
atlas,four_view_noKh,246425,2,1,1,1,0,0,0,0
atlas,four_view_noKh,246445,2,1,1,1,0,0,0,0
atlas,four_view_noKh,246466,2,1,1,1,0,0,0,0
atlas,four_view_noKh,246467,2,1,1,1,0,0,0,0
atlas,four_view_noKh,246592,2,1,1,1,0,0,0,0
atlas,four_view_noKh,246611,2,1,1,1,0,0,0,0
atlas,four_view_noKh,247040,2,1,1,1,0,0,0,0
atlas,four_view_noKh,247051,2,1,1,1,0,0,0,0
atlas,four_view_noKh,247105,2,1,1,1,0,0,0,0
atlas,four_view_noKh,247121,2,1,1,1,0,0,0,0
atlas,four_view_noKh,247124,2,1,1,1,0,0,0,0
atlas,four_view_noKh,247150,2,1,1,1,0,0,0,0
atlas,four_view_noKh,247175,2,1,1,1,0,0,0,0
atlas,four_view_noKh,247225,2,1,1,1,0,0,0,0
atlas,four_view_noKh,247257,2,1,1,1,0,0,0,0
atlas,four_view_noKh,247463,2,1,1,1,0,0,0,0
atlas,four_view_noKh,247464,2,1,1,1,0,0,0,0
atlas,four_view_noKh,247623,2,1,1,1,0,0,0,0
atlas,four_view_noKh,247726,2,1,1,1,0,0,0,0
atlas,four_view_noKh,247890,2,1,1,1,0,0,0,0
atlas,four_view_noKh,247932,2,1,1,1,0,0,0,0
atlas,four_view_noKh,247995,2,1,1,1,0,0,0,0
atlas,four_view_noKh,248107,2,1,1,1,0,0,0,0
atlas,four_view_noKh,248283,2,1,1,1,0,0,0,0
atlas,four_view_noKh,248403,2,1,1,1,0,0,0,0
atlas,four_view_noKh,248407,2,1,1,1,0,0,0,0
atlas,four_view_noKh,248440,2,1,1,1,0,0,0,0
atlas,four_view_noKh,248459,4,6,1,1,0,0,0,0
atlas,four_view_noKh,248468,2,1,1,1,0,0,0,0
atlas,four_view_noKh,248478,2,1,1,1,0,0,0,0
atlas,four_view_noKh,248744,2,1,1,1,0,0,0,0
atlas,four_view_noKh,248760,2,1,1,1,0,0,0,0
atlas,four_view_noKh,248817,2,1,1,1,0,0,0,0
atlas,four_view_noKh,248818,2,1,1,1,0,0,0,0
atlas,four_view_noKh,248819,2,1,1,1,0,0,0,0
atlas,four_view_noKh,248822,2,1,1,1,0,0,0,0
atlas,four_view_noKh,248840,2,1,1,1,0,0,0,0
atlas,four_view_noKh,248865,2,1,1,1,0,0,0,0
atlas,four_view_noKh,248876,2,1,1,1,0,0,0,0
atlas,four_view_noKh,249417,2,1,1,1,0,0,0,0
atlas,four_view_noKh,249578,2,1,1,1,0,0,0,0
atlas,four_view_noKh,249585,2,1,1,1,0,0,0,0
atlas,four_view_noKh,249586,2,1,1,1,0,0,0,0
atlas,four_view_noKh,249625,2,1,1,1,0,0,0,0
atlas,four_view_noKh,249631,2,1,1,1,0,0,0,0
atlas,four_view_noKh,249686,2,1,1,1,0,0,0,0
atlas,four_view_noKh,249707,2,1,1,1,0,0,0,0
atlas,four_view_noKh,249780,2,1,1,1,0,0,0,0
atlas,four_view_noKh,250043,2,1,1,1,0,0,0,0
atlas,four_view_noKh,250127,4,6,1,1,0,0,0,0
atlas,four_view_noKh,250188,3,3,1,1,0,0,0,0
atlas,four_view_noKh,250224,2,1,1,1,0,0,0,0
atlas,four_view_noKh,250238,2,1,1,1,0,0,0,0
atlas,four_view_noKh,250500,2,1,1,1,0,0,0,0
atlas,four_view_noKh,250557,2,1,1,1,0,0,0,0
atlas,four_view_noKh,250561,2,1,1,1,0,0,0,0
atlas,four_view_noKh,250666,2,1,1,1,0,0,0,0
atlas,four_view_noKh,250669,2,1,1,1,0,0,0,0
atlas,four_view_noKh,250670,2,1,1,1,0,0,0,0
atlas,four_view_noKh,250675,2,1,1,1,0,0,0,0
atlas,four_view_noKh,250676,2,1,1,1,0,0,0,0
atlas,four_view_noKh,250681,4,6,1,1,0,0,0,0
atlas,four_view_noKh,250682,2,1,1,1,0,0,0,0
atlas,four_view_noKh,250683,2,1,1,1,0,0,0,0
atlas,four_view_noKh,250687,2,1,1,1,0,0,0,0
atlas,four_view_noKh,250688,2,1,1,1,0,0,0,0
atlas,four_view_noKh,250689,2,1,1,1,0,0,0,0
atlas,four_view_noKh,250694,2,1,1,1,0,0,0,0
atlas,four_view_noKh,250760,2,1,1,1,0,0,0,0
atlas,four_view_noKh,250788,2,1,1,1,0,0,0,0
atlas,four_view_noKh,250837,2,1,1,1,0,0,0,0
atlas,four_view_noKh,250910,2,1,1,1,0,0,0,0
atlas,four_view_noKh,251016,2,1,1,1,0,0,0,0
atlas,four_view_noKh,251444,2,1,1,1,0,0,0,0
atlas,four_view_noKh,251540,2,1,1,1,0,0,0,0
atlas,four_view_noKh,251625,2,1,1,1,0,0,0,0
atlas,four_view_noKh,251670,2,1,1,1,0,0,0,0
atlas,four_view_noKh,251748,2,1,1,1,0,0,0,0
atlas,four_view_noKh,251749,2,1,1,1,0,0,0,0
atlas,four_view_noKh,251788,2,1,1,1,0,0,0,0
atlas,four_view_noKh,251803,2,1,1,1,0,0,0,0
atlas,four_view_noKh,251848,2,1,1,1,0,0,0,0
atlas,four_view_noKh,251854,2,1,1,1,0,0,0,0
atlas,four_view_noKh,251945,2,1,1,1,0,0,0,0
atlas,four_view_noKh,252173,2,1,1,1,0,0,0,0
atlas,four_view_noKh,252176,2,1,1,1,0,0,0,0
atlas,four_view_noKh,252190,2,1,1,1,0,0,0,0
atlas,four_view_noKh,252191,2,1,1,1,0,0,0,0
atlas,four_view_noKh,252192,2,1,1,1,0,0,0,0
atlas,four_view_noKh,252213,2,1,1,1,0,0,0,0
atlas,four_view_noKh,252214,2,1,1,1,0,0,0,0
atlas,four_view_noKh,252218,2,1,1,1,0,0,0,0
atlas,four_view_noKh,252219,2,1,1,1,0,0,0,0
atlas,four_view_noKh,252221,2,1,1,1,0,0,0,0
atlas,four_view_noKh,252222,4,6,1,1,0,0,0,0
atlas,four_view_noKh,252226,2,1,1,1,0,0,0,0
atlas,four_view_noKh,252228,2,1,1,1,0,0,0,0
atlas,four_view_noKh,252233,2,1,1,1,0,0,0,0
atlas,four_view_noKh,252234,2,1,1,1,0,0,0,0
atlas,four_view_noKh,252236,2,1,1,1,0,0,0,0
atlas,four_view_noKh,252237,2,1,1,1,0,0,0,0
atlas,four_view_noKh,252240,2,1,1,1,0,0,0,0
atlas,four_view_noKh,252241,2,1,1,1,0,0,0,0
atlas,four_view_noKh,252246,2,1,1,1,0,0,0,0
atlas,four_view_noKh,252247,2,1,1,1,0,0,0,0
atlas,four_view_noKh,252248,2,1,1,1,0,0,0,0
atlas,four_view_noKh,252250,2,1,1,1,0,0,0,0
atlas,four_view_noKh,252255,2,1,1,1,0,0,0,0
atlas,four_view_noKh,252259,2,1,1,1,0,0,0,0
atlas,four_view_noKh,252264,2,1,1,1,0,0,0,0
atlas,four_view_noKh,252266,2,1,1,1,0,0,0,0
atlas,four_view_noKh,252270,2,1,1,1,0,0,0,0
atlas,four_view_noKh,252281,2,1,1,1,0,0,0,0
atlas,four_view_noKh,252282,2,1,1,1,0,0,0,0
atlas,four_view_noKh,252284,2,1,1,1,0,0,0,0
atlas,four_view_noKh,252291,2,1,1,1,0,0,0,0
atlas,four_view_noKh,252292,2,1,1,1,0,0,0,0
atlas,four_view_noKh,252294,2,1,1,1,0,0,0,0
atlas,four_view_noKh,252295,2,1,1,1,0,0,0,0
atlas,four_view_noKh,252425,2,1,1,1,0,0,0,0
atlas,four_view_noKh,252484,2,1,1,1,0,0,0,0
atlas,four_view_noKh,252762,2,1,1,1,0,0,0,0
atlas,four_view_noKh,252900,2,1,1,1,0,0,0,0
atlas,four_view_noKh,253057,2,1,1,1,0,0,0,0
atlas,four_view_noKh,253108,2,1,1,1,0,0,0,0
atlas,four_view_noKh,253154,2,1,1,1,0,0,0,0
atlas,four_view_noKh,253188,2,1,1,1,0,0,0,0
atlas,four_view_noKh,253236,2,1,1,1,0,0,0,0
atlas,four_view_noKh,253678,2,1,1,1,0,0,0,0
atlas,four_view_noKh,253679,2,1,1,1,0,0,0,0
atlas,four_view_noKh,253680,2,1,1,1,0,0,0,0
atlas,four_view_noKh,253682,2,1,1,1,0,0,0,0
atlas,four_view_noKh,253708,2,1,1,1,0,0,0,0
atlas,four_view_noKh,253711,2,1,1,1,0,0,0,0
atlas,four_view_noKh,253718,2,1,1,1,0,0,0,0
atlas,four_view_noKh,253719,2,1,1,1,0,0,0,0
atlas,four_view_noKh,253795,2,1,1,1,0,0,0,0
atlas,four_view_noKh,254008,2,1,1,1,0,0,0,0
atlas,four_view_noKh,254022,2,1,1,1,0,0,0,0
atlas,four_view_noKh,254023,2,1,1,1,0,0,0,0
atlas,four_view_noKh,254040,2,1,1,1,0,0,0,0
atlas,four_view_noKh,254062,2,1,1,1,0,0,0,0
atlas,four_view_noKh,254153,2,1,1,1,0,0,0,0
atlas,four_view_noKh,254318,2,1,1,1,0,0,0,0
atlas,four_view_noKh,254319,2,1,1,1,0,0,0,0
atlas,four_view_noKh,254321,2,1,1,1,0,0,0,0
atlas,four_view_noKh,254324,2,1,1,1,0,0,0,0
atlas,four_view_noKh,254325,2,1,1,1,0,0,0,0
atlas,four_view_noKh,254326,2,1,1,1,0,0,0,0
atlas,four_view_noKh,254332,2,1,1,1,0,0,0,0
atlas,four_view_noKh,254333,2,1,1,1,0,0,0,0
atlas,four_view_noKh,254341,2,1,1,1,0,0,0,0
atlas,four_view_noKh,254379,2,1,1,1,0,0,0,0
atlas,four_view_noKh,254386,2,1,1,1,0,0,0,0
atlas,four_view_noKh,254394,3,3,1,1,0,0,0,0
atlas,four_view_noKh,254395,2,1,1,1,0,0,0,0
atlas,four_view_noKh,254396,2,1,1,1,0,0,0,0
atlas,four_view_noKh,254521,2,1,1,1,0,0,0,0
atlas,four_view_noKh,254538,2,1,1,1,0,0,0,0
atlas,four_view_noKh,254541,2,1,1,1,0,0,0,0
atlas,four_view_noKh,254544,2,1,1,1,0,0,0,0
atlas,four_view_noKh,254563,3,3,1,1,0,0,0,0
atlas,four_view_noKh,254838,2,1,1,1,0,0,0,0
atlas,four_view_noKh,254841,2,1,1,1,0,0,0,0
atlas,four_view_noKh,254842,2,1,1,1,0,0,0,0
atlas,four_view_noKh,254843,2,1,1,1,0,0,0,0
atlas,four_view_noKh,254844,2,1,1,1,0,0,0,0
atlas,four_view_noKh,254845,2,1,1,1,0,0,0,0
atlas,four_view_noKh,254847,2,1,1,1,0,0,0,0
atlas,four_view_noKh,254848,2,1,1,1,0,0,0,0
atlas,four_view_noKh,254944,2,1,1,1,0,0,0,0
atlas,four_view_noKh,254945,2,1,1,1,0,0,0,0
atlas,four_view_noKh,255114,2,1,1,1,0,0,0,0
atlas,four_view_noKh,255219,2,1,1,1,0,0,0,0
atlas,four_view_noKh,255222,2,1,1,1,0,0,0,0
atlas,four_view_noKh,255225,2,1,1,1,0,0,0,0
atlas,four_view_noKh,255226,2,1,1,1,0,0,0,0
atlas,four_view_noKh,255227,2,1,1,1,0,0,0,0
atlas,four_view_noKh,255229,2,1,1,1,0,0,0,0
atlas,four_view_noKh,255232,2,1,1,1,0,0,0,0
atlas,four_view_noKh,255236,2,1,1,1,0,0,0,0
atlas,four_view_noKh,255238,2,1,1,1,0,0,0,0
atlas,four_view_noKh,255431,2,1,1,1,0,0,0,0
atlas,four_view_noKh,255435,2,1,1,1,0,0,0,0
atlas,four_view_noKh,255440,4,6,1,1,0,0,0,0
atlas,four_view_noKh,255710,2,1,1,1,0,0,0,0
atlas,four_view_noKh,255980,2,1,1,1,0,0,0,0
atlas,four_view_noKh,256098,2,1,1,1,0,0,0,0
atlas,four_view_noKh,256161,2,1,1,1,0,0,0,0
atlas,four_view_noKh,256180,2,1,1,1,0,0,0,0
atlas,four_view_noKh,256242,2,1,1,1,0,0,0,0
atlas,four_view_noKh,256252,2,1,1,1,0,0,0,0
atlas,four_view_noKh,256355,2,1,1,1,0,0,0,0
atlas,four_view_noKh,256367,2,1,1,1,0,0,0,0
atlas,four_view_noKh,256430,2,1,1,1,0,0,0,0
atlas,four_view_noKh,256536,2,1,1,1,0,0,0,0
atlas,four_view_noKh,256644,2,1,1,1,0,0,0,0
atlas,four_view_noKh,256766,2,1,1,1,0,0,0,0
atlas,four_view_noKh,256788,2,1,1,1,0,0,0,0
atlas,four_view_noKh,256791,2,1,1,1,0,0,0,0
atlas,four_view_noKh,257100,2,1,1,1,0,0,0,0
atlas,four_view_noKh,257158,2,1,1,1,0,0,0,0
atlas,four_view_noKh,257197,2,1,1,1,0,0,0,0
atlas,four_view_noKh,257198,2,1,1,1,0,0,0,0
atlas,four_view_noKh,257334,2,1,1,1,0,0,0,0
atlas,four_view_noKh,257422,2,1,1,1,0,0,0,0
atlas,four_view_noKh,257532,2,1,1,1,0,0,0,0
atlas,four_view_noKh,257564,2,1,1,1,0,0,0,0
atlas,four_view_noKh,257614,2,1,1,1,0,0,0,0
atlas,four_view_noKh,257829,2,1,1,1,0,0,0,0
atlas,four_view_noKh,258098,2,1,1,1,0,0,0,0
atlas,four_view_noKh,258121,2,1,1,1,0,0,0,0
atlas,four_view_noKh,258122,2,1,1,1,0,0,0,0
atlas,four_view_noKh,258132,2,1,1,1,0,0,0,0
atlas,four_view_noKh,258656,2,1,1,1,0,0,0,0
atlas,four_view_noKh,258667,2,1,1,1,0,0,0,0
atlas,four_view_noKh,258730,2,1,1,1,0,0,0,0
atlas,four_view_noKh,258781,2,1,1,1,0,0,0,0
atlas,four_view_noKh,259064,2,1,1,1,0,0,0,0
atlas,four_view_noKh,259079,2,1,1,1,0,0,0,0
atlas,four_view_noKh,259108,2,1,1,1,0,0,0,0
atlas,four_view_noKh,259127,2,1,1,1,0,0,0,0
atlas,four_view_noKh,259165,2,1,1,1,0,0,0,0
atlas,four_view_noKh,259197,2,1,1,1,0,0,0,0
atlas,four_view_noKh,259406,2,1,1,1,0,0,0,0
atlas,four_view_noKh,259427,2,1,1,1,0,0,0,0
atlas,four_view_noKh,259513,2,1,1,1,0,0,0,0
atlas,four_view_noKh,259515,2,1,1,1,0,0,0,0
atlas,four_view_noKh,259517,2,1,1,1,0,0,0,0
atlas,four_view_noKh,259665,2,1,1,1,0,0,0,0
atlas,four_view_noKh,259666,2,1,1,1,0,0,0,0
atlas,four_view_noKh,259730,2,1,1,1,0,0,0,0
atlas,four_view_noKh,259748,2,1,1,1,0,0,0,0
atlas,four_view_noKh,259749,2,1,1,1,0,0,0,0
atlas,four_view_noKh,259772,2,1,1,1,0,0,0,0
atlas,four_view_noKh,259773,2,1,1,1,0,0,0,0
atlas,four_view_noKh,259805,2,1,1,1,0,0,0,0
atlas,four_view_noKh,259935,2,1,1,1,0,0,0,0
atlas,four_view_noKh,260392,2,1,1,1,0,0,0,0
atlas,four_view_noKh,260569,2,1,1,1,0,0,0,0
atlas,four_view_noKh,260659,2,1,1,1,0,0,0,0
atlas,four_view_noKh,260660,2,1,1,1,0,0,0,0
atlas,four_view_noKh,260684,2,1,1,1,0,0,0,0
atlas,four_view_noKh,260714,2,1,1,1,0,0,0,0
atlas,four_view_noKh,260822,2,1,1,1,0,0,0,0
atlas,four_view_noKh,261263,2,1,1,1,0,0,0,0
atlas,four_view_noKh,261393,2,1,1,1,0,0,0,0
atlas,four_view_noKh,261451,2,1,1,1,0,0,0,0
atlas,four_view_noKh,261453,2,1,1,1,0,0,0,0
atlas,four_view_noKh,261476,2,1,1,1,0,0,0,0
atlas,four_view_noKh,261480,2,1,1,1,0,0,0,0
atlas,four_view_noKh,261483,2,1,1,1,0,0,0,0
atlas,four_view_noKh,261552,2,1,1,1,0,0,0,0
atlas,four_view_noKh,261594,2,1,1,1,0,0,0,0
atlas,four_view_noKh,261596,2,1,1,1,0,0,0,0
atlas,four_view_noKh,261598,2,1,1,1,0,0,0,0
atlas,four_view_noKh,261599,2,1,1,1,0,0,0,0
atlas,four_view_noKh,261612,2,1,1,1,0,0,0,0
atlas,four_view_noKh,261877,2,1,1,1,0,0,0,0
atlas,four_view_noKh,261878,2,1,1,1,0,0,0,0
atlas,four_view_noKh,261884,2,1,1,1,0,0,0,0
atlas,four_view_noKh,261939,2,1,1,1,0,0,0,0
atlas,four_view_noKh,262567,2,1,1,1,0,0,0,0
atlas,four_view_noKh,262623,2,1,1,1,0,0,0,0
atlas,four_view_noKh,262627,2,1,1,1,0,0,0,0
atlas,four_view_noKh,262628,2,1,1,1,0,0,0,0
atlas,four_view_noKh,262737,2,1,1,1,0,0,0,0
atlas,four_view_noKh,262812,2,1,1,1,0,0,0,0
atlas,four_view_noKh,262901,2,1,1,1,0,0,0,0
atlas,four_view_noKh,262963,2,1,1,1,0,0,0,0
atlas,four_view_noKh,263027,2,1,1,1,0,0,0,0
atlas,four_view_noKh,263028,2,1,1,1,0,0,0,0
atlas,four_view_noKh,263247,2,1,1,1,0,0,0,0
atlas,four_view_noKh,263275,2,1,1,1,0,0,0,0
atlas,four_view_noKh,263370,2,1,1,1,0,0,0,0
atlas,four_view_noKh,263402,2,1,1,1,0,0,0,0
atlas,four_view_noKh,263403,2,1,1,1,0,0,0,0
atlas,four_view_noKh,263404,4,6,1,1,0,0,0,0
atlas,four_view_noKh,263410,4,6,1,1,0,0,0,0
atlas,four_view_noKh,263412,2,1,1,1,0,0,0,0
atlas,four_view_noKh,263413,2,1,1,1,0,0,0,0
atlas,four_view_noKh,263415,2,1,1,1,0,0,0,0
atlas,four_view_noKh,263420,2,1,1,1,0,0,0,0
atlas,four_view_noKh,263425,2,1,1,1,0,0,0,0
atlas,four_view_noKh,263428,2,1,1,1,0,0,0,0
atlas,four_view_noKh,263434,2,1,1,1,0,0,0,0
atlas,four_view_noKh,263436,2,1,1,1,0,0,0,0
atlas,four_view_noKh,263437,2,1,1,1,0,0,0,0
atlas,four_view_noKh,263438,2,1,1,1,0,0,0,0
atlas,four_view_noKh,263504,2,1,1,1,0,0,0,0
atlas,four_view_noKh,263730,2,1,1,1,0,0,0,0
atlas,four_view_noKh,263731,3,3,1,1,0,0,0,0
atlas,four_view_noKh,263733,2,1,1,1,0,0,0,0
atlas,four_view_noKh,263737,2,1,1,1,0,0,0,0
atlas,four_view_noKh,263739,4,6,1,1,0,0,0,0
atlas,four_view_noKh,263741,4,6,1,1,0,0,0,0
atlas,four_view_noKh,263744,2,1,1,1,0,0,0,0
atlas,four_view_noKh,263798,2,1,1,1,0,0,0,0
atlas,four_view_noKh,263860,2,1,1,1,0,0,0,0
atlas,four_view_noKh,264162,2,1,1,1,0,0,0,0
atlas,four_view_noKh,264207,2,1,1,1,0,0,0,0
atlas,four_view_noKh,264242,2,1,1,1,0,0,0,0
atlas,four_view_noKh,264243,2,1,1,1,0,0,0,0
atlas,four_view_noKh,264245,2,1,1,1,0,0,0,0
atlas,four_view_noKh,264246,2,1,1,1,0,0,0,0
atlas,four_view_noKh,264247,2,1,1,1,0,0,0,0
atlas,four_view_noKh,264365,2,1,1,1,0,0,0,0
atlas,four_view_noKh,264626,2,1,1,1,0,0,0,0
atlas,four_view_noKh,264652,2,1,1,1,0,0,0,0
atlas,four_view_noKh,264740,2,1,1,1,0,0,0,0
atlas,four_view_noKh,264771,2,1,1,1,0,0,0,0
atlas,four_view_noKh,264940,2,1,1,1,0,0,0,0
atlas,four_view_noKh,264997,2,1,1,1,0,0,0,0
atlas,four_view_noKh,264998,2,1,1,1,0,0,0,0
atlas,four_view_noKh,265110,2,1,1,1,0,0,0,0
atlas,four_view_noKh,265133,2,1,1,1,0,0,0,0
atlas,four_view_noKh,265139,2,1,1,1,0,0,0,0
atlas,four_view_noKh,265141,4,6,1,1,0,0,0,0
atlas,four_view_noKh,265152,2,1,1,1,0,0,0,0
atlas,four_view_noKh,265159,2,1,1,1,0,0,0,0
atlas,four_view_noKh,265160,4,6,1,1,0,0,0,0
atlas,four_view_noKh,265376,2,1,1,1,0,0,0,0
atlas,four_view_noKh,265471,2,1,1,1,0,0,0,0
atlas,four_view_noKh,265555,2,1,1,1,0,0,0,0
atlas,four_view_noKh,265582,2,1,1,1,0,0,0,0
atlas,four_view_noKh,265651,2,1,1,1,0,0,0,0
atlas,four_view_noKh,265656,2,1,1,1,0,0,0,0
atlas,four_view_noKh,265848,2,1,1,1,0,0,0,0
atlas,four_view_noKh,265975,2,1,1,1,0,0,0,0
atlas,four_view_noKh,266086,2,1,1,1,0,0,0,0
atlas,four_view_noKh,266104,2,1,1,1,0,0,0,0
atlas,four_view_noKh,266105,2,1,1,1,0,0,0,0
atlas,four_view_noKh,266229,2,1,1,1,0,0,0,0
atlas,four_view_noKh,266469,2,1,1,1,0,0,0,0
atlas,four_view_noKh,266472,2,1,1,1,0,0,0,0
atlas,four_view_noKh,266627,3,3,1,1,0,0,0,0
atlas,four_view_noKh,266696,2,1,1,1,0,0,0,0
atlas,four_view_noKh,266778,2,1,1,1,0,0,0,0
atlas,four_view_noKh,266779,2,1,1,1,0,0,0,0
atlas,four_view_noKh,266863,2,1,1,1,0,0,0,0
atlas,four_view_noKh,266892,2,1,1,1,0,0,0,0
atlas,four_view_noKh,266955,2,1,1,1,0,0,0,0
atlas,four_view_noKh,267047,2,1,1,1,0,0,0,0
atlas,four_view_noKh,267332,2,1,1,1,0,0,0,0
atlas,four_view_noKh,267334,2,1,1,1,0,0,0,0
atlas,four_view_noKh,267350,2,1,1,1,0,0,0,0
atlas,four_view_noKh,267518,2,1,1,1,0,0,0,0
atlas,four_view_noKh,267521,2,1,1,1,0,0,0,0
atlas,four_view_noKh,267525,2,1,1,1,0,0,0,0
atlas,four_view_noKh,267526,2,1,1,1,0,0,0,0
atlas,four_view_noKh,267532,2,1,1,1,0,0,0,0
atlas,four_view_noKh,267533,2,1,1,1,0,0,0,0
atlas,four_view_noKh,267538,2,1,1,1,0,0,0,0
atlas,four_view_noKh,267539,2,1,1,1,0,0,0,0
atlas,four_view_noKh,267549,3,3,1,2,0,2,0,2
atlas,four_view_noKh,267557,2,1,1,1,0,0,0,0
atlas,four_view_noKh,267563,2,1,1,1,0,0,0,0
atlas,four_view_noKh,267564,2,1,1,1,0,0,0,0
atlas,four_view_noKh,267568,2,1,1,1,0,0,0,0
atlas,four_view_noKh,267572,2,1,1,1,0,0,0,0
atlas,four_view_noKh,267583,2,1,1,1,0,0,0,0
atlas,four_view_noKh,267592,2,1,1,1,0,0,0,0
atlas,four_view_noKh,267594,2,1,1,1,0,0,0,0
atlas,four_view_noKh,267596,2,1,1,1,0,0,0,0
atlas,four_view_noKh,267597,2,1,1,1,0,0,0,0
atlas,four_view_noKh,267598,2,1,1,1,0,0,0,0
atlas,four_view_noKh,267602,2,1,1,1,0,0,0,0
atlas,four_view_noKh,267608,2,1,1,1,0,0,0,0
atlas,four_view_noKh,267610,2,1,1,1,0,0,0,0
atlas,four_view_noKh,267617,2,1,1,1,0,0,0,0
atlas,four_view_noKh,267618,2,1,1,1,0,0,0,0
atlas,four_view_noKh,267629,2,1,1,1,0,0,0,0
atlas,four_view_noKh,267729,4,6,1,1,0,0,0,0
atlas,four_view_noKh,267731,4,6,1,1,0,0,0,0
atlas,four_view_noKh,267735,2,1,1,1,0,0,0,0
atlas,four_view_noKh,267737,2,1,1,1,0,0,0,0
atlas,four_view_noKh,267759,2,1,1,1,0,0,0,0
atlas,four_view_noKh,267760,2,1,1,1,0,0,0,0
atlas,four_view_noKh,267821,2,1,1,1,0,0,0,0
atlas,four_view_noKh,267822,2,1,1,1,0,0,0,0
atlas,four_view_noKh,267824,4,6,1,1,0,0,0,0
atlas,four_view_noKh,267862,2,1,1,1,0,0,0,0
atlas,four_view_noKh,267889,2,1,1,1,0,0,0,0
atlas,four_view_noKh,267915,2,1,1,1,0,0,0,0
atlas,four_view_noKh,268048,2,1,1,1,0,0,0,0
atlas,four_view_noKh,268325,2,1,1,1,0,0,0,0
atlas,four_view_noKh,268343,2,1,1,1,0,0,0,0
atlas,four_view_noKh,268345,2,1,1,1,0,0,0,0
atlas,four_view_noKh,268379,2,1,1,1,0,0,0,0
atlas,four_view_noKh,268528,2,1,1,1,0,0,0,0
atlas,four_view_noKh,268589,2,1,1,1,0,0,0,0
atlas,four_view_noKh,268646,2,1,1,1,0,0,0,0
atlas,four_view_noKh,268649,2,1,1,1,0,0,0,0
atlas,four_view_noKh,268691,2,1,1,1,0,0,0,0
atlas,four_view_noKh,268699,2,1,1,1,0,0,0,0
atlas,four_view_noKh,268702,2,1,1,1,0,0,0,0
atlas,four_view_noKh,268703,2,1,1,1,0,0,0,0
atlas,four_view_noKh,268745,2,1,1,1,0,0,0,0
atlas,four_view_noKh,269174,2,1,1,1,0,0,0,0
atlas,four_view_noKh,269181,2,1,1,1,0,0,0,0
atlas,four_view_noKh,269184,2,1,1,1,0,0,0,0
atlas,four_view_noKh,269189,2,1,1,1,0,0,0,0
atlas,four_view_noKh,269197,2,1,1,1,0,0,0,0
atlas,four_view_noKh,269203,2,1,1,1,0,0,0,0
atlas,four_view_noKh,269209,2,1,1,1,0,0,0,0
atlas,four_view_noKh,269213,2,1,1,1,0,0,0,0
atlas,four_view_noKh,269214,2,1,1,1,0,0,0,0
atlas,four_view_noKh,269216,2,1,1,1,0,0,0,0
atlas,four_view_noKh,269222,2,1,1,1,0,0,0,0
atlas,four_view_noKh,269224,2,1,1,1,0,0,0,0
atlas,four_view_noKh,269225,2,1,1,1,0,0,0,0
atlas,four_view_noKh,269227,2,1,1,1,0,0,0,0
atlas,four_view_noKh,269231,2,1,1,1,0,0,0,0
atlas,four_view_noKh,269235,2,1,1,1,0,0,0,0
atlas,four_view_noKh,269237,2,1,1,1,0,0,0,0
atlas,four_view_noKh,269242,2,1,1,1,0,0,0,0
atlas,four_view_noKh,269246,2,1,1,1,0,0,0,0
atlas,four_view_noKh,269248,4,6,1,1,0,0,0,0
atlas,four_view_noKh,269249,4,6,1,1,0,0,0,0
atlas,four_view_noKh,269250,2,1,1,1,0,0,0,0
atlas,four_view_noKh,269255,2,1,1,1,0,0,0,0
atlas,four_view_noKh,269258,2,1,1,1,0,0,0,0
atlas,four_view_noKh,269264,2,1,1,1,0,0,0,0
atlas,four_view_noKh,269267,2,1,1,1,0,0,0,0
atlas,four_view_noKh,269282,2,1,1,1,0,0,0,0
atlas,four_view_noKh,269284,2,1,1,1,0,0,0,0
atlas,four_view_noKh,269285,2,1,1,1,0,0,0,0
atlas,four_view_noKh,269286,2,1,1,1,0,0,0,0
atlas,four_view_noKh,269289,2,1,1,1,0,0,0,0
atlas,four_view_noKh,269290,2,1,1,1,0,0,0,0
atlas,four_view_noKh,269294,2,1,1,1,0,0,0,0
atlas,four_view_noKh,269299,2,1,1,1,0,0,0,0
atlas,four_view_noKh,269305,2,1,1,1,0,0,0,0
atlas,four_view_noKh,269644,2,1,1,1,0,0,0,0
atlas,four_view_noKh,269716,2,1,1,1,0,0,0,0
atlas,four_view_noKh,269762,2,1,1,1,0,0,0,0
atlas,four_view_noKh,269764,2,1,1,1,0,0,0,0
atlas,four_view_noKh,269798,2,1,1,1,0,0,0,0
atlas,four_view_noKh,269868,2,1,1,1,0,0,0,0
atlas,four_view_noKh,269870,2,1,1,1,0,0,0,0
atlas,four_view_noKh,269903,2,1,1,1,0,0,0,0
atlas,four_view_noKh,269905,2,1,1,1,0,0,0,0
atlas,four_view_noKh,269983,2,1,1,1,0,0,0,0
atlas,four_view_noKh,270124,2,1,1,1,0,0,0,0
atlas,four_view_noKh,270141,2,1,1,1,0,0,0,0
atlas,four_view_noKh,270147,2,1,1,1,0,0,0,0
atlas,four_view_noKh,270367,2,1,1,1,0,0,0,0
atlas,four_view_noKh,270418,2,1,1,1,0,0,0,0
atlas,four_view_noKh,270469,2,1,1,1,0,0,0,0
atlas,four_view_noKh,270487,2,1,1,1,0,0,0,0
atlas,four_view_noKh,270619,4,6,1,1,0,0,0,0
atlas,four_view_noKh,270630,2,1,1,1,0,0,0,0
atlas,four_view_noKh,270639,2,1,1,1,0,0,0,0
atlas,four_view_noKh,270640,2,1,1,1,0,0,0,0
atlas,four_view_noKh,270641,2,1,1,1,0,0,0,0
atlas,four_view_noKh,270662,2,1,1,1,0,0,0,0
atlas,four_view_noKh,270663,2,1,1,1,0,0,0,0
atlas,four_view_noKh,270931,2,1,1,1,0,0,0,0
atlas,four_view_noKh,270950,2,1,1,1,0,0,0,0
atlas,four_view_noKh,271189,2,1,1,1,0,0,0,0
atlas,four_view_noKh,271191,2,1,1,1,0,0,0,0
atlas,four_view_noKh,271192,2,1,1,1,0,0,0,0
atlas,four_view_noKh,271239,2,1,1,1,0,0,0,0
atlas,four_view_noKh,271368,2,1,1,1,0,0,0,0
atlas,four_view_noKh,271463,2,1,1,1,0,0,0,0
atlas,four_view_noKh,271464,2,1,1,1,0,0,0,0
atlas,four_view_noKh,271618,2,1,1,1,0,0,0,0
atlas,four_view_noKh,271645,4,6,1,1,0,0,0,0
atlas,four_view_noKh,271650,2,1,1,1,0,0,0,0
atlas,four_view_noKh,271665,4,6,1,1,0,0,0,0
atlas,four_view_noKh,271675,2,1,1,1,0,0,0,0
atlas,four_view_noKh,271687,2,1,1,1,0,0,0,0
atlas,four_view_noKh,271691,2,1,1,1,0,0,0,0
atlas,four_view_noKh,271694,2,1,1,1,0,0,0,0
atlas,four_view_noKh,271696,2,1,1,1,0,0,0,0
atlas,four_view_noKh,271723,2,1,1,1,0,0,0,0
atlas,four_view_noKh,271770,2,1,1,1,0,0,0,0
atlas,four_view_noKh,271796,2,1,1,1,0,0,0,0
atlas,four_view_noKh,271934,2,1,1,1,0,0,0,0
atlas,four_view_noKh,271942,2,1,1,1,0,0,0,0
atlas,four_view_noKh,271943,2,1,1,1,0,0,0,0
atlas,four_view_noKh,271944,4,6,1,1,0,0,0,0
atlas,four_view_noKh,271946,2,1,1,1,0,0,0,0
atlas,four_view_noKh,272000,2,1,1,1,0,0,0,0
atlas,four_view_noKh,272128,2,1,1,1,0,0,0,0
atlas,four_view_noKh,272234,2,1,1,1,0,0,0,0
atlas,four_view_noKh,272294,2,1,1,1,0,0,0,0
atlas,four_view_noKh,272295,2,1,1,1,0,0,0,0
atlas,four_view_noKh,272396,2,1,1,1,0,0,0,0
atlas,four_view_noKh,272424,2,1,1,1,0,0,0,0
atlas,four_view_noKh,272426,2,1,1,1,0,0,0,0
atlas,four_view_noKh,272435,2,1,1,1,0,0,0,0
atlas,four_view_noKh,272587,2,1,1,1,0,0,0,0
atlas,four_view_noKh,272719,2,1,1,1,0,0,0,0
atlas,four_view_noKh,272723,2,1,1,1,0,0,0,0
atlas,four_view_noKh,272724,2,1,1,1,0,0,0,0
atlas,four_view_noKh,272758,2,1,1,1,0,0,0,0
atlas,four_view_noKh,272840,2,1,1,1,0,0,0,0
atlas,four_view_noKh,273035,2,1,1,1,0,0,0,0
atlas,four_view_noKh,273052,2,1,1,1,0,0,0,0
atlas,four_view_noKh,273126,2,1,1,1,0,0,0,0
atlas,four_view_noKh,273132,4,6,1,1,0,0,0,0
atlas,four_view_noKh,273134,4,6,1,1,0,0,0,0
atlas,four_view_noKh,273136,2,1,1,1,0,0,0,0
atlas,four_view_noKh,273189,2,1,1,1,0,0,0,0
atlas,four_view_noKh,273190,2,1,1,1,0,0,0,0
atlas,four_view_noKh,273234,2,1,1,1,0,0,0,0
atlas,four_view_noKh,273237,2,1,1,1,0,0,0,0
atlas,four_view_noKh,273429,2,1,1,1,0,0,0,0
atlas,four_view_noKh,273443,2,1,1,1,0,0,0,0
atlas,four_view_noKh,273444,2,1,1,1,0,0,0,0
atlas,four_view_noKh,273462,2,1,1,1,0,0,0,0
atlas,four_view_noKh,273463,2,1,1,1,0,0,0,0
atlas,four_view_noKh,273486,2,1,1,1,0,0,0,0
atlas,four_view_noKh,273487,2,1,1,1,0,0,0,0
atlas,four_view_noKh,273554,2,1,1,1,0,0,0,0
atlas,four_view_noKh,273704,2,1,1,1,0,0,0,0
atlas,four_view_noKh,273706,2,1,1,1,0,0,0,0
atlas,four_view_noKh,273802,2,1,1,1,0,0,0,0
atlas,four_view_noKh,273879,2,1,1,1,0,0,0,0
atlas,four_view_noKh,273950,2,1,1,1,0,0,0,0
atlas,four_view_noKh,273993,2,1,1,1,0,0,0,0
atlas,four_view_noKh,274007,2,1,1,1,0,0,0,0
atlas,four_view_noKh,274088,2,1,1,1,0,0,0,0
atlas,four_view_noKh,274166,2,1,1,1,0,0,0,0
atlas,four_view_noKh,274180,2,1,1,1,0,0,0,0
atlas,four_view_noKh,274181,2,1,1,1,0,0,0,0
atlas,four_view_noKh,274203,2,1,1,1,0,0,0,0
atlas,four_view_noKh,274265,2,1,1,1,0,0,0,0
atlas,four_view_noKh,274287,2,1,1,1,0,0,0,0
atlas,four_view_noKh,274346,2,1,1,1,0,0,0,0
atlas,four_view_noKh,274406,2,1,1,1,0,0,0,0
atlas,four_view_noKh,274412,2,1,1,1,0,0,0,0
atlas,four_view_noKh,274539,2,1,1,1,0,0,0,0
atlas,four_view_noKh,274540,2,1,1,1,0,0,0,0
atlas,four_view_noKh,274562,2,1,1,1,0,0,0,0
atlas,four_view_noKh,274563,2,1,1,1,0,0,0,0
atlas,four_view_noKh,274564,4,6,1,1,0,0,0,0
atlas,four_view_noKh,274565,2,1,1,1,0,0,0,0
atlas,four_view_noKh,274591,2,1,1,1,0,0,0,0
atlas,four_view_noKh,274592,2,1,1,1,0,0,0,0
atlas,four_view_noKh,274695,2,1,1,1,0,0,0,0
atlas,four_view_noKh,274696,2,1,1,1,0,0,0,0
atlas,four_view_noKh,274795,2,1,1,1,0,0,0,0
atlas,four_view_noKh,274796,2,1,1,1,0,0,0,0
atlas,four_view_noKh,274909,2,1,1,1,0,0,0,0
atlas,four_view_noKh,274918,2,1,1,1,0,0,0,0
atlas,four_view_noKh,274999,2,1,1,1,0,0,0,0
atlas,four_view_noKh,275001,2,1,1,1,0,0,0,0
atlas,four_view_noKh,275068,2,1,1,1,0,0,0,0
atlas,four_view_noKh,275104,2,1,1,1,0,0,0,0
atlas,four_view_noKh,275117,2,1,1,1,0,0,0,0
atlas,four_view_noKh,275130,2,1,1,1,0,0,0,0
atlas,four_view_noKh,275140,2,1,1,1,0,0,0,0
atlas,four_view_noKh,275142,2,1,1,1,0,0,0,0
atlas,four_view_noKh,275285,2,1,1,1,0,0,0,0
atlas,four_view_noKh,275515,2,1,1,1,0,0,0,0
atlas,four_view_noKh,275705,2,1,1,1,0,0,0,0
atlas,four_view_noKh,275708,2,1,1,1,0,0,0,0
atlas,four_view_noKh,275779,2,1,1,1,0,0,0,0
atlas,four_view_noKh,275843,2,1,1,1,0,0,0,0
atlas,four_view_noKh,275858,2,1,1,1,0,0,0,0
atlas,four_view_noKh,275863,2,1,1,1,0,0,0,0
atlas,four_view_noKh,275864,2,1,1,1,0,0,0,0
atlas,four_view_noKh,275865,2,1,1,1,0,0,0,0
atlas,four_view_noKh,275866,2,1,1,1,0,0,0,0
atlas,four_view_noKh,275867,2,1,1,1,0,0,0,0
atlas,four_view_noKh,275868,2,1,1,1,0,0,0,0
atlas,four_view_noKh,275926,2,1,1,1,0,0,0,0
atlas,four_view_noKh,275973,2,1,1,1,0,0,0,0
atlas,four_view_noKh,275974,2,1,1,1,0,0,0,0
atlas,four_view_noKh,276070,2,1,1,1,0,0,0,0
atlas,four_view_noKh,276176,2,1,1,1,0,0,0,0
atlas,four_view_noKh,276381,2,1,1,1,0,0,0,0
atlas,four_view_noKh,276397,2,1,1,1,0,0,0,0
atlas,four_view_noKh,276649,2,1,1,1,0,0,0,0
atlas,four_view_noKh,276650,2,1,1,1,0,0,0,0
atlas,four_view_noKh,276660,2,1,1,1,0,0,0,0
atlas,four_view_noKh,276667,2,1,1,1,0,0,0,0
atlas,four_view_noKh,276670,4,6,1,1,0,0,0,0
atlas,four_view_noKh,276679,3,3,1,1,0,0,0,0
atlas,four_view_noKh,276682,2,1,1,1,0,0,0,0
atlas,four_view_noKh,276688,2,1,1,1,0,0,0,0
atlas,four_view_noKh,276692,2,1,1,1,0,0,0,0
atlas,four_view_noKh,276696,2,1,1,1,0,0,0,0
atlas,four_view_noKh,276700,4,6,1,1,0,0,0,0
atlas,four_view_noKh,276705,2,1,1,1,0,0,0,0
atlas,four_view_noKh,276713,2,1,1,1,0,0,0,0
atlas,four_view_noKh,276776,2,1,1,1,0,0,0,0
atlas,four_view_noKh,276869,2,1,1,1,0,0,0,0
atlas,four_view_noKh,276907,2,1,1,1,0,0,0,0
atlas,four_view_noKh,277054,2,1,1,1,0,0,0,0
atlas,four_view_noKh,277132,2,1,1,1,0,0,0,0
atlas,four_view_noKh,277150,2,1,1,1,0,0,0,0
atlas,four_view_noKh,277151,2,1,1,1,0,0,0,0
atlas,four_view_noKh,277159,2,1,1,1,0,0,0,0
atlas,four_view_noKh,277163,2,1,1,1,0,0,0,0
atlas,four_view_noKh,277184,2,1,1,1,0,0,0,0
atlas,four_view_noKh,277215,2,1,1,1,0,0,0,0
atlas,four_view_noKh,277270,2,1,1,1,0,0,0,0
atlas,four_view_noKh,277315,2,1,1,1,0,0,0,0
atlas,four_view_noKh,277319,2,1,1,1,0,0,0,0
atlas,four_view_noKh,277322,2,1,1,1,0,0,0,0
atlas,four_view_noKh,277668,2,1,1,1,0,0,0,0
atlas,four_view_noKh,277797,3,3,1,1,0,0,0,0
atlas,four_view_noKh,277799,2,1,1,1,0,0,0,0
atlas,four_view_noKh,277800,2,1,1,1,0,0,0,0
atlas,four_view_noKh,277802,2,1,1,1,0,0,0,0
atlas,four_view_noKh,277807,2,1,1,1,0,0,0,0
atlas,four_view_noKh,277808,2,1,1,1,0,0,0,0
atlas,four_view_noKh,277809,2,1,1,1,0,0,0,0
atlas,four_view_noKh,277824,2,1,1,1,0,0,0,0
atlas,four_view_noKh,277829,2,1,1,1,0,0,0,0
atlas,four_view_noKh,277833,2,1,1,1,0,0,0,0
atlas,four_view_noKh,278021,2,1,1,1,0,0,0,0
atlas,four_view_noKh,278210,2,1,1,1,0,0,0,0
atlas,four_view_noKh,278252,2,1,1,1,0,0,0,0
atlas,four_view_noKh,278257,4,6,1,1,0,0,0,0
atlas,four_view_noKh,278258,2,1,1,1,0,0,0,0
atlas,four_view_noKh,278259,2,1,1,1,0,0,0,0
atlas,four_view_noKh,278262,2,1,1,1,0,0,0,0
atlas,four_view_noKh,278268,2,1,1,1,0,0,0,0
atlas,four_view_noKh,278271,2,1,1,1,0,0,0,0
atlas,four_view_noKh,278309,2,1,1,1,0,0,0,0
atlas,four_view_noKh,278349,2,1,1,1,0,0,0,0
atlas,four_view_noKh,278356,2,1,1,1,0,0,0,0
atlas,four_view_noKh,278357,2,1,1,1,0,0,0,0
atlas,four_view_noKh,278536,2,1,1,1,0,0,0,0
atlas,four_view_noKh,278538,2,1,1,1,0,0,0,0
atlas,four_view_noKh,278551,2,1,1,1,0,0,0,0
atlas,four_view_noKh,278792,2,1,1,1,0,0,0,0
atlas,four_view_noKh,278894,2,1,1,1,0,0,0,0
atlas,four_view_noKh,278923,2,1,1,1,0,0,0,0
atlas,four_view_noKh,278950,4,6,1,1,0,0,0,0
atlas,four_view_noKh,278951,2,1,1,1,0,0,0,0
atlas,four_view_noKh,278956,2,1,1,1,0,0,0,0
atlas,four_view_noKh,279117,2,1,1,1,0,0,0,0
atlas,four_view_noKh,279120,2,1,1,1,0,0,0,0
atlas,four_view_noKh,279126,2,1,1,1,0,0,0,0
atlas,four_view_noKh,279130,2,1,1,1,0,0,0,0
atlas,four_view_noKh,279160,2,1,1,1,0,0,0,0
atlas,four_view_noKh,279181,2,1,1,1,0,0,0,0
atlas,four_view_noKh,279388,2,1,1,1,0,0,0,0
atlas,four_view_noKh,279518,2,1,1,1,0,0,0,0
atlas,four_view_noKh,279597,2,1,1,1,0,0,0,0
atlas,four_view_noKh,279638,2,1,1,1,0,0,0,0
atlas,four_view_noKh,279673,2,1,1,1,0,0,0,0
atlas,four_view_noKh,279697,2,1,1,1,0,0,0,0
atlas,four_view_noKh,279720,2,1,1,1,0,0,0,0
atlas,four_view_noKh,279759,2,1,1,1,0,0,0,0
atlas,four_view_noKh,279792,2,1,1,1,0,0,0,0
atlas,four_view_noKh,280037,2,1,1,1,0,0,0,0
atlas,four_view_noKh,280056,2,1,1,1,0,0,0,0
atlas,four_view_noKh,280155,2,1,1,1,0,0,0,0
atlas,four_view_noKh,280156,2,1,1,1,0,0,0,0
atlas,four_view_noKh,280225,2,1,1,1,0,0,0,0
atlas,four_view_noKh,280393,2,1,1,1,0,0,0,0
atlas,four_view_noKh,280406,2,1,1,1,0,0,0,0
atlas,four_view_noKh,280476,2,1,1,1,0,0,0,0
atlas,four_view_noKh,280479,2,1,1,1,0,0,0,0
atlas,four_view_noKh,280580,2,1,1,1,0,0,0,0
atlas,four_view_noKh,280736,2,1,1,1,0,0,0,0
atlas,four_view_noKh,280793,2,1,1,1,0,0,0,0
atlas,four_view_noKh,280980,2,1,1,1,0,0,0,0
atlas,four_view_noKh,281164,2,1,1,1,0,0,0,0
atlas,four_view_noKh,281297,2,1,1,1,0,0,0,0
atlas,four_view_noKh,281570,2,1,1,1,0,0,0,0
atlas,four_view_noKh,281711,2,1,1,1,0,0,0,0
atlas,four_view_noKh,281712,2,1,1,1,0,0,0,0
atlas,four_view_noKh,281715,2,1,1,1,0,0,0,0
atlas,four_view_noKh,281716,2,1,1,1,0,0,0,0
atlas,four_view_noKh,281717,2,1,1,1,0,0,0,0
atlas,four_view_noKh,281718,2,1,1,1,0,0,0,0
atlas,four_view_noKh,281720,4,6,1,1,0,0,0,0
atlas,four_view_noKh,281722,2,1,1,1,0,0,0,0
atlas,four_view_noKh,281772,2,1,1,1,0,0,0,0
atlas,four_view_noKh,281816,2,1,1,1,0,0,0,0
atlas,four_view_noKh,281822,2,1,1,1,0,0,0,0
atlas,four_view_noKh,282016,2,1,1,1,0,0,0,0
atlas,four_view_noKh,282147,2,1,1,1,0,0,0,0
atlas,four_view_noKh,282195,2,1,1,1,0,0,0,0
atlas,four_view_noKh,282198,2,1,1,1,0,0,0,0
atlas,four_view_noKh,282258,2,1,1,1,0,0,0,0
atlas,four_view_noKh,282277,2,1,1,1,0,0,0,0
atlas,four_view_noKh,282319,2,1,1,1,0,0,0,0
atlas,four_view_noKh,282410,2,1,1,1,0,0,0,0
atlas,four_view_noKh,282411,2,1,1,1,0,0,0,0
atlas,four_view_noKh,282608,2,1,1,1,0,0,0,0
atlas,four_view_noKh,282680,2,1,1,1,0,0,0,0
atlas,four_view_noKh,282836,2,1,1,1,0,0,0,0
atlas,four_view_noKh,282948,2,1,1,1,0,0,0,0
atlas,four_view_noKh,282961,2,1,1,1,0,0,0,0
atlas,four_view_noKh,282981,2,1,1,1,0,0,0,0
atlas,four_view_noKh,282983,2,1,1,1,0,0,0,0
atlas,four_view_noKh,282992,2,1,1,1,0,0,0,0
atlas,four_view_noKh,283212,2,1,1,1,0,0,0,0
atlas,four_view_noKh,283213,2,1,1,1,0,0,0,0
atlas,four_view_noKh,283422,2,1,1,1,0,0,0,0
atlas,four_view_noKh,283474,2,1,1,1,0,0,0,0
atlas,four_view_noKh,283475,2,1,1,1,0,0,0,0
atlas,four_view_noKh,283476,2,1,1,1,0,0,0,0
atlas,four_view_noKh,283483,2,1,1,1,0,0,0,0
atlas,four_view_noKh,283496,2,1,1,1,0,0,0,0
atlas,four_view_noKh,283515,2,1,1,1,0,0,0,0
atlas,four_view_noKh,283531,2,1,1,1,0,0,0,0
atlas,four_view_noKh,283551,2,1,1,1,0,0,0,0
atlas,four_view_noKh,283552,2,1,1,1,0,0,0,0
atlas,four_view_noKh,283593,2,1,1,1,0,0,0,0
atlas,four_view_noKh,283616,2,1,1,1,0,0,0,0
atlas,four_view_noKh,283661,2,1,1,1,0,0,0,0
atlas,four_view_noKh,283672,2,1,1,1,0,0,0,0
atlas,four_view_noKh,283674,2,1,1,1,0,0,0,0
atlas,four_view_noKh,283681,2,1,1,1,0,0,0,0
atlas,four_view_noKh,283682,2,1,1,1,0,0,0,0
atlas,four_view_noKh,283686,2,1,1,1,0,0,0,0
atlas,four_view_noKh,283694,2,1,1,1,0,0,0,0
atlas,four_view_noKh,283707,2,1,1,1,0,0,0,0
atlas,four_view_noKh,283711,2,1,1,1,0,0,0,0
atlas,four_view_noKh,283725,2,1,1,1,0,0,0,0
atlas,four_view_noKh,283746,2,1,1,1,0,0,0,0
atlas,four_view_noKh,283795,2,1,1,1,0,0,0,0
atlas,four_view_noKh,283892,2,1,1,1,0,0,0,0
atlas,four_view_noKh,283893,2,1,1,1,0,0,0,0
atlas,four_view_noKh,283900,2,1,1,1,0,0,0,0
atlas,four_view_noKh,283904,2,1,1,1,0,0,0,0
atlas,four_view_noKh,283915,2,1,1,1,0,0,0,0
atlas,four_view_noKh,283917,2,1,1,1,0,0,0,0
atlas,four_view_noKh,283919,2,1,1,1,0,0,0,0
atlas,four_view_noKh,283923,2,1,1,1,0,0,0,0
atlas,four_view_noKh,283932,2,1,1,1,0,0,0,0
atlas,four_view_noKh,283940,2,1,1,1,0,0,0,0
atlas,four_view_noKh,283941,2,1,1,1,0,0,0,0
atlas,four_view_noKh,283943,2,1,1,1,0,0,0,0
atlas,four_view_noKh,283972,2,1,1,1,0,0,0,0
atlas,four_view_noKh,283975,2,1,1,1,0,0,0,0
atlas,four_view_noKh,283994,2,1,1,1,0,0,0,0
atlas,four_view_noKh,283999,2,1,1,1,0,0,0,0
atlas,four_view_noKh,284001,2,1,1,1,0,0,0,0
atlas,four_view_noKh,284003,2,1,1,1,0,0,0,0
atlas,four_view_noKh,284007,2,1,1,1,0,0,0,0
atlas,four_view_noKh,284008,2,1,1,1,0,0,0,0
atlas,four_view_noKh,284011,2,1,1,1,0,0,0,0
atlas,four_view_noKh,284012,2,1,1,1,0,0,0,0
atlas,four_view_noKh,284136,4,6,1,1,0,0,0,0
atlas,four_view_noKh,284137,2,1,1,1,0,0,0,0
atlas,four_view_noKh,284140,2,1,1,1,0,0,0,0
atlas,four_view_noKh,284141,2,1,1,1,0,0,0,0
atlas,four_view_noKh,284183,2,1,1,1,0,0,0,0
atlas,four_view_noKh,284225,2,1,1,1,0,0,0,0
atlas,four_view_noKh,284236,2,1,1,1,0,0,0,0
atlas,four_view_noKh,284338,2,1,1,1,0,0,0,0
atlas,four_view_noKh,284341,2,1,1,1,0,0,0,0
atlas,four_view_noKh,284356,2,1,1,1,0,0,0,0
atlas,four_view_noKh,284359,3,3,1,1,0,0,0,0
atlas,four_view_noKh,284361,2,1,1,1,0,0,0,0
atlas,four_view_noKh,284431,2,1,1,1,0,0,0,0
atlas,four_view_noKh,284506,2,1,1,1,0,0,0,0
atlas,four_view_noKh,284746,2,1,1,1,0,0,0,0
atlas,four_view_noKh,284747,2,1,1,1,0,0,0,0
atlas,four_view_noKh,284765,2,1,1,1,0,0,0,0
atlas,four_view_noKh,284766,2,1,1,1,0,0,0,0
atlas,four_view_noKh,284788,2,1,1,1,0,0,0,0
atlas,four_view_noKh,284864,2,1,1,1,0,0,0,0
atlas,four_view_noKh,284947,2,1,1,1,0,0,0,0
atlas,four_view_noKh,285060,2,1,1,1,0,0,0,0
atlas,four_view_noKh,285118,2,1,1,1,0,0,0,0
atlas,four_view_noKh,285127,4,6,1,1,0,0,0,0
atlas,four_view_noKh,285130,2,1,1,1,0,0,0,0
atlas,four_view_noKh,285138,2,1,1,1,0,0,0,0
atlas,four_view_noKh,285140,2,1,1,1,0,0,0,0
atlas,four_view_noKh,285142,2,1,1,1,0,0,0,0
atlas,four_view_noKh,285143,2,1,1,1,0,0,0,0
atlas,four_view_noKh,285144,4,6,1,1,0,0,0,0
atlas,four_view_noKh,285148,2,1,1,1,0,0,0,0
atlas,four_view_noKh,285178,2,1,1,1,0,0,0,0
atlas,four_view_noKh,285179,2,1,1,1,0,0,0,0
atlas,four_view_noKh,285183,2,1,1,1,0,0,0,0
atlas,four_view_noKh,285184,4,6,1,1,0,0,0,0
atlas,four_view_noKh,285250,2,1,1,1,0,0,0,0
atlas,four_view_noKh,285392,2,1,1,1,0,0,0,0
atlas,four_view_noKh,285405,2,1,1,1,0,0,0,0
atlas,four_view_noKh,285444,2,1,1,1,0,0,0,0
atlas,four_view_noKh,285448,2,1,1,1,0,0,0,0
atlas,four_view_noKh,285506,2,1,1,1,0,0,0,0
atlas,four_view_noKh,285756,2,1,1,1,0,0,0,0
atlas,four_view_noKh,285902,2,1,1,1,0,0,0,0
atlas,four_view_noKh,285916,2,1,1,1,0,0,0,0
atlas,four_view_noKh,285925,2,1,1,1,0,0,0,0
atlas,four_view_noKh,285928,2,1,1,1,0,0,0,0
atlas,four_view_noKh,285936,2,1,1,1,0,0,0,0
atlas,four_view_noKh,285940,2,1,1,1,0,0,0,0
atlas,four_view_noKh,285945,2,1,1,1,0,0,0,0
atlas,four_view_noKh,285956,2,1,1,1,0,0,0,0
atlas,four_view_noKh,285960,2,1,1,1,0,0,0,0
atlas,four_view_noKh,285962,2,1,1,1,0,0,0,0
atlas,four_view_noKh,285964,2,1,1,1,0,0,0,0
atlas,four_view_noKh,286208,2,1,1,1,0,0,0,0
atlas,four_view_noKh,286209,2,1,1,1,0,0,0,0
atlas,four_view_noKh,286211,2,1,1,1,0,0,0,0
atlas,four_view_noKh,286212,2,1,1,1,0,0,0,0
atlas,four_view_noKh,286306,2,1,1,1,0,0,0,0
atlas,four_view_noKh,286308,2,1,1,1,0,0,0,0
atlas,four_view_noKh,286385,2,1,1,1,0,0,0,0
atlas,four_view_noKh,286595,2,1,1,1,0,0,0,0
atlas,four_view_noKh,286640,2,1,1,1,0,0,0,0
atlas,four_view_noKh,286737,2,1,1,1,0,0,0,0
atlas,four_view_noKh,286860,2,1,1,1,0,0,0,0
atlas,four_view_noKh,286862,2,1,1,1,0,0,0,0
atlas,four_view_noKh,287088,2,1,1,1,0,0,0,0
atlas,four_view_noKh,287208,2,1,1,1,0,0,0,0
atlas,four_view_noKh,287209,2,1,1,1,0,0,0,0
atlas,four_view_noKh,287254,2,1,1,1,0,0,0,0
atlas,four_view_noKh,287263,2,1,1,1,0,0,0,0
atlas,four_view_noKh,287272,2,1,1,1,0,0,0,0
atlas,four_view_noKh,287295,2,1,1,1,0,0,0,0
atlas,four_view_noKh,287524,2,1,1,1,0,0,0,0
atlas,four_view_noKh,287582,2,1,1,1,0,0,0,0
atlas,four_view_noKh,287583,2,1,1,1,0,0,0,0
atlas,four_view_noKh,287743,2,1,1,1,0,0,0,0
atlas,four_view_noKh,287751,2,1,1,1,0,0,0,0
atlas,four_view_noKh,287797,2,1,1,1,0,0,0,0
atlas,four_view_noKh,287958,2,1,1,1,0,0,0,0
atlas,four_view_noKh,288224,2,1,1,1,0,0,0,0
atlas,four_view_noKh,288440,2,1,1,1,0,0,0,0
atlas,four_view_noKh,288520,2,1,1,1,0,0,0,0
atlas,four_view_noKh,288521,2,1,1,1,0,0,0,0
atlas,four_view_noKh,288569,2,1,1,1,0,0,0,0
atlas,four_view_noKh,288725,2,1,1,1,0,0,0,0
atlas,four_view_noKh,288726,2,1,1,1,0,0,0,0
atlas,four_view_noKh,288732,2,1,1,1,0,0,0,0
atlas,four_view_noKh,288739,2,1,1,1,0,0,0,0
atlas,four_view_noKh,288778,2,1,1,1,0,0,0,0
atlas,four_view_noKh,288779,2,1,1,1,0,0,0,0
atlas,four_view_noKh,288781,2,1,1,1,0,0,0,0
atlas,four_view_noKh,288914,2,1,1,1,0,0,0,0
atlas,four_view_noKh,288939,2,1,1,1,0,0,0,0
atlas,four_view_noKh,288942,2,1,1,1,0,0,0,0
atlas,four_view_noKh,288946,2,1,1,1,0,0,0,0
atlas,four_view_noKh,289034,2,1,1,1,0,0,0,0
atlas,four_view_noKh,289107,2,1,1,1,0,0,0,0
atlas,four_view_noKh,289191,2,1,1,1,0,0,0,0
atlas,four_view_noKh,289192,2,1,1,1,0,0,0,0
atlas,four_view_noKh,289255,2,1,1,1,0,0,0,0
atlas,four_view_noKh,289363,2,1,1,1,0,0,0,0
atlas,four_view_noKh,289510,2,1,1,1,0,0,0,0
atlas,four_view_noKh,289605,2,1,1,1,0,0,0,0
atlas,four_view_noKh,289674,2,1,1,1,0,0,0,0
atlas,four_view_noKh,289882,2,1,1,1,0,0,0,0
atlas,four_view_noKh,289929,2,1,1,1,0,0,0,0
atlas,four_view_noKh,290084,2,1,1,1,0,0,0,0
atlas,four_view_noKh,290147,2,1,1,1,0,0,0,0
atlas,four_view_noKh,290292,2,1,1,1,0,0,0,0
atlas,four_view_noKh,290386,2,1,1,1,0,0,0,0
atlas,four_view_noKh,290388,2,1,1,1,0,0,0,0
atlas,four_view_noKh,290421,2,1,1,1,0,0,0,0
atlas,four_view_noKh,290442,2,1,1,1,0,0,0,0
atlas,four_view_noKh,290444,2,1,1,1,0,0,0,0
atlas,four_view_noKh,290447,2,1,1,1,0,0,0,0
atlas,four_view_noKh,290456,2,1,1,1,0,0,0,0
atlas,four_view_noKh,290472,2,1,1,1,0,0,0,0
atlas,four_view_noKh,290473,2,1,1,1,0,0,0,0
atlas,four_view_noKh,290475,2,1,1,1,0,0,0,0
atlas,four_view_noKh,290711,2,1,1,1,0,0,0,0
atlas,four_view_noKh,290743,2,1,1,1,0,0,0,0
atlas,four_view_noKh,290797,2,1,1,1,0,0,0,0
atlas,four_view_noKh,291187,2,1,1,1,0,0,0,0
atlas,four_view_noKh,291200,2,1,1,1,0,0,0,0
atlas,four_view_noKh,291262,2,1,1,1,0,0,0,0
atlas,four_view_noKh,291340,2,1,1,1,0,0,0,0
atlas,four_view_noKh,291372,2,1,1,1,0,0,0,0
atlas,four_view_noKh,291383,2,1,1,1,0,0,0,0
atlas,four_view_noKh,291403,2,1,1,1,0,0,0,0
atlas,four_view_noKh,291414,2,1,1,1,0,0,0,0
atlas,four_view_noKh,291419,2,1,1,1,0,0,0,0
atlas,four_view_noKh,291420,2,1,1,1,0,0,0,0
atlas,four_view_noKh,291421,2,1,1,1,0,0,0,0
atlas,four_view_noKh,291439,2,1,1,1,0,0,0,0
atlas,four_view_noKh,291450,2,1,1,1,0,0,0,0
atlas,four_view_noKh,291479,2,1,1,1,0,0,0,0
atlas,four_view_noKh,291480,2,1,1,1,0,0,0,0
atlas,four_view_noKh,291483,4,6,1,1,0,0,0,0
atlas,four_view_noKh,291497,2,1,1,1,0,0,0,0
atlas,four_view_noKh,291502,2,1,1,1,0,0,0,0
atlas,four_view_noKh,291507,4,6,1,1,0,0,0,0
atlas,four_view_noKh,291513,2,1,1,1,0,0,0,0
atlas,four_view_noKh,291516,2,1,1,1,0,0,0,0
atlas,four_view_noKh,291517,2,1,1,1,0,0,0,0
atlas,four_view_noKh,291655,2,1,1,1,0,0,0,0
atlas,four_view_noKh,291779,2,1,1,1,0,0,0,0
atlas,four_view_noKh,291818,2,1,1,1,0,0,0,0
atlas,four_view_noKh,291825,2,1,1,1,0,0,0,0
atlas,four_view_noKh,291830,2,1,1,1,0,0,0,0
atlas,four_view_noKh,291833,4,6,1,1,0,0,0,0
atlas,four_view_noKh,291840,2,1,1,1,0,0,0,0
atlas,four_view_noKh,291859,2,1,1,1,0,0,0,0
atlas,four_view_noKh,291932,2,1,1,1,0,0,0,0
atlas,four_view_noKh,292155,2,1,1,1,0,0,0,0
atlas,four_view_noKh,292202,2,1,1,1,0,0,0,0
atlas,four_view_noKh,292204,2,1,1,1,0,0,0,0
atlas,four_view_noKh,292483,2,1,1,1,0,0,0,0
atlas,four_view_noKh,292484,2,1,1,1,0,0,0,0
atlas,four_view_noKh,292488,2,1,1,1,0,0,0,0
atlas,four_view_noKh,292500,2,1,1,1,0,0,0,0
atlas,four_view_noKh,292501,2,1,1,1,0,0,0,0
atlas,four_view_noKh,292559,2,1,1,1,0,0,0,0
atlas,four_view_noKh,292567,2,1,1,1,0,0,0,0
atlas,four_view_noKh,292614,2,1,1,1,0,0,0,0
atlas,four_view_noKh,292625,2,1,1,1,0,0,0,0
atlas,four_view_noKh,292626,2,1,1,1,0,0,0,0
atlas,four_view_noKh,292637,2,1,1,1,0,0,0,0
atlas,four_view_noKh,292640,2,1,1,1,0,0,0,0
atlas,four_view_noKh,292642,2,1,1,1,0,0,0,0
atlas,four_view_noKh,292669,2,1,1,1,0,0,0,0
atlas,four_view_noKh,292995,2,1,1,1,0,0,0,0
atlas,four_view_noKh,293002,2,1,1,1,0,0,0,0
atlas,four_view_noKh,293226,2,1,1,1,0,0,0,0
atlas,four_view_noKh,293229,2,1,1,1,0,0,0,0
atlas,four_view_noKh,293269,2,1,1,1,0,0,0,0
atlas,four_view_noKh,293793,2,1,1,1,0,0,0,0
atlas,four_view_noKh,293794,2,1,1,1,0,0,0,0
atlas,four_view_noKh,293827,2,1,1,1,0,0,0,0
atlas,four_view_noKh,293861,3,3,1,1,0,0,0,0
atlas,four_view_noKh,293868,2,1,1,1,0,0,0,0
atlas,four_view_noKh,293869,2,1,1,1,0,0,0,0
atlas,four_view_noKh,293998,2,1,1,1,0,0,0,0
atlas,four_view_noKh,294048,2,1,1,1,0,0,0,0
atlas,four_view_noKh,294110,2,1,1,1,0,0,0,0
atlas,four_view_noKh,294145,2,1,1,1,0,0,0,0
atlas,four_view_noKh,294343,2,1,1,1,0,0,0,0
atlas,four_view_noKh,294345,2,1,1,1,0,0,0,0
atlas,four_view_noKh,294349,2,1,1,1,0,0,0,0
atlas,four_view_noKh,294351,2,1,1,1,0,0,0,0
atlas,four_view_noKh,294355,2,1,1,1,0,0,0,0
atlas,four_view_noKh,294365,2,1,1,1,0,0,0,0
atlas,four_view_noKh,294385,2,1,1,1,0,0,0,0
atlas,four_view_noKh,294388,2,1,1,1,0,0,0,0
atlas,four_view_noKh,294389,4,6,1,1,0,0,0,0
atlas,four_view_noKh,294390,2,1,1,1,0,0,0,0
atlas,four_view_noKh,294399,2,1,1,1,0,0,0,0
atlas,four_view_noKh,294403,2,1,1,1,0,0,0,0
atlas,four_view_noKh,294408,2,1,1,1,0,0,0,0
atlas,four_view_noKh,294424,2,1,1,1,0,0,0,0
atlas,four_view_noKh,294478,2,1,1,1,0,0,0,0
atlas,four_view_noKh,294749,2,1,1,1,0,0,0,0
atlas,four_view_noKh,294801,2,1,1,1,0,0,0,0
atlas,four_view_noKh,294804,2,1,1,1,0,0,0,0
atlas,four_view_noKh,294806,2,1,1,1,0,0,0,0
atlas,four_view_noKh,294808,4,6,1,1,0,0,0,0
atlas,four_view_noKh,294810,2,1,1,1,0,0,0,0
atlas,four_view_noKh,294823,2,1,1,1,0,0,0,0
atlas,four_view_noKh,294838,2,1,1,1,0,0,0,0
atlas,four_view_noKh,294944,2,1,1,1,0,0,0,0
atlas,four_view_noKh,295023,2,1,1,1,0,0,0,0
atlas,four_view_noKh,295027,2,1,1,1,0,0,0,0
atlas,four_view_noKh,295082,2,1,1,1,0,0,0,0
atlas,four_view_noKh,295313,2,1,1,1,0,0,0,0
atlas,four_view_noKh,295338,2,1,1,1,0,0,0,0
atlas,four_view_noKh,295380,2,1,1,1,0,0,0,0
atlas,four_view_noKh,295588,2,1,1,1,0,0,0,0
atlas,four_view_noKh,295743,2,1,1,1,0,0,0,0
atlas,four_view_noKh,295772,2,1,1,1,0,0,0,0
atlas,four_view_noKh,295880,2,1,1,1,0,0,0,0
atlas,four_view_noKh,295990,2,1,1,1,0,0,0,0
atlas,four_view_noKh,295991,2,1,1,1,0,0,0,0
atlas,four_view_noKh,296132,2,1,1,1,0,0,0,0
atlas,four_view_noKh,296135,2,1,1,1,0,0,0,0
atlas,four_view_noKh,296137,2,1,1,1,0,0,0,0
atlas,four_view_noKh,296194,2,1,1,1,0,0,0,0
atlas,four_view_noKh,296347,2,1,1,1,0,0,0,0
atlas,four_view_noKh,296522,2,1,1,1,0,0,0,0
atlas,four_view_noKh,296545,2,1,1,1,0,0,0,0
atlas,four_view_noKh,296546,2,1,1,1,0,0,0,0
atlas,four_view_noKh,296547,2,1,1,1,0,0,0,0
atlas,four_view_noKh,296550,2,1,1,1,0,0,0,0
atlas,four_view_noKh,296551,2,1,1,1,0,0,0,0
atlas,four_view_noKh,296552,2,1,1,1,0,0,0,0
atlas,four_view_noKh,296588,2,1,1,1,0,0,0,0
atlas,four_view_noKh,296662,2,1,1,1,0,0,0,0
atlas,four_view_noKh,296767,2,1,1,1,0,0,0,0
atlas,four_view_noKh,296972,2,1,1,1,0,0,0,0
atlas,four_view_noKh,296995,2,1,1,1,0,0,0,0
atlas,four_view_noKh,297043,2,1,1,1,0,0,0,0
atlas,four_view_noKh,297204,2,1,1,1,0,0,0,0
atlas,four_view_noKh,297209,2,1,1,1,0,0,0,0
atlas,four_view_noKh,297228,2,1,1,1,0,0,0,0
atlas,four_view_noKh,297233,2,1,1,1,0,0,0,0
atlas,four_view_noKh,297238,2,1,1,1,0,0,0,0
atlas,four_view_noKh,297239,2,1,1,1,0,0,0,0
atlas,four_view_noKh,297247,2,1,1,1,0,0,0,0
atlas,four_view_noKh,297249,2,1,1,1,0,0,0,0
atlas,four_view_noKh,297253,2,1,1,1,0,0,0,0
atlas,four_view_noKh,297259,2,1,1,1,0,0,0,0
atlas,four_view_noKh,297308,2,1,1,1,0,0,0,0
atlas,four_view_noKh,297309,2,1,1,1,0,0,0,0
atlas,four_view_noKh,297312,2,1,1,1,0,0,0,0
atlas,four_view_noKh,297313,2,1,1,1,0,0,0,0
atlas,four_view_noKh,297316,2,1,1,1,0,0,0,0
atlas,four_view_noKh,297326,2,1,1,1,0,0,0,0
atlas,four_view_noKh,297481,2,1,1,1,0,0,0,0
atlas,four_view_noKh,297627,2,1,1,1,0,0,0,0
atlas,four_view_noKh,297738,2,1,1,1,0,0,0,0
atlas,four_view_noKh,297739,2,1,1,1,0,0,0,0
atlas,four_view_noKh,297794,2,1,1,1,0,0,0,0
atlas,four_view_noKh,297795,2,1,1,1,0,0,0,0
atlas,four_view_noKh,297958,2,1,1,1,0,0,0,0
atlas,four_view_noKh,297961,2,1,1,1,0,0,0,0
atlas,four_view_noKh,297979,2,1,1,1,0,0,0,0
atlas,four_view_noKh,297993,2,1,1,1,0,0,0,0
atlas,four_view_noKh,298086,2,1,1,1,0,0,0,0
atlas,four_view_noKh,298150,2,1,1,1,0,0,0,0
atlas,four_view_noKh,298152,2,1,1,1,0,0,0,0
atlas,four_view_noKh,298345,2,1,1,1,0,0,0,0
atlas,four_view_noKh,298419,2,1,1,1,0,0,0,0
atlas,four_view_noKh,298428,2,1,1,1,0,0,0,0
atlas,four_view_noKh,298431,3,3,1,1,0,0,0,0
atlas,four_view_noKh,298433,2,1,1,1,0,0,0,0
atlas,four_view_noKh,298434,2,1,1,1,0,0,0,0
atlas,four_view_noKh,298435,2,1,1,1,0,0,0,0
atlas,four_view_noKh,298438,2,1,1,1,0,0,0,0
atlas,four_view_noKh,298439,2,1,1,1,0,0,0,0
atlas,four_view_noKh,298543,2,1,1,1,0,0,0,0
atlas,four_view_noKh,298550,2,1,1,1,0,0,0,0
atlas,four_view_noKh,298586,4,6,1,1,0,0,0,0
atlas,four_view_noKh,298591,2,1,1,1,0,0,0,0
atlas,four_view_noKh,298593,2,1,1,1,0,0,0,0
atlas,four_view_noKh,298660,5,10,1,1,0,0,0,0
atlas,four_view_noKh,298666,2,1,1,1,0,0,0,0
atlas,four_view_noKh,298674,2,1,1,1,0,0,0,0
atlas,four_view_noKh,298675,2,1,1,1,0,0,0,0
atlas,four_view_noKh,298676,2,1,1,1,0,0,0,0
atlas,four_view_noKh,298677,2,1,1,1,0,0,0,0
atlas,four_view_noKh,298695,2,1,1,1,0,0,0,0
atlas,four_view_noKh,298771,2,1,1,1,0,0,0,0
atlas,four_view_noKh,298857,2,1,1,1,0,0,0,0
atlas,four_view_noKh,298934,2,1,1,1,0,0,0,0
atlas,four_view_noKh,298943,2,1,1,1,0,0,0,0
atlas,four_view_noKh,299028,2,1,1,1,0,0,0,0
atlas,four_view_noKh,299142,2,1,1,1,0,0,0,0
atlas,four_view_noKh,299143,2,1,1,1,0,0,0,0
atlas,four_view_noKh,299148,2,1,1,1,0,0,0,0
atlas,four_view_noKh,299149,2,1,1,1,0,0,0,0
atlas,four_view_noKh,299186,2,1,1,1,0,0,0,0
atlas,four_view_noKh,299201,2,1,1,1,0,0,0,0
atlas,four_view_noKh,299294,2,1,1,1,0,0,0,0
atlas,four_view_noKh,299295,2,1,1,1,0,0,0,0
atlas,four_view_noKh,299392,2,1,1,1,0,0,0,0
atlas,four_view_noKh,299393,2,1,1,1,0,0,0,0
atlas,four_view_noKh,299415,2,1,1,1,0,0,0,0
atlas,four_view_noKh,299507,2,1,1,1,0,0,0,0
atlas,four_view_noKh,299538,2,1,1,1,0,0,0,0
atlas,four_view_noKh,299539,2,1,1,1,0,0,0,0
atlas,four_view_noKh,299568,2,1,1,1,0,0,0,0
atlas,four_view_noKh,299787,2,1,1,1,0,0,0,0
atlas,four_view_noKh,299799,2,1,1,1,0,0,0,0
atlas,four_view_noKh,299819,2,1,1,1,0,0,0,0
atlas,four_view_noKh,300224,2,1,1,1,0,0,0,0
atlas,four_view_noKh,300247,2,1,1,1,0,0,0,0
atlas,four_view_noKh,300287,2,1,1,1,0,0,0,0
atlas,four_view_noKh,300288,2,1,1,1,0,0,0,0
atlas,four_view_noKh,300319,4,6,1,1,0,0,0,0
atlas,four_view_noKh,300321,2,1,1,1,0,0,0,0
atlas,four_view_noKh,300329,2,1,1,1,0,0,0,0
atlas,four_view_noKh,300332,2,1,1,1,0,0,0,0
atlas,four_view_noKh,300464,2,1,1,1,0,0,0,0
atlas,four_view_noKh,300560,2,1,1,1,0,0,0,0
atlas,four_view_noKh,300791,2,1,1,1,0,0,0,0
atlas,four_view_noKh,300845,4,6,1,1,0,0,0,0
atlas,four_view_noKh,300846,2,1,1,1,0,0,0,0
atlas,four_view_noKh,300871,2,1,1,1,0,0,0,0
atlas,four_view_noKh,300998,2,1,1,1,0,0,0,0
atlas,four_view_noKh,301000,2,1,1,1,0,0,0,0
atlas,four_view_noKh,301014,2,1,1,1,0,0,0,0
atlas,four_view_noKh,301038,2,1,1,1,0,0,0,0
atlas,four_view_noKh,301073,2,1,1,1,0,0,0,0
atlas,four_view_noKh,301118,2,1,1,1,0,0,0,0
atlas,four_view_noKh,301235,2,1,1,1,0,0,0,0
atlas,four_view_noKh,301263,2,1,1,1,0,0,0,0
atlas,four_view_noKh,301265,2,1,1,1,0,0,0,0
atlas,four_view_noKh,301272,3,3,1,1,0,0,0,0
atlas,four_view_noKh,301279,2,1,1,1,0,0,0,0
atlas,four_view_noKh,301404,2,1,1,1,0,0,0,0
atlas,four_view_noKh,301606,2,1,1,1,0,0,0,0
atlas,four_view_noKh,301609,2,1,1,1,0,0,0,0
atlas,four_view_noKh,301826,2,1,1,1,0,0,0,0
atlas,four_view_noKh,301911,2,1,1,1,0,0,0,0
atlas,four_view_noKh,301914,2,1,1,1,0,0,0,0
atlas,four_view_noKh,301915,2,1,1,1,0,0,0,0
atlas,four_view_noKh,302099,2,1,1,1,0,0,0,0
atlas,four_view_noKh,302172,2,1,1,1,0,0,0,0
atlas,four_view_noKh,302173,2,1,1,1,0,0,0,0
atlas,four_view_noKh,302180,2,1,1,1,0,0,0,0
atlas,four_view_noKh,302181,2,1,1,1,0,0,0,0
atlas,four_view_noKh,302327,4,6,1,1,0,0,0,0
atlas,four_view_noKh,302328,2,1,1,1,0,0,0,0
atlas,four_view_noKh,302339,2,1,1,1,0,0,0,0
atlas,four_view_noKh,302340,2,1,1,1,0,0,0,0
atlas,four_view_noKh,302348,2,1,1,1,0,0,0,0
atlas,four_view_noKh,302349,4,6,1,1,0,0,0,0
atlas,four_view_noKh,302377,2,1,1,1,0,0,0,0
atlas,four_view_noKh,302431,2,1,1,1,0,0,0,0
atlas,four_view_noKh,302456,2,1,1,1,0,0,0,0
atlas,four_view_noKh,302550,2,1,1,1,0,0,0,0
atlas,four_view_noKh,302561,2,1,1,1,0,0,0,0
atlas,four_view_noKh,302570,2,1,1,1,0,0,0,0
atlas,four_view_noKh,302575,2,1,1,1,0,0,0,0
atlas,four_view_noKh,302578,2,1,1,1,0,0,0,0
atlas,four_view_noKh,302874,2,1,1,1,0,0,0,0
atlas,four_view_noKh,302875,2,1,1,1,0,0,0,0
atlas,four_view_noKh,302928,2,1,1,1,0,0,0,0
atlas,four_view_noKh,302962,2,1,1,1,0,0,0,0
atlas,four_view_noKh,302990,2,1,1,1,0,0,0,0
atlas,four_view_noKh,303151,2,1,1,1,0,0,0,0
atlas,four_view_noKh,303227,2,1,1,1,0,0,0,0
atlas,four_view_noKh,303233,2,1,1,1,0,0,0,0
atlas,four_view_noKh,303234,2,1,1,1,0,0,0,0
atlas,four_view_noKh,303240,2,1,1,1,0,0,0,0
atlas,four_view_noKh,303244,2,1,1,1,0,0,0,0
atlas,four_view_noKh,303245,2,1,1,1,0,0,0,0
atlas,four_view_noKh,303478,2,1,1,1,0,0,0,0
atlas,four_view_noKh,303519,2,1,1,1,0,0,0,0
atlas,four_view_noKh,303593,2,1,1,1,0,0,0,0
atlas,four_view_noKh,303670,2,1,1,1,0,0,0,0
atlas,four_view_noKh,303683,4,6,1,1,0,0,0,0
atlas,four_view_noKh,303684,4,6,1,1,0,0,0,0
atlas,four_view_noKh,303686,4,6,1,1,0,0,0,0
atlas,four_view_noKh,303721,2,1,1,1,0,0,0,0
atlas,four_view_noKh,303744,2,1,1,1,0,0,0,0
atlas,four_view_noKh,303745,2,1,1,1,0,0,0,0
atlas,four_view_noKh,303766,2,1,1,1,0,0,0,0
atlas,four_view_noKh,303825,2,1,1,1,0,0,0,0
atlas,four_view_noKh,303827,2,1,1,1,0,0,0,0
atlas,four_view_noKh,303879,2,1,1,1,0,0,0,0
atlas,four_view_noKh,303923,2,1,1,1,0,0,0,0
atlas,four_view_noKh,303947,2,1,1,1,0,0,0,0
atlas,four_view_noKh,303957,2,1,1,1,0,0,0,0
atlas,four_view_noKh,304156,2,1,1,1,0,0,0,0
atlas,four_view_noKh,304162,2,1,1,1,0,0,0,0
atlas,four_view_noKh,304177,2,1,1,1,0,0,0,0
atlas,four_view_noKh,304206,2,1,1,1,0,0,0,0
atlas,four_view_noKh,304269,2,1,1,1,0,0,0,0
atlas,four_view_noKh,304277,2,1,1,1,0,0,0,0
atlas,four_view_noKh,304293,2,1,1,1,0,0,0,0
atlas,four_view_noKh,304294,2,1,1,1,0,0,0,0
atlas,four_view_noKh,304494,2,1,1,1,0,0,0,0
atlas,four_view_noKh,304553,2,1,1,1,0,0,0,0
atlas,four_view_noKh,304665,2,1,1,1,0,0,0,0
atlas,four_view_noKh,304731,2,1,1,1,0,0,0,0
atlas,four_view_noKh,304751,2,1,1,1,0,0,0,0
atlas,four_view_noKh,305107,2,1,1,1,0,0,0,0
atlas,four_view_noKh,305109,2,1,1,1,0,0,0,0
atlas,four_view_noKh,305143,2,1,1,1,0,0,0,0
atlas,four_view_noKh,305267,2,1,1,1,0,0,0,0
atlas,four_view_noKh,305305,2,1,1,1,0,0,0,0
atlas,four_view_noKh,305453,2,1,1,1,0,0,0,0
atlas,four_view_noKh,305652,2,1,1,1,0,0,0,0
atlas,four_view_noKh,305693,2,1,1,1,0,0,0,0
atlas,four_view_noKh,305703,2,1,1,1,0,0,0,0
atlas,four_view_noKh,305967,2,1,1,1,0,0,0,0
atlas,four_view_noKh,306031,2,1,1,1,0,0,0,0
atlas,four_view_noKh,306142,2,1,1,1,0,0,0,0
atlas,four_view_noKh,306145,2,1,1,1,0,0,0,0
atlas,four_view_noKh,306146,2,1,1,1,0,0,0,0
atlas,four_view_noKh,306282,2,1,1,1,0,0,0,0
atlas,four_view_noKh,306353,2,1,1,1,0,0,0,0
atlas,four_view_noKh,306630,2,1,1,1,0,0,0,0
atlas,four_view_noKh,306665,2,1,1,1,0,0,0,0
