mode,prevalence_regime,scenario,replicate,n,target_prevalence,selected_n,realized_prevalence,gcm_stat,normal_p,multiplier_p,multiplier_reps
oracle,moderate,uneven_propensity,0,12000,0.02,234,0.0195,0.7839431261483748,0.21653674151056418,0.215,399
oracle,moderate,uneven_propensity,1,12000,0.02,221,0.018416666666666668,-0.20358191219804023,0.5806598854493719,0.6075,399
oracle,moderate,uneven_propensity,2,12000,0.02,260,0.021666666666666667,0.632616596838119,0.2634920231090606,0.2525,399
oracle,moderate,uneven_propensity,3,12000,0.02,219,0.01825,-0.8037691745614188,0.7892348523000807,0.785,399
oracle,moderate,uneven_propensity,4,12000,0.02,242,0.020166666666666666,0.21016803867660275,0.41676826194621297,0.42,399
oracle,moderate,uneven_propensity,5,12000,0.02,244,0.02033333333333333,-1.6043204976076613,0.9456782874076043,0.9475,399
oracle,moderate,uneven_propensity,6,12000,0.02,238,0.019833333333333335,-0.6376324783700206,0.7381435257428196,0.7425,399
oracle,moderate,uneven_propensity,7,12000,0.02,243,0.02025,0.9531552510096669,0.1702557077651286,0.1775,399
oracle,moderate,uneven_propensity,8,12000,0.02,228,0.019,0.364981306752875,0.35756268009299774,0.385,399
oracle,moderate,uneven_propensity,9,12000,0.02,258,0.0215,0.23824114452415554,0.40584703347128614,0.4125,399
oracle,moderate,uneven_propensity,10,12000,0.02,229,0.019083333333333334,-1.013598895680425,0.8446129075780514,0.845,399
oracle,moderate,uneven_propensity,11,12000,0.02,240,0.02,0.819797805530385,0.20616569113875172,0.2025,399
oracle,moderate,uneven_propensity,12,12000,0.02,238,0.019833333333333335,-0.12608958436579723,0.550169493930194,0.5425,399
oracle,moderate,uneven_propensity,13,12000,0.02,232,0.019333333333333334,0.06651310036705205,0.47348466411079965,0.46,399
oracle,moderate,uneven_propensity,14,12000,0.02,242,0.020166666666666666,-0.005238695073248787,0.5020899273995431,0.56,399
oracle,moderate,uneven_propensity,15,12000,0.02,245,0.020416666666666666,0.2857087851933348,0.38755058772634465,0.3975,399
oracle,moderate,uneven_propensity,16,12000,0.02,229,0.019083333333333334,1.202679718610882,0.11455014261882657,0.145,399
oracle,moderate,uneven_propensity,17,12000,0.02,213,0.01775,-0.5512638746108278,0.7092736005144049,0.74,399
oracle,moderate,uneven_propensity,18,12000,0.02,248,0.020666666666666667,-0.15406809401267876,0.5612219774203071,0.59,399
oracle,moderate,uneven_propensity,19,12000,0.02,214,0.017833333333333333,-0.6028769591488032,0.7267047275555374,0.7025,399
oracle,moderate,uneven_propensity,20,12000,0.02,260,0.021666666666666667,-1.0169505965290924,0.8454115340069825,0.84,399
oracle,moderate,uneven_propensity,21,12000,0.02,229,0.019083333333333334,-1.3782641592996636,0.9159391276927404,0.935,399
oracle,moderate,uneven_propensity,22,12000,0.02,237,0.01975,0.8115383798292264,0.20852828085354203,0.2075,399
oracle,moderate,uneven_propensity,23,12000,0.02,216,0.018,-0.6210744078093206,0.7327246665091084,0.755,399
oracle,moderate,uneven_propensity,24,12000,0.02,246,0.0205,-0.0637056533940926,0.5253976984320335,0.5425,399
oracle,moderate,uneven_propensity,25,12000,0.02,246,0.0205,-1.096322464248926,0.8635311590478566,0.8575,399
oracle,moderate,uneven_propensity,26,12000,0.02,237,0.01975,-0.8512237090628958,0.8026774525625673,0.8325,399
oracle,moderate,uneven_propensity,27,12000,0.02,244,0.02033333333333333,-0.20210890030978612,0.5800842049962345,0.5675,399
oracle,moderate,uneven_propensity,28,12000,0.02,235,0.019583333333333335,-0.034441321008474926,0.5137373831983082,0.5575,399
oracle,moderate,uneven_propensity,29,12000,0.02,261,0.02175,0.23089887838183068,0.4086966810577527,0.395,399
oracle,moderate,uneven_propensity,30,12000,0.02,256,0.021333333333333333,-1.6967479260900535,0.95512783620945,0.9375,399
oracle,moderate,uneven_propensity,31,12000,0.02,250,0.020833333333333332,-2.557398534931933,0.9947270840702158,0.995,399
oracle,moderate,uneven_propensity,32,12000,0.02,241,0.020083333333333335,-1.1850441187617589,0.8819999981920044,0.8625,399
oracle,moderate,uneven_propensity,33,12000,0.02,234,0.0195,-2.2759532468333186,0.988575595981608,0.99,399
oracle,moderate,uneven_propensity,34,12000,0.02,248,0.020666666666666667,0.2677078917471839,0.394462087371304,0.41,399
oracle,moderate,uneven_propensity,35,12000,0.02,232,0.019333333333333334,1.4547809763443058,0.07286495318952335,0.055,399
oracle,moderate,uneven_propensity,36,12000,0.02,267,0.02225,0.8964567784052903,0.18500442721757765,0.1675,399
oracle,moderate,uneven_propensity,37,12000,0.02,235,0.019583333333333335,0.6955660606098538,0.2433503135149615,0.25,399
oracle,moderate,uneven_propensity,38,12000,0.02,236,0.019666666666666666,-0.856767428523614,0.8042132850370564,0.795,399
oracle,moderate,uneven_propensity,39,12000,0.02,244,0.02033333333333333,-0.4788217134603753,0.6839672659000362,0.655,399
oracle,moderate,uneven_propensity,40,12000,0.02,239,0.019916666666666666,0.5560167486197181,0.28909970260312096,0.2575,399
oracle,moderate,uneven_propensity,41,12000,0.02,223,0.018583333333333334,-0.7907700589663363,0.7854609075602021,0.7625,399
oracle,moderate,uneven_propensity,42,12000,0.02,237,0.01975,0.5069882178540551,0.3060815427884004,0.355,399
oracle,moderate,uneven_propensity,43,12000,0.02,232,0.019333333333333334,0.002222224415203593,0.4991134614538978,0.5325,399
oracle,moderate,uneven_propensity,44,12000,0.02,250,0.020833333333333332,-0.999805386223962,0.8412976506498908,0.86,399
oracle,moderate,uneven_propensity,45,12000,0.02,231,0.01925,0.025550702618518488,0.4898078534143592,0.4675,399
oracle,moderate,uneven_propensity,46,12000,0.02,258,0.0215,-0.8891789864736586,0.8130465528576143,0.815,399
oracle,moderate,uneven_propensity,47,12000,0.02,255,0.02125,-2.341697554618197,0.9904018681530813,0.985,399
oracle,moderate,uneven_propensity,48,12000,0.02,235,0.019583333333333335,3.156540651660301,0.000798263157316939,0.0025,399
oracle,moderate,uneven_propensity,49,12000,0.02,222,0.0185,-0.37349397418492625,0.6456095853445938,0.6425,399
oracle,moderate,uneven_propensity,50,12000,0.02,260,0.021666666666666667,0.4885909323817159,0.31256566695484167,0.3175,399
oracle,moderate,uneven_propensity,51,12000,0.02,256,0.021333333333333333,0.7407795895614551,0.22941354628044625,0.2375,399
oracle,moderate,uneven_propensity,52,12000,0.02,221,0.018416666666666668,0.6261992639666839,0.2655921249726245,0.255,399
oracle,moderate,uneven_propensity,53,12000,0.02,263,0.021916666666666668,-1.6650721762193956,0.9520508215013025,0.95,399
oracle,moderate,uneven_propensity,54,12000,0.02,242,0.020166666666666666,0.1159210481514094,0.45385755706973796,0.44,399
oracle,moderate,uneven_propensity,55,12000,0.02,223,0.018583333333333334,-0.5659647509657086,0.7142911286275804,0.7025,399
oracle,moderate,uneven_propensity,56,12000,0.02,221,0.018416666666666668,-0.19371085201679997,0.5767988529417667,0.6325,399
oracle,moderate,uneven_propensity,57,12000,0.02,234,0.0195,1.7407139466831296,0.040866866188325135,0.03,399
oracle,moderate,uneven_propensity,58,12000,0.02,235,0.019583333333333335,-0.6298073487257594,0.7355896814751541,0.7225,399
oracle,moderate,uneven_propensity,59,12000,0.02,253,0.021083333333333332,-0.09485913796871456,0.5377866433574056,0.5225,399
oracle,moderate,uneven_propensity,60,12000,0.02,237,0.01975,0.2670121548848117,0.39472990125476953,0.3825,399
oracle,moderate,uneven_propensity,61,12000,0.02,227,0.018916666666666665,1.8671841673406189,0.030937936907273377,0.035,399
oracle,moderate,uneven_propensity,62,12000,0.02,234,0.0195,2.0481820237325716,0.02027108358500109,0.03,399
oracle,moderate,uneven_propensity,63,12000,0.02,272,0.02266666666666667,-0.7629038487863496,0.7772396296482419,0.7675,399
oracle,moderate,uneven_propensity,64,12000,0.02,237,0.01975,-0.6481766055904205,0.7415646344002051,0.7675,399
oracle,moderate,uneven_propensity,65,12000,0.02,240,0.02,0.05955883854073495,0.4762535011125361,0.44,399
oracle,moderate,uneven_propensity,66,12000,0.02,239,0.019916666666666666,-1.6312371768081446,0.948579858191646,0.95,399
oracle,moderate,uneven_propensity,67,12000,0.02,259,0.021583333333333333,0.5232818273969398,0.30038907265061104,0.3225,399
oracle,moderate,uneven_propensity,68,12000,0.02,232,0.019333333333333334,-0.6345451364829324,0.7371374400650197,0.7775,399
oracle,moderate,uneven_propensity,69,12000,0.02,238,0.019833333333333335,0.26301355082166583,0.3962700673386576,0.4175,399
oracle,moderate,uneven_propensity,70,12000,0.02,241,0.020083333333333335,2.9962165726006953,0.0013667610874090429,0.0025,399
oracle,moderate,uneven_propensity,71,12000,0.02,242,0.020166666666666666,-0.5160194149552303,0.6970795753567129,0.6925,399
oracle,moderate,uneven_propensity,72,12000,0.02,244,0.02033333333333333,-1.1397935065535783,0.8728138301808019,0.8675,399
oracle,moderate,uneven_propensity,73,12000,0.02,263,0.021916666666666668,-0.08777871457543934,0.5349737221204754,0.5325,399
oracle,moderate,uneven_propensity,74,12000,0.02,246,0.0205,0.006901073701216541,0.4972468917731488,0.535,399
oracle,moderate,uneven_propensity,75,12000,0.02,251,0.020916666666666667,-0.29005921308535,0.614114530872316,0.61,399
oracle,moderate,uneven_propensity,76,12000,0.02,242,0.020166666666666666,1.9458826807460803,0.025834416908048465,0.0175,399
oracle,moderate,uneven_propensity,77,12000,0.02,233,0.019416666666666665,-0.3913609399476682,0.6522347700445912,0.69,399
oracle,moderate,uneven_propensity,78,12000,0.02,246,0.0205,-0.6349523618496165,0.737270257462565,0.7825,399
oracle,moderate,uneven_propensity,79,12000,0.02,220,0.018333333333333333,0.13784290280809156,0.44518228822103856,0.4525,399
oracle,moderate,uneven_propensity,80,12000,0.02,231,0.01925,-0.012953006183982757,0.5051673573278345,0.4775,399
oracle,moderate,uneven_propensity,81,12000,0.02,250,0.020833333333333332,-0.2996898236286718,0.6177931191980477,0.6425,399
oracle,moderate,uneven_propensity,82,12000,0.02,253,0.021083333333333332,1.6774523160698465,0.04672703322722648,0.0575,399
oracle,moderate,uneven_propensity,83,12000,0.02,262,0.021833333333333333,0.081177249693198,0.4676504959545165,0.5,399
oracle,moderate,uneven_propensity,84,12000,0.02,234,0.0195,-1.1299654721464938,0.8707546130982026,0.8975,399
oracle,moderate,uneven_propensity,85,12000,0.02,231,0.01925,0.2247368923901733,0.41109198133374053,0.4325,399
oracle,moderate,uneven_propensity,86,12000,0.02,252,0.021,-0.9770950297379748,0.8357389459167014,0.84,399
oracle,moderate,uneven_propensity,87,12000,0.02,212,0.017666666666666667,0.0868105253350603,0.46541106060175214,0.415,399
oracle,moderate,uneven_propensity,88,12000,0.02,255,0.02125,1.6188389340445366,0.05274096131798143,0.035,399
oracle,moderate,uneven_propensity,89,12000,0.02,230,0.019166666666666665,-1.2687909530457055,0.8977421836658512,0.8875,399
oracle,moderate,uneven_propensity,90,12000,0.02,249,0.02075,-2.2068152311715363,0.9863365147394803,0.995,399
oracle,moderate,uneven_propensity,91,12000,0.02,231,0.01925,0.5100567334656899,0.30500585791275914,0.2925,399
oracle,moderate,uneven_propensity,92,12000,0.02,272,0.02266666666666667,-0.16885348177172393,0.567044055067511,0.575,399
oracle,moderate,uneven_propensity,93,12000,0.02,226,0.018833333333333334,1.6409166275520002,0.05040736147321047,0.0725,399
oracle,moderate,uneven_propensity,94,12000,0.02,246,0.0205,-0.7017206113090418,0.758573291740894,0.7725,399
oracle,moderate,uneven_propensity,95,12000,0.02,238,0.019833333333333335,0.6783928975362439,0.24876130559202664,0.235,399
oracle,moderate,uneven_propensity,96,12000,0.02,241,0.020083333333333335,-0.01915046622372103,0.507639463713247,0.525,399
oracle,moderate,uneven_propensity,97,12000,0.02,256,0.021333333333333333,-1.2572988232102889,0.8956772750187245,0.9175,399
oracle,moderate,uneven_propensity,98,12000,0.02,275,0.022916666666666665,0.5417711224883744,0.29398809357067945,0.3225,399
oracle,moderate,uneven_propensity,99,12000,0.02,256,0.021333333333333333,-1.3033948697949607,0.9037800064633656,0.9025,399
oracle,moderate,heteroskedastic,0,12000,0.02,253,0.021083333333333332,0.4285272667850579,0.33413364314547134,0.335,399
oracle,moderate,heteroskedastic,1,12000,0.02,275,0.022916666666666665,-0.8655888371797396,0.8066421603344839,0.8075,399
oracle,moderate,heteroskedastic,2,12000,0.02,237,0.01975,1.1695685423909121,0.1210873214484452,0.12,399
oracle,moderate,heteroskedastic,3,12000,0.02,226,0.018833333333333334,0.944086532621612,0.17256271537399137,0.14,399
oracle,moderate,heteroskedastic,4,12000,0.02,242,0.020166666666666666,-0.9351564390279344,0.8251461579725441,0.81,399
oracle,moderate,heteroskedastic,5,12000,0.02,241,0.020083333333333335,0.9436758422312792,0.17266766130140143,0.215,399
oracle,moderate,heteroskedastic,6,12000,0.02,247,0.020583333333333332,1.1387627435989984,0.12740106248968947,0.1525,399
oracle,moderate,heteroskedastic,7,12000,0.02,223,0.018583333333333334,0.6283202616049338,0.2648970805304093,0.2575,399
oracle,moderate,heteroskedastic,8,12000,0.02,271,0.022583333333333334,-0.281239701408524,0.6107367221674078,0.5875,399
oracle,moderate,heteroskedastic,9,12000,0.02,260,0.021666666666666667,-0.11231070157641937,0.5447114715705441,0.5475,399
oracle,moderate,heteroskedastic,10,12000,0.02,248,0.020666666666666667,-0.756971013993655,0.7754663858233186,0.7425,399
oracle,moderate,heteroskedastic,11,12000,0.02,257,0.021416666666666667,-0.6032981774956476,0.7268448274209065,0.7525,399
oracle,moderate,heteroskedastic,12,12000,0.02,249,0.02075,-0.1965275508819307,0.5779013646868975,0.56,399
oracle,moderate,heteroskedastic,13,12000,0.02,238,0.019833333333333335,-0.43023107439574626,0.6664862201289294,0.635,399
oracle,moderate,heteroskedastic,14,12000,0.02,223,0.018583333333333334,0.5626522685905139,0.2868358462897765,0.2925,399
oracle,moderate,heteroskedastic,15,12000,0.02,234,0.0195,-2.0772699605383123,0.9811116750192438,0.99,399
oracle,moderate,heteroskedastic,16,12000,0.02,261,0.02175,0.02775512464051933,0.48892872875465976,0.475,399
oracle,moderate,heteroskedastic,17,12000,0.02,247,0.020583333333333332,0.13315207235747714,0.44703655697824257,0.495,399
oracle,moderate,heteroskedastic,18,12000,0.02,222,0.0185,-1.613733981814478,0.9467074301389276,0.96,399
oracle,moderate,heteroskedastic,19,12000,0.02,247,0.020583333333333332,-0.017647350992821335,0.5070399090409221,0.545,399
oracle,moderate,heteroskedastic,20,12000,0.02,240,0.02,0.4258838512498406,0.3350962413168921,0.3175,399
oracle,moderate,heteroskedastic,21,12000,0.02,242,0.020166666666666666,1.1620685074067665,0.12260381921760549,0.1075,399
oracle,moderate,heteroskedastic,22,12000,0.02,239,0.019916666666666666,0.6395169112015325,0.26124335790346553,0.3,399
oracle,moderate,heteroskedastic,23,12000,0.02,209,0.017416666666666667,1.0030687601362602,0.15791384317021734,0.1525,399
oracle,moderate,heteroskedastic,24,12000,0.02,228,0.019,1.4892573509296285,0.06820980690371384,0.0825,399
oracle,moderate,heteroskedastic,25,12000,0.02,222,0.0185,-1.3095667334598362,0.9048287757735447,0.9,399
oracle,moderate,heteroskedastic,26,12000,0.02,225,0.01875,1.165484568222304,0.12191145158051836,0.125,399
oracle,moderate,heteroskedastic,27,12000,0.02,225,0.01875,-0.387747460829311,0.6508985352278243,0.6425,399
oracle,moderate,heteroskedastic,28,12000,0.02,233,0.019416666666666665,-1.4052717228457352,0.920029753224548,0.9075,399
oracle,moderate,heteroskedastic,29,12000,0.02,230,0.019166666666666665,-1.596638393180762,0.944826832211192,0.9575,399
oracle,moderate,heteroskedastic,30,12000,0.02,231,0.01925,-0.16740900530556432,0.5664758800205404,0.5675,399
oracle,moderate,heteroskedastic,31,12000,0.02,209,0.017416666666666667,-1.0111875011246638,0.844036651586511,0.8125,399
oracle,moderate,heteroskedastic,32,12000,0.02,217,0.018083333333333333,-1.2455346726681351,0.8935323606939032,0.905,399
oracle,moderate,heteroskedastic,33,12000,0.02,228,0.019,2.594795227133339,0.004732364481465417,0.0075,399
oracle,moderate,heteroskedastic,34,12000,0.02,241,0.020083333333333335,0.30858480900152657,0.378818688963357,0.38,399
oracle,moderate,heteroskedastic,35,12000,0.02,258,0.0215,-0.493659707411296,0.6892267371453236,0.695,399
oracle,moderate,heteroskedastic,36,12000,0.02,238,0.019833333333333335,0.9332218939948544,0.17535270637008216,0.1375,399
oracle,moderate,heteroskedastic,37,12000,0.02,234,0.0195,1.1011823934442158,0.13540864146085202,0.1475,399
oracle,moderate,heteroskedastic,38,12000,0.02,242,0.020166666666666666,1.088221194632648,0.13824873513050312,0.1575,399
oracle,moderate,heteroskedastic,39,12000,0.02,246,0.0205,-0.5142898659860246,0.6964753270812946,0.6825,399
oracle,moderate,heteroskedastic,40,12000,0.02,255,0.02125,0.6364222439670438,0.26225062319096104,0.2275,399
oracle,moderate,heteroskedastic,41,12000,0.02,233,0.019416666666666665,1.272973956951243,0.10151364171297589,0.11,399
oracle,moderate,heteroskedastic,42,12000,0.02,269,0.022416666666666668,-0.44325555439585984,0.671209550080722,0.6575,399
oracle,moderate,heteroskedastic,43,12000,0.02,220,0.018333333333333333,0.23395419155594177,0.40751027080806074,0.3975,399
oracle,moderate,heteroskedastic,44,12000,0.02,261,0.02175,0.25051153422425043,0.4010958929972897,0.3875,399
oracle,moderate,heteroskedastic,45,12000,0.02,251,0.020916666666666667,1.2761955494201587,0.10094320076071689,0.1,399
oracle,moderate,heteroskedastic,46,12000,0.02,237,0.01975,-1.2401127627780433,0.892533155509035,0.8925,399
oracle,moderate,heteroskedastic,47,12000,0.02,243,0.02025,1.0378377526708646,0.14967279869245803,0.135,399
oracle,moderate,heteroskedastic,48,12000,0.02,229,0.019083333333333334,-0.2580611514005641,0.6018201434999761,0.61,399
oracle,moderate,heteroskedastic,49,12000,0.02,252,0.021,-0.7473893341819801,0.772585709154849,0.8025,399
oracle,moderate,heteroskedastic,50,12000,0.02,243,0.02025,-0.17717293152139585,0.5703137215977555,0.595,399
oracle,moderate,heteroskedastic,51,12000,0.02,229,0.019083333333333334,-1.347895002357127,0.911153922135592,0.8975,399
oracle,moderate,heteroskedastic,52,12000,0.02,259,0.021583333333333333,-0.5676980603135587,0.7148799955610088,0.7075,399
oracle,moderate,heteroskedastic,53,12000,0.02,237,0.01975,-0.699965530565764,0.7580255844306563,0.77,399
oracle,moderate,heteroskedastic,54,12000,0.02,228,0.019,0.39794602083252173,0.3453349878726387,0.34,399
oracle,moderate,heteroskedastic,55,12000,0.02,260,0.021666666666666667,-0.20944335380986245,0.5829489241423543,0.58,399
oracle,moderate,heteroskedastic,56,12000,0.02,247,0.020583333333333332,0.3384035054178365,0.3675295664286014,0.415,399
oracle,moderate,heteroskedastic,57,12000,0.02,221,0.018416666666666668,-0.38607904785958047,0.6502809367271596,0.6525,399
oracle,moderate,heteroskedastic,58,12000,0.02,223,0.018583333333333334,0.39303475018261025,0.3471469077574289,0.3225,399
oracle,moderate,heteroskedastic,59,12000,0.02,244,0.02033333333333333,2.0563534543572692,0.01987422966797678,0.02,399
oracle,moderate,heteroskedastic,60,12000,0.02,239,0.019916666666666666,-0.36775854384551804,0.6434733584112525,0.6625,399
oracle,moderate,heteroskedastic,61,12000,0.02,251,0.020916666666666667,-0.5168519653660368,0.6973702493403897,0.6725,399
oracle,moderate,heteroskedastic,62,12000,0.02,230,0.019166666666666665,-0.5133546118650569,0.6961483555611135,0.675,399
oracle,moderate,heteroskedastic,63,12000,0.02,244,0.02033333333333333,-0.02806645746498063,0.5111954267030624,0.5375,399
oracle,moderate,heteroskedastic,64,12000,0.02,265,0.022083333333333333,-1.6562036720722313,0.9511597100647844,0.9425,399
oracle,moderate,heteroskedastic,65,12000,0.02,281,0.023416666666666665,0.8403592481529972,0.20035349546084102,0.21,399
oracle,moderate,heteroskedastic,66,12000,0.02,256,0.021333333333333333,-0.9802442794096462,0.836517223932351,0.8275,399
oracle,moderate,heteroskedastic,67,12000,0.02,244,0.02033333333333333,0.32322911515802516,0.3732608663223618,0.37,399
oracle,moderate,heteroskedastic,68,12000,0.02,218,0.018166666666666668,0.02365071899992591,0.49056560776868524,0.485,399
oracle,moderate,heteroskedastic,69,12000,0.02,237,0.01975,1.3811406425876485,0.08361786061317988,0.11,399
oracle,moderate,heteroskedastic,70,12000,0.02,271,0.022583333333333334,1.9820869207891032,0.023734756570268658,0.0225,399
oracle,moderate,heteroskedastic,71,12000,0.02,237,0.01975,0.19188026061223742,0.42391799994063334,0.3775,399
oracle,moderate,heteroskedastic,72,12000,0.02,237,0.01975,-1.0679321873278302,0.8572244489677047,0.8675,399
oracle,moderate,heteroskedastic,73,12000,0.02,253,0.021083333333333332,-0.26492312026772974,0.6044656564484852,0.61,399
oracle,moderate,heteroskedastic,74,12000,0.02,230,0.019166666666666665,2.4603620226896585,0.006939846496802537,0.0125,399
oracle,moderate,heteroskedastic,75,12000,0.02,234,0.0195,-0.5863619562176887,0.7211838478907878,0.7075,399
oracle,moderate,heteroskedastic,76,12000,0.02,242,0.020166666666666666,-2.0411219866040082,0.9793806482574456,0.985,399
oracle,moderate,heteroskedastic,77,12000,0.02,224,0.018666666666666668,-0.9364871470618399,0.8254887864415443,0.815,399
oracle,moderate,heteroskedastic,78,12000,0.02,257,0.021416666666666667,0.5623026318356695,0.28695492274820134,0.34,399
oracle,moderate,heteroskedastic,79,12000,0.02,237,0.01975,-0.7495851765350137,0.7732477093194265,0.76,399
oracle,moderate,heteroskedastic,80,12000,0.02,228,0.019,1.5846478809054174,0.05652317985682837,0.0775,399
oracle,moderate,heteroskedastic,81,12000,0.02,252,0.021,0.9140340790337323,0.1803494694780513,0.165,399
oracle,moderate,heteroskedastic,82,12000,0.02,251,0.020916666666666667,-0.5229753080849181,0.6995042818252397,0.6925,399
oracle,moderate,heteroskedastic,83,12000,0.02,240,0.02,1.5906823067590072,0.05584054538097257,0.0575,399
oracle,moderate,heteroskedastic,84,12000,0.02,230,0.019166666666666665,-0.22211762620828654,0.587888841583155,0.6325,399
oracle,moderate,heteroskedastic,85,12000,0.02,247,0.020583333333333332,-0.498246837401273,0.6908449632229918,0.685,399
oracle,moderate,heteroskedastic,86,12000,0.02,242,0.020166666666666666,-0.3289767318971414,0.6289133623474619,0.605,399
oracle,moderate,heteroskedastic,87,12000,0.02,240,0.02,-0.5912711072785447,0.722830607334999,0.7375,399
oracle,moderate,heteroskedastic,88,12000,0.02,243,0.02025,1.4822114280855052,0.06914202335799886,0.0725,399
oracle,moderate,heteroskedastic,89,12000,0.02,252,0.021,-1.6130983571556932,0.9466384296316934,0.9575,399
oracle,moderate,heteroskedastic,90,12000,0.02,238,0.019833333333333335,0.15372168389751142,0.4389145933604511,0.49,399
oracle,moderate,heteroskedastic,91,12000,0.02,236,0.019666666666666666,-0.6707813990222015,0.7488201005827363,0.745,399
oracle,moderate,heteroskedastic,92,12000,0.02,226,0.018833333333333334,-0.7392006568537759,0.7701074189776381,0.79,399
oracle,moderate,heteroskedastic,93,12000,0.02,257,0.021416666666666667,-3.4253134086255637,0.9996929547071315,0.9975,399
oracle,moderate,heteroskedastic,94,12000,0.02,263,0.021916666666666668,-0.7672072521057218,0.7785208491094234,0.8,399
oracle,moderate,heteroskedastic,95,12000,0.02,240,0.02,-0.6779193021218778,0.7510885695979566,0.78,399
oracle,moderate,heteroskedastic,96,12000,0.02,218,0.018166666666666668,-0.9756054548794626,0.8353699898439155,0.8375,399
oracle,moderate,heteroskedastic,97,12000,0.02,243,0.02025,0.12930634782055414,0.44855762438504687,0.465,399
oracle,moderate,heteroskedastic,98,12000,0.02,232,0.019333333333333334,-1.6063781349952544,0.9459045739845816,0.9525,399
oracle,moderate,heteroskedastic,99,12000,0.02,268,0.022333333333333334,-0.7093663393713839,0.7609514147250342,0.76,399
oracle,moderate,tail_difficulty,0,12000,0.02,239,0.019916666666666666,1.7958336168955444,0.036260491279018925,0.055,399
oracle,moderate,tail_difficulty,1,12000,0.02,252,0.021,0.4520681990422165,0.32560992617343915,0.305,399
oracle,moderate,tail_difficulty,2,12000,0.02,260,0.021666666666666667,1.1575288684464147,0.12352817591068027,0.1375,399
oracle,moderate,tail_difficulty,3,12000,0.02,242,0.020166666666666666,-0.4016857683366423,0.6560423501942109,0.6525,399
oracle,moderate,tail_difficulty,4,12000,0.02,214,0.017833333333333333,-0.7245648096731641,0.7656404729471478,0.7925,399
oracle,moderate,tail_difficulty,5,12000,0.02,234,0.0195,-0.8884330458123749,0.8128460718636045,0.815,399
oracle,moderate,tail_difficulty,6,12000,0.02,250,0.020833333333333332,0.6745172975307794,0.2499912461837192,0.2225,399
oracle,moderate,tail_difficulty,7,12000,0.02,231,0.01925,0.21463637454249757,0.4150254160084291,0.37,399
oracle,moderate,tail_difficulty,8,12000,0.02,240,0.02,0.9698671398421497,0.1660563606224446,0.1575,399
oracle,moderate,tail_difficulty,9,12000,0.02,254,0.021166666666666667,-1.7904789953668696,0.9633115294986335,0.95,399
oracle,moderate,tail_difficulty,10,12000,0.02,237,0.01975,-0.4757688553589719,0.6828804698034241,0.7075,399
oracle,moderate,tail_difficulty,11,12000,0.02,253,0.021083333333333332,0.07211341929062455,0.47125582349059664,0.4425,399
oracle,moderate,tail_difficulty,12,12000,0.02,252,0.021,-1.9833575798941028,0.9763362490425805,0.975,399
oracle,moderate,tail_difficulty,13,12000,0.02,261,0.02175,-0.6376584245846402,0.7381519725737464,0.73,399
oracle,moderate,tail_difficulty,14,12000,0.02,260,0.021666666666666667,-0.28172036952871954,0.6109210328831478,0.6125,399
oracle,moderate,tail_difficulty,15,12000,0.02,267,0.02225,1.8034578187432078,0.03565817212894635,0.0425,399
oracle,moderate,tail_difficulty,16,12000,0.02,248,0.020666666666666667,0.6028887611939289,0.27329134652560605,0.28,399
oracle,moderate,tail_difficulty,17,12000,0.02,248,0.020666666666666667,-1.0955419030846802,0.8633603509146286,0.8775,399
oracle,moderate,tail_difficulty,18,12000,0.02,243,0.02025,-2.5069684970090327,0.9939114217930224,0.9925,399
oracle,moderate,tail_difficulty,19,12000,0.02,201,0.01675,-2.1966594732763896,0.9859776123622945,0.985,399
oracle,moderate,tail_difficulty,20,12000,0.02,213,0.01775,0.349918845721087,0.36319980161660903,0.375,399
oracle,moderate,tail_difficulty,21,12000,0.02,246,0.0205,0.6243452381812467,0.2662004402766047,0.28,399
oracle,moderate,tail_difficulty,22,12000,0.02,238,0.019833333333333335,1.134036084288328,0.12838970606647815,0.125,399
oracle,moderate,tail_difficulty,23,12000,0.02,251,0.020916666666666667,-0.18805423264241214,0.5745829310081307,0.57,399
oracle,moderate,tail_difficulty,24,12000,0.02,243,0.02025,0.4995092602197876,0.30871033237844137,0.3225,399
oracle,moderate,tail_difficulty,25,12000,0.02,231,0.01925,-0.0040751161201301725,0.5016257316182261,0.535,399
oracle,moderate,tail_difficulty,26,12000,0.02,240,0.02,0.2201620959689826,0.4128724576979135,0.4075,399
oracle,moderate,tail_difficulty,27,12000,0.02,257,0.021416666666666667,-0.5168804478143825,0.6973801913997574,0.7175,399
oracle,moderate,tail_difficulty,28,12000,0.02,227,0.018916666666666665,0.21564441910779666,0.41463246443144286,0.4475,399
oracle,moderate,tail_difficulty,29,12000,0.02,240,0.02,-0.23060462359830106,0.5911890123458062,0.595,399
oracle,moderate,tail_difficulty,30,12000,0.02,238,0.019833333333333335,1.0003673917968636,0.158566372202396,0.12,399
oracle,moderate,tail_difficulty,31,12000,0.02,230,0.019166666666666665,-0.5994015824437773,0.7255474390063342,0.69,399
oracle,moderate,tail_difficulty,32,12000,0.02,235,0.019583333333333335,1.2492061017223246,0.1057948504191375,0.125,399
oracle,moderate,tail_difficulty,33,12000,0.02,254,0.021166666666666667,-0.6350802259008391,0.7373119535050271,0.7175,399
oracle,moderate,tail_difficulty,34,12000,0.02,254,0.021166666666666667,-0.31609805791406625,0.6240359596058672,0.6575,399
oracle,moderate,tail_difficulty,35,12000,0.02,256,0.021333333333333333,1.795530906829011,0.036284576527425845,0.0425,399
oracle,moderate,tail_difficulty,36,12000,0.02,237,0.01975,2.0267039112984437,0.021346351120864596,0.0225,399
oracle,moderate,tail_difficulty,37,12000,0.02,228,0.019,-1.460054636755641,0.9278624707285332,0.9125,399
oracle,moderate,tail_difficulty,38,12000,0.02,244,0.02033333333333333,0.133543842698922,0.4468816466493758,0.455,399
oracle,moderate,tail_difficulty,39,12000,0.02,258,0.0215,3.183007094459433,0.0007287702146828581,0.0025,399
oracle,moderate,tail_difficulty,40,12000,0.02,224,0.018666666666666668,-0.5134422564725815,0.6961790034130751,0.685,399
oracle,moderate,tail_difficulty,41,12000,0.02,258,0.0215,-0.9249472552128608,0.8225033278725296,0.8275,399
oracle,moderate,tail_difficulty,42,12000,0.02,250,0.020833333333333332,-0.3325591518670718,0.6302664590457498,0.6575,399
oracle,moderate,tail_difficulty,43,12000,0.02,236,0.019666666666666666,0.02161393062077961,0.4913779605497952,0.465,399
oracle,moderate,tail_difficulty,44,12000,0.02,232,0.019333333333333334,-0.4269752286246875,0.6653013148299622,0.6525,399
oracle,moderate,tail_difficulty,45,12000,0.02,232,0.019333333333333334,-1.5297172370717644,0.9369566324366144,0.9225,399
oracle,moderate,tail_difficulty,46,12000,0.02,253,0.021083333333333332,-1.2364761886731352,0.8918591943418064,0.885,399
oracle,moderate,tail_difficulty,47,12000,0.02,251,0.020916666666666667,-1.6586695751618017,0.9514088032870747,0.9575,399
oracle,moderate,tail_difficulty,48,12000,0.02,258,0.0215,0.1780881217736404,0.42932688518540196,0.4675,399
oracle,moderate,tail_difficulty,49,12000,0.02,230,0.019166666666666665,0.8619799191171642,0.19434928409929236,0.185,399
oracle,moderate,tail_difficulty,50,12000,0.02,230,0.019166666666666665,-1.610734756985603,0.9463812266521621,0.94,399
oracle,moderate,tail_difficulty,51,12000,0.02,248,0.020666666666666667,1.4674890520916326,0.07112153264166872,0.065,399
oracle,moderate,tail_difficulty,52,12000,0.02,250,0.020833333333333332,0.21592343532181674,0.41452371461229265,0.4075,399
oracle,moderate,tail_difficulty,53,12000,0.02,224,0.018666666666666668,0.35771729275768216,0.36027744528725114,0.3525,399
oracle,moderate,tail_difficulty,54,12000,0.02,240,0.02,-0.6670393716769757,0.747626507532334,0.7525,399
oracle,moderate,tail_difficulty,55,12000,0.02,256,0.021333333333333333,0.9902812049975638,0.1610183452889264,0.1475,399
oracle,moderate,tail_difficulty,56,12000,0.02,239,0.019916666666666666,0.9456691369908002,0.17215868441823284,0.2025,399
oracle,moderate,tail_difficulty,57,12000,0.02,260,0.021666666666666667,-0.07796669550143205,0.5310727272695563,0.51,399
oracle,moderate,tail_difficulty,58,12000,0.02,235,0.019583333333333335,0.34156388285927114,0.36633956071726836,0.3825,399
oracle,moderate,tail_difficulty,59,12000,0.02,233,0.019416666666666665,1.4692403869440354,0.07088379976206909,0.07,399
oracle,moderate,tail_difficulty,60,12000,0.02,252,0.021,-0.04455244505200469,0.517767975829321,0.545,399
oracle,moderate,tail_difficulty,61,12000,0.02,238,0.019833333333333335,0.35368659336237995,0.36178688547799254,0.3725,399
oracle,moderate,tail_difficulty,62,12000,0.02,244,0.02033333333333333,0.32167387538115294,0.3738498855944692,0.3675,399
oracle,moderate,tail_difficulty,63,12000,0.02,230,0.019166666666666665,0.6242082840555082,0.2662454035832927,0.25,399
oracle,moderate,tail_difficulty,64,12000,0.02,258,0.0215,0.31677477230014295,0.3757072539585712,0.4325,399
oracle,moderate,tail_difficulty,65,12000,0.02,219,0.01825,1.270055774356664,0.10203238179958879,0.0925,399
oracle,moderate,tail_difficulty,66,12000,0.02,246,0.0205,-0.892946415637779,0.8140570655576691,0.8125,399
oracle,moderate,tail_difficulty,67,12000,0.02,264,0.022,0.0594836839680983,0.4762834303857119,0.485,399
oracle,moderate,tail_difficulty,68,12000,0.02,235,0.019583333333333335,-0.6801513947574442,0.7517956975856173,0.77,399
oracle,moderate,tail_difficulty,69,12000,0.02,243,0.02025,-0.17682457305748284,0.5701769066589427,0.5675,399
oracle,moderate,tail_difficulty,70,12000,0.02,219,0.01825,0.3126327646226573,0.37727984123278774,0.37,399
oracle,moderate,tail_difficulty,71,12000,0.02,238,0.019833333333333335,0.42693038664015276,0.3347150161182689,0.3475,399
oracle,moderate,tail_difficulty,72,12000,0.02,224,0.018666666666666668,-0.11470919912092511,0.5456621888901592,0.5675,399
oracle,moderate,tail_difficulty,73,12000,0.02,242,0.020166666666666666,1.0614423169196703,0.14424446714621386,0.13,399
oracle,moderate,tail_difficulty,74,12000,0.02,222,0.0185,-0.02902082708669235,0.5115760100121429,0.49,399
oracle,moderate,tail_difficulty,75,12000,0.02,254,0.021166666666666667,-0.9649554485436337,0.8327164365707912,0.835,399
oracle,moderate,tail_difficulty,76,12000,0.02,265,0.022083333333333333,-0.23251400783836618,0.5919305956837966,0.5975,399
oracle,moderate,tail_difficulty,77,12000,0.02,213,0.01775,1.3908897952033685,0.0821294238889339,0.075,399
oracle,moderate,tail_difficulty,78,12000,0.02,240,0.02,0.32776225720313407,0.3715457133254314,0.3625,399
oracle,moderate,tail_difficulty,79,12000,0.02,223,0.018583333333333334,-1.5201636734959472,0.9357650775931167,0.93,399
oracle,moderate,tail_difficulty,80,12000,0.02,251,0.020916666666666667,0.19571075370813015,0.4224182834714961,0.44,399
oracle,moderate,tail_difficulty,81,12000,0.02,240,0.02,0.20570942607603573,0.4185089475445094,0.465,399
oracle,moderate,tail_difficulty,82,12000,0.02,245,0.020416666666666666,1.209434934399229,0.1132478970830132,0.105,399
oracle,moderate,tail_difficulty,83,12000,0.02,241,0.020083333333333335,0.10223287673605744,0.4592859162984975,0.4575,399
oracle,moderate,tail_difficulty,84,12000,0.02,215,0.017916666666666668,-1.4496979985356981,0.9264286229347682,0.9375,399
oracle,moderate,tail_difficulty,85,12000,0.02,236,0.019666666666666666,0.5881508920185682,0.27821550804311124,0.2675,399
oracle,moderate,tail_difficulty,86,12000,0.02,234,0.0195,-0.9064590085728605,0.817653523991148,0.825,399
oracle,moderate,tail_difficulty,87,12000,0.02,237,0.01975,0.1425087171981263,0.4433390971591916,0.3975,399
oracle,moderate,tail_difficulty,88,12000,0.02,255,0.02125,-0.30402205373236996,0.6194444552638588,0.6175,399
oracle,moderate,tail_difficulty,89,12000,0.02,243,0.02025,0.4640608673723349,0.3213020687463803,0.32,399
oracle,moderate,tail_difficulty,90,12000,0.02,249,0.02075,-0.13085862330296008,0.552056426517642,0.5175,399
oracle,moderate,tail_difficulty,91,12000,0.02,251,0.020916666666666667,2.251448642321702,0.012178568120486857,0.0225,399
oracle,moderate,tail_difficulty,92,12000,0.02,245,0.020416666666666666,-0.0028950562796367474,0.5011549587407361,0.515,399
oracle,moderate,tail_difficulty,93,12000,0.02,237,0.01975,-0.4364499859538115,0.668744860555676,0.72,399
oracle,moderate,tail_difficulty,94,12000,0.02,246,0.0205,-0.1655101959284296,0.5657287873409286,0.595,399
oracle,moderate,tail_difficulty,95,12000,0.02,230,0.019166666666666665,0.27445051529416215,0.3918692135505159,0.3725,399
oracle,moderate,tail_difficulty,96,12000,0.02,250,0.020833333333333332,-2.517573826806788,0.9940916898822759,0.9875,399
oracle,moderate,tail_difficulty,97,12000,0.02,242,0.020166666666666666,-0.5423666212868239,0.7062170154193427,0.69,399
oracle,moderate,tail_difficulty,98,12000,0.02,230,0.019166666666666665,0.8238797171100442,0.20500395312703595,0.195,399
oracle,moderate,tail_difficulty,99,12000,0.02,239,0.019916666666666666,0.5153402364832632,0.3031576433549704,0.32,399
oracle,moderate,combined,0,12000,0.02,246,0.0205,0.5829044865342258,0.27997880009893217,0.2875,399
oracle,moderate,combined,1,12000,0.02,240,0.02,-0.6371939488352165,0.7380007406256011,0.7225,399
oracle,moderate,combined,2,12000,0.02,224,0.018666666666666668,0.4312838794921237,0.33313098516555045,0.35,399
oracle,moderate,combined,3,12000,0.02,247,0.020583333333333332,0.2377327225023994,0.40604420112887685,0.39,399
oracle,moderate,combined,4,12000,0.02,228,0.019,-0.48324079617477267,0.6855376142146753,0.6525,399
oracle,moderate,combined,5,12000,0.02,251,0.020916666666666667,-0.5844182307143395,0.7205305178946271,0.7175,399
oracle,moderate,combined,6,12000,0.02,238,0.019833333333333335,-0.4023227792503323,0.6562767538192864,0.655,399
oracle,moderate,combined,7,12000,0.02,251,0.020916666666666667,-0.026176197465326262,0.5104415994764163,0.49,399
oracle,moderate,combined,8,12000,0.02,235,0.019583333333333335,0.2757901811378237,0.3913546128371396,0.41,399
oracle,moderate,combined,9,12000,0.02,244,0.02033333333333333,-0.5072091896668581,0.6939959761340426,0.6775,399
oracle,moderate,combined,10,12000,0.02,246,0.0205,0.5838762562422114,0.27965178441639593,0.2475,399
oracle,moderate,combined,11,12000,0.02,248,0.020666666666666667,0.6022480162187462,0.27350452903437233,0.2275,399
oracle,moderate,combined,12,12000,0.02,227,0.018916666666666665,-1.2027868976329308,0.8854706018220542,0.9075,399
oracle,moderate,combined,13,12000,0.02,239,0.019916666666666666,-1.4896809108814448,0.9318459219145533,0.9425,399
oracle,moderate,combined,14,12000,0.02,236,0.019666666666666666,-0.21516054431504533,0.5851789242233004,0.5725,399
oracle,moderate,combined,15,12000,0.02,269,0.022416666666666668,-0.34640248734751106,0.6354798719681325,0.65,399
oracle,moderate,combined,16,12000,0.02,233,0.019416666666666665,-0.5467582766663714,0.7077275943976981,0.73,399
oracle,moderate,combined,17,12000,0.02,217,0.018083333333333333,1.925343006688937,0.02709323032015008,0.025,399
oracle,moderate,combined,18,12000,0.02,238,0.019833333333333335,-0.464570351608031,0.678880415870272,0.675,399
oracle,moderate,combined,19,12000,0.02,220,0.018333333333333333,0.4076805095035537,0.34175412424371054,0.3625,399
oracle,moderate,combined,20,12000,0.02,231,0.01925,0.0830417213007564,0.46690918267841736,0.485,399
oracle,moderate,combined,21,12000,0.02,257,0.021416666666666667,0.17547320124036067,0.43035391318894606,0.4175,399
oracle,moderate,combined,22,12000,0.02,254,0.021166666666666667,-1.856426787640969,0.9683036252693482,0.9525,399
oracle,moderate,combined,23,12000,0.02,246,0.0205,-0.12137607840476781,0.5483034182762202,0.5375,399
oracle,moderate,combined,24,12000,0.02,209,0.017416666666666667,-1.6175595712894404,0.9471212261150089,0.945,399
oracle,moderate,combined,25,12000,0.02,252,0.021,1.9268135844313743,0.02700143296049543,0.03,399
oracle,moderate,combined,26,12000,0.02,248,0.020666666666666667,2.795615333260555,0.0025900507577555506,0.0025,399
oracle,moderate,combined,27,12000,0.02,247,0.020583333333333332,-1.4007910809788977,0.9193617217376066,0.9425,399
oracle,moderate,combined,28,12000,0.02,223,0.018583333333333334,-0.9576378052061814,0.8308772856248348,0.8175,399
oracle,moderate,combined,29,12000,0.02,227,0.018916666666666665,0.2943766180635965,0.384235065924473,0.4575,399
oracle,moderate,combined,30,12000,0.02,231,0.01925,0.6724918499969543,0.25063531342168816,0.2,399
oracle,moderate,combined,31,12000,0.02,234,0.0195,-0.9027583566191978,0.8166729214549255,0.8275,399
oracle,moderate,combined,32,12000,0.02,270,0.0225,0.5774280633844251,0.2818251605219746,0.2825,399
oracle,moderate,combined,33,12000,0.02,235,0.019583333333333335,-0.1414035778352058,0.5562244360161522,0.58,399
oracle,moderate,combined,34,12000,0.02,224,0.018666666666666668,0.22428690770804782,0.41126703143128107,0.4575,399
oracle,moderate,combined,35,12000,0.02,245,0.020416666666666666,1.3184734691391071,0.09367260036137903,0.1075,399
oracle,moderate,combined,36,12000,0.02,261,0.02175,-1.144714558018879,0.8738362905580068,0.875,399
oracle,moderate,combined,37,12000,0.02,244,0.02033333333333333,-0.41303972480032586,0.660211245364148,0.7125,399
oracle,moderate,combined,38,12000,0.02,243,0.02025,-0.04874223992027991,0.5194376433629624,0.52,399
oracle,moderate,combined,39,12000,0.02,261,0.02175,-0.9144868726676308,0.819769463702082,0.83,399
oracle,moderate,combined,40,12000,0.02,234,0.0195,-0.6511150378740141,0.742513885059122,0.755,399
oracle,moderate,combined,41,12000,0.02,256,0.021333333333333333,-0.09284221629826986,0.5369855439636086,0.54,399
oracle,moderate,combined,42,12000,0.02,235,0.019583333333333335,-0.7024413241224328,0.7587980090827583,0.77,399
oracle,moderate,combined,43,12000,0.02,219,0.01825,-1.0475936682119413,0.8525870720309333,0.85,399
oracle,moderate,combined,44,12000,0.02,247,0.020583333333333332,-0.6644069704353464,0.7467850636160959,0.7375,399
oracle,moderate,combined,45,12000,0.02,226,0.018833333333333334,-0.23444307270366332,0.5926794884803722,0.5975,399
oracle,moderate,combined,46,12000,0.02,252,0.021,0.47122823377650846,0.31873887929856265,0.3625,399
oracle,moderate,combined,47,12000,0.02,229,0.019083333333333334,-0.5100640049723164,0.6949966891585313,0.65,399
oracle,moderate,combined,48,12000,0.02,256,0.021333333333333333,-0.7881807726085659,0.7847045129397822,0.7775,399
oracle,moderate,combined,49,12000,0.02,246,0.0205,0.3742624776462212,0.3541045226749824,0.3775,399
oracle,moderate,combined,50,12000,0.02,267,0.02225,2.8793749232788204,0.001992321593029277,0.0025,399
oracle,moderate,combined,51,12000,0.02,232,0.019333333333333334,0.4684334544934044,0.31973732434590263,0.335,399
oracle,moderate,combined,52,12000,0.02,219,0.01825,0.17479154849757073,0.43062171471374555,0.3875,399
oracle,moderate,combined,53,12000,0.02,220,0.018333333333333333,0.31559474557377176,0.37615506321746484,0.4025,399
oracle,moderate,combined,54,12000,0.02,225,0.01875,0.21851260146759335,0.4135148704928109,0.4,399
oracle,moderate,combined,55,12000,0.02,232,0.019333333333333334,-0.23067837638590794,0.5912176631785371,0.585,399
oracle,moderate,combined,56,12000,0.02,225,0.01875,-0.41796831639930637,0.662014858771791,0.645,399
oracle,moderate,combined,57,12000,0.02,250,0.020833333333333332,-0.8334023572453143,0.7976910771371966,0.815,399
oracle,moderate,combined,58,12000,0.02,245,0.020416666666666666,-0.2396684141715787,0.5947063384094049,0.61,399
oracle,moderate,combined,59,12000,0.02,220,0.018333333333333333,1.2169547645847067,0.1118107136296349,0.0825,399
oracle,moderate,combined,60,12000,0.02,242,0.020166666666666666,-0.8151230752707705,0.7924990678057056,0.795,399
oracle,moderate,combined,61,12000,0.02,229,0.019083333333333334,-0.01214429375768963,0.5048447531581067,0.5025,399
oracle,moderate,combined,62,12000,0.02,248,0.020666666666666667,0.13083390917263304,0.4479533489529993,0.465,399
oracle,moderate,combined,63,12000,0.02,261,0.02175,0.5368706739724669,0.2956784746198291,0.28,399
oracle,moderate,combined,64,12000,0.02,252,0.021,-0.8109186944153451,0.7912938180880857,0.795,399
oracle,moderate,combined,65,12000,0.02,220,0.018333333333333333,0.5348668879039407,0.2963709532486103,0.3225,399
oracle,moderate,combined,66,12000,0.02,233,0.019416666666666665,1.3618223060110346,0.08662698511907763,0.0775,399
oracle,moderate,combined,67,12000,0.02,231,0.01925,-1.1872209351329237,0.8824297573996343,0.905,399
oracle,moderate,combined,68,12000,0.02,225,0.01875,-0.5100853531090757,0.6950041669526332,0.6825,399
oracle,moderate,combined,69,12000,0.02,213,0.01775,-1.6560178094259457,0.9511408938682528,0.955,399
oracle,moderate,combined,70,12000,0.02,269,0.022416666666666668,0.465209486235821,0.3208907230335981,0.31,399
oracle,moderate,combined,71,12000,0.02,252,0.021,2.0115286863068413,0.022134821719198287,0.0275,399
oracle,moderate,combined,72,12000,0.02,250,0.020833333333333332,-0.2669553479180863,0.605248229522869,0.6425,399
oracle,moderate,combined,73,12000,0.02,242,0.020166666666666666,-0.4785007774834327,0.6838530894768453,0.665,399
oracle,moderate,combined,74,12000,0.02,230,0.019166666666666665,-1.1411901478695545,0.8731045983442602,0.8725,399
oracle,moderate,combined,75,12000,0.02,242,0.020166666666666666,0.2629236048845359,0.39630473107302344,0.4,399
oracle,moderate,combined,76,12000,0.02,238,0.019833333333333335,-0.758648111893215,0.7759684580001833,0.7625,399
oracle,moderate,combined,77,12000,0.02,229,0.019083333333333334,0.5160731785176036,0.30290165003122577,0.3275,399
oracle,moderate,combined,78,12000,0.02,211,0.017583333333333333,0.45190776161381807,0.3256677163561006,0.33,399
oracle,moderate,combined,79,12000,0.02,235,0.019583333333333335,1.3750186298473104,0.08456283453348656,0.0675,399
oracle,moderate,combined,80,12000,0.02,248,0.020666666666666667,-0.8910344861711237,0.8135446652571459,0.795,399
oracle,moderate,combined,81,12000,0.02,225,0.01875,3.3394157997410585,0.00041977398847014153,0.0025,399
oracle,moderate,combined,82,12000,0.02,251,0.020916666666666667,-0.3088510866289076,0.621282596971473,0.615,399
oracle,moderate,combined,83,12000,0.02,254,0.021166666666666667,0.4583325772791159,0.32335676135624547,0.2975,399
oracle,moderate,combined,84,12000,0.02,216,0.018,-0.3559083793997594,0.639045409843527,0.635,399
oracle,moderate,combined,85,12000,0.02,212,0.017666666666666667,-1.0846400730555164,0.8609594503893716,0.855,399
oracle,moderate,combined,86,12000,0.02,241,0.020083333333333335,-0.788787444784669,0.7848818755778016,0.8,399
oracle,moderate,combined,87,12000,0.02,237,0.01975,-1.908491607210462,0.971836146554195,0.97,399
oracle,moderate,combined,88,12000,0.02,213,0.01775,1.8916700723182573,0.029267476604259633,0.035,399
oracle,moderate,combined,89,12000,0.02,261,0.02175,1.2354253102297144,0.10833612894555678,0.0875,399
oracle,moderate,combined,90,12000,0.02,229,0.019083333333333334,-0.6709716201968179,0.7488806955167514,0.765,399
oracle,moderate,combined,91,12000,0.02,249,0.02075,-1.583486169616779,0.9433446517484391,0.95,399
oracle,moderate,combined,92,12000,0.02,230,0.019166666666666665,1.043248907472313,0.14841651377961285,0.145,399
oracle,moderate,combined,93,12000,0.02,241,0.020083333333333335,-0.3005152833382324,0.6181079297780137,0.63,399
oracle,moderate,combined,94,12000,0.02,244,0.02033333333333333,0.326749146134,0.3719288127016564,0.37,399
oracle,moderate,combined,95,12000,0.02,233,0.019416666666666665,-1.5689238529168743,0.9416671584278462,0.935,399
oracle,moderate,combined,96,12000,0.02,240,0.02,0.12865694235905611,0.4488145535917967,0.45,399
oracle,moderate,combined,97,12000,0.02,241,0.020083333333333335,-2.7967205523957452,0.9974187918615851,1.0,399
oracle,moderate,combined,98,12000,0.02,244,0.02033333333333333,0.2886143447341608,0.3864382584691263,0.4225,399
oracle,moderate,combined,99,12000,0.02,258,0.0215,0.3174413496202933,0.375454367949264,0.4125,399
oracle,atlas_like,uneven_propensity,0,60000,0.0007023592887015931,32,0.0005333333333333334,0.47530618535007235,0.3172843755148961,0.3,399
oracle,atlas_like,uneven_propensity,1,60000,0.0007023592887015931,41,0.0006833333333333333,0.27750586963918134,0.3906958497105876,0.415,399
oracle,atlas_like,uneven_propensity,2,60000,0.0007023592887015931,35,0.0005833333333333334,-2.354192176184102,0.9907184943321179,0.9975,399
oracle,atlas_like,uneven_propensity,3,60000,0.0007023592887015931,47,0.0007833333333333334,1.3358808641737687,0.0907941082579663,0.0975,399
oracle,atlas_like,uneven_propensity,4,60000,0.0007023592887015931,37,0.0006166666666666666,-0.4193968178170703,0.6625369253189984,0.6125,399
oracle,atlas_like,uneven_propensity,5,60000,0.0007023592887015931,37,0.0006166666666666666,-0.02474122722378469,0.5098693147171356,0.535,399
oracle,atlas_like,uneven_propensity,6,60000,0.0007023592887015931,36,0.0006,-0.5095531483925821,0.6948177227813457,0.6975,399
oracle,atlas_like,uneven_propensity,7,60000,0.0007023592887015931,48,0.0008,2.04287218850379,0.02053254604581592,0.02,399
oracle,atlas_like,uneven_propensity,8,60000,0.0007023592887015931,37,0.0006166666666666666,-0.8867286788010859,0.8123875029356686,0.81,399
oracle,atlas_like,uneven_propensity,9,60000,0.0007023592887015931,49,0.0008166666666666667,1.1507701676476996,0.12491340041828453,0.0925,399
oracle,atlas_like,uneven_propensity,10,60000,0.0007023592887015931,44,0.0007333333333333333,-2.170843004338714,0.9850284790335774,0.985,399
oracle,atlas_like,uneven_propensity,11,60000,0.0007023592887015931,46,0.0007666666666666667,-0.08104543066022404,0.5322970885658286,0.5275,399
oracle,atlas_like,uneven_propensity,12,60000,0.0007023592887015931,42,0.0007,-0.0991224699188428,0.5394794842362436,0.5425,399
oracle,atlas_like,uneven_propensity,13,60000,0.0007023592887015931,40,0.0006666666666666666,-0.23381957817840468,0.5924374751770308,0.58,399
oracle,atlas_like,uneven_propensity,14,60000,0.0007023592887015931,40,0.0006666666666666666,-0.9484016814759403,0.8285374981255342,0.85,399
oracle,atlas_like,uneven_propensity,15,60000,0.0007023592887015931,44,0.0007333333333333333,-0.28929127103935603,0.6138207542058761,0.61,399
oracle,atlas_like,uneven_propensity,16,60000,0.0007023592887015931,45,0.00075,-0.8397971982171323,0.7994889476723529,0.8075,399
oracle,atlas_like,uneven_propensity,17,60000,0.0007023592887015931,36,0.0006,-0.3969913283945254,0.6543130723776605,0.6825,399
oracle,atlas_like,uneven_propensity,18,60000,0.0007023592887015931,51,0.00085,-0.4430514111243515,0.6711357255538071,0.715,399
oracle,atlas_like,uneven_propensity,19,60000,0.0007023592887015931,37,0.0006166666666666666,0.18513211731439544,0.42656270551545655,0.425,399
oracle,atlas_like,uneven_propensity,20,60000,0.0007023592887015931,32,0.0005333333333333334,-0.8566018347640509,0.8041675143097551,0.8075,399
oracle,atlas_like,uneven_propensity,21,60000,0.0007023592887015931,48,0.0008,-0.9276892581672214,0.8232156089488054,0.8375,399
oracle,atlas_like,uneven_propensity,22,60000,0.0007023592887015931,60,0.001,1.8541483963990966,0.031858966218857136,0.0175,399
oracle,atlas_like,uneven_propensity,23,60000,0.0007023592887015931,30,0.0005,-1.472744230893986,0.9295899924203862,0.935,399
oracle,atlas_like,uneven_propensity,24,60000,0.0007023592887015931,37,0.0006166666666666666,0.21872818273468275,0.41343089693385565,0.4175,399
oracle,atlas_like,uneven_propensity,25,60000,0.0007023592887015931,46,0.0007666666666666667,1.285424203376556,0.09932204395145133,0.1125,399
oracle,atlas_like,uneven_propensity,26,60000,0.0007023592887015931,44,0.0007333333333333333,-0.44610607326878526,0.6722396869955982,0.6525,399
oracle,atlas_like,uneven_propensity,27,60000,0.0007023592887015931,47,0.0007833333333333334,-0.9600167576617089,0.8314766094699813,0.82,399
oracle,atlas_like,uneven_propensity,28,60000,0.0007023592887015931,32,0.0005333333333333334,0.18436074386854281,0.4268652318841495,0.4025,399
oracle,atlas_like,uneven_propensity,29,60000,0.0007023592887015931,32,0.0005333333333333334,-0.18211276791737763,0.5722528855322037,0.5625,399
oracle,atlas_like,uneven_propensity,30,60000,0.0007023592887015931,39,0.00065,0.6036243153226535,0.2730467215419821,0.2775,399
oracle,atlas_like,uneven_propensity,31,60000,0.0007023592887015931,37,0.0006166666666666666,0.408161050350005,0.3415777207391591,0.355,399
oracle,atlas_like,uneven_propensity,32,60000,0.0007023592887015931,41,0.0006833333333333333,1.6155808504149962,0.05309248346671735,0.065,399
oracle,atlas_like,uneven_propensity,33,60000,0.0007023592887015931,43,0.0007166666666666667,-0.06040429500164287,0.5240831810053662,0.515,399
oracle,atlas_like,uneven_propensity,34,60000,0.0007023592887015931,39,0.00065,0.4327357572744232,0.3326033747438727,0.3575,399
oracle,atlas_like,uneven_propensity,35,60000,0.0007023592887015931,40,0.0006666666666666666,1.8854044571427504,0.02968762636454874,0.035,399
oracle,atlas_like,uneven_propensity,36,60000,0.0007023592887015931,43,0.0007166666666666667,-1.5654018903277245,0.9412556472624419,0.955,399
oracle,atlas_like,uneven_propensity,37,60000,0.0007023592887015931,40,0.0006666666666666666,-0.3919707806966516,0.6524600982965064,0.6525,399
oracle,atlas_like,uneven_propensity,38,60000,0.0007023592887015931,49,0.0008166666666666667,0.9389661824092475,0.17387405370101294,0.1575,399
oracle,atlas_like,uneven_propensity,39,60000,0.0007023592887015931,44,0.0007333333333333333,0.22845021132390314,0.4096481291478273,0.405,399
oracle,atlas_like,uneven_propensity,40,60000,0.0007023592887015931,46,0.0007666666666666667,0.05768072933988967,0.4770014719473231,0.5075,399
oracle,atlas_like,uneven_propensity,41,60000,0.0007023592887015931,44,0.0007333333333333333,-0.29752820306511907,0.6169683603004267,0.6175,399
oracle,atlas_like,uneven_propensity,42,60000,0.0007023592887015931,48,0.0008,-0.7352768636150425,0.7689145521270098,0.7575,399
oracle,atlas_like,uneven_propensity,43,60000,0.0007023592887015931,53,0.0008833333333333333,-0.18460130613857445,0.5732291192993315,0.5625,399
oracle,atlas_like,uneven_propensity,44,60000,0.0007023592887015931,41,0.0006833333333333333,-1.4627314223344938,0.9282295577571753,0.94,399
oracle,atlas_like,uneven_propensity,45,60000,0.0007023592887015931,45,0.00075,-1.0452129085007218,0.8520377106431973,0.8425,399
oracle,atlas_like,uneven_propensity,46,60000,0.0007023592887015931,47,0.0007833333333333334,0.3208287791574799,0.3741700743642765,0.3625,399
oracle,atlas_like,uneven_propensity,47,60000,0.0007023592887015931,47,0.0007833333333333334,0.03888242571340709,0.4844920641109052,0.495,399
oracle,atlas_like,uneven_propensity,48,60000,0.0007023592887015931,36,0.0006,1.4835095392148487,0.06896954194957473,0.065,399
oracle,atlas_like,uneven_propensity,49,60000,0.0007023592887015931,49,0.0008166666666666667,2.69541491156969,0.003515051523544125,0.0025,399
oracle,atlas_like,uneven_propensity,50,60000,0.0007023592887015931,42,0.0007,-0.5576377780358808,0.7114541229544632,0.7225,399
oracle,atlas_like,uneven_propensity,51,60000,0.0007023592887015931,49,0.0008166666666666667,-0.6783001543868864,0.7512092995929411,0.7475,399
oracle,atlas_like,uneven_propensity,52,60000,0.0007023592887015931,42,0.0007,1.963312455178795,0.024804939544377038,0.0225,399
oracle,atlas_like,uneven_propensity,53,60000,0.0007023592887015931,47,0.0007833333333333334,1.393790450800672,0.08169044630713729,0.0725,399
oracle,atlas_like,uneven_propensity,54,60000,0.0007023592887015931,53,0.0008833333333333333,-0.01622757069062417,0.5064735799364418,0.51,399
oracle,atlas_like,uneven_propensity,55,60000,0.0007023592887015931,39,0.00065,-1.6041794184256775,0.9456627449759267,0.96,399
oracle,atlas_like,uneven_propensity,56,60000,0.0007023592887015931,47,0.0007833333333333334,-2.043414484820442,0.9794942876048127,0.975,399
oracle,atlas_like,uneven_propensity,57,60000,0.0007023592887015931,48,0.0008,0.06283272913256957,0.4749498516360377,0.4675,399
oracle,atlas_like,uneven_propensity,58,60000,0.0007023592887015931,48,0.0008,1.8543883730094866,0.03184180851438187,0.045,399
oracle,atlas_like,uneven_propensity,59,60000,0.0007023592887015931,46,0.0007666666666666667,-1.0857647496445404,0.8612084571721692,0.8575,399
oracle,atlas_like,uneven_propensity,60,60000,0.0007023592887015931,43,0.0007166666666666667,-1.5652078708242694,0.9412329116966858,0.935,399
oracle,atlas_like,uneven_propensity,61,60000,0.0007023592887015931,52,0.0008666666666666666,-0.2693854013645046,0.6061834404496879,0.6275,399
oracle,atlas_like,uneven_propensity,62,60000,0.0007023592887015931,44,0.0007333333333333333,-1.0515811604307561,0.8535041224557811,0.8925,399
oracle,atlas_like,uneven_propensity,63,60000,0.0007023592887015931,48,0.0008,-0.29904975334880823,0.6175489580869609,0.6,399
oracle,atlas_like,uneven_propensity,64,60000,0.0007023592887015931,42,0.0007,-1.3095192009423555,0.9048207309879386,0.9325,399
oracle,atlas_like,uneven_propensity,65,60000,0.0007023592887015931,46,0.0007666666666666667,-0.4568789407302911,0.6761209692460681,0.665,399
oracle,atlas_like,uneven_propensity,66,60000,0.0007023592887015931,48,0.0008,0.9952399656541162,0.15980978415800773,0.1475,399
oracle,atlas_like,uneven_propensity,67,60000,0.0007023592887015931,47,0.0007833333333333334,0.644240210790073,0.2597098398190275,0.2475,399
oracle,atlas_like,uneven_propensity,68,60000,0.0007023592887015931,47,0.0007833333333333334,-0.289509147477098,0.613904109600294,0.615,399
oracle,atlas_like,uneven_propensity,69,60000,0.0007023592887015931,38,0.0006333333333333333,0.2410289470334006,0.4047663406481385,0.44,399
oracle,atlas_like,uneven_propensity,70,60000,0.0007023592887015931,48,0.0008,-0.643587979393772,0.7400786764281444,0.72,399
oracle,atlas_like,uneven_propensity,71,60000,0.0007023592887015931,36,0.0006,-0.17431545570801243,0.5691912233510406,0.6,399
oracle,atlas_like,uneven_propensity,72,60000,0.0007023592887015931,56,0.0009333333333333333,-0.4463769554179904,0.6723375119373142,0.665,399
oracle,atlas_like,uneven_propensity,73,60000,0.0007023592887015931,44,0.0007333333333333333,0.9056721825092656,0.18255469518210754,0.19,399
oracle,atlas_like,uneven_propensity,74,60000,0.0007023592887015931,39,0.00065,0.16679298987708743,0.4337664673443744,0.4325,399
oracle,atlas_like,uneven_propensity,75,60000,0.0007023592887015931,53,0.0008833333333333333,0.8266717087561413,0.20421158044930998,0.1875,399
oracle,atlas_like,uneven_propensity,76,60000,0.0007023592887015931,46,0.0007666666666666667,-0.32495735813180787,0.6273933275128789,0.62,399
oracle,atlas_like,uneven_propensity,77,60000,0.0007023592887015931,50,0.0008333333333333334,-0.1338382554987194,0.553234762097613,0.56,399
oracle,atlas_like,uneven_propensity,78,60000,0.0007023592887015931,62,0.0010333333333333334,2.1501405742694333,0.01577204851299151,0.0175,399
oracle,atlas_like,uneven_propensity,79,60000,0.0007023592887015931,31,0.0005166666666666667,-1.6358818263842438,0.9490678388893771,0.945,399
oracle,atlas_like,uneven_propensity,80,60000,0.0007023592887015931,44,0.0007333333333333333,1.8300016371871735,0.03362484701344589,0.0525,399
oracle,atlas_like,uneven_propensity,81,60000,0.0007023592887015931,46,0.0007666666666666667,-0.18991657005227208,0.575312746124054,0.6225,399
oracle,atlas_like,uneven_propensity,82,60000,0.0007023592887015931,37,0.0006166666666666666,-1.4267742477524537,0.9231775118369964,0.935,399
oracle,atlas_like,uneven_propensity,83,60000,0.0007023592887015931,36,0.0006,1.502994701599526,0.06642020515121587,0.09,399
oracle,atlas_like,uneven_propensity,84,60000,0.0007023592887015931,44,0.0007333333333333333,0.10109792997558345,0.4597363606342171,0.47,399
oracle,atlas_like,uneven_propensity,85,60000,0.0007023592887015931,38,0.0006333333333333333,0.23912568884553181,0.4055040613479957,0.3625,399
oracle,atlas_like,uneven_propensity,86,60000,0.0007023592887015931,40,0.0006666666666666666,1.6638527793048044,0.04807092677324245,0.0575,399
oracle,atlas_like,uneven_propensity,87,60000,0.0007023592887015931,50,0.0008333333333333334,-1.039653982945642,0.8507496564811174,0.835,399
oracle,atlas_like,uneven_propensity,88,60000,0.0007023592887015931,42,0.0007,1.1151823845453392,0.13238613657610676,0.155,399
oracle,atlas_like,uneven_propensity,89,60000,0.0007023592887015931,32,0.0005333333333333334,-0.7659510699825733,0.7781472915975522,0.7725,399
oracle,atlas_like,uneven_propensity,90,60000,0.0007023592887015931,39,0.00065,0.4049355981403865,0.34276242538018725,0.3725,399
oracle,atlas_like,uneven_propensity,91,60000,0.0007023592887015931,42,0.0007,-0.7830123313717237,0.7831900646447912,0.8,399
oracle,atlas_like,uneven_propensity,92,60000,0.0007023592887015931,36,0.0006,-0.1717201784607916,0.5681712393295635,0.555,399
oracle,atlas_like,uneven_propensity,93,60000,0.0007023592887015931,41,0.0006833333333333333,-0.5332336196996144,0.7030640641875058,0.6925,399
oracle,atlas_like,uneven_propensity,94,60000,0.0007023592887015931,55,0.0009166666666666666,-1.2639089518807545,0.8968686458204622,0.885,399
oracle,atlas_like,uneven_propensity,95,60000,0.0007023592887015931,43,0.0007166666666666667,0.6620956686677627,0.25395495575737415,0.255,399
oracle,atlas_like,uneven_propensity,96,60000,0.0007023592887015931,42,0.0007,0.5402975131210099,0.2944959365777162,0.27,399
oracle,atlas_like,uneven_propensity,97,60000,0.0007023592887015931,43,0.0007166666666666667,1.5590963668892734,0.05948678671541359,0.055,399
oracle,atlas_like,uneven_propensity,98,60000,0.0007023592887015931,33,0.00055,-0.03411104348177677,0.5136056989070488,0.515,399
oracle,atlas_like,uneven_propensity,99,60000,0.0007023592887015931,47,0.0007833333333333334,0.33763672246936266,0.36781848255330557,0.36,399
oracle,atlas_like,heteroskedastic,0,60000,0.0007023592887015931,36,0.0006,2.107623445902665,0.017531786942545157,0.02,399
oracle,atlas_like,heteroskedastic,1,60000,0.0007023592887015931,56,0.0009333333333333333,-0.7476995251654746,0.7726792911786312,0.725,399
oracle,atlas_like,heteroskedastic,2,60000,0.0007023592887015931,30,0.0005,-0.6466375994268989,0.7410667412132474,0.7125,399
oracle,atlas_like,heteroskedastic,3,60000,0.0007023592887015931,38,0.0006333333333333333,0.5222362030281812,0.30075294110298445,0.3125,399
oracle,atlas_like,heteroskedastic,4,60000,0.0007023592887015931,45,0.00075,0.9117149240581047,0.18095940281367195,0.18,399
oracle,atlas_like,heteroskedastic,5,60000,0.0007023592887015931,52,0.0008666666666666666,0.2113499151915983,0.41630711789981106,0.3725,399
oracle,atlas_like,heteroskedastic,6,60000,0.0007023592887015931,45,0.00075,-0.7058392815801298,0.7598559547147161,0.79,399
oracle,atlas_like,heteroskedastic,7,60000,0.0007023592887015931,40,0.0006666666666666666,0.6029454404739127,0.27327249270339726,0.2975,399
oracle,atlas_like,heteroskedastic,8,60000,0.0007023592887015931,36,0.0006,0.8678277960719277,0.19274430545939075,0.225,399
oracle,atlas_like,heteroskedastic,9,60000,0.0007023592887015931,48,0.0008,-0.11715678017319715,0.5466320922928697,0.5425,399
oracle,atlas_like,heteroskedastic,10,60000,0.0007023592887015931,37,0.0006166666666666666,0.9641612169550453,0.16748255255288375,0.2,399
oracle,atlas_like,heteroskedastic,11,60000,0.0007023592887015931,38,0.0006333333333333333,-1.5934989406053592,0.9444758471016592,0.9525,399
oracle,atlas_like,heteroskedastic,12,60000,0.0007023592887015931,31,0.0005166666666666667,-0.1742466132662924,0.5691641731356667,0.5225,399
oracle,atlas_like,heteroskedastic,13,60000,0.0007023592887015931,42,0.0007,-0.13406923907768978,0.553326088167036,0.605,399
oracle,atlas_like,heteroskedastic,14,60000,0.0007023592887015931,43,0.0007166666666666667,-1.063792359035663,0.856288613234936,0.8375,399
oracle,atlas_like,heteroskedastic,15,60000,0.0007023592887015931,38,0.0006333333333333333,-1.319859227873756,0.9065589887407723,0.9275,399
oracle,atlas_like,heteroskedastic,16,60000,0.0007023592887015931,44,0.0007333333333333333,0.052315676226138766,0.4791385812997432,0.525,399
oracle,atlas_like,heteroskedastic,17,60000,0.0007023592887015931,54,0.0009,0.9646858097864062,0.16735110242660972,0.17,399
oracle,atlas_like,heteroskedastic,18,60000,0.0007023592887015931,37,0.0006166666666666666,-0.4869484576420835,0.6868525712283657,0.6725,399
oracle,atlas_like,heteroskedastic,19,60000,0.0007023592887015931,43,0.0007166666666666667,0.09471865516740906,0.4622691499581426,0.5025,399
oracle,atlas_like,heteroskedastic,20,60000,0.0007023592887015931,34,0.0005666666666666667,-0.5034631861624959,0.6926806715791108,0.725,399
oracle,atlas_like,heteroskedastic,21,60000,0.0007023592887015931,34,0.0005666666666666667,0.06465466069684514,0.4742244813846463,0.555,399
oracle,atlas_like,heteroskedastic,22,60000,0.0007023592887015931,29,0.00048333333333333334,1.6571700181478202,0.04874255315884152,0.0575,399
oracle,atlas_like,heteroskedastic,23,60000,0.0007023592887015931,39,0.00065,2.018971283846338,0.021745102129598546,0.03,399
oracle,atlas_like,heteroskedastic,24,60000,0.0007023592887015931,34,0.0005666666666666667,-1.1479802338626814,0.8745116381079342,0.8775,399
oracle,atlas_like,heteroskedastic,25,60000,0.0007023592887015931,46,0.0007666666666666667,-0.02892461955521748,0.5115376448657495,0.505,399
oracle,atlas_like,heteroskedastic,26,60000,0.0007023592887015931,47,0.0007833333333333334,-1.440066150592221,0.9250756576804648,0.91,399
oracle,atlas_like,heteroskedastic,27,60000,0.0007023592887015931,31,0.0005166666666666667,-0.0065817521104121835,0.502625720238487,0.5025,399
oracle,atlas_like,heteroskedastic,28,60000,0.0007023592887015931,46,0.0007666666666666667,0.5652419247673858,0.2859546120165819,0.3275,399
oracle,atlas_like,heteroskedastic,29,60000,0.0007023592887015931,46,0.0007666666666666667,0.3607075968547074,0.35915902253153514,0.3475,399
oracle,atlas_like,heteroskedastic,30,60000,0.0007023592887015931,48,0.0008,-0.2068140058821074,0.5819224412444391,0.6025,399
oracle,atlas_like,heteroskedastic,31,60000,0.0007023592887015931,44,0.0007333333333333333,-1.9038156446985013,0.9715329008601157,0.9775,399
oracle,atlas_like,heteroskedastic,32,60000,0.0007023592887015931,28,0.00046666666666666666,0.19479786129076765,0.4227755983303061,0.4225,399
oracle,atlas_like,heteroskedastic,33,60000,0.0007023592887015931,48,0.0008,0.6491685042996495,0.25811473348831904,0.2075,399
oracle,atlas_like,heteroskedastic,34,60000,0.0007023592887015931,42,0.0007,0.49525186002067184,0.31021117377171403,0.29,399
oracle,atlas_like,heteroskedastic,35,60000,0.0007023592887015931,34,0.0005666666666666667,0.2531672869885379,0.40006947220794487,0.3975,399
oracle,atlas_like,heteroskedastic,36,60000,0.0007023592887015931,39,0.00065,-1.7234127098948888,0.9575930409503933,0.955,399
oracle,atlas_like,heteroskedastic,37,60000,0.0007023592887015931,50,0.0008333333333333334,-1.5099473850179836,0.9344715748697693,0.9425,399
oracle,atlas_like,heteroskedastic,38,60000,0.0007023592887015931,31,0.0005166666666666667,0.4163587714907429,0.33857374628028564,0.39,399
oracle,atlas_like,heteroskedastic,39,60000,0.0007023592887015931,50,0.0008333333333333334,-0.9147973058131731,0.8198509752706964,0.8275,399
oracle,atlas_like,heteroskedastic,40,60000,0.0007023592887015931,43,0.0007166666666666667,2.3058406579894717,0.010559768731735449,0.0075,399
oracle,atlas_like,heteroskedastic,41,60000,0.0007023592887015931,41,0.0006833333333333333,-1.3257682973065552,0.9075417714765095,0.915,399
oracle,atlas_like,heteroskedastic,42,60000,0.0007023592887015931,40,0.0006666666666666666,-0.7818037084981782,0.7828350293672965,0.7775,399
oracle,atlas_like,heteroskedastic,43,60000,0.0007023592887015931,51,0.00085,-0.006071020518990356,0.502421971892314,0.525,399
oracle,atlas_like,heteroskedastic,44,60000,0.0007023592887015931,42,0.0007,0.7604299609515807,0.22349880997084165,0.2,399
oracle,atlas_like,heteroskedastic,45,60000,0.0007023592887015931,36,0.0006,-1.2210708930383343,0.8889704104236841,0.87,399
oracle,atlas_like,heteroskedastic,46,60000,0.0007023592887015931,47,0.0007833333333333334,-1.1436499528423494,0.8736155817442965,0.8825,399
oracle,atlas_like,heteroskedastic,47,60000,0.0007023592887015931,41,0.0006833333333333333,0.4701295677360704,0.31913122531530147,0.28,399
oracle,atlas_like,heteroskedastic,48,60000,0.0007023592887015931,46,0.0007666666666666667,-0.05573844061341017,0.522224912046673,0.55,399
oracle,atlas_like,heteroskedastic,49,60000,0.0007023592887015931,39,0.00065,1.0620466441260756,0.14410725522765488,0.1475,399
oracle,atlas_like,heteroskedastic,50,60000,0.0007023592887015931,49,0.0008166666666666667,0.9029972889966776,0.18326366687865897,0.185,399
oracle,atlas_like,heteroskedastic,51,60000,0.0007023592887015931,50,0.0008333333333333334,-0.050580244081816494,0.520169997194787,0.49,399
oracle,atlas_like,heteroskedastic,52,60000,0.0007023592887015931,45,0.00075,1.5506356783938269,0.06049450844895631,0.0925,399
oracle,atlas_like,heteroskedastic,53,60000,0.0007023592887015931,37,0.0006166666666666666,-0.13426631382354706,0.5534040051583788,0.5725,399
oracle,atlas_like,heteroskedastic,54,60000,0.0007023592887015931,32,0.0005333333333333334,1.79019563850342,0.03671123300773435,0.0425,399
oracle,atlas_like,heteroskedastic,55,60000,0.0007023592887015931,34,0.0005666666666666667,0.5265195854895565,0.29926362381834154,0.3175,399
oracle,atlas_like,heteroskedastic,56,60000,0.0007023592887015931,42,0.0007,0.4862562333322838,0.313392752966565,0.33,399
oracle,atlas_like,heteroskedastic,57,60000,0.0007023592887015931,31,0.0005166666666666667,1.1279052690531222,0.12967996419800065,0.15,399
oracle,atlas_like,heteroskedastic,58,60000,0.0007023592887015931,47,0.0007833333333333334,-0.22361439646298076,0.5884713197196053,0.56,399
oracle,atlas_like,heteroskedastic,59,60000,0.0007023592887015931,39,0.00065,-0.5118159479889797,0.6956100861142731,0.6725,399
oracle,atlas_like,heteroskedastic,60,60000,0.0007023592887015931,39,0.00065,-2.6078434389233682,0.9954442691335835,0.9975,399
oracle,atlas_like,heteroskedastic,61,60000,0.0007023592887015931,37,0.0006166666666666666,-0.7627967198627885,0.7772076811814894,0.8,399
oracle,atlas_like,heteroskedastic,62,60000,0.0007023592887015931,43,0.0007166666666666667,-0.1929932519205989,0.5765178735344874,0.575,399
oracle,atlas_like,heteroskedastic,63,60000,0.0007023592887015931,42,0.0007,-1.7440587426426433,0.9594255763803128,0.9575,399
oracle,atlas_like,heteroskedastic,64,60000,0.0007023592887015931,34,0.0005666666666666667,0.13663680679990958,0.4456589408580671,0.44,399
oracle,atlas_like,heteroskedastic,65,60000,0.0007023592887015931,39,0.00065,1.1514682622734247,0.12476982242275686,0.12,399
oracle,atlas_like,heteroskedastic,66,60000,0.0007023592887015931,46,0.0007666666666666667,0.5474413961118851,0.29203776099371226,0.25,399
oracle,atlas_like,heteroskedastic,67,60000,0.0007023592887015931,45,0.00075,-0.2739899485577333,0.6079538269557033,0.665,399
oracle,atlas_like,heteroskedastic,68,60000,0.0007023592887015931,44,0.0007333333333333333,-1.294594849053615,0.9022699848853402,0.8775,399
oracle,atlas_like,heteroskedastic,69,60000,0.0007023592887015931,47,0.0007833333333333334,-0.5007536168444024,0.6917277336279133,0.715,399
oracle,atlas_like,heteroskedastic,70,60000,0.0007023592887015931,47,0.0007833333333333334,-1.2873809440523365,0.9010192285313348,0.925,399
oracle,atlas_like,heteroskedastic,71,60000,0.0007023592887015931,46,0.0007666666666666667,0.3603651756522112,0.35928703271065954,0.3775,399
oracle,atlas_like,heteroskedastic,72,60000,0.0007023592887015931,41,0.0006833333333333333,2.159591654398646,0.01540214753054176,0.02,399
oracle,atlas_like,heteroskedastic,73,60000,0.0007023592887015931,39,0.00065,-1.1313814495054437,0.8710527120657489,0.8625,399
oracle,atlas_like,heteroskedastic,74,60000,0.0007023592887015931,42,0.0007,-0.18822976993717364,0.5746517317333132,0.5675,399
oracle,atlas_like,heteroskedastic,75,60000,0.0007023592887015931,44,0.0007333333333333333,1.04759602951048,0.14741238377770216,0.14,399
oracle,atlas_like,heteroskedastic,76,60000,0.0007023592887015931,42,0.0007,-0.34918320848099155,0.6365241142629057,0.605,399
oracle,atlas_like,heteroskedastic,77,60000,0.0007023592887015931,44,0.0007333333333333333,-0.5849029006821885,0.7206934959647215,0.7425,399
oracle,atlas_like,heteroskedastic,78,60000,0.0007023592887015931,38,0.0006333333333333333,1.0725576099688263,0.141734826357157,0.1275,399
oracle,atlas_like,heteroskedastic,79,60000,0.0007023592887015931,49,0.0008166666666666667,0.11426672815698913,0.45451317839657673,0.4425,399
oracle,atlas_like,heteroskedastic,80,60000,0.0007023592887015931,35,0.0005833333333333334,-0.15078163428160798,0.5599260128323787,0.5625,399
oracle,atlas_like,heteroskedastic,81,60000,0.0007023592887015931,42,0.0007,-0.25211612762390534,0.5995243477566092,0.59,399
oracle,atlas_like,heteroskedastic,82,60000,0.0007023592887015931,34,0.0005666666666666667,-0.8221551405217152,0.7945056968709037,0.8,399
oracle,atlas_like,heteroskedastic,83,60000,0.0007023592887015931,42,0.0007,-0.7957147814466717,0.7869010833216461,0.775,399
oracle,atlas_like,heteroskedastic,84,60000,0.0007023592887015931,32,0.0005333333333333334,-1.3054837865166342,0.9041359177516295,0.8975,399
oracle,atlas_like,heteroskedastic,85,60000,0.0007023592887015931,56,0.0009333333333333333,-0.37955326929068683,0.6478614725196853,0.66,399
oracle,atlas_like,heteroskedastic,86,60000,0.0007023592887015931,37,0.0006166666666666666,0.8624565671873979,0.19421816189634666,0.1825,399
oracle,atlas_like,heteroskedastic,87,60000,0.0007023592887015931,41,0.0006833333333333333,1.1871940793438545,0.11757553786014835,0.12,399
oracle,atlas_like,heteroskedastic,88,60000,0.0007023592887015931,29,0.00048333333333333334,-0.3324252911512446,0.6302159281092492,0.6075,399
oracle,atlas_like,heteroskedastic,89,60000,0.0007023592887015931,37,0.0006166666666666666,0.609702587881265,0.2710294199775476,0.2625,399
oracle,atlas_like,heteroskedastic,90,60000,0.0007023592887015931,40,0.0006666666666666666,0.3317467558957588,0.3700402459993603,0.3925,399
oracle,atlas_like,heteroskedastic,91,60000,0.0007023592887015931,39,0.00065,0.088858386883803,0.4645972275667277,0.48,399
oracle,atlas_like,heteroskedastic,92,60000,0.0007023592887015931,52,0.0008666666666666666,-1.2778405141411644,0.8993471669906984,0.8925,399
oracle,atlas_like,heteroskedastic,93,60000,0.0007023592887015931,42,0.0007,1.5786651865108747,0.057206437030492434,0.055,399
oracle,atlas_like,heteroskedastic,94,60000,0.0007023592887015931,43,0.0007166666666666667,0.005515143821707309,0.49779978710094197,0.495,399
oracle,atlas_like,heteroskedastic,95,60000,0.0007023592887015931,44,0.0007333333333333333,1.1474985906234723,0.1255878076414379,0.125,399
oracle,atlas_like,heteroskedastic,96,60000,0.0007023592887015931,34,0.0005666666666666667,0.21388127903686086,0.4153198197984492,0.4375,399
oracle,atlas_like,heteroskedastic,97,60000,0.0007023592887015931,31,0.0005166666666666667,0.6120732305855424,0.27024465390093433,0.2675,399
oracle,atlas_like,heteroskedastic,98,60000,0.0007023592887015931,45,0.00075,1.1203116089499048,0.13129049837523765,0.15,399
oracle,atlas_like,heteroskedastic,99,60000,0.0007023592887015931,35,0.0005833333333333334,0.14792019976015885,0.4412028732345548,0.4325,399
oracle,atlas_like,tail_difficulty,0,60000,0.0007023592887015931,45,0.00075,0.221836784372766,0.4122204715092119,0.44,399
oracle,atlas_like,tail_difficulty,1,60000,0.0007023592887015931,45,0.00075,0.4395531178188454,0.33013040119270165,0.3575,399
oracle,atlas_like,tail_difficulty,2,60000,0.0007023592887015931,38,0.0006333333333333333,-1.4313149165155534,0.9238300096177586,0.9125,399
oracle,atlas_like,tail_difficulty,3,60000,0.0007023592887015931,39,0.00065,0.9076477193828811,0.18203218692872192,0.2275,399
oracle,atlas_like,tail_difficulty,4,60000,0.0007023592887015931,43,0.0007166666666666667,1.1912579864625905,0.11677616091349402,0.105,399
oracle,atlas_like,tail_difficulty,5,60000,0.0007023592887015931,35,0.0005833333333333334,-1.796385224357558,0.9637833639361322,0.965,399
oracle,atlas_like,tail_difficulty,6,60000,0.0007023592887015931,44,0.0007333333333333333,0.2104584730645588,0.4166549297469482,0.4425,399
oracle,atlas_like,tail_difficulty,7,60000,0.0007023592887015931,46,0.0007666666666666667,-0.5478945099249153,0.7081178306185067,0.6975,399
oracle,atlas_like,tail_difficulty,8,60000,0.0007023592887015931,31,0.0005166666666666667,-0.05868583705977904,0.5233988298581712,0.56,399
oracle,atlas_like,tail_difficulty,9,60000,0.0007023592887015931,38,0.0006333333333333333,-0.917886043153547,0.8206607353695468,0.8225,399
oracle,atlas_like,tail_difficulty,10,60000,0.0007023592887015931,34,0.0005666666666666667,1.3163404599249917,0.09402989833347952,0.11,399
oracle,atlas_like,tail_difficulty,11,60000,0.0007023592887015931,39,0.00065,0.7844714462457433,0.21638176504450962,0.2,399
oracle,atlas_like,tail_difficulty,12,60000,0.0007023592887015931,43,0.0007166666666666667,-0.18965667193528069,0.5752109123640505,0.625,399
oracle,atlas_like,tail_difficulty,13,60000,0.0007023592887015931,34,0.0005666666666666667,-1.2764282450496691,0.8990979115138092,0.8775,399
oracle,atlas_like,tail_difficulty,14,60000,0.0007023592887015931,33,0.00055,-0.6640675416035958,0.7466764583174987,0.7375,399
oracle,atlas_like,tail_difficulty,15,60000,0.0007023592887015931,38,0.0006333333333333333,1.9787928803575894,0.02391966521169813,0.025,399
oracle,atlas_like,tail_difficulty,16,60000,0.0007023592887015931,47,0.0007833333333333334,-0.053420902292773347,0.5213017243156548,0.5575,399
oracle,atlas_like,tail_difficulty,17,60000,0.0007023592887015931,37,0.0006166666666666666,-0.7587230921155718,0.775990889897251,0.7875,399
oracle,atlas_like,tail_difficulty,18,60000,0.0007023592887015931,34,0.0005666666666666667,-2.7157959770358078,0.9966941675763891,0.9925,399
oracle,atlas_like,tail_difficulty,19,60000,0.0007023592887015931,44,0.0007333333333333333,0.8660630977806831,0.1932277802845142,0.21,399
oracle,atlas_like,tail_difficulty,20,60000,0.0007023592887015931,40,0.0006666666666666666,-0.736124343578943,0.7691724854108101,0.7425,399
oracle,atlas_like,tail_difficulty,21,60000,0.0007023592887015931,42,0.0007,1.7238153008479584,0.04237059575405126,0.03,399
oracle,atlas_like,tail_difficulty,22,60000,0.0007023592887015931,42,0.0007,1.1803905591657367,0.11892245753740904,0.12,399
oracle,atlas_like,tail_difficulty,23,60000,0.0007023592887015931,49,0.0008166666666666667,1.0400209242696246,0.14916508973870807,0.1625,399
oracle,atlas_like,tail_difficulty,24,60000,0.0007023592887015931,29,0.00048333333333333334,-1.5249347725218962,0.9363623161401744,0.9375,399
oracle,atlas_like,tail_difficulty,25,60000,0.0007023592887015931,47,0.0007833333333333334,0.39314289949222264,0.3471069702937358,0.315,399
oracle,atlas_like,tail_difficulty,26,60000,0.0007023592887015931,36,0.0006,0.3643378853726418,0.35780285633263437,0.35,399
oracle,atlas_like,tail_difficulty,27,60000,0.0007023592887015931,42,0.0007,-1.8985497048415683,0.9711881466856805,0.9775,399
oracle,atlas_like,tail_difficulty,28,60000,0.0007023592887015931,43,0.0007166666666666667,-0.45849823848135257,0.6767027361187855,0.6875,399
oracle,atlas_like,tail_difficulty,29,60000,0.0007023592887015931,36,0.0006,-0.2692749140348095,0.6061409324217653,0.545,399
oracle,atlas_like,tail_difficulty,30,60000,0.0007023592887015931,45,0.00075,0.936436397833401,0.1745242725585151,0.205,399
oracle,atlas_like,tail_difficulty,31,60000,0.0007023592887015931,36,0.0006,0.024991140668772303,0.4900310150626405,0.555,399
oracle,atlas_like,tail_difficulty,32,60000,0.0007023592887015931,42,0.0007,-0.07187777984977285,0.528650413293451,0.57,399
oracle,atlas_like,tail_difficulty,33,60000,0.0007023592887015931,40,0.0006666666666666666,-0.8887638489860846,0.8129349958058292,0.845,399
oracle,atlas_like,tail_difficulty,34,60000,0.0007023592887015931,48,0.0008,0.33482651033325583,0.36887798064626465,0.335,399
oracle,atlas_like,tail_difficulty,35,60000,0.0007023592887015931,36,0.0006,-0.9153932738867924,0.8200073959230223,0.82,399
oracle,atlas_like,tail_difficulty,36,60000,0.0007023592887015931,42,0.0007,-0.8436699332685569,0.8005730633118715,0.81,399
oracle,atlas_like,tail_difficulty,37,60000,0.0007023592887015931,45,0.00075,0.9894987897999353,0.16120958083728443,0.1475,399
oracle,atlas_like,tail_difficulty,38,60000,0.0007023592887015931,44,0.0007333333333333333,-1.1621744125035596,0.8774176869917985,0.8775,399
oracle,atlas_like,tail_difficulty,39,60000,0.0007023592887015931,44,0.0007333333333333333,0.8254974061549986,0.2045446273489892,0.2325,399
oracle,atlas_like,tail_difficulty,40,60000,0.0007023592887015931,54,0.0009,1.2988616806079432,0.09699570114157374,0.11,399
oracle,atlas_like,tail_difficulty,41,60000,0.0007023592887015931,48,0.0008,-0.9924588890958198,0.8395131378263188,0.865,399
oracle,atlas_like,tail_difficulty,42,60000,0.0007023592887015931,46,0.0007666666666666667,0.1387629545190242,0.44481873436045744,0.4575,399
oracle,atlas_like,tail_difficulty,43,60000,0.0007023592887015931,37,0.0006166666666666666,1.833723045298565,0.03334755797903289,0.035,399
oracle,atlas_like,tail_difficulty,44,60000,0.0007023592887015931,44,0.0007333333333333333,-0.9424334176767047,0.8270146075827036,0.84,399
oracle,atlas_like,tail_difficulty,45,60000,0.0007023592887015931,44,0.0007333333333333333,0.7755702696996928,0.21900138006666064,0.23,399
oracle,atlas_like,tail_difficulty,46,60000,0.0007023592887015931,29,0.00048333333333333334,1.4957064939346418,0.06736507864936363,0.065,399
oracle,atlas_like,tail_difficulty,47,60000,0.0007023592887015931,42,0.0007,-0.33965284942277624,0.6329410132310442,0.64,399
oracle,atlas_like,tail_difficulty,48,60000,0.0007023592887015931,50,0.0008333333333333334,-1.1367128777773388,0.8721708329469957,0.88,399
oracle,atlas_like,tail_difficulty,49,60000,0.0007023592887015931,31,0.0005166666666666667,-0.820795112009684,0.7941185083558466,0.7925,399
oracle,atlas_like,tail_difficulty,50,60000,0.0007023592887015931,45,0.00075,-0.5406110515434773,0.705612150584644,0.74,399
oracle,atlas_like,tail_difficulty,51,60000,0.0007023592887015931,46,0.0007666666666666667,1.464398694489996,0.0715425223114623,0.075,399
oracle,atlas_like,tail_difficulty,52,60000,0.0007023592887015931,43,0.0007166666666666667,-0.8658196204795716,0.8067054561191893,0.8125,399
oracle,atlas_like,tail_difficulty,53,60000,0.0007023592887015931,42,0.0007,-0.08232201365834099,0.5328046752683591,0.485,399
oracle,atlas_like,tail_difficulty,54,60000,0.0007023592887015931,40,0.0006666666666666666,-0.428300367898362,0.6657837744406527,0.645,399
oracle,atlas_like,tail_difficulty,55,60000,0.0007023592887015931,39,0.00065,-1.221305634894807,0.8890148396501745,0.8825,399
oracle,atlas_like,tail_difficulty,56,60000,0.0007023592887015931,39,0.00065,0.9850023840416058,0.16231144996193936,0.165,399
oracle,atlas_like,tail_difficulty,57,60000,0.0007023592887015931,45,0.00075,-0.2680131210727946,0.60565539052732,0.6,399
oracle,atlas_like,tail_difficulty,58,60000,0.0007023592887015931,39,0.00065,0.2286423023424445,0.40957347141665806,0.4375,399
oracle,atlas_like,tail_difficulty,59,60000,0.0007023592887015931,35,0.0005833333333333334,-1.6935800052046586,0.9548274399119426,0.9425,399
oracle,atlas_like,tail_difficulty,60,60000,0.0007023592887015931,28,0.00046666666666666666,1.582372824757665,0.05678224234108398,0.0475,399
oracle,atlas_like,tail_difficulty,61,60000,0.0007023592887015931,35,0.0005833333333333334,0.5526487362998056,0.2902519813479584,0.285,399
oracle,atlas_like,tail_difficulty,62,60000,0.0007023592887015931,39,0.00065,-1.3019859437664663,0.9035394046386069,0.905,399
oracle,atlas_like,tail_difficulty,63,60000,0.0007023592887015931,36,0.0006,-0.9539878193068252,0.8299550959383004,0.805,399
oracle,atlas_like,tail_difficulty,64,60000,0.0007023592887015931,44,0.0007333333333333333,-1.240224703824431,0.8925538532504664,0.9025,399
oracle,atlas_like,tail_difficulty,65,60000,0.0007023592887015931,54,0.0009,0.9598556691057446,0.16856393003582365,0.15,399
oracle,atlas_like,tail_difficulty,66,60000,0.0007023592887015931,35,0.0005833333333333334,0.6481347946905041,0.2584488855397582,0.265,399
oracle,atlas_like,tail_difficulty,67,60000,0.0007023592887015931,43,0.0007166666666666667,-0.6865144702872166,0.75380562870699,0.7525,399
oracle,atlas_like,tail_difficulty,68,60000,0.0007023592887015931,46,0.0007666666666666667,0.0825629387360783,0.4670995356136274,0.4625,399
oracle,atlas_like,tail_difficulty,69,60000,0.0007023592887015931,42,0.0007,-0.8803001340560955,0.8106516299897172,0.7925,399
oracle,atlas_like,tail_difficulty,70,60000,0.0007023592887015931,38,0.0006333333333333333,-0.7502087644526719,0.7734355094925032,0.765,399
oracle,atlas_like,tail_difficulty,71,60000,0.0007023592887015931,49,0.0008166666666666667,-0.21144614447898147,0.5837304237379353,0.6125,399
oracle,atlas_like,tail_difficulty,72,60000,0.0007023592887015931,37,0.0006166666666666666,0.8787643422331609,0.18976453189817766,0.1775,399
oracle,atlas_like,tail_difficulty,73,60000,0.0007023592887015931,47,0.0007833333333333334,0.7728051688422306,0.21981884696988407,0.21,399
oracle,atlas_like,tail_difficulty,74,60000,0.0007023592887015931,37,0.0006166666666666666,1.6013540515263207,0.054649261797186745,0.0525,399
oracle,atlas_like,tail_difficulty,75,60000,0.0007023592887015931,66,0.0011,0.9105789502554725,0.18125863284856758,0.1725,399
oracle,atlas_like,tail_difficulty,76,60000,0.0007023592887015931,43,0.0007166666666666667,1.0561564306921545,0.14544837624336437,0.1475,399
oracle,atlas_like,tail_difficulty,77,60000,0.0007023592887015931,32,0.0005333333333333334,0.04351067176506407,0.48264722887262573,0.49,399
oracle,atlas_like,tail_difficulty,78,60000,0.0007023592887015931,30,0.0005,-0.7610079332935684,0.776673835608535,0.79,399
oracle,atlas_like,tail_difficulty,79,60000,0.0007023592887015931,49,0.0008166666666666667,2.030380827789711,0.021158921968687187,0.02,399
oracle,atlas_like,tail_difficulty,80,60000,0.0007023592887015931,51,0.00085,0.3826047722016834,0.35100641566454516,0.335,399
oracle,atlas_like,tail_difficulty,81,60000,0.0007023592887015931,40,0.0006666666666666666,2.2437174491816894,0.012425293344742426,0.0125,399
oracle,atlas_like,tail_difficulty,82,60000,0.0007023592887015931,33,0.00055,0.11051730623260918,0.4559995627763735,0.49,399
oracle,atlas_like,tail_difficulty,83,60000,0.0007023592887015931,55,0.0009166666666666666,0.4318959290059939,0.33290852685502503,0.33,399
oracle,atlas_like,tail_difficulty,84,60000,0.0007023592887015931,49,0.0008166666666666667,-0.2998016301708371,0.6178357641024312,0.6475,399
oracle,atlas_like,tail_difficulty,85,60000,0.0007023592887015931,34,0.0005666666666666667,-0.06291963237607781,0.5250847492785751,0.4775,399
oracle,atlas_like,tail_difficulty,86,60000,0.0007023592887015931,40,0.0006666666666666666,-1.5677893328621006,0.9415348474128853,0.925,399
oracle,atlas_like,tail_difficulty,87,60000,0.0007023592887015931,54,0.0009,0.0016488789388400173,0.49934219277410785,0.4975,399
oracle,atlas_like,tail_difficulty,88,60000,0.0007023592887015931,35,0.0005833333333333334,0.038263746307703524,0.4847386979305276,0.5075,399
oracle,atlas_like,tail_difficulty,89,60000,0.0007023592887015931,38,0.0006333333333333333,0.2179568251402056,0.4137313756101714,0.4575,399
oracle,atlas_like,tail_difficulty,90,60000,0.0007023592887015931,38,0.0006333333333333333,-1.6645480583079928,0.951998522263125,0.9625,399
oracle,atlas_like,tail_difficulty,91,60000,0.0007023592887015931,49,0.0008166666666666667,0.6445156149469705,0.2596205676575357,0.2675,399
oracle,atlas_like,tail_difficulty,92,60000,0.0007023592887015931,30,0.0005,0.2522254195067018,0.40043341558425344,0.395,399
oracle,atlas_like,tail_difficulty,93,60000,0.0007023592887015931,42,0.0007,-1.0626191940797698,0.8560226604803289,0.8575,399
oracle,atlas_like,tail_difficulty,94,60000,0.0007023592887015931,37,0.0006166666666666666,-0.32155067371716883,0.6261034413608642,0.6275,399
oracle,atlas_like,tail_difficulty,95,60000,0.0007023592887015931,40,0.0006666666666666666,1.418824537246797,0.0779750885803822,0.085,399
oracle,atlas_like,tail_difficulty,96,60000,0.0007023592887015931,55,0.0009166666666666666,0.8160129784250038,0.2072463564290873,0.2125,399
oracle,atlas_like,tail_difficulty,97,60000,0.0007023592887015931,50,0.0008333333333333334,-0.3245732100624691,0.6272479471802691,0.6775,399
oracle,atlas_like,tail_difficulty,98,60000,0.0007023592887015931,41,0.0006833333333333333,0.6716401392375599,0.25090640917306106,0.2675,399
oracle,atlas_like,tail_difficulty,99,60000,0.0007023592887015931,48,0.0008,0.7762671937605837,0.21879561954567228,0.23,399
oracle,atlas_like,combined,0,60000,0.0007023592887015931,40,0.0006666666666666666,0.631993327612589,0.2636956186215472,0.2675,399
oracle,atlas_like,combined,1,60000,0.0007023592887015931,36,0.0006,-1.046725916110717,0.8523869963437518,0.8425,399
oracle,atlas_like,combined,2,60000,0.0007023592887015931,50,0.0008333333333333334,0.23979163128920794,0.40524589749555073,0.3875,399
oracle,atlas_like,combined,3,60000,0.0007023592887015931,45,0.00075,0.7185745912857079,0.2362015367530529,0.26,399
oracle,atlas_like,combined,4,60000,0.0007023592887015931,38,0.0006333333333333333,-0.8463631280778491,0.8013248994066721,0.8,399
oracle,atlas_like,combined,5,60000,0.0007023592887015931,43,0.0007166666666666667,0.26539385760937506,0.39535303374187925,0.4025,399
oracle,atlas_like,combined,6,60000,0.0007023592887015931,50,0.0008333333333333334,3.416581581526576,0.0003170633031641287,0.0025,399
oracle,atlas_like,combined,7,60000,0.0007023592887015931,31,0.0005166666666666667,-0.2941763688199736,0.6156884314587295,0.6125,399
oracle,atlas_like,combined,8,60000,0.0007023592887015931,38,0.0006333333333333333,0.06534281558469007,0.47395052662843296,0.4575,399
oracle,atlas_like,combined,9,60000,0.0007023592887015931,38,0.0006333333333333333,0.7210866868050696,0.2354280907819049,0.27,399
oracle,atlas_like,combined,10,60000,0.0007023592887015931,58,0.0009666666666666667,0.767468969405762,0.22140136792223925,0.2175,399
oracle,atlas_like,combined,11,60000,0.0007023592887015931,52,0.0008666666666666666,-1.1009070721233172,0.8645314481117019,0.87,399
oracle,atlas_like,combined,12,60000,0.0007023592887015931,46,0.0007666666666666667,0.6304447653642427,0.26420181508523793,0.23,399
oracle,atlas_like,combined,13,60000,0.0007023592887015931,50,0.0008333333333333334,0.3852407973399037,0.35002950979625824,0.3325,399
oracle,atlas_like,combined,14,60000,0.0007023592887015931,39,0.00065,-0.9164892408942238,0.8202948260027139,0.835,399
oracle,atlas_like,combined,15,60000,0.0007023592887015931,36,0.0006,-0.03682224957829564,0.5146866332606572,0.54,399
oracle,atlas_like,combined,16,60000,0.0007023592887015931,47,0.0007833333333333334,-0.9987706592969989,0.8410470987654184,0.825,399
oracle,atlas_like,combined,17,60000,0.0007023592887015931,39,0.00065,-0.8110698993284506,0.7913372346747367,0.7475,399
oracle,atlas_like,combined,18,60000,0.0007023592887015931,45,0.00075,-0.08697546403132327,0.5346544924743365,0.53,399
oracle,atlas_like,combined,19,60000,0.0007023592887015931,45,0.00075,0.9366077134193345,0.17448019141643872,0.17,399
oracle,atlas_like,combined,20,60000,0.0007023592887015931,38,0.0006333333333333333,1.729219509819963,0.04188490793492135,0.035,399
oracle,atlas_like,combined,21,60000,0.0007023592887015931,36,0.0006,-1.4941598505542228,0.9324330781228911,0.92,399
oracle,atlas_like,combined,22,60000,0.0007023592887015931,40,0.0006666666666666666,0.029722111546089443,0.4881443386234306,0.4625,399
oracle,atlas_like,combined,23,60000,0.0007023592887015931,40,0.0006666666666666666,1.4243807926205323,0.07716813561924442,0.08,399
oracle,atlas_like,combined,24,60000,0.0007023592887015931,46,0.0007666666666666667,0.20545672791531835,0.41860765149780776,0.43,399
oracle,atlas_like,combined,25,60000,0.0007023592887015931,34,0.0005666666666666667,-1.9942332796227604,0.9769367165900437,0.9825,399
oracle,atlas_like,combined,26,60000,0.0007023592887015931,38,0.0006333333333333333,1.6825573882865716,0.04623040328244008,0.03,399
oracle,atlas_like,combined,27,60000,0.0007023592887015931,50,0.0008333333333333334,1.1444888294525224,0.1262104839424517,0.125,399
oracle,atlas_like,combined,28,60000,0.0007023592887015931,47,0.0007833333333333334,0.0686024915897467,0.47265301776995755,0.4825,399
oracle,atlas_like,combined,29,60000,0.0007023592887015931,43,0.0007166666666666667,-0.36645272439556936,0.6429863583807549,0.645,399
oracle,atlas_like,combined,30,60000,0.0007023592887015931,40,0.0006666666666666666,1.975038106993092,0.024131911841643414,0.02,399
oracle,atlas_like,combined,31,60000,0.0007023592887015931,53,0.0008833333333333333,-0.5648614818931549,0.7139160077284151,0.7375,399
oracle,atlas_like,combined,32,60000,0.0007023592887015931,46,0.0007666666666666667,0.6297172569317588,0.26443979493452224,0.265,399
oracle,atlas_like,combined,33,60000,0.0007023592887015931,35,0.0005833333333333334,0.6378353725268485,0.2617904254722839,0.235,399
oracle,atlas_like,combined,34,60000,0.0007023592887015931,51,0.00085,-1.287734095134267,0.9010807296427592,0.89,399
oracle,atlas_like,combined,35,60000,0.0007023592887015931,45,0.00075,-0.042298281934178866,0.5168695425599714,0.5025,399
oracle,atlas_like,combined,36,60000,0.0007023592887015931,43,0.0007166666666666667,0.07176603154460935,0.4713940529950484,0.4825,399
oracle,atlas_like,combined,37,60000,0.0007023592887015931,34,0.0005666666666666667,-1.3345851132655033,0.9089939135052958,0.9,399
oracle,atlas_like,combined,38,60000,0.0007023592887015931,49,0.0008166666666666667,-0.5148972882129579,0.6966876020223505,0.6925,399
oracle,atlas_like,combined,39,60000,0.0007023592887015931,42,0.0007,-1.3285930507840915,0.9080088670189184,0.9025,399
oracle,atlas_like,combined,40,60000,0.0007023592887015931,38,0.0006333333333333333,0.40252286411264665,0.34364963249248437,0.325,399
oracle,atlas_like,combined,41,60000,0.0007023592887015931,45,0.00075,-0.6242542207616887,0.7337696782908503,0.7325,399
oracle,atlas_like,combined,42,60000,0.0007023592887015931,44,0.0007333333333333333,-1.0486399005276483,0.8528280577786319,0.8375,399
oracle,atlas_like,combined,43,60000,0.0007023592887015931,45,0.00075,1.9903970096354306,0.023273609531506236,0.01,399
oracle,atlas_like,combined,44,60000,0.0007023592887015931,35,0.0005833333333333334,-0.6370397129681329,0.7379505119759925,0.7325,399
oracle,atlas_like,combined,45,60000,0.0007023592887015931,45,0.00075,-1.4914254943120213,0.9320750905842322,0.9475,399
oracle,atlas_like,combined,46,60000,0.0007023592887015931,35,0.0005833333333333334,-0.22377345199617402,0.5885332058064727,0.6225,399
oracle,atlas_like,combined,47,60000,0.0007023592887015931,42,0.0007,-0.05656473698288998,0.5225540373198956,0.5625,399
oracle,atlas_like,combined,48,60000,0.0007023592887015931,45,0.00075,-0.21689633720536064,0.5858554339251805,0.5875,399
oracle,atlas_like,combined,49,60000,0.0007023592887015931,52,0.0008666666666666666,0.03707351033234426,0.4852131965981762,0.46,399
oracle,atlas_like,combined,50,60000,0.0007023592887015931,54,0.0009,-1.5830365138217517,0.9432934289030498,0.9425,399
oracle,atlas_like,combined,51,60000,0.0007023592887015931,53,0.0008833333333333333,1.0688097331076487,0.14257770633976885,0.14,399
oracle,atlas_like,combined,52,60000,0.0007023592887015931,56,0.0009333333333333333,0.5714035772137116,0.2838630523972674,0.27,399
oracle,atlas_like,combined,53,60000,0.0007023592887015931,55,0.0009166666666666666,-0.5671188353467856,0.7146832765776879,0.69,399
oracle,atlas_like,combined,54,60000,0.0007023592887015931,49,0.0008166666666666667,-0.7523328744409877,0.7740745485832781,0.7725,399
oracle,atlas_like,combined,55,60000,0.0007023592887015931,52,0.0008666666666666666,0.857800971857527,0.1955011865161685,0.215,399
oracle,atlas_like,combined,56,60000,0.0007023592887015931,52,0.0008666666666666666,-1.5309211935121974,0.9371055646924397,0.9475,399
oracle,atlas_like,combined,57,60000,0.0007023592887015931,54,0.0009,0.2614104324972537,0.3968880063509834,0.4275,399
oracle,atlas_like,combined,58,60000,0.0007023592887015931,41,0.0006833333333333333,-1.1729798438070727,0.8795980556351763,0.8575,399
oracle,atlas_like,combined,59,60000,0.0007023592887015931,42,0.0007,-1.7038240183326756,0.9557930152972987,0.9675,399
oracle,atlas_like,combined,60,60000,0.0007023592887015931,56,0.0009333333333333333,0.7166299576123348,0.23680122730402714,0.2375,399
oracle,atlas_like,combined,61,60000,0.0007023592887015931,41,0.0006833333333333333,-0.9855075195819037,0.8378125801775343,0.7925,399
oracle,atlas_like,combined,62,60000,0.0007023592887015931,52,0.0008666666666666666,0.2543326751294604,0.39961927921407414,0.4275,399
oracle,atlas_like,combined,63,60000,0.0007023592887015931,46,0.0007666666666666667,-1.4017388189079838,0.919503372950778,0.92,399
oracle,atlas_like,combined,64,60000,0.0007023592887015931,41,0.0006833333333333333,1.5973429502746685,0.055094640886874824,0.0725,399
oracle,atlas_like,combined,65,60000,0.0007023592887015931,45,0.00075,-0.9184278593351382,0.8208025445234262,0.8375,399
oracle,atlas_like,combined,66,60000,0.0007023592887015931,37,0.0006166666666666666,0.9936285467656013,0.16020187050470108,0.155,399
oracle,atlas_like,combined,67,60000,0.0007023592887015931,42,0.0007,2.3911522746651377,0.00839779263374233,0.01,399
oracle,atlas_like,combined,68,60000,0.0007023592887015931,41,0.0006833333333333333,0.05647674626957165,0.4774810098704097,0.5275,399
oracle,atlas_like,combined,69,60000,0.0007023592887015931,38,0.0006333333333333333,0.38238430425923114,0.35108816541259324,0.375,399
oracle,atlas_like,combined,70,60000,0.0007023592887015931,43,0.0007166666666666667,-0.36113043878025614,0.6409990301812077,0.6425,399
oracle,atlas_like,combined,71,60000,0.0007023592887015931,43,0.0007166666666666667,0.2769688365409034,0.3909020176154331,0.39,399
oracle,atlas_like,combined,72,60000,0.0007023592887015931,51,0.00085,-0.8120300033089421,0.7916127921927305,0.7525,399
oracle,atlas_like,combined,73,60000,0.0007023592887015931,40,0.0006666666666666666,-2.4924484663106035,0.9936567130448578,0.9925,399
oracle,atlas_like,combined,74,60000,0.0007023592887015931,41,0.0006833333333333333,0.7888583650529637,0.2150973961838239,0.2275,399
oracle,atlas_like,combined,75,60000,0.0007023592887015931,47,0.0007833333333333334,1.4130836894033179,0.07881555920940242,0.085,399
oracle,atlas_like,combined,76,60000,0.0007023592887015931,40,0.0006666666666666666,-1.4735243243102765,0.9296951450461596,0.9375,399
oracle,atlas_like,combined,77,60000,0.0007023592887015931,36,0.0006,-0.3756658620768324,0.6464173399489161,0.62,399
oracle,atlas_like,combined,78,60000,0.0007023592887015931,32,0.0005333333333333334,-1.5953480514433938,0.9446827870649142,0.9725,399
oracle,atlas_like,combined,79,60000,0.0007023592887015931,43,0.0007166666666666667,0.8289050213850103,0.20357907688319032,0.1975,399
oracle,atlas_like,combined,80,60000,0.0007023592887015931,40,0.0006666666666666666,-1.0042743760851216,0.842376809515687,0.85,399
oracle,atlas_like,combined,81,60000,0.0007023592887015931,49,0.0008166666666666667,-0.16159899596246408,0.564189175986835,0.555,399
oracle,atlas_like,combined,82,60000,0.0007023592887015931,50,0.0008333333333333334,0.9678403495413973,0.16656205442614241,0.2125,399
oracle,atlas_like,combined,83,60000,0.0007023592887015931,37,0.0006166666666666666,-0.31713742044984045,0.624430334075218,0.655,399
oracle,atlas_like,combined,84,60000,0.0007023592887015931,49,0.0008166666666666667,-0.44197466951807557,0.6707462320211328,0.6625,399
oracle,atlas_like,combined,85,60000,0.0007023592887015931,33,0.00055,0.02863199474285249,0.4885790472121128,0.465,399
oracle,atlas_like,combined,86,60000,0.0007023592887015931,39,0.00065,-0.593975376344096,0.723735708800902,0.7375,399
oracle,atlas_like,combined,87,60000,0.0007023592887015931,54,0.0009,-0.5745436295223203,0.7172000073184094,0.7325,399
oracle,atlas_like,combined,88,60000,0.0007023592887015931,43,0.0007166666666666667,-0.06481596715670261,0.5258397358847557,0.495,399
oracle,atlas_like,combined,89,60000,0.0007023592887015931,36,0.0006,-0.7265981456132187,0.7662639177219823,0.77,399
oracle,atlas_like,combined,90,60000,0.0007023592887015931,30,0.0005,0.6657968276993973,0.25277048641756145,0.26,399
oracle,atlas_like,combined,91,60000,0.0007023592887015931,41,0.0006833333333333333,-0.13476278234864067,0.5536002836375237,0.5425,399
oracle,atlas_like,combined,92,60000,0.0007023592887015931,41,0.0006833333333333333,-1.3789512736286709,0.9160451111017103,0.93,399
oracle,atlas_like,combined,93,60000,0.0007023592887015931,42,0.0007,2.4477742877790387,0.007187083540857185,0.0075,399
oracle,atlas_like,combined,94,60000,0.0007023592887015931,44,0.0007333333333333333,-0.978978469693899,0.8362046910993016,0.815,399
oracle,atlas_like,combined,95,60000,0.0007023592887015931,52,0.0008666666666666666,0.5157110212667846,0.30302812793832157,0.3075,399
oracle,atlas_like,combined,96,60000,0.0007023592887015931,41,0.0006833333333333333,-1.543954091248085,0.9387002726519917,0.9475,399
oracle,atlas_like,combined,97,60000,0.0007023592887015931,45,0.00075,-2.417195744156286,0.9921796981812462,0.9975,399
oracle,atlas_like,combined,98,60000,0.0007023592887015931,39,0.00065,-0.29384590655390735,0.6155621727976257,0.625,399
oracle,atlas_like,combined,99,60000,0.0007023592887015931,37,0.0006166666666666666,0.17152898285871088,0.4319039215566617,0.4425,399
estimated,moderate,uneven_propensity,0,12000,0.02,269,0.022416666666666668,1.4800701015883766,0.06942726979181191,0.0625,399
estimated,moderate,uneven_propensity,1,12000,0.02,243,0.02025,1.8827921847406281,0.02986426830069078,0.02,399
estimated,moderate,uneven_propensity,2,12000,0.02,257,0.021416666666666667,-0.8184152172803845,0.7934399322704264,0.78,399
estimated,moderate,uneven_propensity,3,12000,0.02,263,0.021916666666666668,0.9484188271438888,0.1714581392840826,0.175,399
estimated,moderate,uneven_propensity,4,12000,0.02,261,0.02175,-0.36697784448450255,0.6431822278343415,0.645,399
estimated,moderate,uneven_propensity,5,12000,0.02,252,0.021,-0.0854567982652222,0.5340508801144228,0.5275,399
estimated,moderate,uneven_propensity,6,12000,0.02,246,0.0205,0.0321534246422928,0.48717484935331873,0.4425,399
estimated,moderate,uneven_propensity,7,12000,0.02,250,0.020833333333333332,0.041951010500515654,0.4832688758317633,0.5,399
estimated,moderate,uneven_propensity,8,12000,0.02,235,0.019583333333333335,1.3773177005874302,0.08420702251678464,0.085,399
estimated,moderate,uneven_propensity,9,12000,0.02,244,0.02033333333333333,1.8336372334650426,0.03335393070271344,0.0325,399
estimated,moderate,uneven_propensity,10,12000,0.02,243,0.02025,0.461449265628709,0.3222381564051634,0.34,399
estimated,moderate,uneven_propensity,11,12000,0.02,235,0.019583333333333335,1.3410229652011758,0.08995649824828933,0.0925,399
estimated,moderate,uneven_propensity,12,12000,0.02,243,0.02025,-1.1546409009335037,0.8758812449164093,0.8875,399
estimated,moderate,uneven_propensity,13,12000,0.02,223,0.018583333333333334,0.520040515832276,0.3015176682315087,0.3125,399
estimated,moderate,uneven_propensity,14,12000,0.02,234,0.0195,0.2997945064019377,0.3821669529807664,0.3725,399
estimated,moderate,uneven_propensity,15,12000,0.02,244,0.02033333333333333,2.2017614758804176,0.013841080827319711,0.0125,399
estimated,moderate,uneven_propensity,16,12000,0.02,249,0.02075,-0.21053203792106714,0.5833737753516616,0.5625,399
estimated,moderate,uneven_propensity,17,12000,0.02,255,0.02125,2.5761315526885697,0.00499563125602323,0.005,399
estimated,moderate,uneven_propensity,18,12000,0.02,231,0.01925,1.5987269380623936,0.05494064466610679,0.0575,399
estimated,moderate,uneven_propensity,19,12000,0.02,247,0.020583333333333332,-0.2806102189778867,0.610495311383983,0.625,399
estimated,moderate,uneven_propensity,20,12000,0.02,248,0.020666666666666667,0.59522257213509,0.27584735200327726,0.265,399
estimated,moderate,uneven_propensity,21,12000,0.02,222,0.0185,0.7419557026584342,0.22905708745297376,0.225,399
estimated,moderate,uneven_propensity,22,12000,0.02,254,0.021166666666666667,0.26445306311812844,0.39571541394093673,0.4025,399
estimated,moderate,uneven_propensity,23,12000,0.02,256,0.021333333333333333,0.415879026819357,0.3387492636511884,0.315,399
estimated,moderate,uneven_propensity,24,12000,0.02,233,0.019416666666666665,0.05104093665754518,0.4796464501535204,0.485,399
estimated,moderate,uneven_propensity,25,12000,0.02,226,0.018833333333333334,2.237987513496168,0.012610934703196469,0.015,399
estimated,moderate,uneven_propensity,26,12000,0.02,233,0.019416666666666665,0.8426604569930803,0.19970918426490042,0.2075,399
estimated,moderate,uneven_propensity,27,12000,0.02,240,0.02,-0.02243189333996744,0.5089482802291945,0.5825,399
estimated,moderate,uneven_propensity,28,12000,0.02,238,0.019833333333333335,0.36368054437361297,0.3580482866347495,0.3375,399
estimated,moderate,uneven_propensity,29,12000,0.02,245,0.020416666666666666,-0.3458377978527877,0.635267691348411,0.655,399
estimated,moderate,heteroskedastic,0,12000,0.02,229,0.019083333333333334,1.0269275181728144,0.15222729773177573,0.1125,399
estimated,moderate,heteroskedastic,1,12000,0.02,248,0.020666666666666667,0.781264792959472,0.21732338630697123,0.26,399
estimated,moderate,heteroskedastic,2,12000,0.02,231,0.01925,0.1267099551679102,0.4495849831341064,0.4875,399
estimated,moderate,heteroskedastic,3,12000,0.02,240,0.02,0.11968797740568222,0.4523651622663784,0.4625,399
estimated,moderate,heteroskedastic,4,12000,0.02,238,0.019833333333333335,0.541502374097325,0.29408068086054406,0.3275,399
estimated,moderate,heteroskedastic,5,12000,0.02,237,0.01975,-0.8037872032497326,0.7892400592594062,0.8075,399
estimated,moderate,heteroskedastic,6,12000,0.02,231,0.01925,0.8791537186765824,0.18965896724692521,0.185,399
estimated,moderate,heteroskedastic,7,12000,0.02,263,0.021916666666666668,-0.22210942491628877,0.5878856494609609,0.5875,399
estimated,moderate,heteroskedastic,8,12000,0.02,249,0.02075,0.9205006948355633,0.178655585045067,0.185,399
estimated,moderate,heteroskedastic,9,12000,0.02,261,0.02175,-0.35675515667930585,0.6393624450991597,0.67,399
estimated,moderate,heteroskedastic,10,12000,0.02,249,0.02075,1.7258548043931872,0.0421867686752203,0.045,399
estimated,moderate,heteroskedastic,11,12000,0.02,220,0.018333333333333333,0.6219791871647028,0.26697777679726814,0.2875,399
estimated,moderate,heteroskedastic,12,12000,0.02,231,0.01925,-0.580512200248069,0.7192153690942285,0.7225,399
estimated,moderate,heteroskedastic,13,12000,0.02,244,0.02033333333333333,2.4865787257377434,0.0064489014551435886,0.01,399
estimated,moderate,heteroskedastic,14,12000,0.02,227,0.018916666666666665,0.7204436087662823,0.23562595407294984,0.235,399
estimated,moderate,heteroskedastic,15,12000,0.02,240,0.02,-0.18371277851974493,0.5728806081371892,0.5875,399
estimated,moderate,heteroskedastic,16,12000,0.02,216,0.018,-0.15112840659911092,0.5600627876862916,0.5525,399
estimated,moderate,heteroskedastic,17,12000,0.02,213,0.01775,-0.89581626054731,0.8148245480577258,0.7925,399
estimated,moderate,heteroskedastic,18,12000,0.02,289,0.024083333333333335,0.38246344399348825,0.3510588195216397,0.3725,399
estimated,moderate,heteroskedastic,19,12000,0.02,249,0.02075,-0.16430748319690142,0.56525545449153,0.54,399
estimated,moderate,heteroskedastic,20,12000,0.02,235,0.019583333333333335,-0.6752476129839015,0.7502407694738366,0.7125,399
estimated,moderate,heteroskedastic,21,12000,0.02,253,0.021083333333333332,-1.7463493084407675,0.9596248636814935,0.955,399
estimated,moderate,heteroskedastic,22,12000,0.02,243,0.02025,0.40751726803075594,0.3418140570219571,0.3325,399
estimated,moderate,heteroskedastic,23,12000,0.02,299,0.024916666666666667,-0.5342910449894169,0.7034299065658022,0.7125,399
estimated,moderate,heteroskedastic,24,12000,0.02,230,0.019166666666666665,1.5044719879003223,0.06622994036786822,0.07,399
estimated,moderate,heteroskedastic,25,12000,0.02,232,0.019333333333333334,0.435696525388916,0.3315284635212946,0.2875,399
estimated,moderate,heteroskedastic,26,12000,0.02,266,0.022166666666666668,-0.2766551767586915,0.6089775536791118,0.605,399
estimated,moderate,heteroskedastic,27,12000,0.02,227,0.018916666666666665,-0.656927508946781,0.7443862354635019,0.715,399
estimated,moderate,heteroskedastic,28,12000,0.02,252,0.021,-0.2733198309724015,0.607696313712777,0.6175,399
estimated,moderate,heteroskedastic,29,12000,0.02,244,0.02033333333333333,1.7281913025233226,0.04197696626878375,0.04,399
estimated,moderate,tail_difficulty,0,12000,0.02,220,0.018333333333333333,-1.3901581223552324,0.9177595665278425,0.9175,399
estimated,moderate,tail_difficulty,1,12000,0.02,263,0.021916666666666668,2.0844997128556138,0.018557368157199224,0.0275,399
estimated,moderate,tail_difficulty,2,12000,0.02,211,0.017583333333333333,0.15929091756138672,0.4367198380669689,0.4475,399
estimated,moderate,tail_difficulty,3,12000,0.02,263,0.021916666666666668,0.5630194911566189,0.2867108058178247,0.2875,399
estimated,moderate,tail_difficulty,4,12000,0.02,240,0.02,2.9067127264210075,0.0018262422895956078,0.005,399
estimated,moderate,tail_difficulty,5,12000,0.02,222,0.0185,0.6276019057822573,0.26513237996987177,0.24,399
estimated,moderate,tail_difficulty,6,12000,0.02,257,0.021416666666666667,1.688881801027534,0.04562104176141386,0.04,399
estimated,moderate,tail_difficulty,7,12000,0.02,261,0.02175,-0.21952875199513794,0.5868809073978034,0.6575,399
estimated,moderate,tail_difficulty,8,12000,0.02,240,0.02,0.7206851238200357,0.23555163357696118,0.245,399
estimated,moderate,tail_difficulty,9,12000,0.02,265,0.022083333333333333,-0.29595067872136255,0.6163661261941945,0.6025,399
estimated,moderate,tail_difficulty,10,12000,0.02,241,0.020083333333333335,0.9810179784402675,0.1632919379133828,0.1575,399
estimated,moderate,tail_difficulty,11,12000,0.02,243,0.02025,2.251030121324239,0.012191814829976269,0.005,399
estimated,moderate,tail_difficulty,12,12000,0.02,260,0.021666666666666667,1.7170496339538805,0.0429850517906995,0.0475,399
estimated,moderate,tail_difficulty,13,12000,0.02,229,0.019083333333333334,0.4830241509814618,0.31453929409534054,0.31,399
estimated,moderate,tail_difficulty,14,12000,0.02,235,0.019583333333333335,-0.09133274214334695,0.5363858988828436,0.495,399
estimated,moderate,tail_difficulty,15,12000,0.02,236,0.019666666666666666,1.2200937393424367,0.11121467081279102,0.1325,399
estimated,moderate,tail_difficulty,16,12000,0.02,228,0.019,1.7946825676288733,0.03635214476338719,0.0275,399
estimated,moderate,tail_difficulty,17,12000,0.02,258,0.0215,1.0971304416779903,0.136292187283792,0.1425,399
estimated,moderate,tail_difficulty,18,12000,0.02,224,0.018666666666666668,0.5091999416885868,0.3053060419802444,0.33,399
estimated,moderate,tail_difficulty,19,12000,0.02,227,0.018916666666666665,0.9051355407760026,0.18269679277519024,0.1925,399
estimated,moderate,tail_difficulty,20,12000,0.02,250,0.020833333333333332,1.0588667757150994,0.1448302286036941,0.15,399
estimated,moderate,tail_difficulty,21,12000,0.02,263,0.021916666666666668,0.21310753501155766,0.4156215437749383,0.4225,399
estimated,moderate,tail_difficulty,22,12000,0.02,253,0.021083333333333332,0.8963577196919108,0.18503087047551525,0.155,399
estimated,moderate,tail_difficulty,23,12000,0.02,227,0.018916666666666665,-0.2091248719961771,0.582824620547823,0.5825,399
estimated,moderate,tail_difficulty,24,12000,0.02,235,0.019583333333333335,1.3096142812159066,0.09516317736273677,0.115,399
estimated,moderate,tail_difficulty,25,12000,0.02,224,0.018666666666666668,1.976023748241628,0.024076043783598736,0.0175,399
estimated,moderate,tail_difficulty,26,12000,0.02,229,0.019083333333333334,1.1353625049323994,0.12811173150847566,0.145,399
estimated,moderate,tail_difficulty,27,12000,0.02,225,0.01875,2.850923422331743,0.002179623333417017,0.0075,399
estimated,moderate,tail_difficulty,28,12000,0.02,279,0.02325,3.0820041315733167,0.0010280599180018364,0.005,399
estimated,moderate,tail_difficulty,29,12000,0.02,256,0.021333333333333333,0.7497955415814186,0.2266889271805302,0.235,399
estimated,moderate,combined,0,12000,0.02,233,0.019416666666666665,0.8840352820888093,0.18833858357627603,0.185,399
estimated,moderate,combined,1,12000,0.02,239,0.019916666666666666,0.49787299494778053,0.3092867812299578,0.295,399
estimated,moderate,combined,2,12000,0.02,254,0.021166666666666667,-0.06081685263113481,0.5242474656469477,0.5125,399
estimated,moderate,combined,3,12000,0.02,218,0.018166666666666668,-0.26159050761713504,0.6031814184602453,0.56,399
estimated,moderate,combined,4,12000,0.02,271,0.022583333333333334,2.8016044975564895,0.002542458499152336,0.005,399
estimated,moderate,combined,5,12000,0.02,243,0.02025,2.1797324468966854,0.014638649965006079,0.0175,399
estimated,moderate,combined,6,12000,0.02,209,0.017416666666666667,1.030120124635387,0.15147680962728605,0.14,399
estimated,moderate,combined,7,12000,0.02,263,0.021916666666666668,-0.7337044483462115,0.7684355565988821,0.77,399
estimated,moderate,combined,8,12000,0.02,236,0.019666666666666666,1.176723998503788,0.11965284298651185,0.1225,399
estimated,moderate,combined,9,12000,0.02,243,0.02025,1.4842153659763149,0.06887589728740103,0.075,399
estimated,moderate,combined,10,12000,0.02,270,0.0225,-0.8784759089467722,0.8101572470653755,0.8075,399
estimated,moderate,combined,11,12000,0.02,234,0.0195,0.44274168151487614,0.3289762950119848,0.3325,399
estimated,moderate,combined,12,12000,0.02,245,0.020416666666666666,0.5841278583091649,0.2795671466140005,0.2725,399
estimated,moderate,combined,13,12000,0.02,254,0.021166666666666667,1.1259372940831,0.13009603110521512,0.1175,399
estimated,moderate,combined,14,12000,0.02,253,0.021083333333333332,-0.6170862896389117,0.7314110943014012,0.7375,399
estimated,moderate,combined,15,12000,0.02,242,0.020166666666666666,0.6795593765822718,0.24839174959867344,0.265,399
estimated,moderate,combined,16,12000,0.02,231,0.01925,-0.045416731435559236,0.5181124275045351,0.485,399
estimated,moderate,combined,17,12000,0.02,244,0.02033333333333333,1.7237514602441217,0.04237636035716527,0.0475,399
estimated,moderate,combined,18,12000,0.02,239,0.019916666666666666,0.956720625741296,0.16935414232665202,0.1875,399
estimated,moderate,combined,19,12000,0.02,244,0.02033333333333333,1.3801833046618428,0.08376510654542574,0.07,399
estimated,moderate,combined,20,12000,0.02,219,0.01825,1.5158682594495905,0.06477633382343304,0.05,399
estimated,moderate,combined,21,12000,0.02,244,0.02033333333333333,2.1884066644738063,0.014319996631717605,0.0175,399
estimated,moderate,combined,22,12000,0.02,222,0.0185,0.9195099373259703,0.1789144551424704,0.2075,399
estimated,moderate,combined,23,12000,0.02,233,0.019416666666666665,-1.6932696684499546,0.9547979255895999,0.945,399
estimated,moderate,combined,24,12000,0.02,219,0.01825,2.654926161442509,0.003966288505997504,0.015,399
estimated,moderate,combined,25,12000,0.02,228,0.019,1.7262391285692473,0.04215220066070064,0.035,399
estimated,moderate,combined,26,12000,0.02,228,0.019,1.8817292105567867,0.029936395773657434,0.035,399
estimated,moderate,combined,27,12000,0.02,235,0.019583333333333335,1.14995067530184,0.12508209366953732,0.15,399
estimated,moderate,combined,28,12000,0.02,259,0.021583333333333333,0.876399020553711,0.19040657530791189,0.1625,399
estimated,moderate,combined,29,12000,0.02,210,0.0175,0.3663043552773867,0.3570689900362687,0.3825,399
estimated,atlas_like,uneven_propensity,0,60000,0.0007023592887015931,47,0.0007833333333333334,0.16501096856709524,0.4344676743691343,0.4175,399
estimated,atlas_like,uneven_propensity,1,60000,0.0007023592887015931,43,0.0007166666666666667,2.715528592157807,0.003308503121379712,0.0025,399
estimated,atlas_like,uneven_propensity,2,60000,0.0007023592887015931,60,0.001,0.39045487567239767,0.34810010825772486,0.385,399
estimated,atlas_like,uneven_propensity,3,60000,0.0007023592887015931,32,0.0005333333333333334,0.5908746915918041,0.2773021922684543,0.2625,399
estimated,atlas_like,uneven_propensity,4,60000,0.0007023592887015931,37,0.0006166666666666666,-0.4462300243359865,0.6722844514936371,0.6825,399
estimated,atlas_like,uneven_propensity,5,60000,0.0007023592887015931,42,0.0007,0.1441018326903891,0.44271002877516386,0.4425,399
estimated,atlas_like,uneven_propensity,6,60000,0.0007023592887015931,33,0.00055,-0.5588946642068356,0.7118831944164151,0.69,399
estimated,atlas_like,uneven_propensity,7,60000,0.0007023592887015931,38,0.0006333333333333333,0.9278604358099221,0.17673998480024183,0.1825,399
estimated,atlas_like,uneven_propensity,8,60000,0.0007023592887015931,37,0.0006166666666666666,0.3144221148252754,0.3766002310070375,0.3525,399
estimated,atlas_like,uneven_propensity,9,60000,0.0007023592887015931,29,0.00048333333333333334,0.3483259981499556,0.3637976856194043,0.405,399
estimated,atlas_like,uneven_propensity,10,60000,0.0007023592887015931,39,0.00065,1.1333719202416457,0.1285290504247225,0.14,399
estimated,atlas_like,uneven_propensity,11,60000,0.0007023592887015931,43,0.0007166666666666667,1.5439393704438966,0.061301510597856664,0.08,399
estimated,atlas_like,uneven_propensity,12,60000,0.0007023592887015931,43,0.0007166666666666667,1.8662381417035687,0.031004027469828346,0.0225,399
estimated,atlas_like,uneven_propensity,13,60000,0.0007023592887015931,48,0.0008,2.006348193705163,0.022409555747889047,0.02,399
estimated,atlas_like,uneven_propensity,14,60000,0.0007023592887015931,45,0.00075,0.0554305334176387,0.4778977355371083,0.5075,399
estimated,atlas_like,uneven_propensity,15,60000,0.0007023592887015931,50,0.0008333333333333334,1.4553112212195716,0.07279156075681127,0.0675,399
estimated,atlas_like,uneven_propensity,16,60000,0.0007023592887015931,50,0.0008333333333333334,1.0080642823783406,0.15671180159525422,0.1475,399
estimated,atlas_like,uneven_propensity,17,60000,0.0007023592887015931,46,0.0007666666666666667,-0.4136904976837454,0.6604496064764891,0.6275,399
estimated,atlas_like,uneven_propensity,18,60000,0.0007023592887015931,37,0.0006166666666666666,1.0469475307087257,0.14756188918087776,0.1975,399
estimated,atlas_like,uneven_propensity,19,60000,0.0007023592887015931,47,0.0007833333333333334,-0.017894323201449753,0.5071384211403586,0.5225,399
estimated,atlas_like,uneven_propensity,20,60000,0.0007023592887015931,33,0.00055,1.6874669841986254,0.04575679659752584,0.0475,399
estimated,atlas_like,uneven_propensity,21,60000,0.0007023592887015931,49,0.0008166666666666667,-1.34641283886866,0.9109152936677971,0.905,399
estimated,atlas_like,uneven_propensity,22,60000,0.0007023592887015931,33,0.00055,2.252312052737332,0.012151279516190452,0.01,399
estimated,atlas_like,uneven_propensity,23,60000,0.0007023592887015931,39,0.00065,2.0490020623591803,0.020230956629250136,0.0325,399
estimated,atlas_like,uneven_propensity,24,60000,0.0007023592887015931,38,0.0006333333333333333,0.11438302671758815,0.4544670841997283,0.4525,399
estimated,atlas_like,uneven_propensity,25,60000,0.0007023592887015931,39,0.00065,0.8104875629550935,0.20883000511151406,0.2,399
estimated,atlas_like,uneven_propensity,26,60000,0.0007023592887015931,43,0.0007166666666666667,1.4660599922862578,0.07131597190501188,0.07,399
estimated,atlas_like,uneven_propensity,27,60000,0.0007023592887015931,42,0.0007,-0.8366883969096472,0.7986161285421993,0.805,399
estimated,atlas_like,uneven_propensity,28,60000,0.0007023592887015931,28,0.00046666666666666666,0.951248842053465,0.1707390348929601,0.1675,399
estimated,atlas_like,uneven_propensity,29,60000,0.0007023592887015931,46,0.0007666666666666667,1.3863622340691661,0.08281816113853546,0.065,399
estimated,atlas_like,heteroskedastic,0,60000,0.0007023592887015931,36,0.0006,1.8284918811787618,0.0337378815233586,0.035,399
estimated,atlas_like,heteroskedastic,1,60000,0.0007023592887015931,51,0.00085,1.0340836441418626,0.15054853090646053,0.1525,399
estimated,atlas_like,heteroskedastic,2,60000,0.0007023592887015931,42,0.0007,2.019801412088585,0.021701995313032876,0.035,399
estimated,atlas_like,heteroskedastic,3,60000,0.0007023592887015931,40,0.0006666666666666666,1.564884846727569,0.0588049561865105,0.065,399
estimated,atlas_like,heteroskedastic,4,60000,0.0007023592887015931,47,0.0007833333333333334,1.506829878346533,0.06592713446561149,0.0875,399
estimated,atlas_like,heteroskedastic,5,60000,0.0007023592887015931,51,0.00085,1.1785196878630615,0.11929474409291502,0.0975,399
estimated,atlas_like,heteroskedastic,6,60000,0.0007023592887015931,41,0.0006833333333333333,0.051863779063591665,0.47931861776693924,0.4825,399
estimated,atlas_like,heteroskedastic,7,60000,0.0007023592887015931,42,0.0007,1.581199536282478,0.05691621068603392,0.055,399
estimated,atlas_like,heteroskedastic,8,60000,0.0007023592887015931,35,0.0005833333333333334,-0.31579868229406743,0.6239223408250988,0.6125,399
estimated,atlas_like,heteroskedastic,9,60000,0.0007023592887015931,52,0.0008666666666666666,1.0087638573689222,0.15654394920003584,0.1625,399
estimated,atlas_like,heteroskedastic,10,60000,0.0007023592887015931,44,0.0007333333333333333,1.583457890142539,0.05665856865254743,0.04,399
estimated,atlas_like,heteroskedastic,11,60000,0.0007023592887015931,45,0.00075,1.4773747538820996,0.06978760484823553,0.0725,399
estimated,atlas_like,heteroskedastic,12,60000,0.0007023592887015931,47,0.0007833333333333334,0.09870227774209057,0.46068733016106256,0.4775,399
estimated,atlas_like,heteroskedastic,13,60000,0.0007023592887015931,46,0.0007666666666666667,2.0158738492899073,0.021906584386687467,0.02,399
estimated,atlas_like,heteroskedastic,14,60000,0.0007023592887015931,30,0.0005,1.7769401776087788e-05,0.49999291103433446,0.505,399
estimated,atlas_like,heteroskedastic,15,60000,0.0007023592887015931,37,0.0006166666666666666,1.3449368014611822,0.08932282223180293,0.105,399
estimated,atlas_like,heteroskedastic,16,60000,0.0007023592887015931,45,0.00075,-0.3530312423580178,0.6379674907052495,0.6325,399
estimated,atlas_like,heteroskedastic,17,60000,0.0007023592887015931,37,0.0006166666666666666,0.0008831673781833251,0.49964766723797377,0.475,399
estimated,atlas_like,heteroskedastic,18,60000,0.0007023592887015931,47,0.0007833333333333334,1.4767316391372294,0.06987379376341375,0.06,399
estimated,atlas_like,heteroskedastic,19,60000,0.0007023592887015931,47,0.0007833333333333334,-0.17578483869141542,0.5697685094342266,0.5925,399
estimated,atlas_like,heteroskedastic,20,60000,0.0007023592887015931,41,0.0006833333333333333,-0.2072023626744332,0.5820740888965205,0.5675,399
estimated,atlas_like,heteroskedastic,21,60000,0.0007023592887015931,43,0.0007166666666666667,-0.38061944037269335,0.6482571730502616,0.6475,399
estimated,atlas_like,heteroskedastic,22,60000,0.0007023592887015931,54,0.0009,0.9070071203030179,0.18220151595804107,0.185,399
estimated,atlas_like,heteroskedastic,23,60000,0.0007023592887015931,47,0.0007833333333333334,1.6279953526974424,0.05176293559255078,0.05,399
estimated,atlas_like,heteroskedastic,24,60000,0.0007023592887015931,56,0.0009333333333333333,-1.2672172639333972,0.8974611927853724,0.8775,399
estimated,atlas_like,heteroskedastic,25,60000,0.0007023592887015931,35,0.0005833333333333334,-0.09881148211515992,0.5393560241486333,0.505,399
estimated,atlas_like,heteroskedastic,26,60000,0.0007023592887015931,47,0.0007833333333333334,-1.1493235350823767,0.8747887015118538,0.8625,399
estimated,atlas_like,heteroskedastic,27,60000,0.0007023592887015931,41,0.0006833333333333333,0.490754570508693,0.3118000224121111,0.33,399
estimated,atlas_like,heteroskedastic,28,60000,0.0007023592887015931,48,0.0008,1.0288709745292612,0.15177015469199556,0.16,399
estimated,atlas_like,heteroskedastic,29,60000,0.0007023592887015931,38,0.0006333333333333333,1.0360057034350671,0.15009974085894245,0.1325,399
estimated,atlas_like,tail_difficulty,0,60000,0.0007023592887015931,37,0.0006166666666666666,-0.9040308277417192,0.8170104724564307,0.8425,399
estimated,atlas_like,tail_difficulty,1,60000,0.0007023592887015931,41,0.0006833333333333333,1.2812480161578172,0.10005328277342701,0.085,399
estimated,atlas_like,tail_difficulty,2,60000,0.0007023592887015931,47,0.0007833333333333334,0.4125211128396686,0.33997875453789805,0.37,399
estimated,atlas_like,tail_difficulty,3,60000,0.0007023592887015931,45,0.00075,0.7913110503834313,0.21438125079276382,0.2325,399
estimated,atlas_like,tail_difficulty,4,60000,0.0007023592887015931,42,0.0007,0.631869829446031,0.26373596973611035,0.2725,399
estimated,atlas_like,tail_difficulty,5,60000,0.0007023592887015931,40,0.0006666666666666666,0.9919349106527491,0.16061463893215838,0.1675,399
estimated,atlas_like,tail_difficulty,6,60000,0.0007023592887015931,31,0.0005166666666666667,0.3730639359537524,0.35455042956333627,0.365,399
estimated,atlas_like,tail_difficulty,7,60000,0.0007023592887015931,44,0.0007333333333333333,1.771986807326589,0.03819837359909998,0.0375,399
estimated,atlas_like,tail_difficulty,8,60000,0.0007023592887015931,34,0.0005666666666666667,1.4146131383595562,0.07859097725678485,0.085,399
estimated,atlas_like,tail_difficulty,9,60000,0.0007023592887015931,38,0.0006333333333333333,0.5054329473212898,0.3066273913624693,0.3125,399
estimated,atlas_like,tail_difficulty,10,60000,0.0007023592887015931,43,0.0007166666666666667,0.7540747184393509,0.2254021785651063,0.275,399
estimated,atlas_like,tail_difficulty,11,60000,0.0007023592887015931,25,0.0004166666666666667,0.3361530547154408,0.36837772596275065,0.3725,399
estimated,atlas_like,tail_difficulty,12,60000,0.0007023592887015931,34,0.0005666666666666667,0.789048566658865,0.2150418106894933,0.2225,399
estimated,atlas_like,tail_difficulty,13,60000,0.0007023592887015931,31,0.0005166666666666667,-0.7282354912754898,0.7667652782761973,0.8025,399
estimated,atlas_like,tail_difficulty,14,60000,0.0007023592887015931,47,0.0007833333333333334,0.6098551551371033,0.2709788806472551,0.305,399
estimated,atlas_like,tail_difficulty,15,60000,0.0007023592887015931,35,0.0005833333333333334,1.4998291280035914,0.06682933503530132,0.07,399
estimated,atlas_like,tail_difficulty,16,60000,0.0007023592887015931,54,0.0009,1.7799242942454352,0.0375441755994517,0.0325,399
estimated,atlas_like,tail_difficulty,17,60000,0.0007023592887015931,36,0.0006,2.378983771795133,0.008680220115499545,0.01,399
estimated,atlas_like,tail_difficulty,18,60000,0.0007023592887015931,47,0.0007833333333333334,1.4466582653382973,0.073996329381175,0.0675,399
estimated,atlas_like,tail_difficulty,19,60000,0.0007023592887015931,44,0.0007333333333333333,0.22988869188200528,0.4090891317971007,0.39,399
estimated,atlas_like,tail_difficulty,20,60000,0.0007023592887015931,43,0.0007166666666666667,0.7382680657069411,0.23017578406722616,0.2575,399
estimated,atlas_like,tail_difficulty,21,60000,0.0007023592887015931,41,0.0006833333333333333,2.6856320910771707,0.0036196376705372305,0.0025,399
estimated,atlas_like,tail_difficulty,22,60000,0.0007023592887015931,42,0.0007,1.556488328759958,0.059796007926653405,0.07,399
estimated,atlas_like,tail_difficulty,23,60000,0.0007023592887015931,40,0.0006666666666666666,-0.34700621172510304,0.6357066739399135,0.615,399
estimated,atlas_like,tail_difficulty,24,60000,0.0007023592887015931,40,0.0006666666666666666,0.9830296362502986,0.16279642643244574,0.1575,399
estimated,atlas_like,tail_difficulty,25,60000,0.0007023592887015931,54,0.0009,0.40539283040548374,0.342594390103144,0.335,399
estimated,atlas_like,tail_difficulty,26,60000,0.0007023592887015931,45,0.00075,2.069624568940144,0.019243757731026014,0.0175,399
estimated,atlas_like,tail_difficulty,27,60000,0.0007023592887015931,42,0.0007,-0.0263337917978168,0.5105044488531847,0.5125,399
estimated,atlas_like,tail_difficulty,28,60000,0.0007023592887015931,39,0.00065,1.6595687105255104,0.0485006236404733,0.055,399
estimated,atlas_like,tail_difficulty,29,60000,0.0007023592887015931,47,0.0007833333333333334,-0.5841010816365737,0.7204238464252724,0.7025,399
estimated,atlas_like,combined,0,60000,0.0007023592887015931,46,0.0007666666666666667,0.5505918394817837,0.29095675211735716,0.305,399
estimated,atlas_like,combined,1,60000,0.0007023592887015931,45,0.00075,-0.3507488091550047,0.6371115977391648,0.615,399
estimated,atlas_like,combined,2,60000,0.0007023592887015931,30,0.0005,-1.6032847944978894,0.9455641040128734,0.95,399
estimated,atlas_like,combined,3,60000,0.0007023592887015931,44,0.0007333333333333333,0.19828022846384974,0.42141290999243,0.4275,399
estimated,atlas_like,combined,4,60000,0.0007023592887015931,48,0.0008,1.8355808396914581,0.03320983652658562,0.0225,399
estimated,atlas_like,combined,5,60000,0.0007023592887015931,36,0.0006,0.45286909178216134,0.32532150421584416,0.365,399
estimated,atlas_like,combined,6,60000,0.0007023592887015931,53,0.0008833333333333333,0.5922081349664556,0.2768556113215972,0.2575,399
estimated,atlas_like,combined,7,60000,0.0007023592887015931,38,0.0006333333333333333,0.785645920845243,0.21603747685954366,0.2425,399
estimated,atlas_like,combined,8,60000,0.0007023592887015931,27,0.00045,-0.06318373013772956,0.5251898998199289,0.5475,399
estimated,atlas_like,combined,9,60000,0.0007023592887015931,54,0.0009,1.5592589592736554,0.0594675505843789,0.045,399
estimated,atlas_like,combined,10,60000,0.0007023592887015931,45,0.00075,0.6851019170555515,0.2466398053126822,0.2375,399
estimated,atlas_like,combined,11,60000,0.0007023592887015931,41,0.0006833333333333333,1.4202398704529886,0.0777689299389609,0.0725,399
estimated,atlas_like,combined,12,60000,0.0007023592887015931,41,0.0006833333333333333,0.7810435285676836,0.21738844689010145,0.2525,399
estimated,atlas_like,combined,13,60000,0.0007023592887015931,50,0.0008333333333333334,0.9792125269449174,0.16373749014493655,0.165,399
estimated,atlas_like,combined,14,60000,0.0007023592887015931,44,0.0007333333333333333,0.8760305284753013,0.19050671884367604,0.21,399
estimated,atlas_like,combined,15,60000,0.0007023592887015931,39,0.00065,1.5405578591235574,0.061712215416405466,0.055,399
estimated,atlas_like,combined,16,60000,0.0007023592887015931,49,0.0008166666666666667,-0.4300908685304352,0.666435228879179,0.6525,399
estimated,atlas_like,combined,17,60000,0.0007023592887015931,44,0.0007333333333333333,0.6307256195178939,0.26410997231179134,0.26,399
estimated,atlas_like,combined,18,60000,0.0007023592887015931,37,0.0006166666666666666,1.1012948078569533,0.13538418509863204,0.1675,399
estimated,atlas_like,combined,19,60000,0.0007023592887015931,43,0.0007166666666666667,1.6309568551412845,0.05144971181292589,0.065,399
estimated,atlas_like,combined,20,60000,0.0007023592887015931,49,0.0008166666666666667,2.6188145506759413,0.004411795064806067,0.005,399
estimated,atlas_like,combined,21,60000,0.0007023592887015931,44,0.0007333333333333333,2.019755606883776,0.02170437199784403,0.01,399
estimated,atlas_like,combined,22,60000,0.0007023592887015931,36,0.0006,1.45231926644683,0.0732064264029073,0.0725,399
estimated,atlas_like,combined,23,60000,0.0007023592887015931,49,0.0008166666666666667,0.43905038390879986,0.33031251457420363,0.35,399
estimated,atlas_like,combined,24,60000,0.0007023592887015931,37,0.0006166666666666666,1.1397660447238127,0.12719189176847667,0.1325,399
estimated,atlas_like,combined,25,60000,0.0007023592887015931,43,0.0007166666666666667,1.0416143129834439,0.14879526503787854,0.135,399
estimated,atlas_like,combined,26,60000,0.0007023592887015931,42,0.0007,-0.7552977070153567,0.7749648129010531,0.8025,399
estimated,atlas_like,combined,27,60000,0.0007023592887015931,41,0.0006833333333333333,1.9244643843189295,0.027148200432599218,0.0175,399
estimated,atlas_like,combined,28,60000,0.0007023592887015931,33,0.00055,0.6758070553025551,0.24958157733276304,0.225,399
estimated,atlas_like,combined,29,60000,0.0007023592887015931,42,0.0007,-1.1112731935135232,0.866774612867892,0.8625,399
